Setting parameter method to 1
Setting parameter pdlp_solver_mode to 4
Setting parameter presolve to 0
Setting parameter crossover to false
Setting parameter log_file to artifacts/math/n11-sparse-certificate/n10-cuopt-base.log
Setting parameter log_to_console to true
Setting parameter num_cpu_threads to 16
Setting parameter time_limit to 1.800000e+03
Setting parameter absolute_dual_tolerance to 1.000000e-10
Setting parameter relative_dual_tolerance to 1.000000e-10
Setting parameter absolute_primal_tolerance to 1.000000e-10
Setting parameter relative_primal_tolerance to 1.000000e-10
Setting parameter absolute_gap_tolerance to 1.000000e-10
Setting parameter relative_gap_tolerance to 1.000000e-10
cuOpt version: 26.2.0, git hash: f73da24d, host arch: x86_64, device archs: 70-real,75-real,80-real,86-real,90a-real,100f-real,120a-real,120
CPU: AMD EPYC 7713 64-Core Processor, threads (physical/logical): 128/128, RAM: 537.55 GiB
CUDA 12.9, device: NVIDIA A100-SXM4-80GB (ID 0), VRAM: 79.25 GiB
CUDA device UUID: ffffffc42cffffffa82e-ffffffbe0a-7c7a

Solving a problem with 12248 constraints, 2166 variables (0 integers), and 9696680 nonzeros
Problem scaling:
Objective coefficents range:          [1e+00, 1e+00]
Constraint matrix coefficients range: [2e+00, 4e+06]
Constraint rhs / bounds range:        [0e+00, 1e+00]
Variable bounds range:                [0e+00, 0e+00]
Warning: input problem contains a large range of coefficients: consider reformulating to avoid numerical difficulties.

Third-party presolve is disabled, skipping
Objective offset -0.000000 scaling_factor -1.000000
   Iter    Primal Obj.      Dual Obj.    Gap        Primal Res.  Dual Res.   Time
      0 -0.00000000e+00 -0.00000000e+00  0.00e+00   0.00e+00     1.00e+00   0.141s
   1000 +1.93695755e-08 -0.00000000e+00  1.94e-08   0.00e+00     1.00e+00   0.375s
   2000 +3.87391510e-08 -0.00000000e+00  3.87e-08   0.00e+00     1.00e+00   0.560s
   3000 +5.81087265e-08 -0.00000000e+00  5.81e-08   0.00e+00     1.00e+00   0.746s
   4000 +7.74783020e-08 -0.00000000e+00  7.75e-08   0.00e+00     1.00e+00   0.931s
   5000 +9.68478776e-08 -0.00000000e+00  9.68e-08   0.00e+00     1.00e+00   1.116s
   6000 +1.16217453e-07 -0.00000000e+00  1.16e-07   0.00e+00     1.00e+00   1.301s
   7000 +1.35587029e-07 -0.00000000e+00  1.36e-07   0.00e+00     1.00e+00   1.486s
   8000 +1.54956604e-07 -0.00000000e+00  1.55e-07   0.00e+00     1.00e+00   1.671s
   9000 +1.74326180e-07 -0.00000000e+00  1.74e-07   0.00e+00     1.00e+00   1.856s
  10000 +1.93695755e-07 -0.00000000e+00  1.94e-07   0.00e+00     1.00e+00   2.041s
  11000 +2.13065331e-07 -0.00000000e+00  2.13e-07   0.00e+00     1.00e+00   2.224s
  12000 +2.31908043e-07 +5.37609219e-08  1.78e-07   3.98e-03     8.09e-01   2.407s
  13000 +2.45492741e-07 +2.17075218e-08  2.24e-07   0.00e+00     9.12e-01   2.591s
  14000 +2.59534739e-07 +6.42324622e-08  1.95e-07   2.19e-04     7.84e-01   2.774s
  15000 +2.73456179e-07 +6.41549004e-08  2.09e-07   1.79e-05     7.84e-01   2.958s
  16000 +2.87389110e-07 +6.44197730e-08  2.23e-07   0.00e+00     7.84e-01   3.142s
  17000 +3.01324306e-07 +6.43951922e-08  2.37e-07   1.28e-05     7.84e-01   3.326s
  18000 +3.15258057e-07 +6.44104374e-08  2.51e-07   2.80e-06     7.84e-01   3.510s
  19000 +3.29192910e-07 +6.44290069e-08  2.65e-07   4.15e-06     7.84e-01   3.693s
  20000 +3.43127015e-07 +6.44094709e-08  2.79e-07   2.10e-06     7.84e-01   3.877s
  21000 +3.57061573e-07 +6.44389865e-08  2.93e-07   1.98e-06     7.84e-01   4.060s
  22000 +3.70995945e-07 +6.44150514e-08  3.07e-07   8.63e-07     7.84e-01   4.244s
  23000 +5.48678509e-05 +2.26975842e-06  5.26e-05   2.63e+02     4.55e-01   4.428s
  24000 +8.81052271e-05 +7.12917299e-06  8.10e-05   2.76e+02     2.41e-01   4.611s
  25000 +1.05685929e-04 +1.07975560e-05  9.49e-05   2.78e+02     1.75e-01   4.794s
  26000 +9.92478915e-05 +1.32822278e-05  8.60e-05   2.04e+02     1.40e-01   4.977s
  27000 +9.85299821e-05 +1.39657712e-05  8.46e-05   1.72e+02     1.30e-01   5.160s
  28000 +1.04082358e-04 +1.44018946e-05  8.97e-05   1.77e+02     1.25e-01   5.343s
  29000 +1.14672009e-04 +1.56178041e-05  9.91e-05   1.94e+02     1.14e-01   5.526s
  30000 +1.21671592e-04 +1.74037012e-05  1.04e-04   2.05e+02     9.67e-02   5.709s
  31000 +1.23049997e-04 +1.93324255e-05  1.04e-04   2.05e+02     8.09e-02   5.892s
  32000 +1.22434217e-04 +2.10806312e-05  1.01e-04   2.00e+02     6.92e-02   6.075s
  33000 +1.24938208e-04 +2.27345898e-05  1.02e-04   2.09e+02     5.95e-02   6.259s
  34000 +1.26267249e-04 +2.42705371e-05  1.02e-04   2.12e+02     5.08e-02   6.443s
  35000 +1.26584739e-04 +2.57468216e-05  1.01e-04   2.12e+02     4.37e-02   6.627s
  36000 +1.26876928e-04 +2.71576547e-05  9.97e-05   2.09e+02     3.79e-02   6.810s
  37000 +1.26094593e-04 +2.85273829e-05  9.76e-05   2.03e+02     3.44e-02   6.994s
  38000 +1.23706190e-04 +2.97987548e-05  9.39e-05   1.94e+02     3.34e-02   7.178s
  39000 +1.19749124e-04 +3.09066993e-05  8.88e-05   1.82e+02     3.40e-02   7.362s
  40000 +1.14899080e-04 +3.18131162e-05  8.31e-05   1.69e+02     3.49e-02   7.545s
  41000 +1.09788817e-04 +3.25149360e-05  7.73e-05   1.56e+02     3.55e-02   7.729s
  42000 +1.04623275e-04 +3.30301401e-05  7.16e-05   1.42e+02     3.60e-02   7.913s
  43000 +9.93715582e-05 +3.33750702e-05  6.60e-05   1.29e+02     3.62e-02   8.096s
  44000 +9.41417372e-05 +3.35574286e-05  6.06e-05   1.17e+02     3.59e-02   8.280s
  45000 +8.92361442e-05 +3.35799996e-05  5.57e-05   1.07e+02     3.45e-02   8.464s
  46000 +8.50801194e-05 +3.34805419e-05  5.16e-05   9.80e+01     3.26e-02   8.648s
  47000 +8.15669338e-05 +3.32924930e-05  4.83e-05   9.07e+01     3.06e-02   8.832s
  48000 +7.87802216e-05 +3.30390261e-05  4.57e-05   8.49e+01     2.85e-02   9.015s
  49000 +7.65441848e-05 +3.27479146e-05  4.38e-05   8.03e+01     2.65e-02   9.199s
  50000 +7.49824052e-05 +3.24497520e-05  4.25e-05   7.70e+01     2.45e-02   9.383s
  51000 +7.30629211e-05 +3.26509634e-05  4.04e-05   7.54e+01     2.40e-02   9.566s
  52000 +7.12892750e-05 +3.28030662e-05  3.85e-05   7.41e+01     2.33e-02   9.750s
  53000 +6.96372484e-05 +3.29120798e-05  3.67e-05   7.30e+01     2.25e-02   9.933s
  54000 +6.81377410e-05 +3.29795638e-05  3.52e-05   7.21e+01     2.15e-02   10.116s
  55000 +6.68252483e-05 +3.30168022e-05  3.38e-05   7.13e+01     2.06e-02   10.300s
  56000 +6.56915719e-05 +3.30232129e-05  3.27e-05   7.07e+01     1.95e-02   10.483s
  57000 +6.48063958e-05 +3.30079511e-05  3.18e-05   7.01e+01     1.84e-02   10.666s
  58000 +6.39832560e-05 +3.29808670e-05  3.10e-05   6.93e+01     1.73e-02   10.849s
  59000 +6.37333517e-05 +3.29545591e-05  3.08e-05   6.86e+01     1.64e-02   11.032s
  60000 +6.35045547e-05 +3.29213873e-05  3.06e-05   6.78e+01     1.55e-02   11.216s
  61000 +6.36634371e-05 +3.28894543e-05  3.08e-05   6.70e+01     1.47e-02   11.399s
  62000 +6.39539097e-05 +3.28699643e-05  3.11e-05   6.62e+01     1.41e-02   11.583s
  63000 +6.44029527e-05 +3.28688252e-05  3.15e-05   6.53e+01     1.36e-02   11.766s
  64000 +6.49053991e-05 +3.28830857e-05  3.20e-05   6.45e+01     1.32e-02   11.949s
  65000 +6.54345588e-05 +3.29111698e-05  3.25e-05   6.37e+01     1.28e-02   12.132s
  66000 +6.60563517e-05 +3.29539130e-05  3.31e-05   6.30e+01     1.25e-02   12.315s
  67000 +6.66640134e-05 +3.30140440e-05  3.36e-05   6.22e+01     1.23e-02   12.499s
  68000 +6.72426146e-05 +3.30867073e-05  3.42e-05   6.15e+01     1.20e-02   12.682s
  69000 +6.76846858e-05 +3.31782262e-05  3.45e-05   6.08e+01     1.18e-02   12.865s
  70000 +6.79999741e-05 +3.32775263e-05  3.47e-05   6.00e+01     1.16e-02   13.049s
  71000 +6.81611588e-05 +3.33792353e-05  3.48e-05   5.92e+01     1.15e-02   13.232s
  72000 +6.84187285e-05 +3.34860702e-05  3.49e-05   5.84e+01     1.13e-02   13.415s
  73000 +6.84613557e-05 +3.35914891e-05  3.49e-05   5.76e+01     1.12e-02   13.598s
  74000 +6.84606595e-05 +3.36878826e-05  3.48e-05   5.68e+01     1.11e-02   13.781s
  75000 +6.83639123e-05 +3.37836009e-05  3.46e-05   5.60e+01     1.10e-02   13.965s
  76000 +6.81409452e-05 +3.38733758e-05  3.43e-05   5.51e+01     1.09e-02   14.148s
  77000 +6.78731078e-05 +3.39520271e-05  3.39e-05   5.41e+01     1.08e-02   14.331s
  78000 +6.75657626e-05 +3.40229835e-05  3.35e-05   5.32e+01     1.07e-02   14.514s
  79000 +6.72277824e-05 +3.41362212e-05  3.31e-05   5.26e+01     1.05e-02   14.699s
  80000 +6.68757294e-05 +3.42526916e-05  3.26e-05   5.22e+01     1.03e-02   14.883s
  81000 +6.65823035e-05 +3.43652879e-05  3.22e-05   5.18e+01     1.01e-02   15.066s
  82000 +6.63225812e-05 +3.44714607e-05  3.19e-05   5.14e+01     9.92e-03   15.250s
  83000 +6.60796423e-05 +3.45743815e-05  3.15e-05   5.11e+01     9.70e-03   15.434s
  84000 +6.58696864e-05 +3.46787272e-05  3.12e-05   5.07e+01     9.50e-03   15.618s
  85000 +6.56726515e-05 +3.47809131e-05  3.09e-05   5.02e+01     9.30e-03   15.801s
  86000 +6.54672775e-05 +3.48784609e-05  3.06e-05   4.99e+01     9.11e-03   15.985s
  87000 +6.52856146e-05 +3.49715274e-05  3.03e-05   4.95e+01     8.92e-03   16.169s
  88000 +6.50880357e-05 +3.50597265e-05  3.00e-05   4.91e+01     8.72e-03   16.353s
  89000 +6.49073827e-05 +3.51410527e-05  2.98e-05   4.87e+01     8.51e-03   16.536s
  90000 +6.47710857e-05 +3.52189234e-05  2.96e-05   4.83e+01     8.31e-03   16.720s
  91000 +6.46251244e-05 +3.52938424e-05  2.93e-05   4.79e+01     8.12e-03   16.904s
  92000 +6.45367762e-05 +3.53681854e-05  2.92e-05   4.75e+01     7.94e-03   17.088s
  93000 +6.43927895e-05 +3.54407022e-05  2.90e-05   4.70e+01     7.74e-03   17.273s
  94000 +6.42581111e-05 +3.55089413e-05  2.87e-05   4.66e+01     7.55e-03   17.456s
  95000 +6.41468894e-05 +3.55742488e-05  2.86e-05   4.62e+01     7.36e-03   17.640s
  96000 +6.41008437e-05 +3.56386898e-05  2.85e-05   4.59e+01     7.17e-03   17.824s
  97000 +6.40124318e-05 +3.57026118e-05  2.83e-05   4.55e+01     7.00e-03   18.008s
  98000 +6.39312035e-05 +3.57641033e-05  2.82e-05   4.51e+01     6.82e-03   18.192s
  99000 +6.37848611e-05 +3.58209869e-05  2.80e-05   4.48e+01     6.65e-03   18.376s
 100000 +6.36498574e-05 +3.58734340e-05  2.78e-05   4.45e+01     6.48e-03   18.560s
 101000 +6.35984552e-05 +3.59234841e-05  2.77e-05   4.41e+01     6.31e-03   18.744s
 102000 +6.35245494e-05 +3.59750465e-05  2.75e-05   4.37e+01     6.16e-03   18.928s
 103000 +6.34477216e-05 +3.60248187e-05  2.74e-05   4.34e+01     6.03e-03   19.111s
 104000 +6.33563439e-05 +3.60753219e-05  2.73e-05   4.30e+01     5.91e-03   19.295s
 105000 +6.31758199e-05 +3.61199709e-05  2.71e-05   4.26e+01     5.78e-03   19.479s
 106000 +6.30563464e-05 +3.61631653e-05  2.69e-05   4.23e+01     5.65e-03   19.663s
 107000 +6.28699820e-05 +3.62043658e-05  2.67e-05   4.19e+01     5.51e-03   19.847s
 108000 +6.27527450e-05 +3.62435992e-05  2.65e-05   4.16e+01     5.38e-03   20.030s
 109000 +6.26444132e-05 +3.62852796e-05  2.64e-05   4.12e+01     5.24e-03   20.215s
 110000 +6.24957599e-05 +3.63247212e-05  2.62e-05   4.08e+01     5.12e-03   20.398s
 111000 +6.23865195e-05 +3.63618065e-05  2.60e-05   4.05e+01     5.00e-03   20.582s
 112000 +6.23253035e-05 +3.64029555e-05  2.59e-05   4.02e+01     4.90e-03   20.766s
 113000 +6.21232947e-05 +3.64467685e-05  2.57e-05   3.98e+01     4.79e-03   20.950s
 114000 +6.18957529e-05 +3.64862080e-05  2.54e-05   3.94e+01     4.67e-03   21.134s
 115000 +6.16797307e-05 +3.65248182e-05  2.52e-05   3.90e+01     4.53e-03   21.317s
 116000 +6.15346471e-05 +3.65589216e-05  2.50e-05   3.86e+01     4.39e-03   21.501s
 117000 +6.14391543e-05 +3.65932113e-05  2.48e-05   3.83e+01     4.25e-03   21.685s
 118000 +6.14203962e-05 +3.66270764e-05  2.48e-05   3.80e+01     4.13e-03   21.869s
 119000 +6.13589003e-05 +3.66641671e-05  2.47e-05   3.77e+01     4.03e-03   22.053s
 120000 +6.12896877e-05 +3.67020729e-05  2.46e-05   3.73e+01     3.94e-03   22.236s
 121000 +6.11989596e-05 +3.67418908e-05  2.45e-05   3.71e+01     3.86e-03   22.420s
 122000 +6.10648826e-05 +3.67778906e-05  2.43e-05   3.68e+01     3.76e-03   22.604s
 123000 +6.09229972e-05 +3.68647714e-05  2.41e-05   3.65e+01     3.67e-03   22.788s
 124000 +6.07263502e-05 +3.69604847e-05  2.38e-05   3.63e+01     3.59e-03   22.971s
 125000 +6.05601888e-05 +3.70527420e-05  2.35e-05   3.61e+01     3.48e-03   23.154s
 126000 +6.04077107e-05 +3.71442930e-05  2.33e-05   3.60e+01     3.38e-03   23.337s
 127000 +6.02802856e-05 +3.72343500e-05  2.30e-05   3.58e+01     3.28e-03   23.521s
 128000 +6.01674529e-05 +3.73225833e-05  2.28e-05   3.56e+01     3.19e-03   23.704s
 129000 +6.00273079e-05 +3.74084402e-05  2.26e-05   3.54e+01     3.11e-03   23.887s
 130000 +5.98857574e-05 +3.74923287e-05  2.24e-05   3.53e+01     3.02e-03   24.071s
 131000 +5.97349669e-05 +3.75749619e-05  2.22e-05   3.51e+01     2.94e-03   24.254s
 132000 +5.95727398e-05 +3.76547264e-05  2.19e-05   3.49e+01     2.84e-03   24.437s
 133000 +5.94337774e-05 +3.77325529e-05  2.17e-05   3.47e+01     2.74e-03   24.621s
 134000 +5.93012953e-05 +3.78086820e-05  2.15e-05   3.45e+01     2.64e-03   24.804s
 135000 +5.91903961e-05 +3.78844196e-05  2.13e-05   3.43e+01     2.55e-03   24.987s
 136000 +5.90639396e-05 +3.79585096e-05  2.11e-05   3.41e+01     2.47e-03   25.170s
 137000 +5.89469354e-05 +3.80311833e-05  2.09e-05   3.39e+01     2.40e-03   25.353s
 138000 +5.88031741e-05 +3.81013192e-05  2.07e-05   3.38e+01     2.32e-03   25.536s
 139000 +5.86771545e-05 +3.81686682e-05  2.05e-05   3.36e+01     2.24e-03   25.719s
 140000 +5.85771897e-05 +3.82352354e-05  2.03e-05   3.33e+01     2.17e-03   25.902s
 141000 +5.84574826e-05 +3.83000496e-05  2.02e-05   3.31e+01     2.11e-03   26.085s
 142000 +5.83604147e-05 +3.83635109e-05  2.00e-05   3.29e+01     2.07e-03   26.268s
 143000 +5.82541217e-05 +3.84266117e-05  1.98e-05   3.26e+01     2.03e-03   26.451s
 144000 +5.81627576e-05 +3.84896307e-05  1.97e-05   3.24e+01     2.00e-03   26.635s
 145000 +5.80558592e-05 +3.85525686e-05  1.95e-05   3.22e+01     1.99e-03   26.818s
 146000 +5.79752732e-05 +3.86137088e-05  1.94e-05   3.20e+01     1.99e-03   27.001s
 147000 +5.78911536e-05 +3.86742988e-05  1.92e-05   3.18e+01     2.02e-03   27.184s
 148000 +5.77940657e-05 +3.87331698e-05  1.91e-05   3.16e+01     2.04e-03   27.367s
 149000 +5.76923472e-05 +3.87910711e-05  1.89e-05   3.13e+01     2.08e-03   27.550s
 150000 +5.75785074e-05 +3.88476823e-05  1.87e-05   3.12e+01     2.13e-03   27.734s
 151000 +5.74947650e-05 +3.89035237e-05  1.86e-05   3.10e+01     2.19e-03   27.917s
 152000 +5.73753652e-05 +3.89575823e-05  1.84e-05   3.08e+01     2.26e-03   28.100s
 153000 +5.72792964e-05 +3.90097878e-05  1.83e-05   3.06e+01     2.33e-03   28.283s
 154000 +5.71747028e-05 +3.90623014e-05  1.81e-05   3.04e+01     2.40e-03   28.467s
 155000 +5.70601765e-05 +3.91117805e-05  1.79e-05   3.02e+01     2.46e-03   28.650s
 156000 +5.69446208e-05 +3.91596024e-05  1.78e-05   3.00e+01     2.52e-03   28.833s
 157000 +5.68033336e-05 +3.92050618e-05  1.76e-05   2.98e+01     2.58e-03   29.016s
 158000 +5.66832538e-05 +3.92493539e-05  1.74e-05   2.96e+01     2.65e-03   29.199s
 159000 +5.65885865e-05 +3.92921878e-05  1.73e-05   2.94e+01     2.71e-03   29.382s
 160000 +5.65103477e-05 +3.93360074e-05  1.72e-05   2.92e+01     2.78e-03   29.566s
 161000 +5.64122484e-05 +3.93802450e-05  1.70e-05   2.90e+01     2.85e-03   29.749s
 162000 +5.62732935e-05 +3.94229788e-05  1.69e-05   2.88e+01     2.92e-03   29.932s
 163000 +5.61262933e-05 +3.94615263e-05  1.67e-05   2.86e+01     2.99e-03   30.115s
 164000 +5.60151064e-05 +3.94991349e-05  1.65e-05   2.83e+01     3.06e-03   30.298s
 165000 +5.58975248e-05 +3.95368412e-05  1.64e-05   2.82e+01     3.13e-03   30.482s
 166000 +5.57974790e-05 +3.95757183e-05  1.62e-05   2.80e+01     3.21e-03   30.665s
 167000 +5.56965044e-05 +3.96156022e-05  1.61e-05   2.78e+01     3.30e-03   30.848s
 168000 +5.55280917e-05 +3.96537514e-05  1.59e-05   2.75e+01     3.38e-03   31.031s
 169000 +5.53394527e-05 +3.96877059e-05  1.57e-05   2.73e+01     3.46e-03   31.214s
 170000 +5.51663029e-05 +3.97199813e-05  1.54e-05   2.70e+01     3.53e-03   31.397s
 171000 +5.50108863e-05 +3.97514358e-05  1.53e-05   2.69e+01     3.59e-03   31.581s
 172000 +5.48826012e-05 +3.97812222e-05  1.51e-05   2.66e+01     3.64e-03   31.764s
 173000 +5.47447142e-05 +3.98099446e-05  1.49e-05   2.64e+01     3.68e-03   31.947s
 174000 +5.45782066e-05 +3.98360702e-05  1.47e-05   2.62e+01     3.72e-03   32.131s
 175000 +5.44018904e-05 +3.98593170e-05  1.45e-05   2.59e+01     3.76e-03   32.314s
 176000 +5.42072909e-05 +3.98788967e-05  1.43e-05   2.57e+01     3.78e-03   32.497s
 177000 +5.40592116e-05 +3.98969306e-05  1.42e-05   2.55e+01     3.80e-03   32.680s
 178000 +5.39031575e-05 +3.99152265e-05  1.40e-05   2.53e+01     3.81e-03   32.864s
 179000 +5.37591654e-05 +3.99326592e-05  1.38e-05   2.50e+01     3.84e-03   33.047s
 180000 +5.36341951e-05 +3.99481069e-05  1.37e-05   2.48e+01     3.85e-03   33.231s
 181000 +5.34988237e-05 +3.99612513e-05  1.35e-05   2.46e+01     3.86e-03   33.414s
 182000 +5.33502774e-05 +3.99732168e-05  1.34e-05   2.43e+01     3.86e-03   33.598s
 183000 +5.32182554e-05 +3.99834018e-05  1.32e-05   2.41e+01     3.88e-03   33.781s
 184000 +5.31030498e-05 +3.99937902e-05  1.31e-05   2.39e+01     3.90e-03   33.964s
 185000 +5.29727660e-05 +4.00031183e-05  1.30e-05   2.37e+01     3.92e-03   34.147s
 186000 +5.28621041e-05 +4.00115124e-05  1.29e-05   2.35e+01     3.95e-03   34.331s
 187000 +5.27169239e-05 +4.00176248e-05  1.27e-05   2.32e+01     3.97e-03   34.514s
 188000 +5.26237799e-05 +4.00211478e-05  1.26e-05   2.30e+01     3.99e-03   34.697s
 189000 +5.25195421e-05 +4.00256461e-05  1.25e-05   2.28e+01     4.01e-03   34.880s
 190000 +5.24059472e-05 +4.00282484e-05  1.24e-05   2.26e+01     4.04e-03   35.064s
 191000 +5.22929646e-05 +4.00314009e-05  1.23e-05   2.24e+01     4.06e-03   35.247s
 192000 +5.21956081e-05 +4.00900878e-05  1.21e-05   2.22e+01     4.15e-03   35.431s
 193000 +5.20838061e-05 +4.01472856e-05  1.19e-05   2.21e+01     4.24e-03   35.615s
 194000 +5.19720340e-05 +4.02029361e-05  1.18e-05   2.20e+01     4.33e-03   35.798s
 195000 +5.18649090e-05 +4.02577689e-05  1.16e-05   2.18e+01     4.42e-03   35.982s
 196000 +5.17529715e-05 +4.03119248e-05  1.14e-05   2.17e+01     4.50e-03   36.166s
 197000 +5.16377986e-05 +4.03638855e-05  1.13e-05   2.16e+01     4.58e-03   36.350s
 198000 +5.15250713e-05 +4.04142857e-05  1.11e-05   2.14e+01     4.66e-03   36.534s
 199000 +5.14049343e-05 +4.04631192e-05  1.09e-05   2.13e+01     4.73e-03   36.718s
 200000 +5.12820185e-05 +4.05099972e-05  1.08e-05   2.11e+01     4.80e-03   36.901s
 201000 +5.11596890e-05 +4.05549275e-05  1.06e-05   2.10e+01     4.85e-03   37.085s
 202000 +5.10395585e-05 +4.05972193e-05  1.04e-05   2.08e+01     4.91e-03   37.269s
 203000 +5.09327660e-05 +4.06381342e-05  1.03e-05   2.07e+01     4.95e-03   37.453s
 204000 +5.08152669e-05 +4.06787543e-05  1.01e-05   2.05e+01     5.00e-03   37.636s
 205000 +5.06886085e-05 +4.07172500e-05  9.97e-06   2.04e+01     5.04e-03   37.820s
 206000 +5.05711186e-05 +4.07538018e-05  9.82e-06   2.02e+01     5.09e-03   38.004s
 207000 +5.04543417e-05 +4.07882578e-05  9.67e-06   2.01e+01     5.12e-03   38.188s
 208000 +5.03508028e-05 +4.08230399e-05  9.53e-06   1.99e+01     5.17e-03   38.371s
 209000 +5.02341606e-05 +4.08559996e-05  9.38e-06   1.97e+01     5.21e-03   38.555s
 210000 +5.01406141e-05 +4.08875897e-05  9.25e-06   1.96e+01     5.25e-03   38.739s
 211000 +5.00449721e-05 +4.09192539e-05  9.13e-06   1.94e+01     5.30e-03   38.923s
 212000 +4.99390771e-05 +4.09496774e-05  8.99e-06   1.93e+01     5.34e-03   39.106s
 213000 +4.98291359e-05 +4.09790453e-05  8.85e-06   1.91e+01     5.38e-03   39.290s
 214000 +4.97320142e-05 +4.10061901e-05  8.73e-06   1.90e+01     5.42e-03   39.474s
 215000 +4.95813550e-05 +4.10341811e-05  8.55e-06   1.88e+01     5.47e-03   39.658s
 216000 +4.94977565e-05 +4.10590458e-05  8.44e-06   1.87e+01     5.50e-03   39.841s
 217000 +4.94094906e-05 +4.10858622e-05  8.32e-06   1.85e+01     5.54e-03   40.025s
 218000 +4.92971321e-05 +4.11102366e-05  8.19e-06   1.84e+01     5.58e-03   40.209s
 219000 +4.92001716e-05 +4.11333978e-05  8.07e-06   1.82e+01     5.62e-03   40.393s
 220000 +4.90690217e-05 +4.11590736e-05  7.91e-06   1.80e+01     5.66e-03   40.576s
 221000 +4.89255551e-05 +4.11814186e-05  7.74e-06   1.78e+01     5.69e-03   40.760s
 222000 +4.88580637e-05 +4.12029837e-05  7.66e-06   1.77e+01     5.72e-03   40.944s
 223000 +4.87446179e-05 +4.12240240e-05  7.52e-06   1.75e+01     5.75e-03   41.127s
 224000 +4.86584024e-05 +4.12416346e-05  7.42e-06   1.74e+01     5.78e-03   41.311s
 225000 +4.85863094e-05 +4.12598574e-05  7.33e-06   1.73e+01     5.81e-03   41.495s
 226000 +4.84961580e-05 +4.12771832e-05  7.22e-06   1.71e+01     5.85e-03   41.678s
 227000 +4.84056602e-05 +4.12942023e-05  7.11e-06   1.69e+01     5.88e-03   41.862s
 228000 +4.82973509e-05 +4.13088200e-05  6.99e-06   1.68e+01     5.92e-03   42.046s
 229000 +4.82156450e-05 +4.13234110e-05  6.89e-06   1.66e+01     5.96e-03   42.229s
 230000 +4.81130106e-05 +4.13393623e-05  6.77e-06   1.64e+01     6.00e-03   42.413s
 231000 +4.79708350e-05 +4.13521825e-05  6.62e-06   1.63e+01     6.03e-03   42.596s
 232000 +4.78333078e-05 +4.13616529e-05  6.47e-06   1.61e+01     6.06e-03   42.780s
 233000 +4.76855483e-05 +4.13697894e-05  6.32e-06   1.59e+01     6.08e-03   42.964s
 234000 +4.74984501e-05 +4.13745267e-05  6.12e-06   1.58e+01     6.09e-03   43.148s
 235000 +4.74142186e-05 +4.13770792e-05  6.04e-06   1.56e+01     6.09e-03   43.332s
 236000 +4.73042994e-05 +4.13795979e-05  5.92e-06   1.55e+01     6.09e-03   43.515s
 237000 +4.71635171e-05 +4.13794085e-05  5.78e-06   1.53e+01     6.09e-03   43.699s
 238000 +4.70655448e-05 +4.13768113e-05  5.69e-06   1.52e+01     6.10e-03   43.883s
 239000 +4.69741274e-05 +4.13745281e-05  5.60e-06   1.50e+01     6.10e-03   44.067s
 240000 +4.68535955e-05 +4.13702429e-05  5.48e-06   1.49e+01     6.09e-03   44.250s
 241000 +4.67636701e-05 +4.13639805e-05  5.40e-06   1.47e+01     6.08e-03   44.434s
 242000 +4.66452058e-05 +4.13571385e-05  5.29e-06   1.46e+01     6.08e-03   44.618s
 243000 +4.65266205e-05 +4.13495591e-05  5.18e-06   1.44e+01     6.07e-03   44.801s
 244000 +4.64244235e-05 +4.13399434e-05  5.08e-06   1.43e+01     6.08e-03   44.986s
 245000 +4.63438326e-05 +4.13294523e-05  5.01e-06   1.41e+01     6.08e-03   45.170s
 246000 +4.62815207e-05 +4.13198698e-05  4.96e-06   1.40e+01     6.07e-03   45.353s
 247000 +4.61722962e-05 +4.13102873e-05  4.86e-06   1.39e+01     6.07e-03   45.537s
 248000 +4.60616910e-05 +4.12995454e-05  4.76e-06   1.37e+01     6.08e-03   45.721s
 249000 +4.59973158e-05 +4.12893941e-05  4.71e-06   1.36e+01     6.09e-03   45.905s
 250000 +4.58931134e-05 +4.12779177e-05  4.62e-06   1.35e+01     6.09e-03   46.089s
 251000 +4.58049180e-05 +4.12640843e-05  4.54e-06   1.34e+01     6.08e-03   46.273s
 252000 +4.57151900e-05 +4.12506261e-05  4.46e-06   1.33e+01     6.08e-03   46.457s
 253000 +4.55749976e-05 +4.12352743e-05  4.34e-06   1.31e+01     6.06e-03   46.641s
 254000 +4.54747395e-05 +4.12165400e-05  4.26e-06   1.30e+01     6.05e-03   46.824s
 255000 +4.53818718e-05 +4.11975776e-05  4.18e-06   1.28e+01     6.03e-03   47.008s
 256000 +4.52688784e-05 +4.11771640e-05  4.09e-06   1.28e+01     6.01e-03   47.192s
 257000 +4.51810175e-05 +4.11564078e-05  4.02e-06   1.26e+01     5.99e-03   47.375s
 258000 +4.51008812e-05 +4.11365135e-05  3.96e-06   1.25e+01     5.97e-03   47.560s
 259000 +4.49758756e-05 +4.11178226e-05  3.86e-06   1.24e+01     5.95e-03   47.743s
 260000 +4.48336233e-05 +4.10952932e-05  3.74e-06   1.23e+01     5.92e-03   47.927s
 261000 +4.47443319e-05 +4.10709681e-05  3.67e-06   1.22e+01     5.89e-03   48.111s
 262000 +4.46184547e-05 +4.10489921e-05  3.57e-06   1.21e+01     5.87e-03   48.294s
 263000 +4.44639801e-05 +4.10231946e-05  3.44e-06   1.19e+01     5.84e-03   48.478s
 264000 +4.43515371e-05 +4.09949873e-05  3.36e-06   1.18e+01     5.79e-03   48.662s
 265000 +4.42620574e-05 +4.09673385e-05  3.29e-06   1.17e+01     5.76e-03   48.846s
 266000 +4.41671247e-05 +4.09386340e-05  3.23e-06   1.16e+01     5.72e-03   49.030s
 267000 +4.40878716e-05 +4.09104529e-05  3.18e-06   1.15e+01     5.68e-03   49.214s
 268000 +4.39876184e-05 +4.08810181e-05  3.11e-06   1.14e+01     5.65e-03   49.397s
 269000 +4.38860409e-05 +4.08500413e-05  3.04e-06   1.13e+01     5.61e-03   49.581s
 270000 +4.38099707e-05 +4.08191724e-05  2.99e-06   1.12e+01     5.57e-03   49.765s
 271000 +4.37308023e-05 +4.07886222e-05  2.94e-06   1.11e+01     5.54e-03   49.948s
 272000 +4.36472434e-05 +4.07566027e-05  2.89e-06   1.10e+01     5.50e-03   50.132s
 273000 +4.35762365e-05 +4.07243226e-05  2.85e-06   1.09e+01     5.46e-03   50.316s
 274000 +4.35161219e-05 +4.06917625e-05  2.82e-06   1.08e+01     5.43e-03   50.501s
 275000 +4.34387028e-05 +4.06589098e-05  2.78e-06   1.07e+01     5.38e-03   50.685s
 276000 +4.33488349e-05 +4.06241497e-05  2.72e-06   1.06e+01     5.34e-03   50.869s
 277000 +4.32786184e-05 +4.05882394e-05  2.69e-06   1.06e+01     5.30e-03   51.052s
 278000 +4.32040785e-05 +4.05524028e-05  2.65e-06   1.05e+01     5.25e-03   51.236s
 279000 +4.31389385e-05 +4.05167088e-05  2.62e-06   1.04e+01     5.21e-03   51.420s
 280000 +4.30840453e-05 +4.04809036e-05  2.60e-06   1.04e+01     5.16e-03   51.604s
 281000 +4.30314903e-05 +4.04447317e-05  2.59e-06   1.03e+01     5.12e-03   51.788s
 282000 +4.29628744e-05 +4.04094640e-05  2.55e-06   1.02e+01     5.09e-03   51.971s
 283000 +4.28837672e-05 +4.03728084e-05  2.51e-06   1.01e+01     5.05e-03   52.155s
 284000 +4.28264895e-05 +4.03342547e-05  2.49e-06   1.01e+01     5.00e-03   52.339s
 285000 +4.27794250e-05 +4.02960828e-05  2.48e-06   9.99e+00     4.95e-03   52.523s
 286000 +4.27259945e-05 +4.02578523e-05  2.47e-06   9.92e+00     4.91e-03   52.707s
 287000 +4.26894983e-05 +4.02187111e-05  2.47e-06   9.85e+00     4.86e-03   52.890s
 288000 +4.26376327e-05 +4.01796546e-05  2.46e-06   9.80e+00     4.82e-03   53.074s
 289000 +4.25463364e-05 +4.01389298e-05  2.41e-06   9.69e+00     4.78e-03   53.258s
 290000 +4.25000205e-05 +4.00964185e-05  2.40e-06   9.62e+00     4.74e-03   53.441s
 291000 +4.24656027e-05 +4.00557508e-05  2.41e-06   9.56e+00     4.70e-03   53.625s
 292000 +4.23867579e-05 +4.00138552e-05  2.37e-06   9.52e+00     4.65e-03   53.809s
 293000 +4.23383228e-05 +3.99707708e-05  2.37e-06   9.45e+00     4.61e-03   53.993s
 294000 +4.22975312e-05 +3.99292496e-05  2.37e-06   9.40e+00     4.56e-03   54.177s
 295000 +4.22190228e-05 +3.98875565e-05  2.33e-06   9.32e+00     4.52e-03   54.361s
 296000 +4.21623933e-05 +3.98431960e-05  2.32e-06   9.28e+00     4.47e-03   54.544s
 297000 +4.21237483e-05 +3.97983516e-05  2.33e-06   9.25e+00     4.43e-03   54.728s
 298000 +4.20829012e-05 +3.97548352e-05  2.33e-06   9.17e+00     4.38e-03   54.912s
 299000 +4.20093923e-05 +3.97260508e-05  2.28e-06   9.08e+00     4.35e-03   55.096s
 300000 +4.19032935e-05 +3.97183918e-05  2.18e-06   9.00e+00     4.34e-03   55.280s
 301000 +4.17935670e-05 +3.97090131e-05  2.08e-06   8.94e+00     4.33e-03   55.463s
 302000 +4.16938042e-05 +3.96983694e-05  2.00e-06   8.88e+00     4.33e-03   55.646s
 303000 +4.16019688e-05 +3.96869027e-05  1.92e-06   8.82e+00     4.32e-03   55.829s
 304000 +4.15120299e-05 +3.96742610e-05  1.84e-06   8.76e+00     4.30e-03   56.013s
 305000 +4.14284558e-05 +3.96607581e-05  1.77e-06   8.70e+00     4.29e-03   56.196s
 306000 +4.13446564e-05 +3.96463422e-05  1.70e-06   8.65e+00     4.28e-03   56.379s
 307000 +4.12629724e-05 +3.96311664e-05  1.63e-06   8.60e+00     4.26e-03   56.562s
 308000 +4.11784519e-05 +3.96154075e-05  1.56e-06   8.55e+00     4.24e-03   56.745s
 309000 +4.10912009e-05 +3.95984168e-05  1.49e-06   8.50e+00     4.22e-03   56.928s
 310000 +4.10040698e-05 +3.95803804e-05  1.42e-06   8.44e+00     4.20e-03   57.111s
 311000 +4.09166668e-05 +3.95612164e-05  1.36e-06   8.41e+00     4.18e-03   57.295s
 312000 +4.08317964e-05 +3.95411090e-05  1.29e-06   8.35e+00     4.15e-03   57.478s
 313000 +4.07559236e-05 +3.95200322e-05  1.24e-06   8.31e+00     4.13e-03   57.661s
 314000 +4.06821793e-05 +3.94980095e-05  1.18e-06   8.28e+00     4.10e-03   57.844s
 315000 +4.06147189e-05 +3.94752786e-05  1.14e-06   8.24e+00     4.07e-03   58.027s
 316000 +4.05454016e-05 +3.94521170e-05  1.09e-06   8.22e+00     4.03e-03   58.211s
 317000 +4.04725053e-05 +3.94282816e-05  1.04e-06   8.19e+00     4.00e-03   58.394s
 318000 +4.03992974e-05 +3.94036110e-05  9.96e-07   8.16e+00     3.96e-03   58.577s
 319000 +4.03336204e-05 +3.93777811e-05  9.56e-07   8.13e+00     3.93e-03   58.760s
 320000 +4.02779388e-05 +3.93514842e-05  9.26e-07   8.10e+00     3.89e-03   58.943s
 321000 +4.02185271e-05 +3.93249742e-05  8.94e-07   8.06e+00     3.85e-03   59.126s
 322000 +4.01621812e-05 +3.92976749e-05  8.65e-07   8.03e+00     3.82e-03   59.310s
 323000 +4.01147504e-05 +3.92702748e-05  8.44e-07   8.00e+00     3.78e-03   59.493s
 324000 +4.00638289e-05 +3.92429962e-05  8.21e-07   7.97e+00     3.75e-03   59.676s
 325000 +4.00052811e-05 +3.92150900e-05  7.90e-07   7.93e+00     3.71e-03   59.859s
 326000 +3.99522205e-05 +3.91870810e-05  7.65e-07   7.91e+00     3.67e-03   60.043s
 327000 +3.99037116e-05 +3.91584022e-05  7.45e-07   7.87e+00     3.63e-03   60.226s
 328000 +3.98565194e-05 +3.91292154e-05  7.27e-07   7.84e+00     3.60e-03   60.409s
 329000 +3.98128499e-05 +3.91001541e-05  7.13e-07   7.82e+00     3.56e-03   60.592s
 330000 +3.97610431e-05 +3.90709831e-05  6.90e-07   7.80e+00     3.52e-03   60.776s
 331000 +3.97206771e-05 +3.90415663e-05  6.79e-07   7.78e+00     3.48e-03   60.959s
 332000 +3.96798158e-05 +3.90119142e-05  6.68e-07   7.75e+00     3.44e-03   61.143s
 333000 +3.96364563e-05 +3.89822024e-05  6.54e-07   7.73e+00     3.41e-03   61.326s
 334000 +3.96064424e-05 +3.89524885e-05  6.54e-07   7.70e+00     3.37e-03   61.509s
 335000 +3.95827689e-05 +3.89234025e-05  6.59e-07   7.68e+00     3.34e-03   61.692s
 336000 +3.95452674e-05 +3.88945763e-05  6.51e-07   7.66e+00     3.30e-03   61.875s
 337000 +3.94805909e-05 +3.88658249e-05  6.15e-07   7.64e+00     3.27e-03   62.059s
 338000 +3.94292604e-05 +3.88356009e-05  5.94e-07   7.61e+00     3.23e-03   62.242s
 339000 +3.93940846e-05 +3.88052073e-05  5.89e-07   7.59e+00     3.19e-03   62.425s
 340000 +3.93522871e-05 +3.87742619e-05  5.78e-07   7.55e+00     3.15e-03   62.608s
 341000 +3.93202283e-05 +3.87430728e-05  5.77e-07   7.50e+00     3.11e-03   62.792s
 342000 +3.92833822e-05 +3.87118960e-05  5.71e-07   7.48e+00     3.07e-03   62.975s
 343000 +3.92326312e-05 +3.86805897e-05  5.52e-07   7.46e+00     3.03e-03   63.159s
 344000 +3.91771151e-05 +3.86484682e-05  5.29e-07   7.42e+00     2.99e-03   63.343s
 345000 +3.91378006e-05 +3.86158158e-05  5.22e-07   7.42e+00     2.95e-03   63.526s
 346000 +3.91174751e-05 +3.85833614e-05  5.34e-07   7.37e+00     2.92e-03   63.710s
 347000 +3.90841444e-05 +3.85506850e-05  5.33e-07   7.35e+00     2.88e-03   63.893s
 348000 +3.90511786e-05 +3.85180410e-05  5.33e-07   7.31e+00     2.83e-03   64.077s
 349000 +3.90147284e-05 +3.84856851e-05  5.29e-07   7.27e+00     2.79e-03   64.260s
 350000 +3.89692557e-05 +3.84527828e-05  5.16e-07   7.25e+00     2.75e-03   64.444s
 351000 +3.89336443e-05 +3.84192955e-05  5.14e-07   7.20e+00     2.71e-03   64.627s
 352000 +3.89108948e-05 +3.83866729e-05  5.24e-07   7.18e+00     2.68e-03   64.810s
 353000 +3.88944124e-05 +3.83541412e-05  5.40e-07   7.17e+00     2.64e-03   64.993s
 354000 +3.88816055e-05 +3.83225815e-05  5.59e-07   7.16e+00     2.61e-03   65.177s
 355000 +3.88591597e-05 +3.82912531e-05  5.68e-07   7.14e+00     2.57e-03   65.360s
 356000 +3.88331193e-05 +3.82605256e-05  5.73e-07   7.13e+00     2.54e-03   65.544s
 357000 +3.87900588e-05 +3.82289295e-05  5.61e-07   7.09e+00     2.51e-03   65.727s
 358000 +3.87508238e-05 +3.81962546e-05  5.55e-07   7.07e+00     2.47e-03   65.910s
 359000 +3.87376878e-05 +3.81633397e-05  5.74e-07   7.03e+00     2.43e-03   66.093s
 360000 +3.87310699e-05 +3.81311134e-05  6.00e-07   7.01e+00     2.40e-03   66.276s
 361000 +3.87150735e-05 +3.80986288e-05  6.16e-07   6.99e+00     2.36e-03   66.460s
 362000 +3.87004667e-05 +3.80666662e-05  6.34e-07   6.98e+00     2.33e-03   66.643s
 363000 +3.86703631e-05 +3.80353200e-05  6.35e-07   6.92e+00     2.29e-03   66.826s
 364000 +3.86263470e-05 +3.80028954e-05  6.23e-07   6.90e+00     2.25e-03   67.009s
 365000 +3.86086467e-05 +3.79697096e-05  6.39e-07   6.84e+00     2.21e-03   67.192s
 366000 +3.85959313e-05 +3.79370504e-05  6.59e-07   6.84e+00     2.18e-03   67.376s
 367000 +3.85733710e-05 +3.79041115e-05  6.69e-07   6.83e+00     2.14e-03   67.559s
 368000 +3.85642203e-05 +3.78709523e-05  6.93e-07   6.80e+00     2.10e-03   67.742s
 369000 +3.85566800e-05 +3.78390321e-05  7.18e-07   6.78e+00     2.06e-03   67.925s
 370000 +3.85341341e-05 +3.78076881e-05  7.26e-07   6.75e+00     2.03e-03   68.109s
 371000 +3.85155373e-05 +3.77759008e-05  7.40e-07   6.74e+00     1.99e-03   68.292s
 372000 +3.85152613e-05 +3.77445105e-05  7.71e-07   6.70e+00     1.96e-03   68.476s
 373000 +3.85143537e-05 +3.77142110e-05  8.00e-07   6.69e+00     1.92e-03   68.659s
 374000 +3.84934493e-05 +3.76838445e-05  8.10e-07   6.66e+00     1.89e-03   68.842s
 375000 +3.84836269e-05 +3.76535362e-05  8.30e-07   6.66e+00     1.85e-03   69.025s
 376000 +3.84826299e-05 +3.76236474e-05  8.59e-07   6.63e+00     1.82e-03   69.208s
 377000 +3.84700587e-05 +3.75933826e-05  8.77e-07   6.61e+00     1.79e-03   69.391s
 378000 +3.84735333e-05 +3.75628002e-05  9.11e-07   6.58e+00     1.75e-03   69.575s
 379000 +3.84815919e-05 +3.75335118e-05  9.48e-07   6.57e+00     1.73e-03   69.758s
 380000 +3.84848047e-05 +3.75051218e-05  9.80e-07   6.56e+00     1.70e-03   69.941s
 381000 +3.84799579e-05 +3.74774180e-05  1.00e-06   6.55e+00     1.67e-03   70.124s
 382000 +3.84636969e-05 +3.74499629e-05  1.01e-06   6.51e+00     1.64e-03   70.307s
 383000 +3.84599971e-05 +3.74216712e-05  1.04e-06   6.48e+00     1.62e-03   70.490s
 384000 +3.84501259e-05 +3.73938505e-05  1.06e-06   6.45e+00     1.59e-03   70.674s
 385000 +3.84360038e-05 +3.73655939e-05  1.07e-06   6.45e+00     1.56e-03   70.857s
 386000 +3.84311785e-05 +3.73378821e-05  1.09e-06   6.44e+00     1.54e-03   71.040s
 387000 +3.84304088e-05 +3.73107427e-05  1.12e-06   6.41e+00     1.51e-03   71.223s
 388000 +3.84307715e-05 +3.72845324e-05  1.15e-06   6.39e+00     1.49e-03   71.406s
 389000 +3.84244713e-05 +3.72581586e-05  1.17e-06   6.37e+00     1.46e-03   71.590s
 390000 +3.84178041e-05 +3.72323576e-05  1.19e-06   6.34e+00     1.43e-03   71.773s
 391000 +3.83906450e-05 +3.72063079e-05  1.18e-06   6.28e+00     1.40e-03   71.956s
 392000 +3.83792463e-05 +3.71794148e-05  1.20e-06   6.25e+00     1.37e-03   72.139s
 393000 +3.83944875e-05 +3.71530635e-05  1.24e-06   6.23e+00     1.34e-03   72.322s
 394000 +3.83900295e-05 +3.71274239e-05  1.26e-06   6.22e+00     1.31e-03   72.506s
 395000 +3.83845991e-05 +3.71017114e-05  1.28e-06   6.19e+00     1.29e-03   72.689s
 396000 +3.84063556e-05 +3.70766266e-05  1.33e-06   6.17e+00     1.27e-03   72.872s
 397000 +3.84088130e-05 +3.70522145e-05  1.36e-06   6.14e+00     1.25e-03   73.055s
 398000 +3.84095228e-05 +3.70280885e-05  1.38e-06   6.16e+00     1.23e-03   73.238s
 399000 +3.84080349e-05 +3.70050165e-05  1.40e-06   6.16e+00     1.22e-03   73.421s
 400000 +3.83980396e-05 +3.69820599e-05  1.42e-06   6.15e+00     1.20e-03   73.604s
 401000 +3.83771523e-05 +3.69596956e-05  1.42e-06   6.13e+00     1.18e-03   73.788s
 402000 +3.83593126e-05 +3.69359758e-05  1.42e-06   6.10e+00     1.17e-03   73.971s
 403000 +3.83588255e-05 +3.69126350e-05  1.45e-06   6.09e+00     1.15e-03   74.154s
 404000 +3.83690496e-05 +3.68896414e-05  1.48e-06   6.07e+00     1.13e-03   74.337s
 405000 +3.83780993e-05 +3.68673452e-05  1.51e-06   6.08e+00     1.11e-03   74.520s
 406000 +3.83900649e-05 +3.68451345e-05  1.54e-06   6.05e+00     1.09e-03   74.704s
 407000 +3.83897553e-05 +3.68231256e-05  1.57e-06   6.03e+00     1.07e-03   74.887s
 408000 +3.83719505e-05 +3.68014974e-05  1.57e-06   6.02e+00     1.05e-03   75.070s
 409000 +3.83539486e-05 +3.67787197e-05  1.58e-06   5.98e+00     1.03e-03   75.253s
 410000 +3.83580816e-05 +3.67557350e-05  1.60e-06   5.96e+00     1.02e-03   75.436s
 411000 +3.83619740e-05 +3.67334681e-05  1.63e-06   5.96e+00     1.00e-03   75.619s
 412000 +3.83586055e-05 +3.67119429e-05  1.65e-06   5.93e+00     9.87e-04   75.802s
 413000 +3.83512716e-05 +3.66906572e-05  1.66e-06   5.91e+00     9.70e-04   75.985s
 414000 +3.83599837e-05 +3.66695886e-05  1.69e-06   5.87e+00     9.55e-04   76.168s
 415000 +3.83612487e-05 +3.66493557e-05  1.71e-06   5.88e+00     9.42e-04   76.351s
 416000 +3.83532593e-05 +3.66295438e-05  1.72e-06   5.83e+00     9.30e-04   76.534s
 417000 +3.83345874e-05 +3.66099297e-05  1.72e-06   5.81e+00     9.20e-04   76.718s
 418000 +3.83135674e-05 +3.65896845e-05  1.72e-06   5.78e+00     9.04e-04   76.901s
 419000 +3.82976551e-05 +3.65697911e-05  1.73e-06   5.79e+00     8.86e-04   77.084s
 420000 +3.82811942e-05 +3.65498546e-05  1.73e-06   5.75e+00     8.68e-04   77.267s
 421000 +3.82704043e-05 +3.65292278e-05  1.74e-06   5.74e+00     8.51e-04   77.450s
 422000 +3.82669493e-05 +3.65095682e-05  1.76e-06   5.71e+00     8.31e-04   77.633s
 423000 +3.82573610e-05 +3.64897760e-05  1.77e-06   5.69e+00     8.11e-04   77.816s
 424000 +3.82376679e-05 +3.64697977e-05  1.77e-06   5.64e+00     7.97e-04   77.999s
 425000 +3.82248039e-05 +3.64494224e-05  1.78e-06   5.62e+00     7.80e-04   78.182s
 426000 +3.82186234e-05 +3.64289851e-05  1.79e-06   5.59e+00     7.63e-04   78.366s
 427000 +3.82125344e-05 +3.64087911e-05  1.80e-06   5.58e+00     7.46e-04   78.549s
 428000 +3.82135355e-05 +3.63886162e-05  1.82e-06   5.55e+00     7.30e-04   78.732s
 429000 +3.82144923e-05 +3.63689551e-05  1.85e-06   5.56e+00     7.15e-04   78.915s
 430000 +3.82156204e-05 +3.63491144e-05  1.87e-06   5.54e+00     7.03e-04   79.098s
 431000 +3.82352474e-05 +3.63297499e-05  1.91e-06   5.54e+00     6.90e-04   79.281s
 432000 +3.82421697e-05 +3.63108606e-05  1.93e-06   5.52e+00     6.76e-04   79.465s
 433000 +3.82441207e-05 +3.62919650e-05  1.95e-06   5.51e+00     6.63e-04   79.648s
 434000 +3.82432105e-05 +3.62731292e-05  1.97e-06   5.48e+00     6.52e-04   79.831s
 435000 +3.82335968e-05 +3.62542306e-05  1.98e-06   5.44e+00     6.40e-04   80.014s
 436000 +3.82403554e-05 +3.62351306e-05  2.01e-06   5.42e+00     6.29e-04   80.197s
 437000 +3.82495613e-05 +3.62171138e-05  2.03e-06   5.42e+00     6.16e-04   80.380s
 438000 +3.82520670e-05 +3.61995435e-05  2.05e-06   5.40e+00     6.02e-04   80.564s
 439000 +3.82591440e-05 +3.61816604e-05  2.08e-06   5.39e+00     5.86e-04   80.747s
 440000 +3.82753265e-05 +3.61647044e-05  2.11e-06   5.37e+00     5.74e-04   80.930s
 441000 +3.82795523e-05 +3.61484360e-05  2.13e-06   5.38e+00     5.66e-04   81.113s
 442000 +3.82851451e-05 +3.61319445e-05  2.15e-06   5.37e+00     5.56e-04   81.296s
 443000 +3.82772503e-05 +3.61155489e-05  2.16e-06   5.34e+00     5.48e-04   81.479s
 444000 +3.82739067e-05 +3.60990692e-05  2.17e-06   5.34e+00     5.39e-04   81.663s
 445000 +3.82809330e-05 +3.60824724e-05  2.20e-06   5.31e+00     5.27e-04   81.846s
 446000 +3.82907612e-05 +3.60666566e-05  2.22e-06   5.31e+00     5.20e-04   82.029s
 447000 +3.83043207e-05 +3.60518393e-05  2.25e-06   5.30e+00     5.11e-04   82.212s
 448000 +3.83076491e-05 +3.60370849e-05  2.27e-06   5.28e+00     5.02e-04   82.395s
 449000 +3.83064549e-05 +3.60225224e-05  2.28e-06   5.28e+00     4.95e-04   82.578s
 450000 +3.83012726e-05 +3.60081161e-05  2.29e-06   5.26e+00     4.90e-04   82.761s
 451000 +3.82935605e-05 +3.59936643e-05  2.30e-06   5.24e+00     4.82e-04   82.945s
 452000 +3.82929444e-05 +3.59781492e-05  2.31e-06   5.21e+00     4.72e-04   83.127s
 453000 +3.82947441e-05 +3.59630231e-05  2.33e-06   5.19e+00     4.64e-04   83.311s
 454000 +3.83101247e-05 +3.59483247e-05  2.36e-06   5.20e+00     4.58e-04   83.494s
 455000 +3.83260061e-05 +3.59348645e-05  2.39e-06   5.20e+00     4.52e-04   83.677s
 456000 +3.83367018e-05 +3.59213461e-05  2.42e-06   5.18e+00     4.46e-04   83.860s
 457000 +3.83357637e-05 +3.59079668e-05  2.43e-06   5.18e+00     4.41e-04   84.043s
 458000 +3.83317385e-05 +3.58944653e-05  2.44e-06   5.17e+00     4.33e-04   84.227s
 459000 +3.83430406e-05 +3.58812540e-05  2.46e-06   5.15e+00     4.28e-04   84.410s
 460000 +3.83490483e-05 +3.58679436e-05  2.48e-06   5.13e+00     4.23e-04   84.593s
 461000 +3.83560217e-05 +3.58550224e-05  2.50e-06   5.12e+00     4.20e-04   84.776s
 462000 +3.83676948e-05 +3.58429771e-05  2.52e-06   5.12e+00     4.19e-04   84.959s
 463000 +3.83589021e-05 +3.58316506e-05  2.53e-06   5.10e+00     4.21e-04   85.142s
 464000 +3.83468895e-05 +3.58192691e-05  2.53e-06   5.09e+00     4.11e-04   85.325s
 465000 +3.83455214e-05 +3.58064217e-05  2.54e-06   5.07e+00     3.97e-04   85.508s
 466000 +3.83702398e-05 +3.57938556e-05  2.58e-06   5.08e+00     3.96e-04   85.691s
 467000 +3.83977762e-05 +3.57817661e-05  2.62e-06   5.05e+00     3.88e-04   85.875s
 468000 +3.83867053e-05 +3.57695924e-05  2.62e-06   5.03e+00     3.85e-04   86.058s
 469000 +3.83676167e-05 +3.57573942e-05  2.61e-06   5.00e+00     3.88e-04   86.242s
 470000 +3.83517924e-05 +3.57451990e-05  2.61e-06   4.98e+00     3.89e-04   86.426s
 471000 +3.83369329e-05 +3.57329458e-05  2.60e-06   4.97e+00     3.88e-04   86.609s
 472000 +3.83179503e-05 +3.57208114e-05  2.60e-06   4.95e+00     3.91e-04   86.793s
 473000 +3.82996235e-05 +3.57084252e-05  2.59e-06   4.93e+00     3.91e-04   86.977s
 474000 +3.82826183e-05 +3.56960030e-05  2.59e-06   4.91e+00     3.91e-04   87.160s
 475000 +3.82645156e-05 +3.56836536e-05  2.58e-06   4.89e+00     3.92e-04   87.344s
 476000 +3.82458905e-05 +3.56710911e-05  2.57e-06   4.87e+00     3.89e-04   87.528s
 477000 +3.82284645e-05 +3.56584990e-05  2.57e-06   4.84e+00     3.87e-04   87.712s
 478000 +3.82132540e-05 +3.56456053e-05  2.57e-06   4.83e+00     3.83e-04   87.895s
 479000 +3.81990117e-05 +3.56325509e-05  2.57e-06   4.82e+00     3.81e-04   88.079s
 480000 +3.81832530e-05 +3.56192653e-05  2.56e-06   4.80e+00     3.78e-04   88.263s
 481000 +3.81691096e-05 +3.56058793e-05  2.56e-06   4.78e+00     3.75e-04   88.446s
 482000 +3.81564143e-05 +3.55923761e-05  2.56e-06   4.76e+00     3.72e-04   88.630s
 483000 +3.81438778e-05 +3.55787853e-05  2.57e-06   4.74e+00     3.65e-04   88.813s
 484000 +3.81319273e-05 +3.55651412e-05  2.57e-06   4.73e+00     3.59e-04   88.997s
 485000 +3.81229227e-05 +3.55514650e-05  2.57e-06   4.72e+00     3.52e-04   89.181s
 486000 +3.81127023e-05 +3.55377927e-05  2.57e-06   4.70e+00     3.46e-04   89.365s
 487000 +3.81020774e-05 +3.55241145e-05  2.58e-06   4.69e+00     3.43e-04   89.548s
 488000 +3.80945806e-05 +3.55107227e-05  2.58e-06   4.67e+00     3.38e-04   89.732s
 489000 +3.80853680e-05 +3.54973426e-05  2.59e-06   4.65e+00     3.35e-04   89.916s
 490000 +3.80748772e-05 +3.54840585e-05  2.59e-06   4.65e+00     3.27e-04   90.099s
 491000 +3.80667655e-05 +3.54708659e-05  2.60e-06   4.63e+00     3.21e-04   90.283s
 492000 +3.80624944e-05 +3.54577545e-05  2.60e-06   4.62e+00     3.17e-04   90.467s
 493000 +3.80578350e-05 +3.54446722e-05  2.61e-06   4.61e+00     3.13e-04   90.651s
 494000 +3.80521925e-05 +3.54316061e-05  2.62e-06   4.59e+00     3.10e-04   90.835s
 495000 +3.80499634e-05 +3.54186981e-05  2.63e-06   4.57e+00     3.08e-04   91.018s
 496000 +3.80478070e-05 +3.54062212e-05  2.64e-06   4.55e+00     3.08e-04   91.202s
 497000 +3.80460716e-05 +3.53939094e-05  2.65e-06   4.54e+00     3.09e-04   91.386s
 498000 +3.80398352e-05 +3.53818743e-05  2.66e-06   4.53e+00     3.09e-04   91.570s
 499000 +3.80337242e-05 +3.53697526e-05  2.66e-06   4.51e+00     3.09e-04   91.754s
 500000 +3.80293862e-05 +3.53574257e-05  2.67e-06   4.49e+00     3.06e-04   91.937s
 501000 +3.80267763e-05 +3.53448152e-05  2.68e-06   4.48e+00     3.01e-04   92.121s
 502000 +3.80296424e-05 +3.53326808e-05  2.70e-06   4.48e+00     2.99e-04   92.305s
 503000 +3.80324634e-05 +3.53212612e-05  2.71e-06   4.48e+00     3.01e-04   92.489s
 504000 +3.80301122e-05 +3.53103182e-05  2.72e-06   4.46e+00     3.05e-04   92.673s
 505000 +3.80240063e-05 +3.52996060e-05  2.72e-06   4.45e+00     3.10e-04   92.857s
 506000 +3.80148960e-05 +3.52888855e-05  2.73e-06   4.43e+00     3.14e-04   93.041s
 507000 +3.80070293e-05 +3.52780559e-05  2.73e-06   4.41e+00     3.15e-04   93.225s
 508000 +3.79971367e-05 +3.52670640e-05  2.73e-06   4.39e+00     3.14e-04   93.409s
 509000 +3.79946153e-05 +3.52559981e-05  2.74e-06   4.38e+00     3.12e-04   93.593s
 510000 +3.79909023e-05 +3.52451977e-05  2.75e-06   4.37e+00     3.11e-04   93.777s
 511000 +3.79880873e-05 +3.52345194e-05  2.75e-06   4.37e+00     3.10e-04   93.961s
 512000 +3.79895099e-05 +3.52240733e-05  2.77e-06   4.35e+00     3.12e-04   94.145s
 513000 +3.79870414e-05 +3.52139420e-05  2.77e-06   4.35e+00     3.16e-04   94.329s
 514000 +3.79801076e-05 +3.52041604e-05  2.78e-06   4.34e+00     3.20e-04   94.513s
 515000 +3.79734670e-05 +3.51943435e-05  2.78e-06   4.32e+00     3.23e-04   94.697s
 516000 +3.79625462e-05 +3.51846032e-05  2.78e-06   4.31e+00     3.22e-04   94.881s
 517000 +3.79546404e-05 +3.51743417e-05  2.78e-06   4.30e+00     3.14e-04   95.065s
 518000 +3.79590140e-05 +3.51645205e-05  2.79e-06   4.29e+00     3.13e-04   95.249s
 519000 +3.79641208e-05 +3.51554828e-05  2.81e-06   4.29e+00     3.10e-04   95.433s
 520000 +3.79625840e-05 +3.51462496e-05  2.82e-06   4.28e+00     3.13e-04   95.617s
 521000 +3.79642932e-05 +3.51369328e-05  2.83e-06   4.27e+00     3.14e-04   95.800s
 522000 +3.79654532e-05 +3.51277825e-05  2.84e-06   4.26e+00     3.15e-04   95.984s
 523000 +3.79574109e-05 +3.51183943e-05  2.84e-06   4.23e+00     3.17e-04   96.168s
 524000 +3.79561826e-05 +3.51086781e-05  2.85e-06   4.22e+00     3.17e-04   96.352s
 525000 +3.79581946e-05 +3.50991584e-05  2.86e-06   4.21e+00     3.17e-04   96.536s
 526000 +3.79580715e-05 +3.50893434e-05  2.87e-06   4.20e+00     3.19e-04   96.720s
 527000 +3.79613514e-05 +3.50796728e-05  2.88e-06   4.20e+00     3.22e-04   96.903s
 528000 +3.79618024e-05 +3.50704007e-05  2.89e-06   4.19e+00     3.28e-04   97.087s
 529000 +3.79583973e-05 +3.50611979e-05  2.90e-06   4.18e+00     3.32e-04   97.271s
 530000 +3.79535728e-05 +3.50520773e-05  2.90e-06   4.17e+00     3.32e-04   97.454s
 531000 +3.79499097e-05 +3.50431427e-05  2.91e-06   4.16e+00     3.34e-04   97.638s
 532000 +3.79503489e-05 +3.50337171e-05  2.92e-06   4.16e+00     3.36e-04   97.822s
 533000 +3.79520020e-05 +3.50250242e-05  2.93e-06   4.14e+00     3.40e-04   98.006s
 534000 +3.79443537e-05 +3.50165377e-05  2.93e-06   4.14e+00     3.46e-04   98.189s
 535000 +3.79367755e-05 +3.50077745e-05  2.93e-06   4.13e+00     3.50e-04   98.373s
 536000 +3.79324289e-05 +3.49990359e-05  2.93e-06   4.11e+00     3.49e-04   98.557s
 537000 +3.79269108e-05 +3.49896583e-05  2.94e-06   4.11e+00     3.48e-04   98.741s
 538000 +3.79270112e-05 +3.49806905e-05  2.95e-06   4.09e+00     3.46e-04   98.925s
 539000 +3.79308424e-05 +3.49720139e-05  2.96e-06   4.09e+00     3.48e-04   99.108s
 540000 +3.79355711e-05 +3.49637382e-05  2.97e-06   4.08e+00     3.50e-04   99.292s
 541000 +3.79386838e-05 +3.49558429e-05  2.98e-06   4.08e+00     3.51e-04   99.476s
 542000 +3.79392850e-05 +3.49482055e-05  2.99e-06   4.07e+00     3.54e-04   99.660s
 543000 +3.79403886e-05 +3.49406602e-05  3.00e-06   4.07e+00     3.58e-04   99.844s
 544000 +3.79433388e-05 +3.49335836e-05  3.01e-06   4.08e+00     3.61e-04   100.027s
 545000 +3.79420248e-05 +3.49268294e-05  3.02e-06   4.07e+00     3.62e-04   100.211s
 546000 +3.79376384e-05 +3.49198100e-05  3.02e-06   4.06e+00     3.62e-04   100.395s
 547000 +3.79422550e-05 +3.49126321e-05  3.03e-06   4.04e+00     3.63e-04   100.579s
 548000 +3.79525775e-05 +3.49058136e-05  3.05e-06   4.04e+00     3.65e-04   100.762s
 549000 +3.79516908e-05 +3.49001235e-05  3.05e-06   4.03e+00     3.70e-04   100.946s
 550000 +3.79442662e-05 +3.48944783e-05  3.05e-06   4.02e+00     3.73e-04   101.130s
 551000 +3.79440486e-05 +3.48887168e-05  3.06e-06   4.01e+00     3.73e-04   101.314s
 552000 +3.79445746e-05 +3.48833330e-05  3.06e-06   4.00e+00     3.72e-04   101.498s
 553000 +3.79414097e-05 +3.48781064e-05  3.06e-06   3.98e+00     3.75e-04   101.681s
 554000 +3.79439556e-05 +3.48728885e-05  3.07e-06   3.98e+00     3.77e-04   101.865s
 555000 +3.79465262e-05 +3.48679136e-05  3.08e-06   3.96e+00     3.78e-04   102.049s
 556000 +3.79419980e-05 +3.48629600e-05  3.08e-06   3.95e+00     3.80e-04   102.233s
 557000 +3.79394896e-05 +3.48576385e-05  3.08e-06   3.94e+00     3.80e-04   102.417s
 558000 +3.79426976e-05 +3.48529208e-05  3.09e-06   3.93e+00     3.77e-04   102.600s
 559000 +3.79415849e-05 +3.48484337e-05  3.09e-06   3.93e+00     3.77e-04   102.784s
 560000 +3.79435288e-05 +3.48441545e-05  3.10e-06   3.92e+00     3.79e-04   102.968s
 561000 +3.79448113e-05 +3.48404832e-05  3.10e-06   3.92e+00     3.83e-04   103.152s
 562000 +3.79398999e-05 +3.48366911e-05  3.10e-06   3.91e+00     3.87e-04   103.335s
 563000 +3.79337073e-05 +3.48328615e-05  3.10e-06   3.90e+00     3.87e-04   103.519s
 564000 +3.79253861e-05 +3.48285574e-05  3.10e-06   3.89e+00     3.86e-04   103.703s
 565000 +3.79202446e-05 +3.48241527e-05  3.10e-06   3.88e+00     3.83e-04   103.887s
 566000 +3.79177294e-05 +3.48199555e-05  3.10e-06   3.86e+00     3.79e-04   104.071s
 567000 +3.79158210e-05 +3.48159431e-05  3.10e-06   3.86e+00     3.77e-04   104.255s
 568000 +3.79135915e-05 +3.48116934e-05  3.10e-06   3.85e+00     3.74e-04   104.439s
 569000 +3.79171993e-05 +3.48075780e-05  3.11e-06   3.84e+00     3.75e-04   104.623s
 570000 +3.79148986e-05 +3.48037821e-05  3.11e-06   3.83e+00     3.78e-04   104.806s
 571000 +3.79062787e-05 +3.47999198e-05  3.11e-06   3.83e+00     3.80e-04   104.990s
 572000 +3.79031143e-05 +3.47957208e-05  3.11e-06   3.82e+00     3.77e-04   105.174s
 573000 +3.79072704e-05 +3.47915604e-05  3.12e-06   3.82e+00     3.72e-04   105.358s
 574000 +3.79077103e-05 +3.47877099e-05  3.12e-06   3.81e+00     3.71e-04   105.542s
 575000 +3.79114026e-05 +3.47840399e-05  3.13e-06   3.81e+00     3.70e-04   105.725s
 576000 +3.79164553e-05 +3.47810152e-05  3.14e-06   3.81e+00     3.72e-04   105.909s
 577000 +3.79154768e-05 +3.47777969e-05  3.14e-06   3.79e+00     3.74e-04   106.092s
 578000 +3.79156406e-05 +3.47745711e-05  3.14e-06   3.79e+00     3.75e-04   106.276s
 579000 +3.79170688e-05 +3.47715052e-05  3.15e-06   3.78e+00     3.75e-04   106.460s
 580000 +3.79180230e-05 +3.47683227e-05  3.15e-06   3.77e+00     3.73e-04   106.644s
 581000 +3.79191389e-05 +3.47654238e-05  3.15e-06   3.77e+00     3.72e-04   106.827s
 582000 +3.79188206e-05 +3.47625396e-05  3.16e-06   3.75e+00     3.72e-04   107.011s
 583000 +3.79179465e-05 +3.47597951e-05  3.16e-06   3.75e+00     3.73e-04   107.195s
 584000 +3.79182144e-05 +3.47570413e-05  3.16e-06   3.74e+00     3.72e-04   107.379s
 585000 +3.79170702e-05 +3.47543153e-05  3.16e-06   3.74e+00     3.69e-04   107.563s
 586000 +3.79178265e-05 +3.47522922e-05  3.17e-06   3.73e+00     3.76e-04   107.747s
 587000 +3.78977589e-05 +3.47497959e-05  3.15e-06   3.71e+00     3.81e-04   107.930s
 588000 +3.78820056e-05 +3.47480626e-05  3.13e-06   3.69e+00     4.05e-04   108.114s
 589000 +3.78391959e-05 +3.47455294e-05  3.09e-06   3.67e+00     4.05e-04   108.298s
 590000 +3.78105814e-05 +3.47420155e-05  3.07e-06   3.65e+00     3.83e-04   108.481s
 591000 +3.78006969e-05 +3.47379843e-05  3.06e-06   3.64e+00     3.59e-04   108.665s
 592000 +3.78065444e-05 +3.47339849e-05  3.07e-06   3.63e+00     3.48e-04   108.849s
 593000 +3.78145743e-05 +3.47302508e-05  3.08e-06   3.63e+00     3.45e-04   109.033s
 594000 +3.78304616e-05 +3.47271657e-05  3.10e-06   3.63e+00     3.44e-04   109.217s
 595000 +3.78416421e-05 +3.47246537e-05  3.12e-06   3.63e+00     3.40e-04   109.401s
 596000 +3.78493335e-05 +3.47223896e-05  3.13e-06   3.63e+00     3.39e-04   109.584s
 597000 +3.78518656e-05 +3.47204834e-05  3.13e-06   3.63e+00     3.38e-04   109.768s
 598000 +3.78465518e-05 +3.47186218e-05  3.13e-06   3.62e+00     3.38e-04   109.952s
 599000 +3.78384833e-05 +3.47165723e-05  3.12e-06   3.61e+00     3.36e-04   110.136s
 600000 +3.78353107e-05 +3.47146622e-05  3.12e-06   3.60e+00     3.34e-04   110.319s
 601000 +3.78365566e-05 +3.47130364e-05  3.12e-06   3.60e+00     3.32e-04   110.503s
 602000 +3.78380548e-05 +3.47114751e-05  3.13e-06   3.59e+00     3.30e-04   110.687s
 603000 +3.78396925e-05 +3.47096432e-05  3.13e-06   3.58e+00     3.30e-04   110.871s
 604000 +3.78476863e-05 +3.47082656e-05  3.14e-06   3.58e+00     3.27e-04   111.055s
 605000 +3.78535167e-05 +3.47074918e-05  3.15e-06   3.58e+00     3.28e-04   111.238s
 606000 +3.78527920e-05 +3.47067785e-05  3.15e-06   3.58e+00     3.31e-04   111.422s
 607000 +3.78497703e-05 +3.47059732e-05  3.14e-06   3.57e+00     3.32e-04   111.606s
 608000 +3.78369316e-05 +3.47048151e-05  3.13e-06   3.55e+00     3.35e-04   111.789s
 609000 +3.78250749e-05 +3.47028374e-05  3.12e-06   3.54e+00     3.32e-04   111.973s
 610000 +3.78200011e-05 +3.47006472e-05  3.12e-06   3.54e+00     3.28e-04   112.157s
 611000 +3.78166367e-05 +3.46983866e-05  3.12e-06   3.53e+00     3.25e-04   112.341s
 612000 +3.78172261e-05 +3.46966131e-05  3.12e-06   3.53e+00     3.24e-04   112.524s
 613000 +3.78188982e-05 +3.46948386e-05  3.12e-06   3.52e+00     3.25e-04   112.708s
 614000 +3.78241645e-05 +3.46935038e-05  3.13e-06   3.52e+00     3.24e-04   112.892s
 615000 +3.78267849e-05 +3.46925045e-05  3.13e-06   3.51e+00     3.21e-04   113.076s
 616000 +3.78228222e-05 +3.46915820e-05  3.13e-06   3.51e+00     3.22e-04   113.259s
 617000 +3.78236685e-05 +3.46908394e-05  3.13e-06   3.51e+00     3.23e-04   113.443s
 618000 +3.78242341e-05 +3.46902881e-05  3.13e-06   3.50e+00     3.24e-04   113.627s
 619000 +3.78187167e-05 +3.46898422e-05  3.13e-06   3.49e+00     3.24e-04   113.810s
 620000 +3.78103383e-05 +3.46888390e-05  3.12e-06   3.48e+00     3.25e-04   113.994s
 621000 +3.78063326e-05 +3.46876035e-05  3.12e-06   3.47e+00     3.24e-04   114.178s
 622000 +3.78051776e-05 +3.46865423e-05  3.12e-06   3.47e+00     3.22e-04   114.362s
 623000 +3.78005190e-05 +3.46852344e-05  3.12e-06   3.46e+00     3.20e-04   114.546s
 624000 +3.77973459e-05 +3.46837515e-05  3.11e-06   3.46e+00     3.21e-04   114.729s
 625000 +3.77930197e-05 +3.46821025e-05  3.11e-06   3.45e+00     3.20e-04   114.913s
 626000 +3.77902172e-05 +3.46804747e-05  3.11e-06   3.45e+00     3.21e-04   115.097s
 627000 +3.77862989e-05 +3.46786941e-05  3.11e-06   3.44e+00     3.19e-04   115.281s
 628000 +3.77826774e-05 +3.46769275e-05  3.11e-06   3.43e+00     3.20e-04   115.465s
 629000 +3.77742035e-05 +3.46749669e-05  3.10e-06   3.42e+00     3.18e-04   115.648s
 630000 +3.77701201e-05 +3.46730066e-05  3.10e-06   3.41e+00     3.17e-04   115.832s
 631000 +3.77717261e-05 +3.46711067e-05  3.10e-06   3.41e+00     3.15e-04   116.016s
 632000 +3.77682075e-05 +3.46692042e-05  3.10e-06   3.41e+00     3.16e-04   116.200s
 633000 +3.77699046e-05 +3.46673429e-05  3.10e-06   3.40e+00     3.19e-04   116.384s
 634000 +3.77706943e-05 +3.46656489e-05  3.11e-06   3.40e+00     3.19e-04   116.568s
 635000 +3.77682211e-05 +3.46640586e-05  3.10e-06   3.39e+00     3.20e-04   116.752s
 636000 +3.77590292e-05 +3.46625798e-05  3.10e-06   3.38e+00     3.22e-04   116.935s
 637000 +3.77503696e-05 +3.46611274e-05  3.09e-06   3.37e+00     3.23e-04   117.119s
 638000 +3.77462994e-05 +3.46593843e-05  3.09e-06   3.36e+00     3.28e-04   117.304s
 639000 +3.77359216e-05 +3.46583534e-05  3.08e-06   3.34e+00     3.72e-04   117.487s
 640000 +3.77126574e-05 +3.46569931e-05  3.06e-06   3.32e+00     4.09e-04   117.670s
 641000 +3.76885336e-05 +3.46551120e-05  3.03e-06   3.31e+00     4.24e-04   117.853s
 642000 +3.76667764e-05 +3.46526436e-05  3.01e-06   3.29e+00     4.20e-04   118.036s
 643000 +3.76484446e-05 +3.46497716e-05  3.00e-06   3.28e+00     4.02e-04   118.219s
 644000 +3.76359095e-05 +3.46468275e-05  2.99e-06   3.27e+00     3.82e-04   118.402s
 645000 +3.76244405e-05 +3.46441762e-05  2.98e-06   3.26e+00     3.71e-04   118.585s
 646000 +3.76171713e-05 +3.46416565e-05  2.98e-06   3.25e+00     3.64e-04   118.768s
 647000 +3.76121149e-05 +3.46393659e-05  2.97e-06   3.24e+00     3.61e-04   118.952s
 648000 +3.76074804e-05 +3.46373089e-05  2.97e-06   3.23e+00     3.59e-04   119.134s
 649000 +3.76011692e-05 +3.46356200e-05  2.97e-06   3.22e+00     3.61e-04   119.318s
 650000 +3.75928636e-05 +3.46343393e-05  2.96e-06   3.22e+00     3.66e-04   119.501s
 651000 +3.75847096e-05 +3.46330577e-05  2.95e-06   3.21e+00     3.67e-04   119.684s
 652000 +3.75759308e-05 +3.46318350e-05  2.94e-06   3.20e+00     3.67e-04   119.867s
 653000 +3.75679148e-05 +3.46307065e-05  2.94e-06   3.19e+00     3.65e-04   120.050s
 654000 +3.75604305e-05 +3.46294177e-05  2.93e-06   3.19e+00     3.61e-04   120.233s
 655000 +3.75554199e-05 +3.46280909e-05  2.93e-06   3.18e+00     3.59e-04   120.416s
 656000 +3.75515444e-05 +3.46267925e-05  2.92e-06   3.17e+00     3.58e-04   120.599s
 657000 +3.75477490e-05 +3.46256100e-05  2.92e-06   3.17e+00     3.61e-04   120.782s
 658000 +3.75417594e-05 +3.46245523e-05  2.92e-06   3.16e+00     3.63e-04   120.965s
 659000 +3.75355747e-05 +3.46234858e-05  2.91e-06   3.15e+00     3.64e-04   121.149s
 660000 +3.75290432e-05 +3.46224276e-05  2.91e-06   3.15e+00     3.64e-04   121.332s
 661000 +3.75235951e-05 +3.46213318e-05  2.90e-06   3.14e+00     3.63e-04   121.515s
 662000 +3.75176071e-05 +3.46204593e-05  2.90e-06   3.13e+00     3.63e-04   121.698s
 663000 +3.75116256e-05 +3.46195003e-05  2.89e-06   3.13e+00     3.64e-04   121.881s
 664000 +3.75063258e-05 +3.46185027e-05  2.89e-06   3.12e+00     3.64e-04   122.064s
 665000 +3.75004317e-05 +3.46176251e-05  2.88e-06   3.12e+00     3.66e-04   122.247s
 666000 +3.74929355e-05 +3.46170617e-05  2.88e-06   3.11e+00     3.67e-04   122.430s
 667000 +3.74851692e-05 +3.46164148e-05  2.87e-06   3.10e+00     3.67e-04   122.613s
 668000 +3.74760969e-05 +3.46157686e-05  2.86e-06   3.10e+00     3.67e-04   122.797s
 669000 +3.74680240e-05 +3.46148768e-05  2.85e-06   3.09e+00     3.64e-04   122.980s
 670000 +3.74620479e-05 +3.46137179e-05  2.85e-06   3.08e+00     3.61e-04   123.163s
 671000 +3.74584130e-05 +3.46122830e-05  2.85e-06   3.07e+00     3.60e-04   123.346s
 672000 +3.74570962e-05 +3.46108077e-05  2.85e-06   3.07e+00     3.60e-04   123.530s
 673000 +3.74552645e-05 +3.46094826e-05  2.85e-06   3.07e+00     3.61e-04   123.713s
 674000 +3.74542047e-05 +3.46081207e-05  2.85e-06   3.06e+00     3.62e-04   123.896s
 675000 +3.74502874e-05 +3.46068573e-05  2.84e-06   3.06e+00     3.64e-04   124.079s
 676000 +3.74468056e-05 +3.46054185e-05  2.84e-06   3.05e+00     3.68e-04   124.263s
 677000 +3.74432871e-05 +3.46038627e-05  2.84e-06   3.04e+00     3.71e-04   124.446s
 678000 +3.74372080e-05 +3.46023850e-05  2.83e-06   3.04e+00     3.73e-04   124.630s
 679000 +3.74278737e-05 +3.46010059e-05  2.83e-06   3.03e+00     3.76e-04   124.813s
 680000 +3.74201106e-05 +3.45995283e-05  2.82e-06   3.02e+00     3.78e-04   124.996s
 681000 +3.74142980e-05 +3.45980024e-05  2.82e-06   3.02e+00     3.77e-04   125.179s
 682000 +3.74095182e-05 +3.45965026e-05  2.81e-06   3.01e+00     3.77e-04   125.363s
 683000 +3.74048650e-05 +3.45947710e-05  2.81e-06   3.00e+00     3.79e-04   125.546s
 684000 +3.74002407e-05 +3.45930814e-05  2.81e-06   3.00e+00     3.79e-04   125.729s
 685000 +3.73971098e-05 +3.45914367e-05  2.81e-06   2.99e+00     3.81e-04   125.913s
 686000 +3.73922442e-05 +3.45899801e-05  2.80e-06   2.99e+00     3.84e-04   126.096s
 687000 +3.73867822e-05 +3.45885351e-05  2.80e-06   2.98e+00     3.87e-04   126.279s
 688000 +3.73823320e-05 +3.45868211e-05  2.80e-06   2.98e+00     3.91e-04   126.462s
 689000 +3.73762810e-05 +3.45850267e-05  2.79e-06   2.97e+00     3.94e-04   126.645s
 690000 +3.73678854e-05 +3.45831618e-05  2.78e-06   2.97e+00     3.96e-04   126.829s
 691000 +3.73602957e-05 +3.45811472e-05  2.78e-06   2.96e+00     3.96e-04   127.012s
 692000 +3.73533739e-05 +3.45790365e-05  2.77e-06   2.95e+00     3.95e-04   127.195s
 693000 +3.73470672e-05 +3.45769528e-05  2.77e-06   2.94e+00     3.95e-04   127.378s
 694000 +3.73428393e-05 +3.45747259e-05  2.77e-06   2.93e+00     3.95e-04   127.561s
 695000 +3.73379827e-05 +3.45729177e-05  2.77e-06   2.93e+00     3.94e-04   127.745s
 696000 +3.73321358e-05 +3.45713679e-05  2.76e-06   2.93e+00     3.95e-04   127.928s
 697000 +3.73294130e-05 +3.45699107e-05  2.76e-06   2.92e+00     3.96e-04   128.111s
 698000 +3.73269236e-05 +3.45683093e-05  2.76e-06   2.92e+00     3.98e-04   128.294s
 699000 +3.73244203e-05 +3.45669200e-05  2.76e-06   2.91e+00     4.00e-04   128.477s
 700000 +3.73197101e-05 +3.45655402e-05  2.75e-06   2.91e+00     4.03e-04   128.660s
 701000 +3.73145773e-05 +3.45642191e-05  2.75e-06   2.90e+00     4.06e-04   128.843s
 702000 +3.73091040e-05 +3.45628273e-05  2.75e-06   2.90e+00     4.09e-04   129.026s
 703000 +3.73037138e-05 +3.45612579e-05  2.74e-06   2.89e+00     4.10e-04   129.210s
 704000 +3.72981590e-05 +3.45596638e-05  2.74e-06   2.88e+00     4.12e-04   129.393s
 705000 +3.72919166e-05 +3.45579674e-05  2.73e-06   2.88e+00     4.12e-04   129.576s
 706000 +3.72889364e-05 +3.45560122e-05  2.73e-06   2.87e+00     4.13e-04   129.759s
 707000 +3.72857675e-05 +3.45541550e-05  2.73e-06   2.87e+00     4.14e-04   129.942s
 708000 +3.72827356e-05 +3.45523348e-05  2.73e-06   2.87e+00     4.16e-04   130.125s
 709000 +3.72786165e-05 +3.45505305e-05  2.73e-06   2.86e+00     4.17e-04   130.309s
 710000 +3.72757675e-05 +3.45487282e-05  2.73e-06   2.86e+00     4.18e-04   130.492s
 711000 +3.72742413e-05 +3.45470895e-05  2.73e-06   2.85e+00     4.21e-04   130.675s
 712000 +3.72679232e-05 +3.45453669e-05  2.72e-06   2.85e+00     4.22e-04   130.858s
 713000 +3.72633227e-05 +3.45436405e-05  2.72e-06   2.84e+00     4.24e-04   131.042s
 714000 +3.72578864e-05 +3.45420640e-05  2.72e-06   2.84e+00     4.27e-04   131.225s
 715000 +3.72531936e-05 +3.45407270e-05  2.71e-06   2.83e+00     4.30e-04   131.408s
 716000 +3.72475215e-05 +3.45396553e-05  2.71e-06   2.82e+00     4.32e-04   131.591s
 717000 +3.72396737e-05 +3.45386016e-05  2.70e-06   2.81e+00     4.34e-04   131.774s
 718000 +3.72331348e-05 +3.45375360e-05  2.70e-06   2.81e+00     4.36e-04   131.957s
 719000 +3.72283888e-05 +3.45362156e-05  2.69e-06   2.80e+00     4.36e-04   132.140s
 720000 +3.72258002e-05 +3.45349734e-05  2.69e-06   2.80e+00     4.35e-04   132.323s
 721000 +3.72247528e-05 +3.45336686e-05  2.69e-06   2.80e+00     4.37e-04   132.506s
 722000 +3.72251867e-05 +3.45325801e-05  2.69e-06   2.79e+00     4.40e-04   132.689s
 723000 +3.72235251e-05 +3.45317856e-05  2.69e-06   2.79e+00     4.43e-04   132.873s
 724000 +3.72196741e-05 +3.45309454e-05  2.69e-06   2.78e+00     4.47e-04   133.056s
 725000 +3.72115100e-05 +3.45298830e-05  2.68e-06   2.77e+00     4.49e-04   133.239s
 726000 +3.72051604e-05 +3.45285114e-05  2.68e-06   2.77e+00     4.50e-04   133.422s
 727000 +3.72005219e-05 +3.45270499e-05  2.67e-06   2.77e+00     4.51e-04   133.605s
 728000 +3.71960750e-05 +3.45257897e-05  2.67e-06   2.76e+00     4.53e-04   133.788s
 729000 +3.71922433e-05 +3.45247108e-05  2.67e-06   2.75e+00     4.56e-04   133.971s
 730000 +3.71864112e-05 +3.45237111e-05  2.66e-06   2.75e+00     4.60e-04   134.154s
 731000 +3.71834504e-05 +3.45225052e-05  2.66e-06   2.74e+00     4.61e-04   134.337s
 732000 +3.71818209e-05 +3.45211526e-05  2.66e-06   2.74e+00     4.62e-04   134.521s
 733000 +3.71779464e-05 +3.45200631e-05  2.66e-06   2.73e+00     4.64e-04   134.704s
 734000 +3.71724306e-05 +3.45188733e-05  2.65e-06   2.72e+00     4.66e-04   134.887s
 735000 +3.71688772e-05 +3.45176607e-05  2.65e-06   2.72e+00     4.68e-04   135.070s
 736000 +3.71617741e-05 +3.45163958e-05  2.65e-06   2.71e+00     4.71e-04   135.254s
 737000 +3.71550205e-05 +3.45149144e-05  2.64e-06   2.70e+00     4.73e-04   135.437s
 738000 +3.71491002e-05 +3.45133719e-05  2.64e-06   2.70e+00     4.75e-04   135.620s
 739000 +3.71400684e-05 +3.45116351e-05  2.63e-06   2.69e+00     4.74e-04   135.803s
 740000 +3.71321785e-05 +3.45099486e-05  2.62e-06   2.69e+00     4.71e-04   135.986s
 741000 +3.71268853e-05 +3.45083542e-05  2.62e-06   2.68e+00     4.68e-04   136.170s
 742000 +3.71220732e-05 +3.45067962e-05  2.62e-06   2.67e+00     4.68e-04   136.353s
 743000 +3.71162437e-05 +3.45052711e-05  2.61e-06   2.67e+00     4.69e-04   136.536s
 744000 +3.71162695e-05 +3.45041356e-05  2.61e-06   2.66e+00     4.70e-04   136.719s
 745000 +3.71142226e-05 +3.45029927e-05  2.61e-06   2.65e+00     4.72e-04   136.903s
 746000 +3.71109506e-05 +3.45019116e-05  2.61e-06   2.65e+00     4.73e-04   137.086s
 747000 +3.71082314e-05 +3.45007728e-05  2.61e-06   2.64e+00     4.74e-04   137.269s
 748000 +3.71060126e-05 +3.44997686e-05  2.61e-06   2.64e+00     4.75e-04   137.452s
 749000 +3.71042610e-05 +3.44989521e-05  2.61e-06   2.64e+00     4.77e-04   137.636s
 750000 +3.70986415e-05 +3.44981734e-05  2.60e-06   2.63e+00     4.80e-04   137.819s
 751000 +3.70942851e-05 +3.44972186e-05  2.60e-06   2.63e+00     4.82e-04   138.003s
 752000 +3.70875382e-05 +3.44965501e-05  2.59e-06   2.62e+00     4.85e-04   138.187s
 753000 +3.70823302e-05 +3.44958006e-05  2.59e-06   2.61e+00     4.87e-04   138.370s
 754000 +3.70763458e-05 +3.44950113e-05  2.58e-06   2.61e+00     4.89e-04   138.554s
 755000 +3.70722221e-05 +3.44941956e-05  2.58e-06   2.60e+00     4.90e-04   138.737s
 756000 +3.70660411e-05 +3.44933655e-05  2.57e-06   2.60e+00     4.91e-04   138.921s
 757000 +3.70594285e-05 +3.44926210e-05  2.57e-06   2.59e+00     4.92e-04   139.104s
 758000 +3.70557202e-05 +3.44917272e-05  2.56e-06   2.59e+00     4.95e-04   139.287s
 759000 +3.70515232e-05 +3.44907650e-05  2.56e-06   2.58e+00     4.97e-04   139.471s
 760000 +3.70486883e-05 +3.44898350e-05  2.56e-06   2.58e+00     4.98e-04   139.654s
 761000 +3.70398487e-05 +3.44889236e-05  2.55e-06   2.57e+00     5.00e-04   139.837s
 762000 +3.70341715e-05 +3.44877151e-05  2.55e-06   2.57e+00     5.02e-04   140.020s
 763000 +3.70281023e-05 +3.44866312e-05  2.54e-06   2.56e+00     5.03e-04   140.203s
 764000 +3.70213086e-05 +3.44854995e-05  2.54e-06   2.56e+00     5.06e-04   140.386s
 765000 +3.70117053e-05 +3.44842853e-05  2.53e-06   2.55e+00     5.06e-04   140.570s
 766000 +3.70039561e-05 +3.44829847e-05  2.52e-06   2.55e+00     5.06e-04   140.753s
 767000 +3.69967997e-05 +3.44815399e-05  2.52e-06   2.54e+00     5.05e-04   140.936s
 768000 +3.69904857e-05 +3.44800253e-05  2.51e-06   2.54e+00     5.03e-04   141.119s
 769000 +3.69848231e-05 +3.44785646e-05  2.51e-06   2.53e+00     5.02e-04   141.303s
 770000 +3.69796026e-05 +3.44771037e-05  2.50e-06   2.52e+00     5.01e-04   141.486s
 771000 +3.69773582e-05 +3.44757372e-05  2.50e-06   2.52e+00     4.99e-04   141.670s
 772000 +3.69714637e-05 +3.44745183e-05  2.50e-06   2.51e+00     4.98e-04   141.853s
 773000 +3.69648809e-05 +3.44732160e-05  2.49e-06   2.51e+00     4.97e-04   142.036s
 774000 +3.69612156e-05 +3.44715245e-05  2.49e-06   2.50e+00     4.94e-04   142.219s
 775000 +3.69583892e-05 +3.44697234e-05  2.49e-06   2.50e+00     4.93e-04   142.403s
 776000 +3.69554143e-05 +3.44678829e-05  2.49e-06   2.49e+00     4.92e-04   142.587s
 777000 +3.69525035e-05 +3.44662692e-05  2.49e-06   2.49e+00     4.92e-04   142.770s
 778000 +3.69502640e-05 +3.44645122e-05  2.49e-06   2.49e+00     4.93e-04   142.953s
 779000 +3.69495083e-05 +3.44628117e-05  2.49e-06   2.48e+00     4.93e-04   143.137s
 780000 +3.69467119e-05 +3.44611330e-05  2.49e-06   2.48e+00     4.93e-04   143.320s
 781000 +3.69428012e-05 +3.44598574e-05  2.48e-06   2.48e+00     4.94e-04   143.503s
 782000 +3.69408170e-05 +3.44587110e-05  2.48e-06   2.48e+00     4.93e-04   143.687s
 783000 +3.69394419e-05 +3.44578971e-05  2.48e-06   2.47e+00     4.93e-04   143.870s
 784000 +3.69355273e-05 +3.44570150e-05  2.48e-06   2.47e+00     4.94e-04   144.053s
 785000 +3.69294629e-05 +3.44559507e-05  2.47e-06   2.46e+00     4.96e-04   144.236s
 786000 +3.69250532e-05 +3.44548752e-05  2.47e-06   2.46e+00     4.97e-04   144.419s
 787000 +3.69196096e-05 +3.44538592e-05  2.47e-06   2.45e+00     4.98e-04   144.603s
 788000 +3.69126449e-05 +3.44526423e-05  2.46e-06   2.44e+00     4.98e-04   144.786s
 789000 +3.69091246e-05 +3.44514369e-05  2.46e-06   2.44e+00     4.97e-04   144.969s
 790000 +3.69062642e-05 +3.44502059e-05  2.46e-06   2.44e+00     4.97e-04   145.152s
 791000 +3.69038297e-05 +3.44490818e-05  2.45e-06   2.43e+00     4.96e-04   145.336s
 792000 +3.68991051e-05 +3.44481875e-05  2.45e-06   2.43e+00     4.98e-04   145.519s
 793000 +3.68944704e-05 +3.44471745e-05  2.45e-06   2.42e+00     5.00e-04   145.702s
 794000 +3.68872335e-05 +3.44461130e-05  2.44e-06   2.42e+00     5.02e-04   145.886s
 795000 +3.68776662e-05 +3.44448621e-05  2.43e-06   2.41e+00     5.03e-04   146.069s
 796000 +3.68674870e-05 +3.44436365e-05  2.42e-06   2.40e+00     5.03e-04   146.252s
 797000 +3.68635901e-05 +3.44426286e-05  2.42e-06   2.40e+00     5.05e-04   146.435s
 798000 +3.68512268e-05 +3.44418593e-05  2.41e-06   2.40e+00     5.05e-04   146.618s
 799000 +3.68439537e-05 +3.44409029e-05  2.40e-06   2.39e+00     5.05e-04   146.802s
 800000 +3.68344059e-05 +3.44397228e-05  2.39e-06   2.38e+00     5.05e-04   146.985s
 801000 +3.68272841e-05 +3.44379527e-05  2.39e-06   2.38e+00     5.03e-04   147.168s
 802000 +3.68219303e-05 +3.44362839e-05  2.39e-06   2.37e+00     5.03e-04   147.352s
 803000 +3.68216559e-05 +3.44344007e-05  2.39e-06   2.37e+00     5.04e-04   147.535s
 804000 +3.68236030e-05 +3.44331284e-05  2.39e-06   2.37e+00     5.03e-04   147.718s
 805000 +3.68193721e-05 +3.44320723e-05  2.39e-06   2.36e+00     5.01e-04   147.901s
 806000 +3.68101659e-05 +3.44310372e-05  2.38e-06   2.36e+00     5.01e-04   148.084s
 807000 +3.67996175e-05 +3.44298760e-05  2.37e-06   2.35e+00     5.02e-04   148.268s
 808000 +3.67916375e-05 +3.44282437e-05  2.36e-06   2.34e+00     5.00e-04   148.451s
 809000 +3.67840433e-05 +3.44264981e-05  2.36e-06   2.34e+00     4.98e-04   148.635s
 810000 +3.67760679e-05 +3.44246572e-05  2.35e-06   2.33e+00     4.97e-04   148.818s
 811000 +3.67641874e-05 +3.44226391e-05  2.34e-06   2.33e+00     4.96e-04   149.001s
 812000 +3.67540676e-05 +3.44204772e-05  2.33e-06   2.32e+00     4.94e-04   149.184s
 813000 +3.67475525e-05 +3.44182174e-05  2.33e-06   2.32e+00     4.91e-04   149.367s
 814000 +3.67449111e-05 +3.44161028e-05  2.33e-06   2.31e+00     4.87e-04   149.551s
 815000 +3.67422878e-05 +3.44138396e-05  2.33e-06   2.31e+00     4.84e-04   149.734s
 816000 +3.67402392e-05 +3.44116986e-05  2.33e-06   2.31e+00     4.82e-04   149.917s
 817000 +3.67365657e-05 +3.44095143e-05  2.33e-06   2.30e+00     4.80e-04   150.100s
 818000 +3.67337983e-05 +3.44073943e-05  2.33e-06   2.30e+00     4.76e-04   150.283s
 819000 +3.67293226e-05 +3.44054100e-05  2.32e-06   2.30e+00     4.74e-04   150.467s
 820000 +3.67212624e-05 +3.44030930e-05  2.32e-06   2.29e+00     4.71e-04   150.650s
 821000 +3.67144807e-05 +3.44007860e-05  2.31e-06   2.28e+00     4.68e-04   150.833s
 822000 +3.67066971e-05 +3.43983154e-05  2.31e-06   2.28e+00     4.66e-04   151.017s
 823000 +3.66941194e-05 +3.43956862e-05  2.30e-06   2.27e+00     4.63e-04   151.200s
 824000 +3.66856540e-05 +3.43931650e-05  2.29e-06   2.27e+00     4.58e-04   151.384s
 825000 +3.66799431e-05 +3.43904113e-05  2.29e-06   2.26e+00     4.54e-04   151.567s
 826000 +3.66745105e-05 +3.43876108e-05  2.29e-06   2.25e+00     4.48e-04   151.750s
 827000 +3.66700725e-05 +3.43845845e-05  2.29e-06   2.25e+00     4.45e-04   151.934s
 828000 +3.66674648e-05 +3.43815882e-05  2.29e-06   2.25e+00     4.42e-04   152.117s
 829000 +3.66636725e-05 +3.43786269e-05  2.29e-06   2.25e+00     4.40e-04   152.300s
 830000 +3.66567770e-05 +3.43759336e-05  2.28e-06   2.24e+00     4.38e-04   152.484s
 831000 +3.66466751e-05 +3.43731651e-05  2.27e-06   2.24e+00     4.36e-04   152.667s
 832000 +3.66415093e-05 +3.43700385e-05  2.27e-06   2.24e+00     4.32e-04   152.850s
 833000 +3.66360083e-05 +3.43669168e-05  2.27e-06   2.23e+00     4.28e-04   153.033s
 834000 +3.66294493e-05 +3.43636782e-05  2.27e-06   2.22e+00     4.24e-04   153.217s
 835000 +3.66248957e-05 +3.43601360e-05  2.26e-06   2.22e+00     4.20e-04   153.400s
 836000 +3.66207914e-05 +3.43566495e-05  2.26e-06   2.22e+00     4.16e-04   153.583s
 837000 +3.66167242e-05 +3.43530504e-05  2.26e-06   2.21e+00     4.10e-04   153.766s
 838000 +3.66133432e-05 +3.43496404e-05  2.26e-06   2.21e+00     4.07e-04   153.949s
 839000 +3.66096928e-05 +3.43459872e-05  2.26e-06   2.21e+00     4.02e-04   154.132s
 840000 +3.66059067e-05 +3.43425646e-05  2.26e-06   2.20e+00     3.97e-04   154.315s
 841000 +3.66039091e-05 +3.43392366e-05  2.26e-06   2.20e+00     3.95e-04   154.499s
 842000 +3.66042484e-05 +3.43359310e-05  2.27e-06   2.20e+00     3.93e-04   154.682s
 843000 +3.66037785e-05 +3.43326144e-05  2.27e-06   2.19e+00     3.91e-04   154.865s
 844000 +3.66031073e-05 +3.43296917e-05  2.27e-06   2.19e+00     3.89e-04   155.048s
 845000 +3.65994277e-05 +3.43267209e-05  2.27e-06   2.19e+00     3.88e-04   155.231s
 846000 +3.65969797e-05 +3.43240169e-05  2.27e-06   2.19e+00     3.85e-04   155.414s
 847000 +3.65946622e-05 +3.43212075e-05  2.27e-06   2.19e+00     3.84e-04   155.597s
 848000 +3.65934659e-05 +3.43182744e-05  2.28e-06   2.19e+00     3.82e-04   155.781s
 849000 +3.65954775e-05 +3.43156050e-05  2.28e-06   2.18e+00     3.79e-04   155.964s
 850000 +3.65939238e-05 +3.43127999e-05  2.28e-06   2.18e+00     3.77e-04   156.147s
 851000 +3.65954100e-05 +3.43101517e-05  2.29e-06   2.18e+00     3.76e-04   156.330s
 852000 +3.65949648e-05 +3.43078540e-05  2.29e-06   2.18e+00     3.75e-04   156.513s
 853000 +3.65946113e-05 +3.43053370e-05  2.29e-06   2.18e+00     3.73e-04   156.697s
 854000 +3.65953862e-05 +3.43030406e-05  2.29e-06   2.18e+00     3.72e-04   156.880s
 855000 +3.65953475e-05 +3.43006680e-05  2.29e-06   2.17e+00     3.70e-04   157.063s
 856000 +3.65931799e-05 +3.42981908e-05  2.29e-06   2.17e+00     3.68e-04   157.246s
 857000 +3.65901185e-05 +3.42958271e-05  2.29e-06   2.17e+00     3.66e-04   157.430s
 858000 +3.65864441e-05 +3.42935722e-05  2.29e-06   2.16e+00     3.66e-04   157.613s
 859000 +3.65846252e-05 +3.42915930e-05  2.29e-06   2.16e+00     3.67e-04   157.796s
 860000 +3.65812909e-05 +3.42894508e-05  2.29e-06   2.15e+00     3.65e-04   157.980s
 861000 +3.65769401e-05 +3.42873346e-05  2.29e-06   2.15e+00     3.65e-04   158.163s
 862000 +3.65737718e-05 +3.42852303e-05  2.29e-06   2.15e+00     3.64e-04   158.347s
 863000 +3.65733658e-05 +3.42828814e-05  2.29e-06   2.14e+00     3.63e-04   158.530s
 864000 +3.65732606e-05 +3.42811551e-05  2.29e-06   2.14e+00     3.62e-04   158.714s
 865000 +3.65715757e-05 +3.42815289e-05  2.29e-06   2.13e+00     3.69e-04   158.898s
 866000 +3.65642623e-05 +3.42824955e-05  2.28e-06   2.12e+00     3.82e-04   159.081s
 867000 +3.65573936e-05 +3.42833084e-05  2.27e-06   2.12e+00     3.89e-04   159.265s
 868000 +3.65512281e-05 +3.42840639e-05  2.27e-06   2.11e+00     3.98e-04   159.449s
 869000 +3.65448886e-05 +3.42847019e-05  2.26e-06   2.11e+00     4.06e-04   159.633s
 870000 +3.65383131e-05 +3.42852383e-05  2.25e-06   2.10e+00     4.12e-04   159.817s
 871000 +3.65317818e-05 +3.42856852e-05  2.25e-06   2.10e+00     4.19e-04   160.001s
 872000 +3.65258387e-05 +3.42859735e-05  2.24e-06   2.09e+00     4.25e-04   160.184s
 873000 +3.65198212e-05 +3.42861580e-05  2.23e-06   2.09e+00     4.31e-04   160.368s
 874000 +3.65141015e-05 +3.42863692e-05  2.23e-06   2.08e+00     4.38e-04   160.552s
 875000 +3.65073261e-05 +3.42865683e-05  2.22e-06   2.08e+00     4.44e-04   160.735s
 876000 +3.65000969e-05 +3.42866860e-05  2.21e-06   2.07e+00     4.50e-04   160.919s
 877000 +3.64926845e-05 +3.42866386e-05  2.21e-06   2.07e+00     4.53e-04   161.102s
 878000 +3.64852942e-05 +3.42865672e-05  2.20e-06   2.06e+00     4.57e-04   161.286s
 879000 +3.64781281e-05 +3.42863634e-05  2.19e-06   2.05e+00     4.60e-04   161.470s
 880000 +3.64709258e-05 +3.42860318e-05  2.18e-06   2.05e+00     4.61e-04   161.654s
 881000 +3.64649299e-05 +3.42856428e-05  2.18e-06   2.04e+00     4.62e-04   161.837s
 882000 +3.64584175e-05 +3.42851529e-05  2.17e-06   2.04e+00     4.64e-04   162.021s
 883000 +3.64517931e-05 +3.42845750e-05  2.17e-06   2.03e+00     4.67e-04   162.205s
 884000 +3.64455480e-05 +3.42840685e-05  2.16e-06   2.03e+00     4.70e-04   162.388s
 885000 +3.64388336e-05 +3.42834509e-05  2.16e-06   2.02e+00     4.71e-04   162.572s
 886000 +3.64316173e-05 +3.42826890e-05  2.15e-06   2.02e+00     4.72e-04   162.756s
 887000 +3.64245118e-05 +3.42816453e-05  2.14e-06   2.02e+00     4.70e-04   162.940s
 888000 +3.64175090e-05 +3.42808172e-05  2.14e-06   2.01e+00     4.68e-04   163.123s
 889000 +3.64114752e-05 +3.42799372e-05  2.13e-06   2.00e+00     4.67e-04   163.307s
 890000 +3.64061383e-05 +3.42788412e-05  2.13e-06   2.00e+00     4.65e-04   163.491s
 891000 +3.64001753e-05 +3.42777708e-05  2.12e-06   1.99e+00     4.63e-04   163.675s
 892000 +3.63955133e-05 +3.42766910e-05  2.12e-06   1.99e+00     4.61e-04   163.859s
 893000 +3.63916574e-05 +3.42756653e-05  2.12e-06   1.99e+00     4.59e-04   164.042s
 894000 +3.63866479e-05 +3.42746434e-05  2.11e-06   1.98e+00     4.58e-04   164.226s
 895000 +3.63818420e-05 +3.42737133e-05  2.11e-06   1.98e+00     4.57e-04   164.410s
 896000 +3.63780173e-05 +3.42728581e-05  2.11e-06   1.98e+00     4.56e-04   164.594s
 897000 +3.63717107e-05 +3.42723008e-05  2.10e-06   1.97e+00     4.58e-04   164.778s
 898000 +3.63666819e-05 +3.42716602e-05  2.10e-06   1.97e+00     4.59e-04   164.961s
 899000 +3.63607186e-05 +3.42710359e-05  2.09e-06   1.96e+00     4.59e-04   165.145s
 900000 +3.63549560e-05 +3.42703562e-05  2.08e-06   1.96e+00     4.60e-04   165.329s
 901000 +3.63490879e-05 +3.42695553e-05  2.08e-06   1.96e+00     4.61e-04   165.513s
 902000 +3.63436053e-05 +3.42686558e-05  2.07e-06   1.95e+00     4.61e-04   165.696s
 903000 +3.63388000e-05 +3.42679238e-05  2.07e-06   1.95e+00     4.62e-04   165.880s
 904000 +3.63332164e-05 +3.42673468e-05  2.07e-06   1.94e+00     4.63e-04   166.064s
 905000 +3.63279094e-05 +3.42666740e-05  2.06e-06   1.94e+00     4.64e-04   166.248s
 906000 +3.63214812e-05 +3.42659961e-05  2.06e-06   1.93e+00     4.64e-04   166.432s
 907000 +3.63158304e-05 +3.42652090e-05  2.05e-06   1.93e+00     4.64e-04   166.615s
 908000 +3.63092919e-05 +3.42642890e-05  2.05e-06   1.92e+00     4.64e-04   166.799s
 909000 +3.63042942e-05 +3.42631143e-05  2.04e-06   1.92e+00     4.63e-04   166.983s
 910000 +3.62989005e-05 +3.42619453e-05  2.04e-06   1.91e+00     4.62e-04   167.167s
 911000 +3.62943621e-05 +3.42604794e-05  2.03e-06   1.91e+00     4.60e-04   167.350s
 912000 +3.62889693e-05 +3.42591616e-05  2.03e-06   1.91e+00     4.56e-04   167.534s
 913000 +3.62832599e-05 +3.42579855e-05  2.03e-06   1.90e+00     4.52e-04   167.718s
 914000 +3.62782726e-05 +3.42564642e-05  2.02e-06   1.90e+00     4.48e-04   167.901s
 915000 +3.62741112e-05 +3.42549007e-05  2.02e-06   1.90e+00     4.43e-04   168.085s
 916000 +3.62684801e-05 +3.42533532e-05  2.02e-06   1.89e+00     4.40e-04   168.269s
 917000 +3.62634964e-05 +3.42518961e-05  2.01e-06   1.89e+00     4.38e-04   168.452s
 918000 +3.62584867e-05 +3.42506791e-05  2.01e-06   1.89e+00     4.36e-04   168.637s
 919000 +3.62547684e-05 +3.42495347e-05  2.01e-06   1.88e+00     4.35e-04   168.820s
 920000 +3.62519982e-05 +3.42485078e-05  2.00e-06   1.88e+00     4.34e-04   169.004s
 921000 +3.62477867e-05 +3.42475840e-05  2.00e-06   1.88e+00     4.34e-04   169.188s
 922000 +3.62422761e-05 +3.42468950e-05  2.00e-06   1.87e+00     4.33e-04   169.372s
 923000 +3.62370408e-05 +3.42460397e-05  1.99e-06   1.87e+00     4.34e-04   169.555s
 924000 +3.62327683e-05 +3.42449147e-05  1.99e-06   1.86e+00     4.33e-04   169.739s
 925000 +3.62270464e-05 +3.42437758e-05  1.98e-06   1.86e+00     4.30e-04   169.923s
 926000 +3.62212746e-05 +3.42427248e-05  1.98e-06   1.86e+00     4.29e-04   170.107s
 927000 +3.62168282e-05 +3.42417040e-05  1.98e-06   1.85e+00     4.28e-04   170.291s
 928000 +3.62154958e-05 +3.42406721e-05  1.97e-06   1.85e+00     4.30e-04   170.475s
 929000 +3.62130395e-05 +3.42398569e-05  1.97e-06   1.84e+00     4.34e-04   170.659s
 930000 +3.62103820e-05 +3.42390898e-05  1.97e-06   1.84e+00     4.38e-04   170.843s
 931000 +3.62054816e-05 +3.42383643e-05  1.97e-06   1.83e+00     4.44e-04   171.026s
 932000 +3.62008711e-05 +3.42374568e-05  1.96e-06   1.83e+00     4.49e-04   171.211s
 933000 +3.61951658e-05 +3.42364571e-05  1.96e-06   1.82e+00     4.53e-04   171.395s
 934000 +3.61906611e-05 +3.42355811e-05  1.96e-06   1.82e+00     4.57e-04   171.579s
 935000 +3.61845910e-05 +3.42344852e-05  1.95e-06   1.82e+00     4.61e-04   171.763s
 936000 +3.61790546e-05 +3.42331322e-05  1.95e-06   1.81e+00     4.64e-04   171.947s
 937000 +3.61717173e-05 +3.42316888e-05  1.94e-06   1.81e+00     4.66e-04   172.130s
 938000 +3.61657067e-05 +3.42302933e-05  1.94e-06   1.80e+00     4.69e-04   172.314s
 939000 +3.61592858e-05 +3.42289118e-05  1.93e-06   1.80e+00     4.70e-04   172.498s
 940000 +3.61519825e-05 +3.42273856e-05  1.92e-06   1.79e+00     4.70e-04   172.683s
 941000 +3.61456511e-05 +3.42254677e-05  1.92e-06   1.79e+00     4.68e-04   172.866s
 942000 +3.61411493e-05 +3.42234210e-05  1.92e-06   1.78e+00     4.66e-04   173.051s
 943000 +3.61366767e-05 +3.42216539e-05  1.92e-06   1.78e+00     4.66e-04   173.235s
 944000 +3.61309781e-05 +3.42199196e-05  1.91e-06   1.78e+00     4.64e-04   173.418s
 945000 +3.61263239e-05 +3.42182356e-05  1.91e-06   1.78e+00     4.62e-04   173.602s
 946000 +3.61194736e-05 +3.42164733e-05  1.90e-06   1.77e+00     4.60e-04   173.786s
 947000 +3.61127464e-05 +3.42147054e-05  1.90e-06   1.76e+00     4.59e-04   173.970s
 948000 +3.61043036e-05 +3.42128814e-05  1.89e-06   1.76e+00     4.57e-04   174.154s
 949000 +3.60967789e-05 +3.42108843e-05  1.89e-06   1.76e+00     4.53e-04   174.337s
 950000 +3.60910482e-05 +3.42086632e-05  1.88e-06   1.75e+00     4.49e-04   174.521s
 951000 +3.60868941e-05 +3.42065024e-05  1.88e-06   1.75e+00     4.46e-04   174.705s
 952000 +3.60822050e-05 +3.42044040e-05  1.88e-06   1.74e+00     4.43e-04   174.889s
 953000 +3.60771482e-05 +3.42023347e-05  1.87e-06   1.74e+00     4.41e-04   175.073s
 954000 +3.60739574e-05 +3.42002271e-05  1.87e-06   1.73e+00     4.40e-04   175.257s
 955000 +3.60696359e-05 +3.41977452e-05  1.87e-06   1.73e+00     4.38e-04   175.441s
 956000 +3.60643469e-05 +3.41951523e-05  1.87e-06   1.72e+00     4.36e-04   175.625s
 957000 +3.60594001e-05 +3.41925800e-05  1.87e-06   1.72e+00     4.34e-04   175.808s
 958000 +3.60535614e-05 +3.41899542e-05  1.86e-06   1.72e+00     4.32e-04   175.992s
 959000 +3.60480841e-05 +3.41872808e-05  1.86e-06   1.71e+00     4.27e-04   176.176s
 960000 +3.60434410e-05 +3.41845096e-05  1.86e-06   1.71e+00     4.22e-04   176.360s
 961000 +3.60387853e-05 +3.41814866e-05  1.86e-06   1.71e+00     4.19e-04   176.543s
 962000 +3.60357088e-05 +3.41786932e-05  1.86e-06   1.70e+00     4.16e-04   176.727s
 963000 +3.60324472e-05 +3.41758528e-05  1.86e-06   1.70e+00     4.14e-04   176.911s
 964000 +3.60289500e-05 +3.41729900e-05  1.86e-06   1.69e+00     4.11e-04   177.095s
 965000 +3.60248647e-05 +3.41702013e-05  1.85e-06   1.69e+00     4.08e-04   177.279s
 966000 +3.60200068e-05 +3.41673336e-05  1.85e-06   1.69e+00     4.04e-04   177.463s
 967000 +3.60162254e-05 +3.41646095e-05  1.85e-06   1.69e+00     4.02e-04   177.647s
 968000 +3.60110403e-05 +3.41619694e-05  1.85e-06   1.68e+00     3.99e-04   177.831s
 969000 +3.60064613e-05 +3.41593543e-05  1.85e-06   1.68e+00     3.96e-04   178.014s
 970000 +3.59997745e-05 +3.41568189e-05  1.84e-06   1.67e+00     3.94e-04   178.198s
 971000 +3.59957904e-05 +3.41542781e-05  1.84e-06   1.67e+00     3.90e-04   178.382s
 972000 +3.59922196e-05 +3.41517121e-05  1.84e-06   1.67e+00     3.85e-04   178.566s
 973000 +3.59877784e-05 +3.41492618e-05  1.84e-06   1.66e+00     3.80e-04   178.750s
 974000 +3.59840534e-05 +3.41469720e-05  1.84e-06   1.66e+00     3.77e-04   178.934s
 975000 +3.59801726e-05 +3.41445084e-05  1.84e-06   1.66e+00     3.72e-04   179.117s
 976000 +3.59789055e-05 +3.41421856e-05  1.84e-06   1.66e+00     3.70e-04   179.301s
 977000 +3.59765303e-05 +3.41399992e-05  1.84e-06   1.65e+00     3.68e-04   179.485s
 978000 +3.59746667e-05 +3.41381598e-05  1.84e-06   1.65e+00     3.69e-04   179.669s
 979000 +3.59748991e-05 +3.41364826e-05  1.84e-06   1.65e+00     3.71e-04   179.852s
 980000 +3.59682765e-05 +3.41347222e-05  1.83e-06   1.64e+00     3.74e-04   180.036s
 981000 +3.59635839e-05 +3.41328117e-05  1.83e-06   1.64e+00     3.74e-04   180.220s
 982000 +3.59572170e-05 +3.41307817e-05  1.83e-06   1.63e+00     3.75e-04   180.403s
 983000 +3.59500460e-05 +3.41282215e-05  1.82e-06   1.63e+00     3.70e-04   180.587s
 984000 +3.59439516e-05 +3.41256000e-05  1.82e-06   1.62e+00     3.65e-04   180.771s
 985000 +3.59389051e-05 +3.41228840e-05  1.82e-06   1.62e+00     3.59e-04   180.955s
 986000 +3.59360876e-05 +3.41201334e-05  1.82e-06   1.62e+00     3.53e-04   181.139s
 987000 +3.59358685e-05 +3.41175164e-05  1.82e-06   1.61e+00     3.47e-04   181.322s
 988000 +3.59338402e-05 +3.41152198e-05  1.82e-06   1.61e+00     3.44e-04   181.506s
 989000 +3.59328087e-05 +3.41130805e-05  1.82e-06   1.61e+00     3.42e-04   181.690s
 990000 +3.59308466e-05 +3.41110199e-05  1.82e-06   1.61e+00     3.40e-04   181.874s
 991000 +3.59271111e-05 +3.41088371e-05  1.82e-06   1.60e+00     3.38e-04   182.057s
 992000 +3.59230427e-05 +3.41065305e-05  1.82e-06   1.60e+00     3.35e-04   182.241s
 993000 +3.59191577e-05 +3.41040365e-05  1.82e-06   1.60e+00     3.32e-04   182.425s
 994000 +3.59173786e-05 +3.41017676e-05  1.82e-06   1.59e+00     3.31e-04   182.609s
 995000 +3.59150739e-05 +3.40994862e-05  1.82e-06   1.59e+00     3.30e-04   182.793s
 996000 +3.59121977e-05 +3.40972558e-05  1.81e-06   1.59e+00     3.28e-04   182.976s
 997000 +3.59081753e-05 +3.40946912e-05  1.81e-06   1.59e+00     3.25e-04   183.160s
 998000 +3.59039708e-05 +3.40920596e-05  1.81e-06   1.58e+00     3.22e-04   183.344s
 999000 +3.59020872e-05 +3.40895972e-05  1.81e-06   1.58e+00     3.21e-04   183.528s
1000000 +3.59011425e-05 +3.40870908e-05  1.81e-06   1.58e+00     3.20e-04   183.712s
1001000 +3.58996227e-05 +3.40847113e-05  1.81e-06   1.57e+00     3.17e-04   183.896s
1002000 +3.58972486e-05 +3.40825563e-05  1.81e-06   1.57e+00     3.16e-04   184.079s
1003000 +3.58946518e-05 +3.40805930e-05  1.81e-06   1.57e+00     3.18e-04   184.263s
1004000 +3.58897504e-05 +3.40786749e-05  1.81e-06   1.57e+00     3.19e-04   184.447s
1005000 +3.58866868e-05 +3.40769479e-05  1.81e-06   1.57e+00     3.19e-04   184.631s
1006000 +3.58820204e-05 +3.40748397e-05  1.81e-06   1.56e+00     3.17e-04   184.815s
1007000 +3.58797729e-05 +3.40726531e-05  1.81e-06   1.56e+00     3.14e-04   184.999s
1008000 +3.58771149e-05 +3.40703617e-05  1.81e-06   1.56e+00     3.14e-04   185.183s
1009000 +3.58750806e-05 +3.40682003e-05  1.81e-06   1.56e+00     3.14e-04   185.366s
1010000 +3.58720672e-05 +3.40661046e-05  1.81e-06   1.55e+00     3.13e-04   185.550s
1011000 +3.58669124e-05 +3.40638800e-05  1.80e-06   1.55e+00     3.11e-04   185.734s
1012000 +3.58630755e-05 +3.40613998e-05  1.80e-06   1.55e+00     3.08e-04   185.918s
1013000 +3.58601546e-05 +3.40587967e-05  1.80e-06   1.55e+00     3.05e-04   186.175s
1014000 +3.58570643e-05 +3.40560952e-05  1.80e-06   1.55e+00     3.01e-04   186.359s
1015000 +3.58541905e-05 +3.40535757e-05  1.80e-06   1.54e+00     2.99e-04   186.612s
1016000 +3.58503369e-05 +3.40511794e-05  1.80e-06   1.54e+00     2.99e-04   186.796s
1017000 +3.58475039e-05 +3.40488384e-05  1.80e-06   1.54e+00     2.99e-04   186.980s
1018000 +3.58445299e-05 +3.40464551e-05  1.80e-06   1.53e+00     2.99e-04   187.163s
1019000 +3.58412777e-05 +3.40443540e-05  1.80e-06   1.53e+00     3.00e-04   187.347s
1020000 +3.58378346e-05 +3.40426488e-05  1.80e-06   1.52e+00     3.04e-04   187.531s
1021000 +3.58329510e-05 +3.40410835e-05  1.79e-06   1.52e+00     3.11e-04   187.715s
1022000 +3.58262716e-05 +3.40392942e-05  1.79e-06   1.51e+00     3.14e-04   187.899s
1023000 +3.58189161e-05 +3.40370589e-05  1.78e-06   1.51e+00     3.09e-04   188.083s
1024000 +3.58118682e-05 +3.40347490e-05  1.78e-06   1.51e+00     3.02e-04   188.268s
1025000 +3.58072718e-05 +3.40323516e-05  1.77e-06   1.50e+00     2.96e-04   188.484s
1026000 +3.58055160e-05 +3.40298020e-05  1.78e-06   1.50e+00     2.90e-04   188.677s
1027000 +3.58037933e-05 +3.40271972e-05  1.78e-06   1.49e+00     2.86e-04   188.860s
1028000 +3.58041697e-05 +3.40246459e-05  1.78e-06   1.49e+00     2.82e-04   189.043s
1029000 +3.58030951e-05 +3.40223758e-05  1.78e-06   1.49e+00     2.80e-04   189.226s
1030000 +3.58007233e-05 +3.40211195e-05  1.78e-06   1.48e+00     2.85e-04   189.409s
1031000 +3.57980043e-05 +3.40207614e-05  1.78e-06   1.48e+00     3.05e-04   189.591s
1032000 +3.57922557e-05 +3.40205097e-05  1.77e-06   1.48e+00     3.32e-04   189.773s
1033000 +3.57853385e-05 +3.40199660e-05  1.77e-06   1.47e+00     3.53e-04   189.955s
1034000 +3.57779853e-05 +3.40191551e-05  1.76e-06   1.47e+00     3.66e-04   190.137s
1035000 +3.57710578e-05 +3.40180393e-05  1.75e-06   1.46e+00     3.67e-04   190.319s
1036000 +3.57647838e-05 +3.40169483e-05  1.75e-06   1.46e+00     3.63e-04   190.501s
1037000 +3.57595096e-05 +3.40157600e-05  1.74e-06   1.46e+00     3.57e-04   190.683s
1038000 +3.57548184e-05 +3.40144970e-05  1.74e-06   1.46e+00     3.54e-04   190.864s
1039000 +3.57508252e-05 +3.40133971e-05  1.74e-06   1.45e+00     3.56e-04   191.047s
1040000 +3.57468387e-05 +3.40123484e-05  1.73e-06   1.45e+00     3.58e-04   191.229s
1041000 +3.57427342e-05 +3.40113517e-05  1.73e-06   1.45e+00     3.64e-04   191.411s
1042000 +3.57381587e-05 +3.40103841e-05  1.73e-06   1.44e+00     3.68e-04   191.593s
1043000 +3.57341344e-05 +3.40092990e-05  1.72e-06   1.44e+00     3.74e-04   191.775s
1044000 +3.57298057e-05 +3.40080024e-05  1.72e-06   1.44e+00     3.79e-04   191.957s
1045000 +3.57250413e-05 +3.40067695e-05  1.72e-06   1.43e+00     3.84e-04   192.139s
1046000 +3.57198843e-05 +3.40053430e-05  1.71e-06   1.43e+00     3.85e-04   192.321s
1047000 +3.57148285e-05 +3.40041213e-05  1.71e-06   1.43e+00     3.90e-04   192.503s
1048000 +3.57089382e-05 +3.40029095e-05  1.71e-06   1.42e+00     3.90e-04   192.685s
1049000 +3.57036251e-05 +3.40014896e-05  1.70e-06   1.42e+00     3.87e-04   192.867s
1050000 +3.56995009e-05 +3.39999687e-05  1.70e-06   1.42e+00     3.81e-04   193.049s
1051000 +3.56956334e-05 +3.39986041e-05  1.70e-06   1.41e+00     3.75e-04   193.231s
1052000 +3.56913883e-05 +3.39974923e-05  1.69e-06   1.41e+00     3.70e-04   193.413s
1053000 +3.56874526e-05 +3.39964472e-05  1.69e-06   1.41e+00     3.66e-04   193.595s
1054000 +3.56839365e-05 +3.39958263e-05  1.69e-06   1.40e+00     3.67e-04   193.777s
1055000 +3.56799501e-05 +3.39952627e-05  1.68e-06   1.40e+00     3.67e-04   193.959s
1056000 +3.56760074e-05 +3.39946368e-05  1.68e-06   1.39e+00     3.66e-04   194.141s
1057000 +3.56704681e-05 +3.39939549e-05  1.68e-06   1.39e+00     3.65e-04   194.323s
1058000 +3.56658825e-05 +3.39929767e-05  1.67e-06   1.39e+00     3.60e-04   194.506s
1059000 +3.56615993e-05 +3.39919430e-05  1.67e-06   1.38e+00     3.52e-04   194.688s
1060000 +3.56585169e-05 +3.39905960e-05  1.67e-06   1.38e+00     3.43e-04   194.870s
1061000 +3.56570515e-05 +3.39892847e-05  1.67e-06   1.38e+00     3.37e-04   195.052s
1062000 +3.56551440e-05 +3.39879492e-05  1.67e-06   1.38e+00     3.37e-04   195.234s
1063000 +3.56526045e-05 +3.39867962e-05  1.67e-06   1.38e+00     3.39e-04   195.416s
1064000 +3.56506620e-05 +3.39857119e-05  1.66e-06   1.37e+00     3.41e-04   195.598s
1065000 +3.56477367e-05 +3.39844574e-05  1.66e-06   1.37e+00     3.44e-04   195.780s
1066000 +3.56444266e-05 +3.39845732e-05  1.66e-06   1.36e+00     3.73e-04   195.962s
1067000 +3.56373484e-05 +3.39847803e-05  1.65e-06   1.36e+00     4.05e-04   196.144s
1068000 +3.56289841e-05 +3.39842209e-05  1.64e-06   1.35e+00     4.21e-04   196.326s
1069000 +3.56200688e-05 +3.39830342e-05  1.64e-06   1.35e+00     4.19e-04   196.509s
1070000 +3.56126888e-05 +3.39816566e-05  1.63e-06   1.34e+00     4.13e-04   196.691s
1071000 +3.56061375e-05 +3.39798711e-05  1.63e-06   1.34e+00     4.02e-04   196.873s
1072000 +3.56016434e-05 +3.39781150e-05  1.62e-06   1.34e+00     3.90e-04   197.055s
1073000 +3.56000885e-05 +3.39765769e-05  1.62e-06   1.33e+00     3.90e-04   197.237s
1074000 +3.55981724e-05 +3.39752518e-05  1.62e-06   1.33e+00     3.89e-04   197.419s
1075000 +3.55946973e-05 +3.39740345e-05  1.62e-06   1.33e+00     3.95e-04   197.601s
1076000 +3.55911249e-05 +3.39726760e-05  1.62e-06   1.32e+00     4.06e-04   197.783s
1077000 +3.55866873e-05 +3.39709377e-05  1.62e-06   1.32e+00     4.14e-04   197.965s
1078000 +3.55826926e-05 +3.39693547e-05  1.61e-06   1.31e+00     4.23e-04   198.147s
1079000 +3.55775831e-05 +3.39676265e-05  1.61e-06   1.31e+00     4.29e-04   198.329s
1080000 +3.55707540e-05 +3.39653820e-05  1.61e-06   1.31e+00     4.28e-04   198.511s
1081000 +3.55650627e-05 +3.39633719e-05  1.60e-06   1.30e+00     4.22e-04   198.693s
1082000 +3.55597393e-05 +3.39615953e-05  1.60e-06   1.30e+00     4.21e-04   198.875s
1083000 +3.55550257e-05 +3.39595548e-05  1.60e-06   1.29e+00     4.16e-04   199.058s
1084000 +3.55519854e-05 +3.39578324e-05  1.59e-06   1.29e+00     4.16e-04   199.240s
1085000 +3.55487053e-05 +3.39562475e-05  1.59e-06   1.28e+00     4.19e-04   199.422s
1086000 +3.55438515e-05 +3.39550024e-05  1.59e-06   1.28e+00     4.26e-04   199.604s
1087000 +3.55382927e-05 +3.39534967e-05  1.58e-06   1.28e+00     4.28e-04   199.786s
1088000 +3.55324063e-05 +3.39518906e-05  1.58e-06   1.27e+00     4.31e-04   199.968s
1089000 +3.55273853e-05 +3.39497437e-05  1.58e-06   1.27e+00     4.25e-04   200.150s
1090000 +3.55234779e-05 +3.39477913e-05  1.58e-06   1.27e+00     4.20e-04   200.332s
1091000 +3.55187528e-05 +3.39460120e-05  1.57e-06   1.26e+00     4.20e-04   200.514s
1092000 +3.55145125e-05 +3.39440281e-05  1.57e-06   1.26e+00     4.14e-04   200.696s
1093000 +3.55115200e-05 +3.39419698e-05  1.57e-06   1.25e+00     4.09e-04   200.878s
1094000 +3.55079968e-05 +3.39399914e-05  1.57e-06   1.25e+00     4.05e-04   201.060s
1095000 +3.55022111e-05 +3.39381494e-05  1.56e-06   1.25e+00     4.01e-04   201.242s
1096000 +3.54973120e-05 +3.39362338e-05  1.56e-06   1.24e+00     3.96e-04   201.425s
1097000 +3.54917526e-05 +3.39341954e-05  1.56e-06   1.24e+00     3.90e-04   201.607s
1098000 +3.54877387e-05 +3.39318102e-05  1.56e-06   1.24e+00     3.78e-04   201.789s
1099000 +3.54840946e-05 +3.39295179e-05  1.55e-06   1.23e+00     3.67e-04   201.971s
1100000 +3.54812348e-05 +3.39273004e-05  1.55e-06   1.23e+00     3.56e-04   202.154s
1101000 +3.54793190e-05 +3.39254792e-05  1.55e-06   1.23e+00     3.47e-04   202.336s
1102000 +3.54786164e-05 +3.39243214e-05  1.55e-06   1.23e+00     3.46e-04   202.518s
1103000 +3.54766101e-05 +3.39234471e-05  1.55e-06   1.23e+00     3.45e-04   202.700s
1104000 +3.54753006e-05 +3.39226433e-05  1.55e-06   1.22e+00     3.44e-04   202.882s
1105000 +3.54730034e-05 +3.39219262e-05  1.55e-06   1.22e+00     3.47e-04   203.064s
1106000 +3.54707461e-05 +3.39211219e-05  1.55e-06   1.22e+00     3.53e-04   203.246s
1107000 +3.54675436e-05 +3.39204460e-05  1.55e-06   1.22e+00     3.58e-04   203.428s
1108000 +3.54647828e-05 +3.39199053e-05  1.54e-06   1.22e+00     3.64e-04   203.610s
1109000 +3.54602161e-05 +3.39193773e-05  1.54e-06   1.21e+00     3.68e-04   203.792s
1110000 +3.54577260e-05 +3.39185184e-05  1.54e-06   1.21e+00     3.68e-04   203.975s
1111000 +3.54542650e-05 +3.39176397e-05  1.54e-06   1.21e+00     3.67e-04   204.157s
1112000 +3.54503488e-05 +3.39162779e-05  1.53e-06   1.20e+00     3.64e-04   204.339s
1113000 +3.54479371e-05 +3.39147230e-05  1.53e-06   1.20e+00     3.62e-04   204.521s
1114000 +3.54452180e-05 +3.39131751e-05  1.53e-06   1.20e+00     3.58e-04   204.703s
1115000 +3.54426655e-05 +3.39115731e-05  1.53e-06   1.20e+00     3.54e-04   204.885s
1116000 +3.54411907e-05 +3.39097943e-05  1.53e-06   1.20e+00     3.50e-04   205.067s
1117000 +3.54392323e-05 +3.39079700e-05  1.53e-06   1.19e+00     3.48e-04   205.249s
1118000 +3.54368819e-05 +3.39059060e-05  1.53e-06   1.19e+00     3.42e-04   205.432s
1119000 +3.54350611e-05 +3.39038894e-05  1.53e-06   1.19e+00     3.38e-04   205.614s
1120000 +3.54324809e-05 +3.39020592e-05  1.53e-06   1.19e+00     3.36e-04   205.796s
1121000 +3.54308699e-05 +3.39005400e-05  1.53e-06   1.18e+00     3.32e-04   205.978s
1122000 +3.54298300e-05 +3.38995356e-05  1.53e-06   1.18e+00     3.30e-04   206.160s
1123000 +3.54274821e-05 +3.38984080e-05  1.53e-06   1.18e+00     3.31e-04   206.342s
1124000 +3.54250587e-05 +3.38972773e-05  1.53e-06   1.18e+00     3.33e-04   206.525s
1125000 +3.54227204e-05 +3.38963263e-05  1.53e-06   1.17e+00     3.39e-04   206.707s
1126000 +3.54198923e-05 +3.38952475e-05  1.52e-06   1.17e+00     3.42e-04   206.889s
1127000 +3.54159356e-05 +3.38941531e-05  1.52e-06   1.17e+00     3.48e-04   207.071s
1128000 +3.54125342e-05 +3.38927229e-05  1.52e-06   1.16e+00     3.48e-04   207.273s
1129000 +3.54107287e-05 +3.38910413e-05  1.52e-06   1.16e+00     3.48e-04   207.601s
1130000 +3.54086991e-05 +3.38898198e-05  1.52e-06   1.16e+00     3.46e-04   208.022s
1131000 +3.54061888e-05 +3.38888678e-05  1.52e-06   1.16e+00     3.52e-04   208.500s
1132000 +3.54022010e-05 +3.38877887e-05  1.51e-06   1.15e+00     3.55e-04   209.094s
1133000 +3.53995765e-05 +3.38868243e-05  1.51e-06   1.15e+00     3.61e-04   209.709s
1134000 +3.53964972e-05 +3.38858688e-05  1.51e-06   1.15e+00     3.68e-04   210.309s
1135000 +3.53923003e-05 +3.38849411e-05  1.51e-06   1.15e+00     3.74e-04   210.901s
1136000 +3.53883596e-05 +3.38838557e-05  1.50e-06   1.14e+00     3.78e-04   211.491s
1137000 +3.53846541e-05 +3.38826873e-05  1.50e-06   1.14e+00     3.79e-04   212.079s
1138000 +3.53817768e-05 +3.38817844e-05  1.50e-06   1.14e+00     3.75e-04   212.682s
1139000 +3.53790266e-05 +3.38807562e-05  1.50e-06   1.13e+00     3.70e-04   213.271s
1140000 +3.53755556e-05 +3.38795821e-05  1.50e-06   1.13e+00     3.65e-04   213.865s
1141000 +3.53727443e-05 +3.38783075e-05  1.49e-06   1.13e+00     3.61e-04   214.466s
1142000 +3.53715071e-05 +3.38769873e-05  1.49e-06   1.13e+00     3.59e-04   215.060s
1143000 +3.53700149e-05 +3.38758727e-05  1.49e-06   1.13e+00     3.55e-04   215.667s
1144000 +3.53681485e-05 +3.38746261e-05  1.49e-06   1.12e+00     3.51e-04   216.250s
1145000 +3.53661254e-05 +3.38737010e-05  1.49e-06   1.12e+00     3.53e-04   216.840s
1146000 +3.53631723e-05 +3.38726969e-05  1.49e-06   1.12e+00     3.57e-04   217.450s
1147000 +3.53609347e-05 +3.38716770e-05  1.49e-06   1.12e+00     3.60e-04   218.045s
1148000 +3.53590704e-05 +3.38704985e-05  1.49e-06   1.11e+00     3.61e-04   218.645s
1149000 +3.53563079e-05 +3.38690649e-05  1.49e-06   1.11e+00     3.60e-04   219.230s
1150000 +3.53531238e-05 +3.38676135e-05  1.49e-06   1.11e+00     3.54e-04   219.840s
1151000 +3.53499142e-05 +3.38664220e-05  1.48e-06   1.11e+00     3.51e-04   220.454s
1152000 +3.53474598e-05 +3.38649763e-05  1.48e-06   1.11e+00     3.46e-04   221.069s
1153000 +3.53444213e-05 +3.38633876e-05  1.48e-06   1.10e+00     3.42e-04   221.668s
1154000 +3.53432886e-05 +3.38616464e-05  1.48e-06   1.10e+00     3.38e-04   222.282s
1155000 +3.53419698e-05 +3.38601716e-05  1.48e-06   1.10e+00     3.36e-04   222.891s
1156000 +3.53391537e-05 +3.38589598e-05  1.48e-06   1.10e+00     3.38e-04   223.493s
1157000 +3.53350818e-05 +3.38575206e-05  1.48e-06   1.09e+00     3.36e-04   224.092s
1158000 +3.53307010e-05 +3.38557297e-05  1.47e-06   1.09e+00     3.28e-04   224.703s
1159000 +3.53280272e-05 +3.38537031e-05  1.47e-06   1.09e+00     3.19e-04   225.297s
1160000 +3.53261744e-05 +3.38517923e-05  1.47e-06   1.09e+00     3.10e-04   225.887s
1161000 +3.53251384e-05 +3.38497866e-05  1.48e-06   1.09e+00     3.02e-04   226.491s
1162000 +3.53246177e-05 +3.38478467e-05  1.48e-06   1.08e+00     2.97e-04   227.101s
1163000 +3.53244141e-05 +3.38461475e-05  1.48e-06   1.08e+00     2.93e-04   227.710s
1164000 +3.53246142e-05 +3.38450358e-05  1.48e-06   1.08e+00     2.94e-04   228.300s
1165000 +3.53239361e-05 +3.38442039e-05  1.48e-06   1.08e+00     3.00e-04   228.900s
1166000 +3.53232171e-05 +3.38436354e-05  1.48e-06   1.08e+00     3.09e-04   229.501s
1167000 +3.53207266e-05 +3.38429792e-05  1.48e-06   1.08e+00     3.16e-04   230.142s
1168000 +3.53179391e-05 +3.38421081e-05  1.48e-06   1.07e+00     3.24e-04   230.749s
1169000 +3.53143339e-05 +3.38410297e-05  1.47e-06   1.07e+00     3.29e-04   231.345s
1170000 +3.53109294e-05 +3.38398251e-05  1.47e-06   1.07e+00     3.34e-04   231.975s
1171000 +3.53087341e-05 +3.38384839e-05  1.47e-06   1.06e+00     3.39e-04   232.566s
1172000 +3.53072025e-05 +3.38372223e-05  1.47e-06   1.06e+00     3.40e-04   233.176s
1173000 +3.53057097e-05 +3.38359546e-05  1.47e-06   1.06e+00     3.37e-04   233.791s
1174000 +3.53033915e-05 +3.38349916e-05  1.47e-06   1.06e+00     3.40e-04   234.378s
1175000 +3.53018708e-05 +3.38344106e-05  1.47e-06   1.06e+00     3.45e-04   234.983s
1176000 +3.53000643e-05 +3.38342017e-05  1.47e-06   1.06e+00     3.47e-04   235.594s
1177000 +3.52989207e-05 +3.38338515e-05  1.47e-06   1.05e+00     3.50e-04   236.217s
1178000 +3.52957436e-05 +3.38334266e-05  1.46e-06   1.05e+00     3.51e-04   236.814s
1179000 +3.52913321e-05 +3.38326920e-05  1.46e-06   1.05e+00     3.49e-04   237.409s
1180000 +3.52868459e-05 +3.38317062e-05  1.46e-06   1.05e+00     3.46e-04   238.020s
1181000 +3.52841928e-05 +3.38304694e-05  1.45e-06   1.04e+00     3.37e-04   238.634s
1182000 +3.52820098e-05 +3.38293274e-05  1.45e-06   1.04e+00     3.25e-04   239.232s
1183000 +3.52799971e-05 +3.38277354e-05  1.45e-06   1.04e+00     3.17e-04   239.834s
1184000 +3.52784128e-05 +3.38259521e-05  1.45e-06   1.04e+00     3.06e-04   240.437s
1185000 +3.52775876e-05 +3.38244494e-05  1.45e-06   1.03e+00     3.01e-04   241.051s
1186000 +3.52777506e-05 +3.38226944e-05  1.46e-06   1.03e+00     2.97e-04   241.646s
1187000 +3.52768393e-05 +3.38211958e-05  1.46e-06   1.03e+00     2.93e-04   242.251s
1188000 +3.52758707e-05 +3.38198449e-05  1.46e-06   1.03e+00     2.94e-04   242.841s
1189000 +3.52753840e-05 +3.38186827e-05  1.46e-06   1.03e+00     2.96e-04   243.432s
1190000 +3.52743895e-05 +3.38175630e-05  1.46e-06   1.03e+00     2.98e-04   244.042s
1191000 +3.52734801e-05 +3.38163162e-05  1.46e-06   1.03e+00     2.98e-04   244.643s
1192000 +3.52703077e-05 +3.38150752e-05  1.46e-06   1.02e+00     3.01e-04   245.240s
1193000 +3.52686055e-05 +3.38135445e-05  1.46e-06   1.02e+00     2.99e-04   245.830s
1194000 +3.52668456e-05 +3.38121611e-05  1.45e-06   1.02e+00     2.96e-04   246.459s
1195000 +3.52649506e-05 +3.38107339e-05  1.45e-06   1.02e+00     2.92e-04   247.071s
1196000 +3.52626200e-05 +3.38095032e-05  1.45e-06   1.01e+00     2.94e-04   247.678s
1197000 +3.52616231e-05 +3.38079609e-05  1.45e-06   1.01e+00     2.95e-04   248.290s
1198000 +3.52607202e-05 +3.38065961e-05  1.45e-06   1.01e+00     3.01e-04   248.899s
1199000 +3.52574778e-05 +3.38053238e-05  1.45e-06   1.01e+00     3.07e-04   249.511s
1200000 +3.52557609e-05 +3.38040123e-05  1.45e-06   1.00e+00     3.07e-04   250.123s
1201000 +3.52535064e-05 +3.38030056e-05  1.45e-06   1.00e+00     3.08e-04   250.731s
1202000 +3.52533650e-05 +3.38022006e-05  1.45e-06   9.99e-01     3.08e-04   251.348s
1203000 +3.52520864e-05 +3.38011256e-05  1.45e-06   9.98e-01     3.07e-04   251.942s
1204000 +3.52517823e-05 +3.38004165e-05  1.45e-06   9.96e-01     3.08e-04   252.541s
1205000 +3.52500838e-05 +3.38000287e-05  1.45e-06   9.94e-01     3.11e-04   253.149s
1206000 +3.52484809e-05 +3.37995585e-05  1.45e-06   9.90e-01     3.14e-04   253.754s
1207000 +3.52470493e-05 +3.37992647e-05  1.45e-06   9.89e-01     3.15e-04   254.365s
1208000 +3.52439710e-05 +3.37990994e-05  1.44e-06   9.88e-01     3.19e-04   254.970s
1209000 +3.52400548e-05 +3.37983303e-05  1.44e-06   9.87e-01     3.23e-04   255.588s
1210000 +3.52364286e-05 +3.37975000e-05  1.44e-06   9.84e-01     3.22e-04   256.194s
1211000 +3.52340502e-05 +3.37967642e-05  1.44e-06   9.84e-01     3.20e-04   256.804s
1212000 +3.52309284e-05 +3.37954730e-05  1.44e-06   9.80e-01     3.15e-04   257.389s
1213000 +3.52294930e-05 +3.37943922e-05  1.44e-06   9.78e-01     3.09e-04   258.004s
1214000 +3.52281103e-05 +3.37936115e-05  1.43e-06   9.78e-01     3.07e-04   258.606s
1215000 +3.52280905e-05 +3.37932563e-05  1.43e-06   9.77e-01     3.09e-04   259.226s
1216000 +3.52262384e-05 +3.37931059e-05  1.43e-06   9.76e-01     3.11e-04   259.838s
1217000 +3.52253620e-05 +3.37927621e-05  1.43e-06   9.73e-01     3.17e-04   260.440s
1218000 +3.52216837e-05 +3.37924476e-05  1.43e-06   9.72e-01     3.21e-04   261.037s
1219000 +3.52202302e-05 +3.37918468e-05  1.43e-06   9.71e-01     3.23e-04   261.636s
1220000 +3.52173191e-05 +3.37914831e-05  1.43e-06   9.67e-01     3.22e-04   262.247s
1221000 +3.52152643e-05 +3.37910800e-05  1.42e-06   9.66e-01     3.21e-04   262.859s
1222000 +3.52134854e-05 +3.37904735e-05  1.42e-06   9.62e-01     3.19e-04   263.469s
1223000 +3.52119093e-05 +3.37895197e-05  1.42e-06   9.59e-01     3.16e-04   264.074s
1224000 +3.52082354e-05 +3.37883903e-05  1.42e-06   9.58e-01     3.15e-04   264.687s
1225000 +3.52041758e-05 +3.37869985e-05  1.42e-06   9.55e-01     3.10e-04   265.288s
1226000 +3.52010392e-05 +3.37854760e-05  1.42e-06   9.54e-01     2.99e-04   265.883s
1227000 +3.51988191e-05 +3.37840192e-05  1.41e-06   9.52e-01     2.90e-04   266.464s
1228000 +3.51976880e-05 +3.37827288e-05  1.41e-06   9.52e-01     2.80e-04   267.055s
1229000 +3.51969459e-05 +3.37814587e-05  1.42e-06   9.51e-01     2.73e-04   267.652s
1230000 +3.51957718e-05 +3.37801167e-05  1.42e-06   9.49e-01     2.68e-04   268.257s
1231000 +3.51940824e-05 +3.37789470e-05  1.42e-06   9.48e-01     2.64e-04   268.843s
1232000 +3.51939601e-05 +3.37774004e-05  1.42e-06   9.47e-01     2.61e-04   269.461s
1233000 +3.51948645e-05 +3.37762983e-05  1.42e-06   9.47e-01     2.61e-04   270.071s
1234000 +3.51955772e-05 +3.37758351e-05  1.42e-06   9.46e-01     2.60e-04   270.675s
1235000 +3.51951585e-05 +3.37757983e-05  1.42e-06   9.44e-01     2.62e-04   271.275s
1236000 +3.51937504e-05 +3.37754444e-05  1.42e-06   9.42e-01     2.65e-04   271.871s
1237000 +3.51926456e-05 +3.37748432e-05  1.42e-06   9.38e-01     2.66e-04   272.490s
1238000 +3.51918182e-05 +3.37743364e-05  1.42e-06   9.37e-01     2.67e-04   273.102s
1239000 +3.51896755e-05 +3.37737828e-05  1.42e-06   9.35e-01     2.68e-04   273.696s
1240000 +3.51871599e-05 +3.37733288e-05  1.41e-06   9.33e-01     2.71e-04   274.297s
1241000 +3.51838993e-05 +3.37727990e-05  1.41e-06   9.30e-01     2.72e-04   274.906s
1242000 +3.51806668e-05 +3.37721018e-05  1.41e-06   9.27e-01     2.70e-04   275.531s
1243000 +3.51785153e-05 +3.37710746e-05  1.41e-06   9.27e-01     2.60e-04   276.138s
1244000 +3.51787622e-05 +3.37701200e-05  1.41e-06   9.24e-01     2.54e-04   276.743s
1245000 +3.51787024e-05 +3.37693254e-05  1.41e-06   9.22e-01     2.48e-04   277.332s
1246000 +3.51795990e-05 +3.37687873e-05  1.41e-06   9.21e-01     2.43e-04   277.946s
1247000 +3.51804283e-05 +3.37683903e-05  1.41e-06   9.21e-01     2.43e-04   278.554s
1248000 +3.51809759e-05 +3.37681964e-05  1.41e-06   9.20e-01     2.45e-04   279.155s
1249000 +3.51805228e-05 +3.37678891e-05  1.41e-06   9.18e-01     2.46e-04   279.770s
1250000 +3.51792214e-05 +3.37675284e-05  1.41e-06   9.18e-01     2.50e-04   280.369s
1251000 +3.51767388e-05 +3.37668805e-05  1.41e-06   9.17e-01     2.50e-04   280.965s
1252000 +3.51755866e-05 +3.37662072e-05  1.41e-06   9.15e-01     2.51e-04   281.571s
1253000 +3.51741566e-05 +3.37651835e-05  1.41e-06   9.13e-01     2.46e-04   282.184s
1254000 +3.51741152e-05 +3.37642266e-05  1.41e-06   9.12e-01     2.42e-04   282.792s
1255000 +3.51741164e-05 +3.37634775e-05  1.41e-06   9.12e-01     2.41e-04   283.400s
1256000 +3.51744765e-05 +3.37629050e-05  1.41e-06   9.11e-01     2.42e-04   284.007s
1257000 +3.51762560e-05 +3.37626639e-05  1.41e-06   9.11e-01     2.45e-04   284.605s
1258000 +3.51776457e-05 +3.37626648e-05  1.41e-06   9.12e-01     2.46e-04   285.204s
1259000 +3.51776875e-05 +3.37628919e-05  1.41e-06   9.11e-01     2.52e-04   285.829s
1260000 +3.51762189e-05 +3.37633008e-05  1.41e-06   9.10e-01     2.60e-04   286.447s
1261000 +3.51730741e-05 +3.37636120e-05  1.41e-06   9.08e-01     2.67e-04   287.061s
1262000 +3.51696665e-05 +3.37634528e-05  1.41e-06   9.06e-01     2.72e-04   287.645s
1263000 +3.51658895e-05 +3.37630564e-05  1.40e-06   9.06e-01     2.72e-04   288.262s
1264000 +3.51632059e-05 +3.37624527e-05  1.40e-06   9.04e-01     2.66e-04   288.865s
1265000 +3.51607331e-05 +3.37622976e-05  1.40e-06   9.02e-01     2.59e-04   289.462s
1266000 +3.51587934e-05 +3.37619909e-05  1.40e-06   9.00e-01     2.54e-04   290.065s
1267000 +3.51580072e-05 +3.37614489e-05  1.40e-06   8.97e-01     2.49e-04   290.674s
1268000 +3.51563025e-05 +3.37606819e-05  1.40e-06   8.95e-01     2.44e-04   291.303s
1269000 +3.51563816e-05 +3.37598285e-05  1.40e-06   8.93e-01     2.39e-04   291.934s
1270000 +3.51563898e-05 +3.37592968e-05  1.40e-06   8.91e-01     2.37e-04   292.554s
1271000 +3.51555696e-05 +3.37605387e-05  1.40e-06   8.89e-01     2.46e-04   293.147s
1272000 +3.51542735e-05 +3.37621300e-05  1.39e-06   8.87e-01     2.60e-04   293.775s
1273000 +3.51525334e-05 +3.37638198e-05  1.39e-06   8.85e-01     2.77e-04   294.407s
1274000 +3.51504886e-05 +3.37654353e-05  1.39e-06   8.83e-01     2.93e-04   294.999s
1275000 +3.51478214e-05 +3.37669984e-05  1.38e-06   8.81e-01     3.08e-04   295.607s
1276000 +3.51451388e-05 +3.37684402e-05  1.38e-06   8.80e-01     3.20e-04   296.213s
1277000 +3.51423328e-05 +3.37696915e-05  1.37e-06   8.78e-01     3.28e-04   296.810s
1278000 +3.51396608e-05 +3.37707229e-05  1.37e-06   8.76e-01     3.33e-04   297.424s
1279000 +3.51371921e-05 +3.37716828e-05  1.37e-06   8.74e-01     3.39e-04   298.024s
1280000 +3.51348443e-05 +3.37727131e-05  1.36e-06   8.73e-01     3.44e-04   298.626s
1281000 +3.51325415e-05 +3.37738379e-05  1.36e-06   8.71e-01     3.49e-04   299.238s
1282000 +3.51298305e-05 +3.37750066e-05  1.35e-06   8.70e-01     3.55e-04   299.835s
1283000 +3.51270671e-05 +3.37762848e-05  1.35e-06   8.68e-01     3.59e-04   300.451s
1284000 +3.51247703e-05 +3.37776822e-05  1.35e-06   8.67e-01     3.63e-04   301.070s
1285000 +3.51226490e-05 +3.37792925e-05  1.34e-06   8.65e-01     3.67e-04   301.691s
1286000 +3.51191823e-05 +3.37824979e-05  1.34e-06   8.54e-01     4.03e-04   302.308s
1287000 +3.51151754e-05 +3.37856863e-05  1.33e-06   8.50e-01     4.36e-04   302.911s
1288000 +3.51101238e-05 +3.37886374e-05  1.32e-06   8.46e-01     4.63e-04   303.523s
1289000 +3.51048902e-05 +3.37911971e-05  1.31e-06   8.42e-01     4.73e-04   304.130s
1290000 +3.50998557e-05 +3.37933648e-05  1.31e-06   8.39e-01     4.83e-04   304.738s
1291000 +3.50955871e-05 +3.37952730e-05  1.30e-06   8.35e-01     4.87e-04   305.364s
1292000 +3.50918030e-05 +3.37970544e-05  1.29e-06   8.33e-01     4.92e-04   305.992s
1293000 +3.50883087e-05 +3.37986380e-05  1.29e-06   8.30e-01     4.93e-04   306.607s
1294000 +3.50851926e-05 +3.38001973e-05  1.28e-06   8.27e-01     4.97e-04   307.209s
1295000 +3.50819602e-05 +3.38018290e-05  1.28e-06   8.24e-01     5.05e-04   307.809s
1296000 +3.50792226e-05 +3.38032610e-05  1.28e-06   8.22e-01     5.10e-04   308.419s
1297000 +3.50759224e-05 +3.38046884e-05  1.27e-06   8.19e-01     5.17e-04   309.039s
1298000 +3.50726681e-05 +3.38059099e-05  1.27e-06   8.17e-01     5.22e-04   309.651s
1299000 +3.50689663e-05 +3.38070553e-05  1.26e-06   8.15e-01     5.27e-04   310.232s
1300000 +3.50651394e-05 +3.38080877e-05  1.26e-06   8.11e-01     5.29e-04   310.829s
1301000 +3.50611020e-05 +3.38091649e-05  1.25e-06   8.08e-01     5.32e-04   311.432s
1302000 +3.50561016e-05 +3.38099485e-05  1.25e-06   8.04e-01     5.30e-04   312.032s
1303000 +3.50523623e-05 +3.38106936e-05  1.24e-06   8.02e-01     5.23e-04   312.638s
1304000 +3.50494418e-05 +3.38114598e-05  1.24e-06   8.00e-01     5.22e-04   313.238s
1305000 +3.50464186e-05 +3.38120151e-05  1.23e-06   7.98e-01     5.20e-04   313.839s
1306000 +3.50438035e-05 +3.38127033e-05  1.23e-06   7.95e-01     5.18e-04   314.448s
1307000 +3.50401094e-05 +3.38132550e-05  1.23e-06   7.93e-01     5.17e-04   315.067s
1308000 +3.50368492e-05 +3.38135072e-05  1.22e-06   7.91e-01     5.13e-04   315.680s
1309000 +3.50343302e-05 +3.38136443e-05  1.22e-06   7.89e-01     5.11e-04   316.277s
1310000 +3.50321738e-05 +3.38138862e-05  1.22e-06   7.87e-01     5.11e-04   316.871s
1311000 +3.50296988e-05 +3.38141548e-05  1.22e-06   7.84e-01     5.10e-04   317.491s
1312000 +3.50274771e-05 +3.38147315e-05  1.21e-06   7.82e-01     5.10e-04   318.087s
1313000 +3.50247081e-05 +3.38154523e-05  1.21e-06   7.80e-01     5.11e-04   318.703s
1314000 +3.50220337e-05 +3.38164125e-05  1.21e-06   7.78e-01     5.12e-04   319.305s
1315000 +3.50188047e-05 +3.38171724e-05  1.20e-06   7.76e-01     5.13e-04   319.898s
1316000 +3.50160220e-05 +3.38177859e-05  1.20e-06   7.74e-01     5.13e-04   320.536s
1317000 +3.50131585e-05 +3.38181321e-05  1.20e-06   7.71e-01     5.11e-04   321.145s
1318000 +3.50104255e-05 +3.38183680e-05  1.19e-06   7.70e-01     5.09e-04   321.748s
1319000 +3.50079045e-05 +3.38186596e-05  1.19e-06   7.67e-01     5.07e-04   322.325s
1320000 +3.50053274e-05 +3.38190926e-05  1.19e-06   7.66e-01     5.10e-04   322.912s
1321000 +3.50022491e-05 +3.38194896e-05  1.18e-06   7.63e-01     5.13e-04   323.499s
1322000 +3.49991812e-05 +3.38196901e-05  1.18e-06   7.61e-01     5.17e-04   324.111s
1323000 +3.49954583e-05 +3.38198903e-05  1.18e-06   7.58e-01     5.20e-04   324.705s
1324000 +3.49916477e-05 +3.38197180e-05  1.17e-06   7.56e-01     5.16e-04   325.295s
1325000 +3.49887284e-05 +3.38193116e-05  1.17e-06   7.54e-01     5.10e-04   325.889s
1326000 +3.49863139e-05 +3.38187349e-05  1.17e-06   7.53e-01     5.06e-04   326.501s
1327000 +3.49845997e-05 +3.38182182e-05  1.17e-06   7.51e-01     5.05e-04   327.112s
1328000 +3.49833382e-05 +3.38178199e-05  1.17e-06   7.49e-01     5.07e-04   327.716s
1329000 +3.49823787e-05 +3.38180150e-05  1.16e-06   7.47e-01     5.11e-04   328.330s
1330000 +3.49810002e-05 +3.38183506e-05  1.16e-06   7.45e-01     5.16e-04   328.945s
1331000 +3.49786984e-05 +3.38186129e-05  1.16e-06   7.44e-01     5.19e-04   329.540s
1332000 +3.49771633e-05 +3.38187276e-05  1.16e-06   7.42e-01     5.26e-04   330.153s
1333000 +3.49753059e-05 +3.38191258e-05  1.16e-06   7.41e-01     5.37e-04   330.755s
1334000 +3.49724528e-05 +3.38194370e-05  1.15e-06   7.38e-01     5.50e-04   331.376s
1335000 +3.49697718e-05 +3.38197952e-05  1.15e-06   7.36e-01     5.62e-04   331.990s
1336000 +3.49657347e-05 +3.38203125e-05  1.15e-06   7.34e-01     5.71e-04   332.606s
1337000 +3.49618646e-05 +3.38206229e-05  1.14e-06   7.32e-01     5.79e-04   333.195s
1338000 +3.49580445e-05 +3.38208152e-05  1.14e-06   7.29e-01     5.87e-04   333.824s
1339000 +3.49546884e-05 +3.38207749e-05  1.13e-06   7.26e-01     5.94e-04   334.440s
1340000 +3.49521064e-05 +3.38210424e-05  1.13e-06   7.24e-01     5.99e-04   335.043s
1341000 +3.49490953e-05 +3.38213557e-05  1.13e-06   7.21e-01     6.03e-04   335.653s
1342000 +3.49462291e-05 +3.38216615e-05  1.12e-06   7.19e-01     6.06e-04   336.231s
1343000 +3.49433855e-05 +3.38223167e-05  1.12e-06   7.18e-01     6.11e-04   336.826s
1344000 +3.49404618e-05 +3.38229183e-05  1.12e-06   7.16e-01     6.19e-04   337.423s
1345000 +3.49365732e-05 +3.38233887e-05  1.11e-06   7.13e-01     6.29e-04   338.018s
1346000 +3.49331217e-05 +3.38235878e-05  1.11e-06   7.11e-01     6.35e-04   338.610s
1347000 +3.49290764e-05 +3.38239079e-05  1.11e-06   7.08e-01     6.37e-04   339.214s
1348000 +3.49252964e-05 +3.38241145e-05  1.10e-06   7.06e-01     6.39e-04   339.820s
1349000 +3.49223340e-05 +3.38244525e-05  1.10e-06   7.03e-01     6.43e-04   340.418s
1350000 +3.49191121e-05 +3.38246726e-05  1.09e-06   7.00e-01     6.46e-04   341.027s
1351000 +3.49163631e-05 +3.38250536e-05  1.09e-06   6.97e-01     6.51e-04   341.629s
1352000 +3.49135706e-05 +3.38254335e-05  1.09e-06   6.95e-01     6.54e-04   342.219s
1353000 +3.49104410e-05 +3.38259145e-05  1.08e-06   6.94e-01     6.58e-04   342.826s
1354000 +3.49062845e-05 +3.38262565e-05  1.08e-06   6.91e-01     6.59e-04   343.444s
1355000 +3.49026102e-05 +3.38262415e-05  1.08e-06   6.88e-01     6.57e-04   344.050s
1356000 +3.48990524e-05 +3.38262533e-05  1.07e-06   6.86e-01     6.52e-04   344.653s
1357000 +3.48955959e-05 +3.38259221e-05  1.07e-06   6.84e-01     6.50e-04   345.256s
1358000 +3.48921021e-05 +3.38257092e-05  1.07e-06   6.83e-01     6.46e-04   345.855s
1359000 +3.48880964e-05 +3.38257674e-05  1.06e-06   6.81e-01     6.45e-04   346.452s
1360000 +3.48844009e-05 +3.38259069e-05  1.06e-06   6.79e-01     6.41e-04   347.052s
1361000 +3.48807578e-05 +3.38258018e-05  1.05e-06   6.77e-01     6.37e-04   347.666s
1362000 +3.48781088e-05 +3.38256859e-05  1.05e-06   6.75e-01     6.36e-04   348.275s
1363000 +3.48750460e-05 +3.38251837e-05  1.05e-06   6.73e-01     6.33e-04   348.870s
1364000 +3.48723871e-05 +3.38245207e-05  1.05e-06   6.70e-01     6.28e-04   349.464s
1365000 +3.48693647e-05 +3.38237707e-05  1.05e-06   6.68e-01     6.26e-04   350.087s
1366000 +3.48658065e-05 +3.38229891e-05  1.04e-06   6.65e-01     6.27e-04   350.696s
1367000 +3.48621571e-05 +3.38219884e-05  1.04e-06   6.62e-01     6.26e-04   351.289s
1368000 +3.48594223e-05 +3.38209091e-05  1.04e-06   6.61e-01     6.26e-04   351.909s
1369000 +3.48563579e-05 +3.38198020e-05  1.04e-06   6.60e-01     6.23e-04   352.518s
1370000 +3.48534545e-05 +3.38189184e-05  1.03e-06   6.58e-01     6.25e-04   353.121s
1371000 +3.48496478e-05 +3.38182730e-05  1.03e-06   6.56e-01     6.23e-04   353.719s
1372000 +3.48463499e-05 +3.38175434e-05  1.03e-06   6.52e-01     6.21e-04   354.329s
1373000 +3.48426938e-05 +3.38166233e-05  1.03e-06   6.50e-01     6.14e-04   354.934s
1374000 +3.48396107e-05 +3.38154293e-05  1.02e-06   6.48e-01     6.03e-04   355.555s
1375000 +3.48371189e-05 +3.38145837e-05  1.02e-06   6.46e-01     5.94e-04   356.172s
1376000 +3.48343880e-05 +3.38135060e-05  1.02e-06   6.44e-01     5.87e-04   356.757s
1377000 +3.48320009e-05 +3.38126674e-05  1.02e-06   6.42e-01     5.79e-04   357.353s
1378000 +3.48297369e-05 +3.38118028e-05  1.02e-06   6.41e-01     5.70e-04   357.967s
1379000 +3.48276145e-05 +3.38109555e-05  1.02e-06   6.40e-01     5.64e-04   358.592s
1380000 +3.48256792e-05 +3.38098722e-05  1.02e-06   6.38e-01     5.57e-04   359.190s
1381000 +3.48237005e-05 +3.38086085e-05  1.02e-06   6.37e-01     5.53e-04   359.802s
1382000 +3.48213637e-05 +3.38072508e-05  1.01e-06   6.35e-01     5.48e-04   360.410s
1383000 +3.48188517e-05 +3.38059189e-05  1.01e-06   6.34e-01     5.45e-04   361.012s
1384000 +3.48165794e-05 +3.38045708e-05  1.01e-06   6.33e-01     5.39e-04   361.624s
1385000 +3.48150561e-05 +3.38034326e-05  1.01e-06   6.31e-01     5.34e-04   362.246s
1386000 +3.48132917e-05 +3.38022054e-05  1.01e-06   6.29e-01     5.30e-04   362.870s
1387000 +3.48124266e-05 +3.38009798e-05  1.01e-06   6.28e-01     5.24e-04   363.479s
1388000 +3.48108451e-05 +3.37997392e-05  1.01e-06   6.26e-01     5.18e-04   364.095s
1389000 +3.48094810e-05 +3.37986567e-05  1.01e-06   6.25e-01     5.14e-04   364.695s
1390000 +3.48079588e-05 +3.37975858e-05  1.01e-06   6.23e-01     5.08e-04   365.296s
1391000 +3.48066844e-05 +3.37963819e-05  1.01e-06   6.23e-01     5.06e-04   365.874s
1392000 +3.48058626e-05 +3.37948997e-05  1.01e-06   6.22e-01     5.03e-04   366.488s
1393000 +3.48049578e-05 +3.37935423e-05  1.01e-06   6.21e-01     5.00e-04   367.074s
1394000 +3.48032970e-05 +3.37922836e-05  1.01e-06   6.20e-01     5.00e-04   367.680s
1395000 +3.48023349e-05 +3.37907280e-05  1.01e-06   6.19e-01     4.99e-04   368.288s
1396000 +3.48006993e-05 +3.37893579e-05  1.01e-06   6.18e-01     4.98e-04   368.912s
1397000 +3.47998154e-05 +3.37877642e-05  1.01e-06   6.16e-01     5.01e-04   369.490s
1398000 +3.47983721e-05 +3.37865614e-05  1.01e-06   6.15e-01     5.06e-04   370.096s
1399000 +3.47976643e-05 +3.37852425e-05  1.01e-06   6.14e-01     5.10e-04   370.720s
1400000 +3.47968811e-05 +3.37843000e-05  1.01e-06   6.12e-01     5.14e-04   371.324s
1401000 +3.47957742e-05 +3.37835015e-05  1.01e-06   6.11e-01     5.14e-04   371.958s
1402000 +3.47938217e-05 +3.37824669e-05  1.01e-06   6.10e-01     5.14e-04   372.577s
1403000 +3.47917410e-05 +3.37809911e-05  1.01e-06   6.08e-01     5.09e-04   373.167s
1404000 +3.47901912e-05 +3.37797845e-05  1.01e-06   6.07e-01     5.08e-04   373.775s
1405000 +3.47895161e-05 +3.37787723e-05  1.01e-06   6.06e-01     5.06e-04   374.396s
1406000 +3.47883399e-05 +3.37779381e-05  1.01e-06   6.05e-01     5.04e-04   374.990s
1407000 +3.47863118e-05 +3.37771133e-05  1.01e-06   6.04e-01     5.07e-04   375.598s
1408000 +3.47844332e-05 +3.37763126e-05  1.01e-06   6.04e-01     5.07e-04   376.189s
1409000 +3.47820748e-05 +3.37755516e-05  1.01e-06   6.01e-01     5.07e-04   376.782s
1410000 +3.47801114e-05 +3.37744266e-05  1.01e-06   5.99e-01     5.12e-04   377.369s
1411000 +3.47781420e-05 +3.37731648e-05  1.00e-06   5.97e-01     5.12e-04   377.961s
1412000 +3.47758585e-05 +3.37720728e-05  1.00e-06   5.97e-01     5.12e-04   378.560s
1413000 +3.47732676e-05 +3.37710108e-05  1.00e-06   5.95e-01     5.10e-04   379.176s
1414000 +3.47713134e-05 +3.37696272e-05  1.00e-06   5.94e-01     5.08e-04   379.785s
1415000 +3.47694906e-05 +3.37682934e-05  1.00e-06   5.93e-01     5.04e-04   380.381s
1416000 +3.47672029e-05 +3.37671648e-05  1.00e-06   5.92e-01     4.97e-04   380.973s
1417000 +3.47650661e-05 +3.37657889e-05  9.99e-07   5.89e-01     4.93e-04   381.553s
1418000 +3.47636265e-05 +3.37643332e-05  9.99e-07   5.88e-01     4.86e-04   382.152s
1419000 +3.47625618e-05 +3.37627881e-05  1.00e-06   5.87e-01     4.81e-04   382.757s
1420000 +3.47616410e-05 +3.37612442e-05  1.00e-06   5.87e-01     4.74e-04   383.374s
1421000 +3.47610052e-05 +3.37598307e-05  1.00e-06   5.86e-01     4.69e-04   383.993s
1422000 +3.47598140e-05 +3.37584153e-05  1.00e-06   5.85e-01     4.66e-04   384.596s
1423000 +3.47591508e-05 +3.37572045e-05  1.00e-06   5.85e-01     4.66e-04   385.197s
1424000 +3.47580347e-05 +3.37558951e-05  1.00e-06   5.83e-01     4.65e-04   385.813s
1425000 +3.47574284e-05 +3.37545706e-05  1.00e-06   5.82e-01     4.64e-04   386.416s
1426000 +3.47558182e-05 +3.37530915e-05  1.00e-06   5.81e-01     4.63e-04   387.010s
1427000 +3.47539401e-05 +3.37515623e-05  1.00e-06   5.80e-01     4.61e-04   387.610s
1428000 +3.47514937e-05 +3.37498201e-05  1.00e-06   5.79e-01     4.61e-04   388.210s
1429000 +3.47497029e-05 +3.37478838e-05  1.00e-06   5.77e-01     4.58e-04   388.797s
1430000 +3.47481681e-05 +3.37462084e-05  1.00e-06   5.76e-01     4.56e-04   389.391s
1431000 +3.47464235e-05 +3.37439981e-05  1.00e-06   5.75e-01     4.50e-04   390.005s
1432000 +3.47451947e-05 +3.37422417e-05  1.00e-06   5.74e-01     4.46e-04   390.595s
1433000 +3.47443286e-05 +3.37405322e-05  1.00e-06   5.73e-01     4.41e-04   391.199s
1434000 +3.47435856e-05 +3.37388190e-05  1.00e-06   5.71e-01     4.34e-04   391.808s
1435000 +3.47427277e-05 +3.37369826e-05  1.01e-06   5.71e-01     4.29e-04   392.401s
1436000 +3.47420474e-05 +3.37351428e-05  1.01e-06   5.69e-01     4.24e-04   393.001s
1437000 +3.47415148e-05 +3.37333453e-05  1.01e-06   5.68e-01     4.22e-04   393.600s
1438000 +3.47408433e-05 +3.37317075e-05  1.01e-06   5.67e-01     4.18e-04   394.190s
1439000 +3.47406482e-05 +3.37300883e-05  1.01e-06   5.66e-01     4.13e-04   394.771s
1440000 +3.47398584e-05 +3.37285364e-05  1.01e-06   5.66e-01     4.13e-04   395.367s
1441000 +3.47384728e-05 +3.37271568e-05  1.01e-06   5.65e-01     4.12e-04   395.975s
1442000 +3.47375784e-05 +3.37257933e-05  1.01e-06   5.64e-01     4.14e-04   396.576s
1443000 +3.47361888e-05 +3.37245407e-05  1.01e-06   5.63e-01     4.16e-04   397.179s
1444000 +3.47351908e-05 +3.37229105e-05  1.01e-06   5.61e-01     4.21e-04   397.785s
1445000 +3.47340397e-05 +3.37214339e-05  1.01e-06   5.60e-01     4.25e-04   398.390s
1446000 +3.47328012e-05 +3.37202570e-05  1.01e-06   5.58e-01     4.27e-04   398.975s
1447000 +3.47315611e-05 +3.37191989e-05  1.01e-06   5.57e-01     4.28e-04   399.581s
1448000 +3.47306028e-05 +3.37179589e-05  1.01e-06   5.56e-01     4.29e-04   400.177s
1449000 +3.47297907e-05 +3.37167745e-05  1.01e-06   5.54e-01     4.34e-04   400.786s
1450000 +3.47293497e-05 +3.37159070e-05  1.01e-06   5.54e-01     4.36e-04   401.404s
1451000 +3.47280722e-05 +3.37149123e-05  1.01e-06   5.53e-01     4.38e-04   402.011s
1452000 +3.47269690e-05 +3.37135876e-05  1.01e-06   5.52e-01     4.41e-04   402.586s
1453000 +3.47262920e-05 +3.37122069e-05  1.01e-06   5.50e-01     4.45e-04   403.195s
1454000 +3.47254352e-05 +3.37108158e-05  1.01e-06   5.50e-01     4.49e-04   403.785s
1455000 +3.47251325e-05 +3.37097287e-05  1.02e-06   5.49e-01     4.57e-04   404.374s
1456000 +3.47240764e-05 +3.37089798e-05  1.02e-06   5.47e-01     4.66e-04   404.968s
1457000 +3.47222438e-05 +3.37083579e-05  1.01e-06   5.46e-01     4.71e-04   405.575s
1458000 +3.47202460e-05 +3.37074328e-05  1.01e-06   5.45e-01     4.81e-04   406.160s
1459000 +3.47180869e-05 +3.37064633e-05  1.01e-06   5.44e-01     4.84e-04   406.745s
1460000 +3.47160404e-05 +3.37054697e-05  1.01e-06   5.43e-01     4.86e-04   407.331s
1461000 +3.47142398e-05 +3.37043038e-05  1.01e-06   5.42e-01     4.87e-04   407.906s
1462000 +3.47125630e-05 +3.37030257e-05  1.01e-06   5.40e-01     4.87e-04   408.505s
1463000 +3.47106039e-05 +3.37017658e-05  1.01e-06   5.39e-01     4.88e-04   409.107s
1464000 +3.47095058e-05 +3.37007248e-05  1.01e-06   5.39e-01     4.92e-04   409.705s
1465000 +3.47083327e-05 +3.37000631e-05  1.01e-06   5.37e-01     4.94e-04   410.308s
1466000 +3.47060001e-05 +3.36990680e-05  1.01e-06   5.36e-01     4.94e-04   411.930s
1467000 +3.47040179e-05 +3.36979464e-05  1.01e-06   5.34e-01     4.92e-04   412.525s
1468000 +3.47018579e-05 +3.36962483e-05  1.01e-06   5.31e-01     4.86e-04   413.113s
1469000 +3.47005167e-05 +3.36943305e-05  1.01e-06   5.30e-01     4.81e-04   413.725s
1470000 +3.46992113e-05 +3.36927430e-05  1.01e-06   5.30e-01     4.77e-04   414.345s
1471000 +3.46975779e-05 +3.36912542e-05  1.01e-06   5.30e-01     4.72e-04   414.929s
1472000 +3.46960170e-05 +3.36898449e-05  1.01e-06   5.27e-01     4.70e-04   415.531s
1473000 +3.46944013e-05 +3.36881482e-05  1.01e-06   5.26e-01     4.71e-04   416.119s
1474000 +3.46933586e-05 +3.36859849e-05  1.01e-06   5.25e-01     4.69e-04   416.713s
1475000 +3.46925123e-05 +3.36842176e-05  1.01e-06   5.24e-01     4.67e-04   417.281s
1476000 +3.46909868e-05 +3.36822675e-05  1.01e-06   5.22e-01     4.67e-04   417.888s
1477000 +3.46900449e-05 +3.36802241e-05  1.01e-06   5.22e-01     4.64e-04   418.502s
1478000 +3.46890962e-05 +3.36779538e-05  1.01e-06   5.21e-01     4.63e-04   419.120s
1479000 +3.46877316e-05 +3.36755847e-05  1.01e-06   5.20e-01     4.62e-04   419.719s
1480000 +3.46866631e-05 +3.36735328e-05  1.01e-06   5.19e-01     4.60e-04   420.319s
1481000 +3.46853018e-05 +3.36716573e-05  1.01e-06   5.18e-01     4.57e-04   420.948s
1482000 +3.46835996e-05 +3.36699189e-05  1.01e-06   5.17e-01     4.53e-04   421.563s
1483000 +3.46815366e-05 +3.36677441e-05  1.01e-06   5.15e-01     4.48e-04   422.154s
1484000 +3.46799599e-05 +3.36656575e-05  1.01e-06   5.14e-01     4.45e-04   422.755s
1485000 +3.46775940e-05 +3.36634013e-05  1.01e-06   5.13e-01     4.45e-04   423.347s
1486000 +3.46761196e-05 +3.36610115e-05  1.02e-06   5.13e-01     4.48e-04   423.942s
1487000 +3.46746729e-05 +3.36590131e-05  1.02e-06   5.13e-01     4.47e-04   424.561s
1488000 +3.46737285e-05 +3.36572387e-05  1.02e-06   5.12e-01     4.48e-04   425.166s
1489000 +3.46724287e-05 +3.36555572e-05  1.02e-06   5.10e-01     4.47e-04   425.760s
1490000 +3.46714526e-05 +3.36537597e-05  1.02e-06   5.09e-01     4.47e-04   426.356s
1491000 +3.46700337e-05 +3.36519981e-05  1.02e-06   5.09e-01     4.48e-04   426.945s
1492000 +3.46689905e-05 +3.36501898e-05  1.02e-06   5.08e-01     4.45e-04   427.545s
1493000 +3.46685804e-05 +3.36484537e-05  1.02e-06   5.07e-01     4.43e-04   428.151s
1494000 +3.46680087e-05 +3.36467604e-05  1.02e-06   5.07e-01     4.40e-04   428.770s
1495000 +3.46670917e-05 +3.36450886e-05  1.02e-06   5.06e-01     4.38e-04   429.369s
1496000 +3.46664433e-05 +3.36430955e-05  1.02e-06   5.05e-01     4.34e-04   429.980s
1497000 +3.46656082e-05 +3.36412406e-05  1.02e-06   5.04e-01     4.33e-04   430.591s
1498000 +3.46653653e-05 +3.36389671e-05  1.03e-06   5.03e-01     4.33e-04   431.194s
