ADMM_START rows=743 columns=12248 nnz=5605870 rounds=1 max_iterations=30000 rho=10000000.0
ADMM_ITER round=0/0 iteration=1/30000 objective=0 r=4.40869e-07/1.10671e-08 s=0/5.5154e-08 projection_inf=7.17186e-19 rho=1e+07 support=0/12248
ADMM_ITER round=0/0 iteration=25/30000 objective=1.1994945745315206e-05 r=2.80338e-07/1.10671e-08 s=1.96403/8.42708e-07 projection_inf=9.82178e-18 rho=1e+07 support=135/12248
ADMM_ITER round=0/0 iteration=50/30000 objective=2.2276861601256485e-05 r=2.3652e-07/1.10671e-08 s=1.58757/1.27039e-06 projection_inf=1.32941e-17 rho=1e+07 support=167/12248
ADMM_ITER round=0/0 iteration=75/30000 objective=2.8165109430607841e-05 r=2.1092e-07/1.10671e-08 s=1.2222/1.59607e-06 projection_inf=1.53391e-17 rho=1e+07 support=188/12248
ADMM_ITER round=0/0 iteration=100/30000 objective=3.191267041528736e-05 r=1.886e-07/1.10671e-08 s=0.969659/1.90589e-06 projection_inf=1.6774e-17 rho=1e+07 support=206/12248
ADMM_ITER round=0/0 iteration=125/30000 objective=3.2190078206459045e-05 r=1.70741e-07/1.10671e-08 s=0.907116/2.21852e-06 projection_inf=1.82199e-17 rho=1e+07 support=221/12248
ADMM_ITER round=0/0 iteration=150/30000 objective=3.7110207596553963e-05 r=1.5342e-07/1.10671e-08 s=0.947652/2.52016e-06 projection_inf=2.02e-17 rho=1e+07 support=236/12248
ADMM_ITER round=0/0 iteration=175/30000 objective=3.9147089356934602e-05 r=1.52886e-07/1.10671e-08 s=0.700021/2.78461e-06 projection_inf=2.22851e-17 rho=1e+07 support=239/12248
ADMM_ITER round=0/0 iteration=200/30000 objective=4.1255448553397873e-05 r=1.32743e-07/1.10671e-08 s=0.783441/3.05618e-06 projection_inf=2.38237e-17 rho=1e+07 support=252/12248
ADMM_ITER round=0/0 iteration=225/30000 objective=4.8372933630906429e-05 r=1.33768e-07/1.10671e-08 s=0.574309/3.29076e-06 projection_inf=2.56782e-17 rho=1e+07 support=256/12248
ADMM_ITER round=0/0 iteration=250/30000 objective=4.9269678698655733e-05 r=1.27249e-07/1.10671e-08 s=0.543691/3.50205e-06 projection_inf=2.41354e-17 rho=1e+07 support=268/12248
ADMM_ITER round=0/0 iteration=275/30000 objective=4.639849232438105e-05 r=1.188e-07/1.10671e-08 s=0.579431/3.73805e-06 projection_inf=2.58797e-17 rho=1e+07 support=276/12248
ADMM_ITER round=0/0 iteration=300/30000 objective=4.7274887388486838e-05 r=1.19589e-07/1.10671e-08 s=0.454828/3.98244e-06 projection_inf=2.68949e-17 rho=1e+07 support=273/12248
ADMM_ITER round=0/0 iteration=325/30000 objective=5.075037240292794e-05 r=1.17327e-07/1.10671e-08 s=0.413412/4.21707e-06 projection_inf=2.81951e-17 rho=1e+07 support=276/12248
ADMM_ITER round=0/0 iteration=350/30000 objective=5.2912385660873514e-05 r=1.11025e-07/1.10671e-08 s=0.488691/4.43861e-06 projection_inf=3.20857e-17 rho=1e+07 support=282/12248
ADMM_ITER round=0/0 iteration=375/30000 objective=5.4544591821106253e-05 r=1.11302e-07/1.10671e-08 s=0.403988/4.65375e-06 projection_inf=3.00588e-17 rho=1e+07 support=281/12248
ADMM_ITER round=0/0 iteration=400/30000 objective=5.520395121574857e-05 r=1.06977e-07/1.10671e-08 s=0.437322/4.86691e-06 projection_inf=3.47681e-17 rho=1e+07 support=284/12248
ADMM_ITER round=0/0 iteration=425/30000 objective=5.5713584363445044e-05 r=1.00419e-07/1.10671e-08 s=0.521088/5.08077e-06 projection_inf=3.39879e-17 rho=1e+07 support=291/12248
ADMM_ITER round=0/0 iteration=450/30000 objective=5.7933399980069311e-05 r=9.67204e-08/1.10671e-08 s=0.539704/5.28869e-06 projection_inf=3.82649e-17 rho=1e+07 support=293/12248
ADMM_ITER round=0/0 iteration=475/30000 objective=6.2551078122641743e-05 r=9.36098e-08/1.10671e-08 s=0.550417/5.47943e-06 projection_inf=4.12186e-17 rho=1e+07 support=297/12248
ADMM_ITER round=0/0 iteration=500/30000 objective=6.7118985020582627e-05 r=9.17445e-08/1.10671e-08 s=0.539452/5.64905e-06 projection_inf=3.89949e-17 rho=1e+07 support=292/12248
ADMM_ITER round=0/0 iteration=525/30000 objective=6.9842053505620087e-05 r=9.31997e-08/1.10672e-08 s=0.478936/5.80397e-06 projection_inf=4.08643e-17 rho=1e+07 support=292/12248
ADMM_ITER round=0/0 iteration=550/30000 objective=7.0721109051744932e-05 r=9.36728e-08/1.10672e-08 s=0.434662/5.95484e-06 projection_inf=4.2867e-17 rho=1e+07 support=295/12248
ADMM_ITER round=0/0 iteration=575/30000 objective=7.2718590202028571e-05 r=9.37e-08/1.10672e-08 s=0.395571/6.10365e-06 projection_inf=4.24299e-17 rho=1e+07 support=300/12248
ADMM_ITER round=0/0 iteration=600/30000 objective=7.5342900028407296e-05 r=9.29402e-08/1.10672e-08 s=0.378435/6.24608e-06 projection_inf=4.50216e-17 rho=1e+07 support=303/12248
ADMM_ITER round=0/0 iteration=625/30000 objective=7.7800646575857315e-05 r=8.82413e-08/1.10672e-08 s=0.440853/6.38233e-06 projection_inf=4.95024e-17 rho=1e+07 support=304/12248
ADMM_ITER round=0/0 iteration=650/30000 objective=7.9647961715985255e-05 r=8.35563e-08/1.10672e-08 s=0.495307/6.51302e-06 projection_inf=4.38218e-17 rho=1e+07 support=304/12248
ADMM_ITER round=0/0 iteration=675/30000 objective=8.0166002895981081e-05 r=8.21989e-08/1.10672e-08 s=0.490495/6.64152e-06 projection_inf=4.64826e-17 rho=1e+07 support=312/12248
ADMM_ITER round=0/0 iteration=700/30000 objective=8.2187576542491907e-05 r=8.03549e-08/1.10672e-08 s=0.481564/6.76754e-06 projection_inf=5.16229e-17 rho=1e+07 support=313/12248
ADMM_ITER round=0/0 iteration=725/30000 objective=8.5445565463512365e-05 r=7.83198e-08/1.10672e-08 s=0.470757/6.88476e-06 projection_inf=4.85204e-17 rho=1e+07 support=318/12248
ADMM_ITER round=0/0 iteration=750/30000 objective=8.8686004233242294e-05 r=7.77741e-08/1.10672e-08 s=0.426022/6.99089e-06 projection_inf=5.22118e-17 rho=1e+07 support=304/12248
ADMM_ITER round=0/0 iteration=775/30000 objective=8.8784410204134599e-05 r=7.32765e-08/1.10672e-08 s=0.455926/7.0937e-06 projection_inf=5.02481e-17 rho=1e+07 support=307/12248
ADMM_ITER round=0/0 iteration=800/30000 objective=8.8797005384873818e-05 r=7.02366e-08/1.10672e-08 s=0.468327/7.19853e-06 projection_inf=5.32101e-17 rho=1e+07 support=304/12248
ADMM_ITER round=0/0 iteration=825/30000 objective=8.9048773232764159e-05 r=7.25572e-08/1.10672e-08 s=0.391291/7.3038e-06 projection_inf=4.95892e-17 rho=1e+07 support=301/12248
ADMM_ITER round=0/0 iteration=850/30000 objective=8.9663109956659661e-05 r=7.45507e-08/1.10672e-08 s=0.315961/7.40927e-06 projection_inf=5.46061e-17 rho=1e+07 support=303/12248
ADMM_ITER round=0/0 iteration=875/30000 objective=9.152761445166989e-05 r=7.35043e-08/1.10672e-08 s=0.305382/7.51256e-06 projection_inf=5.31943e-17 rho=1e+07 support=313/12248
ADMM_ITER round=0/0 iteration=900/30000 objective=9.2387242796141517e-05 r=6.81343e-08/1.10672e-08 s=0.379785/7.61331e-06 projection_inf=5.22621e-17 rho=1e+07 support=314/12248
ADMM_ITER round=0/0 iteration=925/30000 objective=9.2779798902140542e-05 r=6.32327e-08/1.10672e-08 s=0.431288/7.71353e-06 projection_inf=5.77017e-17 rho=1e+07 support=315/12248
ADMM_ITER round=0/0 iteration=950/30000 objective=9.2210566293754239e-05 r=6.1408e-08/1.10672e-08 s=0.436321/7.81457e-06 projection_inf=5.53687e-17 rho=1e+07 support=317/12248
ADMM_ITER round=0/0 iteration=975/30000 objective=9.1825665312578734e-05 r=6.58289e-08/1.10672e-08 s=0.343851/7.91752e-06 projection_inf=5.93351e-17 rho=1e+07 support=312/12248
ADMM_ITER round=0/0 iteration=1000/30000 objective=9.1934155458979e-05 r=6.96241e-08/1.10672e-08 s=0.232176/8.02247e-06 projection_inf=5.66392e-17 rho=1e+07 support=314/12248
ADMM_ITER round=0/0 iteration=1025/30000 objective=9.298688212451633e-05 r=6.88128e-08/1.10672e-08 s=0.220538/8.12701e-06 projection_inf=5.73698e-17 rho=1e+07 support=319/12248
ADMM_ITER round=0/0 iteration=1050/30000 objective=9.3680995122961448e-05 r=6.44167e-08/1.10672e-08 s=0.30995/8.23074e-06 projection_inf=6.07521e-17 rho=1e+07 support=317/12248
ADMM_ITER round=0/0 iteration=1075/30000 objective=9.4464385277244253e-05 r=5.86187e-08/1.10672e-08 s=0.396205/8.33337e-06 projection_inf=5.84996e-17 rho=1e+07 support=321/12248
ADMM_ITER round=0/0 iteration=1100/30000 objective=9.5185007349792234e-05 r=5.76279e-08/1.10672e-08 s=0.397444/8.43389e-06 projection_inf=5.63802e-17 rho=1e+07 support=315/12248
ADMM_ITER round=0/0 iteration=1125/30000 objective=9.5445393004985887e-05 r=6.06257e-08/1.10672e-08 s=0.336143/8.53307e-06 projection_inf=6.158e-17 rho=1e+07 support=321/12248
ADMM_ITER round=0/0 iteration=1150/30000 objective=9.5234520597524863e-05 r=6.41281e-08/1.10672e-08 s=0.245764/8.63311e-06 projection_inf=5.79422e-17 rho=1e+07 support=324/12248
ADMM_ITER round=0/0 iteration=1175/30000 objective=9.5337908128724426e-05 r=6.39268e-08/1.10672e-08 s=0.232212/8.73456e-06 projection_inf=5.70428e-17 rho=1e+07 support=321/12248
ADMM_ITER round=0/0 iteration=1200/30000 objective=9.5133743430241046e-05 r=6.24164e-08/1.10672e-08 s=0.250693/8.83756e-06 projection_inf=5.83994e-17 rho=1e+07 support=322/12248
ADMM_ITER round=0/0 iteration=1225/30000 objective=9.5715491594310927e-05 r=5.87772e-08/1.10672e-08 s=0.31531/8.94119e-06 projection_inf=5.83254e-17 rho=1e+07 support=327/12248
ADMM_ITER round=0/0 iteration=1250/30000 objective=9.7051583572022875e-05 r=5.7372e-08/1.10672e-08 s=0.329587/9.04258e-06 projection_inf=5.77664e-17 rho=1e+07 support=326/12248
ADMM_ITER round=0/0 iteration=1275/30000 objective=9.8154153682957415e-05 r=5.74102e-08/1.10672e-08 s=0.318012/9.14084e-06 projection_inf=6.08125e-17 rho=1e+07 support=327/12248
ADMM_ITER round=0/0 iteration=1300/30000 objective=9.8941456048514775e-05 r=5.82856e-08/1.10672e-08 s=0.290792/9.23712e-06 projection_inf=6.0043e-17 rho=1e+07 support=328/12248
ADMM_ITER round=0/0 iteration=1325/30000 objective=9.9599429801815699e-05 r=5.86783e-08/1.10672e-08 s=0.268308/9.33221e-06 projection_inf=6.04016e-17 rho=1e+07 support=323/12248
ADMM_ITER round=0/0 iteration=1350/30000 objective=9.9992547638628755e-05 r=5.81405e-08/1.10672e-08 s=0.268498/9.42667e-06 projection_inf=6.08185e-17 rho=1e+07 support=329/12248
ADMM_ITER round=0/0 iteration=1375/30000 objective=9.9734868562273893e-05 r=5.78109e-08/1.10672e-08 s=0.264844/9.52181e-06 projection_inf=6.384e-17 rho=1e+07 support=332/12248
ADMM_ITER round=0/0 iteration=1400/30000 objective=9.9411567096235084e-05 r=5.72156e-08/1.10672e-08 s=0.265527/9.61861e-06 projection_inf=6.19458e-17 rho=1e+07 support=329/12248
ADMM_ITER round=0/0 iteration=1425/30000 objective=9.9522208540419796e-05 r=5.73449e-08/1.10672e-08 s=0.252294/9.71639e-06 projection_inf=6.15854e-17 rho=1e+07 support=329/12248
ADMM_ITER round=0/0 iteration=1450/30000 objective=0.00010011018579703839 r=5.604e-08/1.10672e-08 s=0.266856/9.81408e-06 projection_inf=6.05788e-17 rho=1e+07 support=328/12248
ADMM_ITER round=0/0 iteration=1475/30000 objective=0.00010152505535707666 r=5.46338e-08/1.10672e-08 s=0.284674/9.90974e-06 projection_inf=6.31863e-17 rho=1e+07 support=332/12248
ADMM_ITER round=0/0 iteration=1500/30000 objective=0.00010299972753950117 r=5.38735e-08/1.10672e-08 s=0.289371/1.00019e-05 projection_inf=5.77687e-17 rho=1e+07 support=334/12248
ADMM_ITER round=0/0 iteration=1525/30000 objective=0.00010345478091360668 r=5.43425e-08/1.10672e-08 s=0.272581/1.00922e-05 projection_inf=6.51218e-17 rho=1e+07 support=333/12248
ADMM_ITER round=0/0 iteration=1550/30000 objective=0.00010326956333318185 r=5.62798e-08/1.10672e-08 s=0.219864/1.01828e-05 projection_inf=6.67119e-17 rho=1e+07 support=330/12248
ADMM_ITER round=0/0 iteration=1575/30000 objective=0.00010276907555546067 r=5.68233e-08/1.10672e-08 s=0.1951/1.02751e-05 projection_inf=6.19923e-17 rho=1e+07 support=329/12248
ADMM_ITER round=0/0 iteration=1600/30000 objective=0.00010226187049537491 r=5.48e-08/1.10672e-08 s=0.233937/1.03696e-05 projection_inf=6.25505e-17 rho=1e+07 support=331/12248
ADMM_ITER round=0/0 iteration=1625/30000 objective=0.00010193461319478231 r=5.25569e-08/1.10672e-08 s=0.271063/1.04657e-05 projection_inf=5.6754e-17 rho=1e+07 support=335/12248
ADMM_ITER round=0/0 iteration=1650/30000 objective=0.0001016269190235046 r=5.15228e-08/1.10672e-08 s=0.276796/1.05629e-05 projection_inf=6.35868e-17 rho=1e+07 support=326/12248
ADMM_ITER round=0/0 iteration=1675/30000 objective=0.00010154486855872188 r=5.17646e-08/1.10672e-08 s=0.260192/1.06607e-05 projection_inf=6.34928e-17 rho=1e+07 support=327/12248
ADMM_ITER round=0/0 iteration=1700/30000 objective=0.0001017725398019503 r=5.30775e-08/1.10672e-08 s=0.216157/1.07588e-05 projection_inf=5.84018e-17 rho=1e+07 support=333/12248
ADMM_ITER round=0/0 iteration=1725/30000 objective=0.00010260168587081604 r=5.39456e-08/1.10672e-08 s=0.176872/1.0856e-05 projection_inf=6.38243e-17 rho=1e+07 support=332/12248
ADMM_ITER round=0/0 iteration=1750/30000 objective=0.00010388907517175946 r=5.3166e-08/1.10672e-08 s=0.184472/1.09514e-05 projection_inf=6.46009e-17 rho=1e+07 support=333/12248
ADMM_ITER round=0/0 iteration=1775/30000 objective=0.00010511590237153933 r=5.17919e-08/1.10672e-08 s=0.208448/1.10444e-05 projection_inf=6.81804e-17 rho=1e+07 support=336/12248
ADMM_ITER round=0/0 iteration=1800/30000 objective=0.00010597339141717911 r=5.08474e-08/1.10672e-08 s=0.220477/1.11354e-05 projection_inf=6.18358e-17 rho=1e+07 support=338/12248
ADMM_ITER round=0/0 iteration=1825/30000 objective=0.00010614111011800277 r=5.02043e-08/1.10672e-08 s=0.225218/1.12258e-05 projection_inf=6.92642e-17 rho=1e+07 support=333/12248
ADMM_ITER round=0/0 iteration=1850/30000 objective=0.00010562478216079067 r=5.02398e-08/1.10672e-08 s=0.2124/1.13171e-05 projection_inf=6.75387e-17 rho=1e+07 support=332/12248
ADMM_ITER round=0/0 iteration=1875/30000 objective=0.00010517091607874309 r=5.06538e-08/1.10672e-08 s=0.193759/1.141e-05 projection_inf=7.08285e-17 rho=1e+07 support=332/12248
ADMM_ITER round=0/0 iteration=1900/30000 objective=0.00010506390679668248 r=5.14547e-08/1.10672e-08 s=0.162234/1.15039e-05 projection_inf=6.62844e-17 rho=1e+07 support=335/12248
ADMM_ITER round=0/0 iteration=1925/30000 objective=0.00010487874175306383 r=5.08812e-08/1.10672e-08 s=0.169579/1.15986e-05 projection_inf=6.15282e-17 rho=1e+07 support=342/12248
ADMM_ITER round=0/0 iteration=1950/30000 objective=0.00010495776074992344 r=5.00385e-08/1.10672e-08 s=0.183676/1.16938e-05 projection_inf=6.65209e-17 rho=1e+07 support=346/12248
ADMM_ITER round=0/0 iteration=1975/30000 objective=0.00010518328035494969 r=4.99983e-08/1.10672e-08 s=0.17414/1.17891e-05 projection_inf=6.23476e-17 rho=1e+07 support=343/12248
ADMM_ITER round=0/0 iteration=2000/30000 objective=0.00010562675852684333 r=4.88433e-08/1.10672e-08 s=0.19497/1.18842e-05 projection_inf=6.64002e-17 rho=1e+07 support=338/12248
ADMM_ITER round=0/0 iteration=2025/30000 objective=0.00010625999688852054 r=4.85042e-08/1.10672e-08 s=0.194237/1.19783e-05 projection_inf=6.7742e-17 rho=1e+07 support=338/12248
ADMM_ITER round=0/0 iteration=2050/30000 objective=0.00010664995352002876 r=4.81166e-08/1.10672e-08 s=0.196618/1.20716e-05 projection_inf=6.40903e-17 rho=1e+07 support=339/12248
ADMM_ITER round=0/0 iteration=2075/30000 objective=0.00010702017435490408 r=4.84458e-08/1.10672e-08 s=0.181499/1.21645e-05 projection_inf=6.86815e-17 rho=1e+07 support=340/12248
ADMM_ITER round=0/0 iteration=2100/30000 objective=0.00010804651555378375 r=4.91189e-08/1.10672e-08 s=0.149597/1.22564e-05 projection_inf=6.9995e-17 rho=1e+07 support=340/12248
ADMM_ITER round=0/0 iteration=2125/30000 objective=0.00010912807446593449 r=4.90082e-08/1.10672e-08 s=0.14376/1.23463e-05 projection_inf=6.83662e-17 rho=1e+07 support=344/12248
ADMM_ITER round=0/0 iteration=2150/30000 objective=0.00010938919626342987 r=4.80676e-08/1.10672e-08 s=0.16402/1.24354e-05 projection_inf=7.07694e-17 rho=1e+07 support=345/12248
ADMM_ITER round=0/0 iteration=2175/30000 objective=0.00010907928352399407 r=4.76615e-08/1.10672e-08 s=0.167501/1.25249e-05 projection_inf=7.05813e-17 rho=1e+07 support=342/12248
ADMM_ITER round=0/0 iteration=2200/30000 objective=0.00010845251351070975 r=4.71012e-08/1.10672e-08 s=0.174878/1.26158e-05 projection_inf=6.63296e-17 rho=1e+07 support=339/12248
ADMM_ITER round=0/0 iteration=2225/30000 objective=0.00010820772198002033 r=4.69368e-08/1.10672e-08 s=0.172048/1.27079e-05 projection_inf=6.88629e-17 rho=1e+07 support=344/12248
ADMM_ITER round=0/0 iteration=2250/30000 objective=0.00010829297502639216 r=4.69396e-08/1.10672e-08 s=0.16501/1.28004e-05 projection_inf=6.73609e-17 rho=1e+07 support=344/12248
ADMM_ITER round=0/0 iteration=2275/30000 objective=0.00010846633818763767 r=4.70884e-08/1.10672e-08 s=0.151456/1.28929e-05 projection_inf=7.32134e-17 rho=1e+07 support=344/12248
ADMM_ITER round=0/0 iteration=2300/30000 objective=0.00010857628215524745 r=4.72749e-08/1.10672e-08 s=0.134659/1.29854e-05 projection_inf=6.52287e-17 rho=1e+07 support=341/12248
ADMM_ITER round=0/0 iteration=2325/30000 objective=0.00010899889858792037 r=4.72094e-08/1.10672e-08 s=0.128989/1.30778e-05 projection_inf=6.9548e-17 rho=1e+07 support=346/12248
ADMM_ITER round=0/0 iteration=2350/30000 objective=0.00010970428623520258 r=4.66094e-08/1.10672e-08 s=0.142523/1.31693e-05 projection_inf=6.5063e-17 rho=1e+07 support=344/12248
ADMM_ITER round=0/0 iteration=2375/30000 objective=0.00011017184245001467 r=4.57445e-08/1.10672e-08 s=0.160313/1.32601e-05 projection_inf=6.52998e-17 rho=1e+07 support=343/12248
ADMM_ITER round=0/0 iteration=2400/30000 objective=0.00011080372792955384 r=4.57547e-08/1.10672e-08 s=0.154112/1.33501e-05 projection_inf=6.98707e-17 rho=1e+07 support=344/12248
ADMM_ITER round=0/0 iteration=2425/30000 objective=0.00011176864661046449 r=4.59657e-08/1.10672e-08 s=0.142174/1.34388e-05 projection_inf=7.72602e-17 rho=1e+07 support=344/12248
ADMM_ITER round=0/0 iteration=2450/30000 objective=0.0001124749250383368 r=4.63336e-08/1.10672e-08 s=0.122181/1.35263e-05 projection_inf=6.2733e-17 rho=1e+07 support=343/12248
ADMM_ITER round=0/0 iteration=2475/30000 objective=0.00011238098943251734 r=4.6261e-08/1.10672e-08 s=0.119093/1.36134e-05 projection_inf=6.19561e-17 rho=1e+07 support=343/12248
ADMM_ITER round=0/0 iteration=2500/30000 objective=0.00011165778274655704 r=4.59444e-08/1.10672e-08 s=0.125264/1.37018e-05 projection_inf=7.52703e-17 rho=1e+07 support=344/12248
ADMM_ITER round=0/0 iteration=2525/30000 objective=0.00011070991016914424 r=4.5809e-08/1.10672e-08 s=0.125404/1.37921e-05 projection_inf=7.86591e-17 rho=1e+07 support=349/12248
ADMM_ITER round=0/0 iteration=2550/30000 objective=0.00010985933865610681 r=4.56421e-08/1.10672e-08 s=0.126265/1.38843e-05 projection_inf=7.42062e-17 rho=1e+07 support=351/12248
ADMM_ITER round=0/0 iteration=2575/30000 objective=0.00010953042477458149 r=4.50227e-08/1.10672e-08 s=0.141518/1.39779e-05 projection_inf=7.32711e-17 rho=1e+07 support=353/12248
ADMM_ITER round=0/0 iteration=2600/30000 objective=0.00010986795863108889 r=4.50351e-08/1.10672e-08 s=0.13501/1.40716e-05 projection_inf=7.06746e-17 rho=1e+07 support=350/12248
ADMM_ITER round=0/0 iteration=2625/30000 objective=0.00011032826295552766 r=4.51284e-08/1.10672e-08 s=0.124932/1.41647e-05 projection_inf=7.49147e-17 rho=1e+07 support=345/12248
ADMM_ITER round=0/0 iteration=2650/30000 objective=0.00011063109890492333 r=4.5169e-08/1.10672e-08 s=0.117993/1.42574e-05 projection_inf=7.619e-17 rho=1e+07 support=348/12248
ADMM_ITER round=0/0 iteration=2675/30000 objective=0.00011110758941063444 r=4.52772e-08/1.10672e-08 s=0.108361/1.43497e-05 projection_inf=7.61168e-17 rho=1e+07 support=351/12248
ADMM_ITER round=0/0 iteration=2700/30000 objective=0.00011162063964476395 r=4.51459e-08/1.10672e-08 s=0.108944/1.44412e-05 projection_inf=7.7707e-17 rho=1e+07 support=350/12248
ADMM_ITER round=0/0 iteration=2725/30000 objective=0.00011200951709472536 r=4.48605e-08/1.10672e-08 s=0.114835/1.45323e-05 projection_inf=6.88498e-17 rho=1e+07 support=351/12248
ADMM_ITER round=0/0 iteration=2750/30000 objective=0.00011197960470368364 r=4.4612e-08/1.10672e-08 s=0.119442/1.46232e-05 projection_inf=6.99877e-17 rho=1e+07 support=352/12248
ADMM_ITER round=0/0 iteration=2775/30000 objective=0.00011171868348155845 r=4.41605e-08/1.10672e-08 s=0.13136/1.47147e-05 projection_inf=7.35326e-17 rho=1e+07 support=357/12248
ADMM_ITER round=0/0 iteration=2800/30000 objective=0.00011175536063519636 r=4.40072e-08/1.10672e-08 s=0.129583/1.48067e-05 projection_inf=7.5613e-17 rho=1e+07 support=357/12248
ADMM_ITER round=0/0 iteration=2825/30000 objective=0.00011198855018343 r=4.41688e-08/1.10672e-08 s=0.117491/1.48985e-05 projection_inf=7.58082e-17 rho=1e+07 support=353/12248
ADMM_ITER round=0/0 iteration=2850/30000 objective=0.00011201895303252785 r=4.4086e-08/1.10672e-08 s=0.115815/1.49902e-05 projection_inf=7.22761e-17 rho=1e+07 support=355/12248
ADMM_ITER round=0/0 iteration=2875/30000 objective=0.00011232619779497688 r=4.42678e-08/1.10672e-08 s=0.102289/1.5082e-05 projection_inf=8.16575e-17 rho=1e+07 support=355/12248
ADMM_ITER round=0/0 iteration=2900/30000 objective=0.00011312547034677784 r=4.38618e-08/1.10672e-08 s=0.114941/1.5173e-05 projection_inf=7.36365e-17 rho=1e+07 support=355/12248
ADMM_ITER round=0/0 iteration=2925/30000 objective=0.00011398060962667838 r=4.33968e-08/1.10672e-08 s=0.126298/1.52628e-05 projection_inf=7.32547e-17 rho=1e+07 support=354/12248
ADMM_ITER round=0/0 iteration=2950/30000 objective=0.00011448478152206773 r=4.30931e-08/1.10672e-08 s=0.130763/1.53517e-05 projection_inf=7.43714e-17 rho=1e+07 support=355/12248
ADMM_ITER round=0/0 iteration=2975/30000 objective=0.00011487191184309588 r=4.32348e-08/1.10672e-08 s=0.118936/1.544e-05 projection_inf=6.84311e-17 rho=1e+07 support=350/12248
ADMM_ITER round=0/0 iteration=3000/30000 objective=0.00011527203890332528 r=4.33216e-08/1.10672e-08 s=0.109127/1.55279e-05 projection_inf=7.47464e-17 rho=1e+07 support=349/12248
ADMM_ITER round=0/0 iteration=3025/30000 objective=0.00011543394375133259 r=4.33705e-08/1.10672e-08 s=0.101266/1.56155e-05 projection_inf=7.7104e-17 rho=1e+07 support=353/12248
ADMM_ITER round=0/0 iteration=3050/30000 objective=0.0001155053718891333 r=4.34764e-08/1.10672e-08 s=0.0886695/1.57033e-05 projection_inf=7.91277e-17 rho=1e+07 support=347/12248
ADMM_ITER round=0/0 iteration=3075/30000 objective=0.00011549777743365705 r=4.34453e-08/1.10672e-08 s=0.0836235/1.57911e-05 projection_inf=7.82268e-17 rho=1e+07 support=349/12248
ADMM_ITER round=0/0 iteration=3100/30000 objective=0.00011551763343886772 r=4.30978e-08/1.10672e-08 s=0.0953918/1.58793e-05 projection_inf=7.2526e-17 rho=1e+07 support=352/12248
ADMM_ITER round=0/0 iteration=3125/30000 objective=0.00011542061673805313 r=4.27067e-08/1.10672e-08 s=0.10587/1.59676e-05 projection_inf=8.04946e-17 rho=1e+07 support=352/12248
ADMM_ITER round=0/0 iteration=3150/30000 objective=0.00011502265156496755 r=4.25806e-08/1.10672e-08 s=0.104938/1.60565e-05 projection_inf=7.67476e-17 rho=1e+07 support=355/12248
ADMM_ITER round=0/0 iteration=3175/30000 objective=0.00011463279782457445 r=4.23842e-08/1.10672e-08 s=0.105877/1.61462e-05 projection_inf=7.37551e-17 rho=1e+07 support=356/12248
ADMM_ITER round=0/0 iteration=3200/30000 objective=0.00011409094676287372 r=4.25402e-08/1.10672e-08 s=0.0916405/1.62368e-05 projection_inf=7.96632e-17 rho=1e+07 support=353/12248
ADMM_ITER round=0/0 iteration=3225/30000 objective=0.00011344397198435444 r=4.25551e-08/1.10672e-08 s=0.0852879/1.63285e-05 projection_inf=8.10025e-17 rho=1e+07 support=354/12248
ADMM_ITER round=0/0 iteration=3250/30000 objective=0.00011318992971269064 r=4.23851e-08/1.10672e-08 s=0.0886893/1.64211e-05 projection_inf=7.7231e-17 rho=1e+07 support=357/12248
ADMM_ITER round=0/0 iteration=3275/30000 objective=0.00011351332879292374 r=4.2291e-08/1.10672e-08 s=0.0890414/1.65137e-05 projection_inf=8.51093e-17 rho=1e+07 support=359/12248
ADMM_ITER round=0/0 iteration=3300/30000 objective=0.00011431762557559992 r=4.18342e-08/1.10672e-08 s=0.104661/1.66056e-05 projection_inf=7.79308e-17 rho=1e+07 support=359/12248
ADMM_ITER round=0/0 iteration=3325/30000 objective=0.00011581824725718255 r=4.14713e-08/1.10672e-08 s=0.114302/1.66958e-05 projection_inf=8.82493e-17 rho=1e+07 support=358/12248
ADMM_ITER round=0/0 iteration=3350/30000 objective=0.00011756793259814629 r=4.14548e-08/1.10672e-08 s=0.111987/1.67837e-05 projection_inf=7.83359e-17 rho=1e+07 support=361/12248
ADMM_ITER round=0/0 iteration=3375/30000 objective=0.00011908405697096745 r=4.16026e-08/1.10672e-08 s=0.100176/1.68692e-05 projection_inf=7.54258e-17 rho=1e+07 support=357/12248
ADMM_ITER round=0/0 iteration=3400/30000 objective=0.00011997453635453567 r=4.14841e-08/1.10672e-08 s=0.100735/1.69531e-05 projection_inf=8.41457e-17 rho=1e+07 support=354/12248
ADMM_ITER round=0/0 iteration=3425/30000 objective=0.00012032502702598265 r=4.14131e-08/1.10672e-08 s=0.0997479/1.70364e-05 projection_inf=8.4759e-17 rho=1e+07 support=354/12248
ADMM_ITER round=0/0 iteration=3450/30000 objective=0.00012050860686625215 r=4.13977e-08/1.10672e-08 s=0.0963276/1.71194e-05 projection_inf=8.5487e-17 rho=1e+07 support=356/12248
ADMM_ITER round=0/0 iteration=3475/30000 objective=0.00012030246128379573 r=4.12363e-08/1.10672e-08 s=0.0991837/1.72027e-05 projection_inf=7.63612e-17 rho=1e+07 support=355/12248
ADMM_ITER round=0/0 iteration=3500/30000 objective=0.00011992641116815808 r=4.12826e-08/1.10672e-08 s=0.0928321/1.72865e-05 projection_inf=8.36444e-17 rho=1e+07 support=354/12248
ADMM_ITER round=0/0 iteration=3525/30000 objective=0.000119444286078443 r=4.1188e-08/1.10672e-08 s=0.0938835/1.73712e-05 projection_inf=7.43492e-17 rho=1e+07 support=355/12248
ADMM_ITER round=0/0 iteration=3550/30000 objective=0.00011897430505194822 r=4.11629e-08/1.10672e-08 s=0.0917954/1.74568e-05 projection_inf=7.79265e-17 rho=1e+07 support=354/12248
ADMM_ITER round=0/0 iteration=3575/30000 objective=0.00011840867397371578 r=4.12358e-08/1.10672e-08 s=0.0849895/1.75432e-05 projection_inf=8.51538e-17 rho=1e+07 support=354/12248
ADMM_ITER round=0/0 iteration=3600/30000 objective=0.00011789977894633986 r=4.10639e-08/1.10672e-08 s=0.089773/1.76306e-05 projection_inf=7.9087e-17 rho=1e+07 support=355/12248
ADMM_ITER round=0/0 iteration=3625/30000 objective=0.00011730935261914008 r=4.09933e-08/1.10672e-08 s=0.0902203/1.77188e-05 projection_inf=8.88956e-17 rho=1e+07 support=354/12248
ADMM_ITER round=0/0 iteration=3650/30000 objective=0.00011653286624633839 r=4.0891e-08/1.10672e-08 s=0.0921557/1.78082e-05 projection_inf=8.02236e-17 rho=1e+07 support=354/12248
ADMM_ITER round=0/0 iteration=3675/30000 objective=0.00011587244862724464 r=4.08447e-08/1.10672e-08 s=0.0920061/1.78986e-05 projection_inf=8.24262e-17 rho=1e+07 support=356/12248
ADMM_ITER round=0/0 iteration=3700/30000 objective=0.00011545914714525531 r=4.08643e-08/1.10672e-08 s=0.0888003/1.799e-05 projection_inf=8.18614e-17 rho=1e+07 support=359/12248
ADMM_ITER round=0/0 iteration=3725/30000 objective=0.00011548295281825842 r=4.08272e-08/1.10672e-08 s=0.0883171/1.80817e-05 projection_inf=8.11397e-17 rho=1e+07 support=360/12248
ADMM_ITER round=0/0 iteration=3750/30000 objective=0.00011611401408535355 r=4.06751e-08/1.10672e-08 s=0.0930878/1.8173e-05 projection_inf=8.31781e-17 rho=1e+07 support=360/12248
ADMM_ITER round=0/0 iteration=3775/30000 objective=0.00011715753499136801 r=4.0523e-08/1.10672e-08 s=0.0976443/1.82632e-05 projection_inf=8.21165e-17 rho=1e+07 support=361/12248
ADMM_ITER round=0/0 iteration=3800/30000 objective=0.00011825682095934095 r=4.04862e-08/1.10672e-08 s=0.0937891/1.8352e-05 projection_inf=8.00421e-17 rho=1e+07 support=359/12248
ADMM_ITER round=0/0 iteration=3825/30000 objective=0.00011930578349634267 r=4.04911e-08/1.10672e-08 s=0.0903986/1.84395e-05 projection_inf=7.96442e-17 rho=1e+07 support=356/12248
ADMM_ITER round=0/0 iteration=3850/30000 objective=0.00012025730118035489 r=4.03718e-08/1.10672e-08 s=0.0934427/1.85257e-05 projection_inf=8.62972e-17 rho=1e+07 support=355/12248
ADMM_ITER round=0/0 iteration=3875/30000 objective=0.00012094597126802634 r=4.03389e-08/1.10672e-08 s=0.092747/1.86109e-05 projection_inf=8.79591e-17 rho=1e+07 support=355/12248
ADMM_ITER round=0/0 iteration=3900/30000 objective=0.00012145300040507448 r=4.02576e-08/1.10672e-08 s=0.0920046/1.86954e-05 projection_inf=9.26174e-17 rho=1e+07 support=356/12248
ADMM_ITER round=0/0 iteration=3925/30000 objective=0.00012164018878037669 r=4.0238e-08/1.10672e-08 s=0.0903375/1.87796e-05 projection_inf=7.91516e-17 rho=1e+07 support=356/12248
ADMM_ITER round=0/0 iteration=3950/30000 objective=0.00012166588283878664 r=4.01818e-08/1.10672e-08 s=0.090163/1.88639e-05 projection_inf=8.61801e-17 rho=1e+07 support=361/12248
ADMM_ITER round=0/0 iteration=3975/30000 objective=0.0001213610125285768 r=4.01554e-08/1.10672e-08 s=0.0869748/1.89484e-05 projection_inf=8.48276e-17 rho=1e+07 support=360/12248
ADMM_ITER round=0/0 iteration=4000/30000 objective=0.00012094810993804411 r=4.01272e-08/1.10672e-08 s=0.0851683/1.90336e-05 projection_inf=8.01953e-17 rho=1e+07 support=360/12248
ADMM_ITER round=0/0 iteration=4025/30000 objective=0.00012065877415845248 r=3.99213e-08/1.10672e-08 s=0.0919977/1.91193e-05 projection_inf=9.58503e-17 rho=1e+07 support=359/12248
ADMM_ITER round=0/0 iteration=4050/30000 objective=0.00012049013872319854 r=3.96709e-08/1.10672e-08 s=0.0990557/1.92055e-05 projection_inf=8.57167e-17 rho=1e+07 support=359/12248
ADMM_ITER round=0/0 iteration=4075/30000 objective=0.00012050781540109178 r=3.9587e-08/1.10672e-08 s=0.0984275/1.92919e-05 projection_inf=8.35373e-17 rho=1e+07 support=360/12248
ADMM_ITER round=0/0 iteration=4100/30000 objective=0.00012073059863132227 r=3.95988e-08/1.10672e-08 s=0.0941462/1.93782e-05 projection_inf=8.44626e-17 rho=1e+07 support=359/12248
ADMM_ITER round=0/0 iteration=4125/30000 objective=0.0001209983223254717 r=3.97546e-08/1.10672e-08 s=0.0823502/1.94642e-05 projection_inf=8.54874e-17 rho=1e+07 support=357/12248
ADMM_ITER round=0/0 iteration=4150/30000 objective=0.00012137999066903866 r=3.97672e-08/1.10672e-08 s=0.0776048/1.95499e-05 projection_inf=9.34872e-17 rho=1e+07 support=357/12248
ADMM_ITER round=0/0 iteration=4175/30000 objective=0.0001218541251021219 r=3.97629e-08/1.10672e-08 s=0.0732235/1.96352e-05 projection_inf=8.63195e-17 rho=1e+07 support=357/12248
ADMM_ITER round=0/0 iteration=4200/30000 objective=0.00012234122584359547 r=3.95661e-08/1.10672e-08 s=0.0793192/1.972e-05 projection_inf=8.43624e-17 rho=1e+07 support=354/12248
ADMM_ITER round=0/0 iteration=4225/30000 objective=0.00012263643720768254 r=3.93346e-08/1.10672e-08 s=0.0876819/1.98044e-05 projection_inf=9.11064e-17 rho=1e+07 support=355/12248
ADMM_ITER round=0/0 iteration=4250/30000 objective=0.00012269207258880959 r=3.9335e-08/1.10672e-08 s=0.0854564/1.98887e-05 projection_inf=8.54769e-17 rho=1e+07 support=355/12248
ADMM_ITER round=0/0 iteration=4275/30000 objective=0.00012275284836714802 r=3.92676e-08/1.10672e-08 s=0.0860536/1.99731e-05 projection_inf=8.5701e-17 rho=1e+07 support=355/12248
ADMM_ITER round=0/0 iteration=4300/30000 objective=0.00012281096183298123 r=3.92718e-08/1.10672e-08 s=0.082023/2.00574e-05 projection_inf=9.68183e-17 rho=1e+07 support=357/12248
ADMM_ITER round=0/0 iteration=4325/30000 objective=0.00012268243641798122 r=3.92264e-08/1.10672e-08 s=0.0803331/2.01419e-05 projection_inf=8.16213e-17 rho=1e+07 support=355/12248
ADMM_ITER round=0/0 iteration=4350/30000 objective=0.0001224241345931547 r=3.9136e-08/1.10672e-08 s=0.0818998/2.02268e-05 projection_inf=9.17219e-17 rho=1e+07 support=354/12248
ADMM_ITER round=0/0 iteration=4375/30000 objective=0.00012248712055329397 r=3.90024e-08/1.10672e-08 s=0.0856547/2.03119e-05 projection_inf=8.55314e-17 rho=1e+07 support=354/12248
ADMM_ITER round=0/0 iteration=4400/30000 objective=0.00012290556440682846 r=3.90313e-08/1.10672e-08 s=0.0797387/2.03968e-05 projection_inf=8.99035e-17 rho=1e+07 support=354/12248
ADMM_ITER round=0/0 iteration=4425/30000 objective=0.00012320545679556203 r=3.8912e-08/1.10672e-08 s=0.0821475/2.04813e-05 projection_inf=8.59091e-17 rho=1e+07 support=354/12248
ADMM_ITER round=0/0 iteration=4450/30000 objective=0.00012345505149198929 r=3.89898e-08/1.10672e-08 s=0.0753742/2.05656e-05 projection_inf=8.12324e-17 rho=1e+07 support=357/12248
ADMM_ITER round=0/0 iteration=4475/30000 objective=0.00012381048987950561 r=3.89931e-08/1.10672e-08 s=0.0724475/2.06496e-05 projection_inf=8.99796e-17 rho=1e+07 support=357/12248
ADMM_ITER round=0/0 iteration=4500/30000 objective=0.00012414866275444031 r=3.88794e-08/1.10672e-08 s=0.0753403/2.07333e-05 projection_inf=9.22876e-17 rho=1e+07 support=361/12248
ADMM_ITER round=0/0 iteration=4525/30000 objective=0.00012416793840973203 r=3.88557e-08/1.10672e-08 s=0.0735212/2.08168e-05 projection_inf=8.9861e-17 rho=1e+07 support=362/12248
ADMM_ITER round=0/0 iteration=4550/30000 objective=0.00012414284237960305 r=3.85545e-08/1.10672e-08 s=0.0838418/2.09005e-05 projection_inf=8.45764e-17 rho=1e+07 support=361/12248
ADMM_ITER round=0/0 iteration=4575/30000 objective=0.00012457707372397537 r=3.8205e-08/1.10672e-08 s=0.0957403/2.09841e-05 projection_inf=8.66963e-17 rho=1e+07 support=359/12248
ADMM_ITER round=0/0 iteration=4600/30000 objective=0.00012531573563454926 r=3.79889e-08/1.10672e-08 s=0.101929/2.1067e-05 projection_inf=8.95546e-17 rho=1e+07 support=361/12248
ADMM_ITER round=0/0 iteration=4625/30000 objective=0.00012614398033077077 r=3.79377e-08/1.10672e-08 s=0.101883/2.11491e-05 projection_inf=9.6614e-17 rho=1e+07 support=363/12248
ADMM_ITER round=0/0 iteration=4650/30000 objective=0.0001268712291430546 r=3.80758e-08/1.10672e-08 s=0.0916365/2.12302e-05 projection_inf=8.06473e-17 rho=1e+07 support=356/12248
ADMM_ITER round=0/0 iteration=4675/30000 objective=0.00012734178864236021 r=3.8049e-08/1.10672e-08 s=0.0873152/2.13108e-05 projection_inf=9.14525e-17 rho=1e+07 support=358/12248
ADMM_ITER round=0/0 iteration=4700/30000 objective=0.00012761913914140571 r=3.81061e-08/1.10672e-08 s=0.0805809/2.13911e-05 projection_inf=8.7878e-17 rho=1e+07 support=359/12248
ADMM_ITER round=0/0 iteration=4725/30000 objective=0.00012786999138292258 r=3.80074e-08/1.10672e-08 s=0.0802922/2.14711e-05 projection_inf=8.88433e-17 rho=1e+07 support=361/12248
ADMM_ITER round=0/0 iteration=4750/30000 objective=0.00012830661933271029 r=3.78356e-08/1.10672e-08 s=0.0842211/2.15509e-05 projection_inf=9.1656e-17 rho=1e+07 support=361/12248
ADMM_ITER round=0/0 iteration=4775/30000 objective=0.00012864639086346128 r=3.78869e-08/1.10672e-08 s=0.078428/2.16303e-05 projection_inf=9.19323e-17 rho=1e+07 support=360/12248
ADMM_ITER round=0/0 iteration=4800/30000 objective=0.0001287517482384096 r=3.77392e-08/1.10672e-08 s=0.0824205/2.17095e-05 projection_inf=9.04015e-17 rho=1e+07 support=359/12248
ADMM_ITER round=0/0 iteration=4825/30000 objective=0.00012882895155532558 r=3.76288e-08/1.10672e-08 s=0.0841866/2.17888e-05 projection_inf=9.18361e-17 rho=1e+07 support=361/12248
ADMM_ITER round=0/0 iteration=4850/30000 objective=0.0001289022301591422 r=3.75264e-08/1.10672e-08 s=0.086095/2.1868e-05 projection_inf=8.79071e-17 rho=1e+07 support=363/12248
ADMM_ITER round=0/0 iteration=4875/30000 objective=0.00012891852667608534 r=3.74777e-08/1.10672e-08 s=0.0857539/2.19474e-05 projection_inf=8.60087e-17 rho=1e+07 support=363/12248
ADMM_ITER round=0/0 iteration=4900/30000 objective=0.00012877519619659939 r=3.75176e-08/1.10672e-08 s=0.0816549/2.20268e-05 projection_inf=9.13734e-17 rho=1e+07 support=362/12248
ADMM_ITER round=0/0 iteration=4925/30000 objective=0.00012856530599966574 r=3.75196e-08/1.10672e-08 s=0.0762332/2.21066e-05 projection_inf=9.5222e-17 rho=1e+07 support=362/12248
ADMM_ITER round=0/0 iteration=4950/30000 objective=0.00012839927919207019 r=3.74983e-08/1.10672e-08 s=0.0743599/2.21867e-05 projection_inf=9.47235e-17 rho=1e+07 support=362/12248
ADMM_ITER round=0/0 iteration=4975/30000 objective=0.00012844951361195154 r=3.7553e-08/1.10672e-08 s=0.0691047/2.22669e-05 projection_inf=9.10451e-17 rho=1e+07 support=364/12248
ADMM_ITER round=0/0 iteration=5000/30000 objective=0.00012870071884545328 r=3.73826e-08/1.10672e-08 s=0.0752475/2.23471e-05 projection_inf=9.13868e-17 rho=1e+07 support=365/12248
ADMM_ITER round=0/0 iteration=5025/30000 objective=0.00012886931593310998 r=3.73487e-08/1.10672e-08 s=0.0749919/2.24271e-05 projection_inf=8.69888e-17 rho=1e+07 support=366/12248
ADMM_ITER round=0/0 iteration=5050/30000 objective=0.0001291392876963305 r=3.73756e-08/1.10672e-08 s=0.0716275/2.2507e-05 projection_inf=9.12234e-17 rho=1e+07 support=367/12248
ADMM_ITER round=0/0 iteration=5075/30000 objective=0.00012947413939591774 r=3.74575e-08/1.10672e-08 s=0.0646804/2.25866e-05 projection_inf=8.9636e-17 rho=1e+07 support=366/12248
ADMM_ITER round=0/0 iteration=5100/30000 objective=0.00012974233782949473 r=3.75073e-08/1.10672e-08 s=0.0595556/2.26659e-05 projection_inf=8.62429e-17 rho=1e+07 support=365/12248
ADMM_ITER round=0/0 iteration=5125/30000 objective=0.00012985636436536286 r=3.73223e-08/1.10672e-08 s=0.0684698/2.27452e-05 projection_inf=9.66857e-17 rho=1e+07 support=364/12248
ADMM_ITER round=0/0 iteration=5150/30000 objective=0.000129848000054236 r=3.72586e-08/1.10672e-08 s=0.0701095/2.28244e-05 projection_inf=9.8739e-17 rho=1e+07 support=361/12248
ADMM_ITER round=0/0 iteration=5175/30000 objective=0.00012982619658291809 r=3.7253e-08/1.10672e-08 s=0.0688262/2.29039e-05 projection_inf=9.12715e-17 rho=1e+07 support=362/12248
ADMM_ITER round=0/0 iteration=5200/30000 objective=0.00012984558613483757 r=3.72862e-08/1.10672e-08 s=0.0648882/2.29833e-05 projection_inf=9.08771e-17 rho=1e+07 support=361/12248
ADMM_ITER round=0/0 iteration=5225/30000 objective=0.00012974230146529258 r=3.72542e-08/1.10672e-08 s=0.0647658/2.3063e-05 projection_inf=9.2152e-17 rho=1e+07 support=363/12248
ADMM_ITER round=0/0 iteration=5250/30000 objective=0.00012956075881550021 r=3.71142e-08/1.10672e-08 s=0.0706045/2.31428e-05 projection_inf=9.00729e-17 rho=1e+07 support=364/12248
ADMM_ITER round=0/0 iteration=5275/30000 objective=0.00012949910845277035 r=3.70457e-08/1.10672e-08 s=0.0720505/2.3223e-05 projection_inf=9.43273e-17 rho=1e+07 support=362/12248
ADMM_ITER round=0/0 iteration=5300/30000 objective=0.00012938570344781701 r=3.70451e-08/1.10672e-08 s=0.070257/2.33032e-05 projection_inf=9.91781e-17 rho=1e+07 support=364/12248
ADMM_ITER round=0/0 iteration=5325/30000 objective=0.00012901965428870209 r=3.69951e-08/1.10672e-08 s=0.0710916/2.33838e-05 projection_inf=9.28751e-17 rho=1e+07 support=365/12248
ADMM_ITER round=0/0 iteration=5350/30000 objective=0.00012853909251568055 r=3.69146e-08/1.10672e-08 s=0.0732481/2.34649e-05 projection_inf=8.67112e-17 rho=1e+07 support=368/12248
ADMM_ITER round=0/0 iteration=5375/30000 objective=0.00012819019668548263 r=3.69696e-08/1.10672e-08 s=0.0687179/2.35466e-05 projection_inf=9.12928e-17 rho=1e+07 support=370/12248
ADMM_ITER round=0/0 iteration=5400/30000 objective=0.00012813633757192399 r=3.69913e-08/1.10672e-08 s=0.0654692/2.36285e-05 projection_inf=9.26853e-17 rho=1e+07 support=369/12248
ADMM_ITER round=0/0 iteration=5425/30000 objective=0.00012841160681496388 r=3.69308e-08/1.10672e-08 s=0.0667988/2.37104e-05 projection_inf=9.38313e-17 rho=1e+07 support=371/12248
ADMM_ITER round=0/0 iteration=5450/30000 objective=0.00012889816036379547 r=3.68438e-08/1.10672e-08 s=0.0688244/2.37919e-05 projection_inf=9.14771e-17 rho=1e+07 support=368/12248
ADMM_ITER round=0/0 iteration=5475/30000 objective=0.00012933537650054857 r=3.67427e-08/1.10672e-08 s=0.0721963/2.3873e-05 projection_inf=9.95343e-17 rho=1e+07 support=369/12248
ADMM_ITER round=0/0 iteration=5500/30000 objective=0.00012964255578594888 r=3.66894e-08/1.10672e-08 s=0.0725461/2.39538e-05 projection_inf=9.0127e-17 rho=1e+07 support=369/12248
ADMM_ITER round=0/0 iteration=5525/30000 objective=0.00013001053827905675 r=3.66195e-08/1.10672e-08 s=0.0725294/2.40343e-05 projection_inf=9.54639e-17 rho=1e+07 support=369/12248
ADMM_ITER round=0/0 iteration=5550/30000 objective=0.00013055630265901497 r=3.66419e-08/1.10672e-08 s=0.0689267/2.41144e-05 projection_inf=9.95664e-17 rho=1e+07 support=370/12248
ADMM_ITER round=0/0 iteration=5575/30000 objective=0.00013110974452527687 r=3.65845e-08/1.10672e-08 s=0.0694672/2.41939e-05 projection_inf=8.9901e-17 rho=1e+07 support=369/12248
ADMM_ITER round=0/0 iteration=5600/30000 objective=0.00013144992262457839 r=3.65679e-08/1.10672e-08 s=0.0673051/2.42731e-05 projection_inf=9.07547e-17 rho=1e+07 support=367/12248
ADMM_ITER round=0/0 iteration=5625/30000 objective=0.00013148579816854797 r=3.6571e-08/1.10672e-08 s=0.0640748/2.43522e-05 projection_inf=9.08406e-17 rho=1e+07 support=365/12248
ADMM_ITER round=0/0 iteration=5650/30000 objective=0.00013144590457068593 r=3.6454e-08/1.10672e-08 s=0.0680867/2.44313e-05 projection_inf=1.02387e-16 rho=1e+07 support=365/12248
ADMM_ITER round=0/0 iteration=5675/30000 objective=0.00013147835182937567 r=3.63606e-08/1.10672e-08 s=0.0708086/2.45106e-05 projection_inf=9.23216e-17 rho=1e+07 support=365/12248
ADMM_ITER round=0/0 iteration=5700/30000 objective=0.00013163994997460022 r=3.63386e-08/1.10672e-08 s=0.0690479/2.45898e-05 projection_inf=9.50605e-17 rho=1e+07 support=366/12248
ADMM_ITER round=0/0 iteration=5725/30000 objective=0.00013212400211409843 r=3.62993e-08/1.10672e-08 s=0.0677586/2.46687e-05 projection_inf=9.17081e-17 rho=1e+07 support=364/12248
ADMM_ITER round=0/0 iteration=5750/30000 objective=0.00013283942400998082 r=3.62695e-08/1.10672e-08 s=0.0663178/2.47471e-05 projection_inf=9.5618e-17 rho=1e+07 support=362/12248
ADMM_ITER round=0/0 iteration=5775/30000 objective=0.00013363340689128781 r=3.6229e-08/1.10672e-08 s=0.066379/2.48248e-05 projection_inf=1.01633e-16 rho=1e+07 support=364/12248
ADMM_ITER round=0/0 iteration=5800/30000 objective=0.00013432746009131211 r=3.61808e-08/1.10672e-08 s=0.0666603/2.49019e-05 projection_inf=9.275e-17 rho=1e+07 support=363/12248
ADMM_ITER round=0/0 iteration=5825/30000 objective=0.00013466542277629093 r=3.62314e-08/1.10672e-08 s=0.0619518/2.49784e-05 projection_inf=9.95693e-17 rho=1e+07 support=363/12248
ADMM_ITER round=0/0 iteration=5850/30000 objective=0.00013471653338367127 r=3.61633e-08/1.10672e-08 s=0.0639312/2.50549e-05 projection_inf=1.03954e-16 rho=1e+07 support=365/12248
ADMM_ITER round=0/0 iteration=5875/30000 objective=0.00013455748938118422 r=3.61207e-08/1.10672e-08 s=0.0642105/2.51315e-05 projection_inf=9.98221e-17 rho=1e+07 support=363/12248
ADMM_ITER round=0/0 iteration=5900/30000 objective=0.0001343165716103165 r=3.61198e-08/1.10672e-08 s=0.0611736/2.52085e-05 projection_inf=9.08638e-17 rho=1e+07 support=364/12248
ADMM_ITER round=0/0 iteration=5925/30000 objective=0.00013409758206361244 r=3.61466e-08/1.10672e-08 s=0.0569583/2.52857e-05 projection_inf=9.12806e-17 rho=1e+07 support=364/12248
ADMM_ITER round=0/0 iteration=5950/30000 objective=0.00013381875114186332 r=3.61128e-08/1.10672e-08 s=0.0568891/2.53632e-05 projection_inf=9.24415e-17 rho=1e+07 support=362/12248
ADMM_ITER round=0/0 iteration=5975/30000 objective=0.00013341700376487894 r=3.60987e-08/1.10672e-08 s=0.0559861/2.54412e-05 projection_inf=9.63922e-17 rho=1e+07 support=364/12248
ADMM_ITER round=0/0 iteration=6000/30000 objective=0.000132926527719709 r=3.60549e-08/1.10672e-08 s=0.0571146/2.55196e-05 projection_inf=1.0296e-16 rho=1e+07 support=364/12248
ADMM_ITER round=0/0 iteration=6025/30000 objective=0.0001324575463977199 r=3.60027e-08/1.10672e-08 s=0.0589193/2.55987e-05 projection_inf=9.73308e-17 rho=1e+07 support=366/12248
ADMM_ITER round=0/0 iteration=6050/30000 objective=0.00013202684791807312 r=3.5903e-08/1.10672e-08 s=0.0628899/2.56782e-05 projection_inf=9.92302e-17 rho=1e+07 support=363/12248
ADMM_ITER round=0/0 iteration=6075/30000 objective=0.00013169421584174093 r=3.59347e-08/1.10672e-08 s=0.0594782/2.57581e-05 projection_inf=9.8456e-17 rho=1e+07 support=363/12248
ADMM_ITER round=0/0 iteration=6100/30000 objective=0.00013153727903023017 r=3.59554e-08/1.10672e-08 s=0.0568796/2.58384e-05 projection_inf=9.34644e-17 rho=1e+07 support=363/12248
ADMM_ITER round=0/0 iteration=6125/30000 objective=0.00013164180009992462 r=3.59374e-08/1.10672e-08 s=0.0557305/2.59187e-05 projection_inf=9.10633e-17 rho=1e+07 support=368/12248
ADMM_ITER round=0/0 iteration=6150/30000 objective=0.00013186945074437174 r=3.59007e-08/1.10672e-08 s=0.0558301/2.59989e-05 projection_inf=1.03619e-16 rho=1e+07 support=368/12248
ADMM_ITER round=0/0 iteration=6175/30000 objective=0.00013208925775000556 r=3.58289e-08/1.10672e-08 s=0.0582762/2.60789e-05 projection_inf=9.07495e-17 rho=1e+07 support=368/12248
ADMM_ITER round=0/0 iteration=6200/30000 objective=0.00013240359187837442 r=3.57985e-08/1.10672e-08 s=0.0582939/2.61588e-05 projection_inf=1.00728e-16 rho=1e+07 support=370/12248
ADMM_ITER round=0/0 iteration=6225/30000 objective=0.00013291764601468058 r=3.58014e-08/1.10672e-08 s=0.0557738/2.62383e-05 projection_inf=9.38975e-17 rho=1e+07 support=363/12248
ADMM_ITER round=0/0 iteration=6250/30000 objective=0.00013353293841309258 r=3.56893e-08/1.10672e-08 s=0.0607379/2.63173e-05 projection_inf=9.7855e-17 rho=1e+07 support=364/12248
ADMM_ITER round=0/0 iteration=6275/30000 objective=0.00013412105289733713 r=3.55988e-08/1.10672e-08 s=0.0643198/2.63958e-05 projection_inf=9.73946e-17 rho=1e+07 support=363/12248
ADMM_ITER round=0/0 iteration=6300/30000 objective=0.00013482418001874044 r=3.55643e-08/1.10672e-08 s=0.0648205/2.64738e-05 projection_inf=1.04498e-16 rho=1e+07 support=365/12248
ADMM_ITER round=0/0 iteration=6325/30000 objective=0.00013562072518599993 r=3.54445e-08/1.10672e-08 s=0.0695881/2.65511e-05 projection_inf=9.63078e-17 rho=1e+07 support=366/12248
ADMM_ITER round=0/0 iteration=6350/30000 objective=0.00013622617357989962 r=3.53583e-08/1.10672e-08 s=0.072589/2.66277e-05 projection_inf=9.44527e-17 rho=1e+07 support=367/12248
ADMM_ITER round=0/0 iteration=6375/30000 objective=0.0001365089747352786 r=3.53027e-08/1.10672e-08 s=0.0730412/2.67041e-05 projection_inf=9.81452e-17 rho=1e+07 support=364/12248
ADMM_ITER round=0/0 iteration=6400/30000 objective=0.00013666384720741889 r=3.52909e-08/1.10672e-08 s=0.0722354/2.67803e-05 projection_inf=1.01883e-16 rho=1e+07 support=363/12248
ADMM_ITER round=0/0 iteration=6425/30000 objective=0.00013684141163402603 r=3.53824e-08/1.10672e-08 s=0.0661171/2.68564e-05 projection_inf=1.01906e-16 rho=1e+07 support=361/12248
ADMM_ITER round=0/0 iteration=6450/30000 objective=0.0001371512675051875 r=3.53697e-08/1.10672e-08 s=0.0653722/2.69323e-05 projection_inf=1.01871e-16 rho=1e+07 support=361/12248
ADMM_ITER round=0/0 iteration=6475/30000 objective=0.00013752964733730339 r=3.52924e-08/1.10672e-08 s=0.0678464/2.7008e-05 projection_inf=9.93325e-17 rho=1e+07 support=359/12248
ADMM_ITER round=0/0 iteration=6500/30000 objective=0.00013791982400793834 r=3.53282e-08/1.10672e-08 s=0.0639824/2.70834e-05 projection_inf=9.35718e-17 rho=1e+07 support=358/12248
ADMM_ITER round=0/0 iteration=6525/30000 objective=0.00013829242277002256 r=3.52541e-08/1.10672e-08 s=0.0662488/2.71585e-05 projection_inf=1.06836e-16 rho=1e+07 support=362/12248
ADMM_ITER round=0/0 iteration=6550/30000 objective=0.00013845895069668172 r=3.5107e-08/1.10672e-08 s=0.0720524/2.72335e-05 projection_inf=9.29584e-17 rho=1e+07 support=365/12248
ADMM_ITER round=0/0 iteration=6575/30000 objective=0.00013825237883683999 r=3.50162e-08/1.10672e-08 s=0.0742077/2.73085e-05 projection_inf=1.00832e-16 rho=1e+07 support=364/12248
ADMM_ITER round=0/0 iteration=6600/30000 objective=0.0001376930709506794 r=3.49059e-08/1.10672e-08 s=0.0769896/2.73839e-05 projection_inf=1.01229e-16 rho=1e+07 support=366/12248
ADMM_ITER round=0/0 iteration=6625/30000 objective=0.00013721894202604575 r=3.47806e-08/1.10672e-08 s=0.0806957/2.74599e-05 projection_inf=9.99409e-17 rho=1e+07 support=364/12248
ADMM_ITER round=0/0 iteration=6650/30000 objective=0.00013694865266782849 r=3.47155e-08/1.10672e-08 s=0.0813291/2.75363e-05 projection_inf=1.02006e-16 rho=1e+07 support=365/12248
ADMM_ITER round=0/0 iteration=6675/30000 objective=0.00013680882258446721 r=3.46887e-08/1.10672e-08 s=0.0804347/2.76129e-05 projection_inf=9.66962e-17 rho=1e+07 support=365/12248
ADMM_ITER round=0/0 iteration=6700/30000 objective=0.00013665719913000257 r=3.47369e-08/1.10672e-08 s=0.0759479/2.76897e-05 projection_inf=9.55991e-17 rho=1e+07 support=364/12248
ADMM_ITER round=0/0 iteration=6725/30000 objective=0.000136659383528397 r=3.48023e-08/1.10672e-08 s=0.0696665/2.77666e-05 projection_inf=1.05575e-16 rho=1e+07 support=362/12248
ADMM_ITER round=0/0 iteration=6750/30000 objective=0.00013692330188614784 r=3.47151e-08/1.10672e-08 s=0.0699773/2.78434e-05 projection_inf=9.29285e-17 rho=1e+07 support=360/12248
ADMM_ITER round=0/0 iteration=6775/30000 objective=0.00013746977060767647 r=3.4691e-08/1.10672e-08 s=0.0687646/2.79199e-05 projection_inf=1.0195e-16 rho=1e+07 support=360/12248
ADMM_ITER round=0/0 iteration=6800/30000 objective=0.00013834925307564525 r=3.45892e-08/1.10672e-08 s=0.0717988/2.79958e-05 projection_inf=1.09509e-16 rho=1e+07 support=363/12248
ADMM_ITER round=0/0 iteration=6825/30000 objective=0.00013923844002307949 r=3.45167e-08/1.10672e-08 s=0.0729732/2.80709e-05 projection_inf=1.10711e-16 rho=1e+07 support=360/12248
ADMM_ITER round=0/0 iteration=6850/30000 objective=0.0001400047030329205 r=3.45038e-08/1.10672e-08 s=0.0719205/2.81454e-05 projection_inf=1.00375e-16 rho=1e+07 support=364/12248
ADMM_ITER round=0/0 iteration=6875/30000 objective=0.00014057293391700758 r=3.44742e-08/1.10672e-08 s=0.0717338/2.82193e-05 projection_inf=1.04567e-16 rho=1e+07 support=366/12248
ADMM_ITER round=0/0 iteration=6900/30000 objective=0.00014098437451682308 r=3.44543e-08/1.10672e-08 s=0.0709684/2.82929e-05 projection_inf=1.0676e-16 rho=1e+07 support=368/12248
ADMM_ITER round=0/0 iteration=6925/30000 objective=0.00014112037099890871 r=3.44643e-08/1.10672e-08 s=0.0687421/2.83663e-05 projection_inf=1.06077e-16 rho=1e+07 support=368/12248
ADMM_ITER round=0/0 iteration=6950/30000 objective=0.00014120722822440367 r=3.43677e-08/1.10672e-08 s=0.0714715/2.84396e-05 projection_inf=1.04915e-16 rho=1e+07 support=369/12248
ADMM_ITER round=0/0 iteration=6975/30000 objective=0.00014138677476902779 r=3.43624e-08/1.10672e-08 s=0.0692582/2.85129e-05 projection_inf=1.06295e-16 rho=1e+07 support=369/12248
ADMM_ITER round=0/0 iteration=7000/30000 objective=0.00014158924896215839 r=3.41951e-08/1.10672e-08 s=0.0745326/2.85861e-05 projection_inf=9.79768e-17 rho=1e+07 support=371/12248
ADMM_ITER round=0/0 iteration=7025/30000 objective=0.00014173674486610657 r=3.40526e-08/1.10672e-08 s=0.0781582/2.86592e-05 projection_inf=9.9916e-17 rho=1e+07 support=369/12248
ADMM_ITER round=0/0 iteration=7050/30000 objective=0.00014185024351904421 r=3.41491e-08/1.10672e-08 s=0.0715311/2.87322e-05 projection_inf=1.01335e-16 rho=1e+07 support=370/12248
ADMM_ITER round=0/0 iteration=7075/30000 objective=0.00014182388343735001 r=3.40743e-08/1.10672e-08 s=0.0731968/2.88053e-05 projection_inf=1.0936e-16 rho=1e+07 support=369/12248
ADMM_ITER round=0/0 iteration=7100/30000 objective=0.00014156892731705925 r=3.40027e-08/1.10672e-08 s=0.0747096/2.88785e-05 projection_inf=1.04958e-16 rho=1e+07 support=367/12248
ADMM_ITER round=0/0 iteration=7125/30000 objective=0.00014121011434371458 r=3.4143e-08/1.10672e-08 s=0.0646033/2.8952e-05 projection_inf=1.03424e-16 rho=1e+07 support=364/12248
ADMM_ITER round=0/0 iteration=7150/30000 objective=0.00014086276361641775 r=3.41445e-08/1.10672e-08 s=0.0622826/2.9026e-05 projection_inf=1.02305e-16 rho=1e+07 support=363/12248
ADMM_ITER round=0/0 iteration=7175/30000 objective=0.0001407735425849787 r=3.40427e-08/1.10672e-08 s=0.0652266/2.91001e-05 projection_inf=1.06523e-16 rho=1e+07 support=362/12248
ADMM_ITER round=0/0 iteration=7200/30000 objective=0.0001408697758048467 r=3.3941e-08/1.10672e-08 s=0.0680761/2.91743e-05 projection_inf=9.80289e-17 rho=1e+07 support=363/12248
ADMM_ITER round=0/0 iteration=7225/30000 objective=0.00014090975049905634 r=3.39904e-08/1.10672e-08 s=0.0634467/2.92485e-05 projection_inf=1.05946e-16 rho=1e+07 support=363/12248
ADMM_ITER round=0/0 iteration=7250/30000 objective=0.00014095433223060953 r=3.39095e-08/1.10672e-08 s=0.0650255/2.93227e-05 projection_inf=1.0525e-16 rho=1e+07 support=365/12248
ADMM_ITER round=0/0 iteration=7275/30000 objective=0.00014110037613939447 r=3.37906e-08/1.10672e-08 s=0.0689692/2.93969e-05 projection_inf=1.00971e-16 rho=1e+07 support=364/12248
ADMM_ITER round=0/0 iteration=7300/30000 objective=0.00014122420390337424 r=3.37215e-08/1.10672e-08 s=0.0705812/2.9471e-05 projection_inf=1.03859e-16 rho=1e+07 support=365/12248
ADMM_ITER round=0/0 iteration=7325/30000 objective=0.00014125223950650238 r=3.37913e-08/1.10672e-08 s=0.0653859/2.9545e-05 projection_inf=9.81805e-17 rho=1e+07 support=367/12248
ADMM_ITER round=0/0 iteration=7350/30000 objective=0.00014124464396747974 r=3.3868e-08/1.10672e-08 s=0.0593615/2.96192e-05 projection_inf=1.00033e-16 rho=1e+07 support=366/12248
ADMM_ITER round=0/0 iteration=7375/30000 objective=0.00014127014618756496 r=3.37842e-08/1.10672e-08 s=0.0623502/2.96933e-05 projection_inf=1.06497e-16 rho=1e+07 support=365/12248
ADMM_ITER round=0/0 iteration=7400/30000 objective=0.00014142574778225968 r=3.37692e-08/1.10672e-08 s=0.0615447/2.97675e-05 projection_inf=1.07922e-16 rho=1e+07 support=366/12248
ADMM_ITER round=0/0 iteration=7425/30000 objective=0.00014166377752021346 r=3.369e-08/1.10672e-08 s=0.0643191/2.98415e-05 projection_inf=1.04006e-16 rho=1e+07 support=365/12248
ADMM_ITER round=0/0 iteration=7450/30000 objective=0.00014182285731844868 r=3.36684e-08/1.10672e-08 s=0.0637077/2.99153e-05 projection_inf=1.17601e-16 rho=1e+07 support=364/12248
ADMM_ITER round=0/0 iteration=7475/30000 objective=0.00014186187408478474 r=3.37075e-08/1.10672e-08 s=0.0601667/2.99892e-05 projection_inf=1.1423e-16 rho=1e+07 support=367/12248
ADMM_ITER round=0/0 iteration=7500/30000 objective=0.00014188462118238865 r=3.37131e-08/1.10672e-08 s=0.0573177/3.00631e-05 projection_inf=9.81045e-17 rho=1e+07 support=365/12248
ADMM_ITER round=0/0 iteration=7525/30000 objective=0.00014203014531529877 r=3.3662e-08/1.10672e-08 s=0.0583535/3.01369e-05 projection_inf=9.99117e-17 rho=1e+07 support=365/12248
ADMM_ITER round=0/0 iteration=7550/30000 objective=0.00014222353424579476 r=3.35917e-08/1.10672e-08 s=0.0608245/3.02107e-05 projection_inf=1.07109e-16 rho=1e+07 support=365/12248
ADMM_ITER round=0/0 iteration=7575/30000 objective=0.00014242240936638791 r=3.36284e-08/1.10672e-08 s=0.0572855/3.02843e-05 projection_inf=1.12385e-16 rho=1e+07 support=367/12248
ADMM_ITER round=0/0 iteration=7600/30000 objective=0.00014259189020977001 r=3.36131e-08/1.10672e-08 s=0.0565716/3.03579e-05 projection_inf=1.05778e-16 rho=1e+07 support=367/12248
ADMM_ITER round=0/0 iteration=7625/30000 objective=0.00014266496294486838 r=3.3486e-08/1.10672e-08 s=0.0620292/3.04313e-05 projection_inf=1.07597e-16 rho=1e+07 support=369/12248
ADMM_ITER round=0/0 iteration=7650/30000 objective=0.0001426890065142367 r=3.34556e-08/1.10672e-08 s=0.0605534/3.05048e-05 projection_inf=1.07304e-16 rho=1e+07 support=368/12248
ADMM_ITER round=0/0 iteration=7675/30000 objective=0.00014269888555388079 r=3.33684e-08/1.10672e-08 s=0.0633713/3.05784e-05 projection_inf=1.05317e-16 rho=1e+07 support=368/12248
ADMM_ITER round=0/0 iteration=7700/30000 objective=0.00014270747731489386 r=3.33102e-08/1.10672e-08 s=0.0645281/3.06519e-05 projection_inf=1.02931e-16 rho=1e+07 support=369/12248
ADMM_ITER round=0/0 iteration=7725/30000 objective=0.00014276694365831328 r=3.3293e-08/1.10672e-08 s=0.0641142/3.07255e-05 projection_inf=1.04636e-16 rho=1e+07 support=369/12248
ADMM_ITER round=0/0 iteration=7750/30000 objective=0.00014287997828540993 r=3.32978e-08/1.10672e-08 s=0.0626676/3.0799e-05 projection_inf=1.10792e-16 rho=1e+07 support=370/12248
ADMM_ITER round=0/0 iteration=7775/30000 objective=0.00014304223150728024 r=3.33471e-08/1.10672e-08 s=0.0586723/3.08725e-05 projection_inf=1.12169e-16 rho=1e+07 support=371/12248
ADMM_ITER round=0/0 iteration=7800/30000 objective=0.00014321356504059022 r=3.3352e-08/1.10672e-08 s=0.057131/3.09459e-05 projection_inf=1.06777e-16 rho=1e+07 support=372/12248
ADMM_ITER round=0/0 iteration=7825/30000 objective=0.0001433424285726513 r=3.32438e-08/1.10672e-08 s=0.0618743/3.10192e-05 projection_inf=1.05294e-16 rho=1e+07 support=371/12248
ADMM_ITER round=0/0 iteration=7850/30000 objective=0.00014337243383616264 r=3.31645e-08/1.10672e-08 s=0.0649604/3.10924e-05 projection_inf=1.00126e-16 rho=1e+07 support=371/12248
ADMM_ITER round=0/0 iteration=7875/30000 objective=0.00014326820967166506 r=3.30902e-08/1.10672e-08 s=0.0672505/3.11658e-05 projection_inf=1.03645e-16 rho=1e+07 support=368/12248
ADMM_ITER round=0/0 iteration=7900/30000 objective=0.00014316605132774863 r=3.31371e-08/1.10672e-08 s=0.0636962/3.12393e-05 projection_inf=1.12459e-16 rho=1e+07 support=370/12248
ADMM_ITER round=0/0 iteration=7925/30000 objective=0.00014327998974392832 r=3.31238e-08/1.10672e-08 s=0.063033/3.13128e-05 projection_inf=1.06301e-16 rho=1e+07 support=369/12248
ADMM_ITER round=0/0 iteration=7950/30000 objective=0.00014361622187559339 r=3.31548e-08/1.10672e-08 s=0.059182/3.13862e-05 projection_inf=1.07352e-16 rho=1e+07 support=367/12248
ADMM_ITER round=0/0 iteration=7975/30000 objective=0.00014402276101015241 r=3.31046e-08/1.10672e-08 s=0.0600031/3.14593e-05 projection_inf=1.05743e-16 rho=1e+07 support=366/12248
ADMM_ITER round=0/0 iteration=8000/30000 objective=0.00014434407320817368 r=3.29869e-08/1.10672e-08 s=0.0645941/3.15321e-05 projection_inf=1.06327e-16 rho=1e+07 support=364/12248
ADMM_ITER round=0/0 iteration=8025/30000 objective=0.00014461330793505864 r=3.2936e-08/1.10672e-08 s=0.0657461/3.16048e-05 projection_inf=1.04481e-16 rho=1e+07 support=364/12248
ADMM_ITER round=0/0 iteration=8050/30000 objective=0.00014497117583375877 r=3.29649e-08/1.10672e-08 s=0.0627975/3.16772e-05 projection_inf=1.03861e-16 rho=1e+07 support=362/12248
ADMM_ITER round=0/0 iteration=8075/30000 objective=0.00014535511732792684 r=3.29096e-08/1.10672e-08 s=0.0639827/3.17494e-05 projection_inf=1.15335e-16 rho=1e+07 support=363/12248
ADMM_ITER round=0/0 iteration=8100/30000 objective=0.00014566269327905947 r=3.29046e-08/1.10672e-08 s=0.0630303/3.18214e-05 projection_inf=1.05083e-16 rho=1e+07 support=365/12248
ADMM_ITER round=0/0 iteration=8125/30000 objective=0.00014581753532098477 r=3.28886e-08/1.10672e-08 s=0.061523/3.18932e-05 projection_inf=1.04e-16 rho=1e+07 support=366/12248
ADMM_ITER round=0/0 iteration=8150/30000 objective=0.00014588767189863431 r=3.28927e-08/1.10672e-08 s=0.0592758/3.1965e-05 projection_inf=9.91403e-17 rho=1e+07 support=363/12248
ADMM_ITER round=0/0 iteration=8175/30000 objective=0.00014588948320308959 r=3.28149e-08/1.10672e-08 s=0.0620087/3.20368e-05 projection_inf=1.01019e-16 rho=1e+07 support=364/12248
ADMM_ITER round=0/0 iteration=8200/30000 objective=0.00014595164920582667 r=3.26878e-08/1.10672e-08 s=0.06728/3.21086e-05 projection_inf=9.95907e-17 rho=1e+07 support=364/12248
ADMM_ITER round=0/0 iteration=8225/30000 objective=0.00014605933894883591 r=3.25903e-08/1.10672e-08 s=0.0708146/3.21804e-05 projection_inf=1.06933e-16 rho=1e+07 support=364/12248
ADMM_ITER round=0/0 iteration=8250/30000 objective=0.00014604523054988433 r=3.24877e-08/1.10672e-08 s=0.0745091/3.22522e-05 projection_inf=9.97047e-17 rho=1e+07 support=365/12248
ADMM_ITER round=0/0 iteration=8275/30000 objective=0.00014586407189840715 r=3.24674e-08/1.10672e-08 s=0.0735448/3.23241e-05 projection_inf=1.15947e-16 rho=1e+07 support=363/12248
ADMM_ITER round=0/0 iteration=8300/30000 objective=0.00014554036663663156 r=3.25241e-08/1.10672e-08 s=0.0699742/3.23962e-05 projection_inf=1.09449e-16 rho=1e+07 support=364/12248
ADMM_ITER round=0/0 iteration=8325/30000 objective=0.00014516343836960298 r=3.25744e-08/1.10672e-08 s=0.0662301/3.24687e-05 projection_inf=1.10832e-16 rho=1e+07 support=366/12248
ADMM_ITER round=0/0 iteration=8350/30000 objective=0.00014502407787153612 r=3.24825e-08/1.10672e-08 s=0.0668723/3.25414e-05 projection_inf=1.0087e-16 rho=1e+07 support=364/12248
ADMM_ITER round=0/0 iteration=8375/30000 objective=0.00014522756819497506 r=3.2351e-08/1.10672e-08 s=0.071663/3.26141e-05 projection_inf=1.13592e-16 rho=1e+07 support=364/12248
ADMM_ITER round=0/0 iteration=8400/30000 objective=0.00014566263196110193 r=3.22435e-08/1.10672e-08 s=0.0752643/3.26865e-05 projection_inf=1.0421e-16 rho=1e+07 support=365/12248
ADMM_ITER round=0/0 iteration=8425/30000 objective=0.00014628356583187035 r=3.21139e-08/1.10672e-08 s=0.0792599/3.27586e-05 projection_inf=1.0806e-16 rho=1e+07 support=368/12248
ADMM_ITER round=0/0 iteration=8450/30000 objective=0.0001470358646364441 r=3.21238e-08/1.10672e-08 s=0.077525/3.28302e-05 projection_inf=1.07849e-16 rho=1e+07 support=368/12248
ADMM_ITER round=0/0 iteration=8475/30000 objective=0.00014778563391226759 r=3.22295e-08/1.10672e-08 s=0.0719094/3.29012e-05 projection_inf=1.09859e-16 rho=1e+07 support=367/12248
ADMM_ITER round=0/0 iteration=8500/30000 objective=0.00014846487566936293 r=3.23568e-08/1.10672e-08 s=0.0646238/3.29717e-05 projection_inf=1.00509e-16 rho=1e+07 support=364/12248
ADMM_ITER round=0/0 iteration=8525/30000 objective=0.00014908048500319635 r=3.23902e-08/1.10672e-08 s=0.0613198/3.30418e-05 projection_inf=1.05607e-16 rho=1e+07 support=364/12248
ADMM_ITER round=0/0 iteration=8550/30000 objective=0.00014964975298018107 r=3.22718e-08/1.10672e-08 s=0.0660891/3.31115e-05 projection_inf=1.10833e-16 rho=1e+07 support=364/12248
ADMM_ITER round=0/0 iteration=8575/30000 objective=0.00015009836580711063 r=3.21792e-08/1.10672e-08 s=0.0690436/3.31808e-05 projection_inf=1.06685e-16 rho=1e+07 support=364/12248
ADMM_ITER round=0/0 iteration=8600/30000 objective=0.00015039407393043139 r=3.22403e-08/1.10672e-08 s=0.0641319/3.32499e-05 projection_inf=1.08377e-16 rho=1e+07 support=362/12248
ADMM_ITER round=0/0 iteration=8625/30000 objective=0.00015044957921140823 r=3.2285e-08/1.10672e-08 s=0.0604818/3.33189e-05 projection_inf=1.21744e-16 rho=1e+07 support=363/12248
ADMM_ITER round=0/0 iteration=8650/30000 objective=0.0001503922676677657 r=3.2158e-08/1.10672e-08 s=0.0655192/3.3388e-05 projection_inf=1.24573e-16 rho=1e+07 support=365/12248
ADMM_ITER round=0/0 iteration=8675/30000 objective=0.00015030806940939293 r=3.21182e-08/1.10672e-08 s=0.0660107/3.34571e-05 projection_inf=1.0286e-16 rho=1e+07 support=364/12248
ADMM_ITER round=0/0 iteration=8700/30000 objective=0.00015016246323304797 r=3.20618e-08/1.10672e-08 s=0.0673126/3.35264e-05 projection_inf=1.09983e-16 rho=1e+07 support=366/12248
ADMM_ITER round=0/0 iteration=8725/30000 objective=0.00014990000103638534 r=3.18976e-08/1.10672e-08 s=0.0735148/3.35959e-05 projection_inf=1.17505e-16 rho=1e+07 support=369/12248
ADMM_ITER round=0/0 iteration=8750/30000 objective=0.00014950881906286909 r=3.1799e-08/1.10672e-08 s=0.076424/3.36656e-05 projection_inf=1.06842e-16 rho=1e+07 support=371/12248
ADMM_ITER round=0/0 iteration=8775/30000 objective=0.00014906042689171627 r=3.16967e-08/1.10672e-08 s=0.0794486/3.37357e-05 projection_inf=9.95022e-17 rho=1e+07 support=370/12248
ADMM_ITER round=0/0 iteration=8800/30000 objective=0.00014862196628068547 r=3.16338e-08/1.10672e-08 s=0.0807581/3.38062e-05 projection_inf=1.10173e-16 rho=1e+07 support=371/12248
ADMM_ITER round=0/0 iteration=8825/30000 objective=0.00014835493494490639 r=3.17155e-08/1.10672e-08 s=0.0761724/3.38769e-05 projection_inf=1.10995e-16 rho=1e+07 support=371/12248
ADMM_ITER round=0/0 iteration=8850/30000 objective=0.00014828429122163567 r=3.18377e-08/1.10672e-08 s=0.0692953/3.39479e-05 projection_inf=1.13596e-16 rho=1e+07 support=371/12248
ADMM_ITER round=0/0 iteration=8875/30000 objective=0.00014835159691104803 r=3.18851e-08/1.10672e-08 s=0.0655256/3.40188e-05 projection_inf=1.05219e-16 rho=1e+07 support=372/12248
ADMM_ITER round=0/0 iteration=8900/30000 objective=0.0001484632273967826 r=3.18866e-08/1.10672e-08 s=0.0639908/3.40897e-05 projection_inf=1.08066e-16 rho=1e+07 support=372/12248
ADMM_ITER round=0/0 iteration=8925/30000 objective=0.00014872108295542732 r=3.16905e-08/1.10672e-08 s=0.0717415/3.41605e-05 projection_inf=1.20628e-16 rho=1e+07 support=372/12248
ADMM_ITER round=0/0 iteration=8950/30000 objective=0.0001492581110153255 r=3.14589e-08/1.10672e-08 s=0.0799518/3.4231e-05 projection_inf=1.0534e-16 rho=1e+07 support=372/12248
ADMM_ITER round=0/0 iteration=8975/30000 objective=0.00015016519041297807 r=3.14014e-08/1.10672e-08 s=0.0810743/3.4301e-05 projection_inf=1.09214e-16 rho=1e+07 support=373/12248
ADMM_ITER round=0/0 iteration=9000/30000 objective=0.00015130887476718407 r=3.13212e-08/1.10672e-08 s=0.0824358/3.43703e-05 projection_inf=1.20927e-16 rho=1e+07 support=372/12248
ADMM_ITER round=0/0 iteration=9025/30000 objective=0.00015259372412131442 r=3.11557e-08/1.10672e-08 s=0.0873837/3.44387e-05 projection_inf=1.09666e-16 rho=1e+07 support=373/12248
ADMM_ITER round=0/0 iteration=9050/30000 objective=0.0001539702660184665 r=3.11078e-08/1.10672e-08 s=0.0875694/3.45062e-05 projection_inf=1.1016e-16 rho=1e+07 support=370/12248
ADMM_ITER round=0/0 iteration=9075/30000 objective=0.00015535612597623969 r=3.1189e-08/1.10672e-08 s=0.083654/3.45727e-05 projection_inf=1.07586e-16 rho=1e+07 support=371/12248
ADMM_ITER round=0/0 iteration=9100/30000 objective=0.00015665232679169046 r=3.1346e-08/1.10672e-08 s=0.0760465/3.46383e-05 projection_inf=1.09503e-16 rho=1e+07 support=369/12248
ADMM_ITER round=0/0 iteration=9125/30000 objective=0.00015774375599820161 r=3.12302e-08/1.10672e-08 s=0.0788019/3.47031e-05 projection_inf=1.00061e-16 rho=1e+07 support=370/12248
ADMM_ITER round=0/0 iteration=9150/30000 objective=0.00015848916126227547 r=3.11435e-08/1.10672e-08 s=0.0805514/3.47672e-05 projection_inf=1.0749e-16 rho=1e+07 support=369/12248
ADMM_ITER round=0/0 iteration=9175/30000 objective=0.00015893871034775175 r=3.10256e-08/1.10672e-08 s=0.0836072/3.4831e-05 projection_inf=1.10595e-16 rho=1e+07 support=369/12248
ADMM_ITER round=0/0 iteration=9200/30000 objective=0.00015913715296445881 r=3.10333e-08/1.10672e-08 s=0.081914/3.48945e-05 projection_inf=1.10494e-16 rho=1e+07 support=370/12248
ADMM_ITER round=0/0 iteration=9225/30000 objective=0.00015933353538241288 r=3.10903e-08/1.10672e-08 s=0.076446/3.4958e-05 projection_inf=1.15493e-16 rho=1e+07 support=371/12248
ADMM_ITER round=0/0 iteration=9250/30000 objective=0.00015972150246377923 r=3.09993e-08/1.10672e-08 s=0.0778377/3.50214e-05 projection_inf=1.07256e-16 rho=1e+07 support=372/12248
ADMM_ITER round=0/0 iteration=9275/30000 objective=0.00016022359964674028 r=3.09615e-08/1.10672e-08 s=0.0763301/3.50844e-05 projection_inf=1.10927e-16 rho=1e+07 support=368/12248
ADMM_ITER round=0/0 iteration=9300/30000 objective=0.00016071182504522299 r=3.10622e-08/1.10672e-08 s=0.0694346/3.51472e-05 projection_inf=1.15159e-16 rho=1e+07 support=367/12248
ADMM_ITER round=0/0 iteration=9325/30000 objective=0.00016118395899792281 r=3.10673e-08/1.10672e-08 s=0.0659112/3.52096e-05 projection_inf=1.07168e-16 rho=1e+07 support=369/12248
ADMM_ITER round=0/0 iteration=9350/30000 objective=0.00016159133364525397 r=3.09117e-08/1.10672e-08 s=0.0705919/3.52718e-05 projection_inf=1.09899e-16 rho=1e+07 support=372/12248
ADMM_ITER round=0/0 iteration=9375/30000 objective=0.00016178822802130434 r=3.07456e-08/1.10672e-08 s=0.0756583/3.53339e-05 projection_inf=1.13953e-16 rho=1e+07 support=373/12248
ADMM_ITER round=0/0 iteration=9400/30000 objective=0.00016180715459172818 r=3.07099e-08/1.10672e-08 s=0.0736784/3.53959e-05 projection_inf=1.07096e-16 rho=1e+07 support=371/12248
ADMM_ITER round=0/0 iteration=9425/30000 objective=0.00016156223736244998 r=3.07007e-08/1.10672e-08 s=0.0715204/3.5458e-05 projection_inf=1.06589e-16 rho=1e+07 support=370/12248
ADMM_ITER round=0/0 iteration=9450/30000 objective=0.00016102262892773723 r=3.07487e-08/1.10672e-08 s=0.067323/3.55205e-05 projection_inf=1.0093e-16 rho=1e+07 support=371/12248
ADMM_ITER round=0/0 iteration=9475/30000 objective=0.00016030163453689539 r=3.06054e-08/1.10672e-08 s=0.0716001/3.55834e-05 projection_inf=1.2621e-16 rho=1e+07 support=370/12248
ADMM_ITER round=0/0 iteration=9500/30000 objective=0.00015954353580547475 r=3.05687e-08/1.10672e-08 s=0.0711886/3.5647e-05 projection_inf=1.10768e-16 rho=1e+07 support=372/12248
ADMM_ITER round=0/0 iteration=9525/30000 objective=0.00015877468727368204 r=3.05509e-08/1.10672e-08 s=0.0698306/3.57111e-05 projection_inf=1.16302e-16 rho=1e+07 support=372/12248
ADMM_ITER round=0/0 iteration=9550/30000 objective=0.00015801020920342863 r=3.04709e-08/1.10672e-08 s=0.0716915/3.57758e-05 projection_inf=1.16038e-16 rho=1e+07 support=372/12248
ADMM_ITER round=0/0 iteration=9575/30000 objective=0.00015722889783499828 r=3.03188e-08/1.10672e-08 s=0.0752452/3.5841e-05 projection_inf=1.09307e-16 rho=1e+07 support=373/12248
ADMM_ITER round=0/0 iteration=9600/30000 objective=0.00015665583257325037 r=3.03352e-08/1.10672e-08 s=0.0693279/3.59068e-05 projection_inf=1.11845e-16 rho=1e+07 support=374/12248
ADMM_ITER round=0/0 iteration=9625/30000 objective=0.00015640428752484482 r=3.03431e-08/1.10672e-08 s=0.0666902/3.59729e-05 projection_inf=1.10963e-16 rho=1e+07 support=372/12248
ADMM_ITER round=0/0 iteration=9650/30000 objective=0.00015641479697136654 r=3.0429e-08/1.10672e-08 s=0.0605081/3.60391e-05 projection_inf=1.11454e-16 rho=1e+07 support=371/12248
ADMM_ITER round=0/0 iteration=9675/30000 objective=0.00015659454553927106 r=3.04702e-08/1.10672e-08 s=0.0559664/3.61052e-05 projection_inf=1.06469e-16 rho=1e+07 support=373/12248
ADMM_ITER round=0/0 iteration=9700/30000 objective=0.00015682937471722625 r=3.04455e-08/1.10672e-08 s=0.0553845/3.61713e-05 projection_inf=1.0891e-16 rho=1e+07 support=374/12248
ADMM_ITER round=0/0 iteration=9725/30000 objective=0.00015704542465756828 r=3.03462e-08/1.10672e-08 s=0.0589487/3.62372e-05 projection_inf=1.16549e-16 rho=1e+07 support=375/12248
ADMM_ITER round=0/0 iteration=9750/30000 objective=0.00015718581445771428 r=3.02061e-08/1.10672e-08 s=0.0638694/3.6303e-05 projection_inf=1.11734e-16 rho=1e+07 support=373/12248
ADMM_ITER round=0/0 iteration=9775/30000 objective=0.00015746259687976182 r=3.02138e-08/1.10672e-08 s=0.061646/3.63688e-05 projection_inf=1.02414e-16 rho=1e+07 support=373/12248
ADMM_ITER round=0/0 iteration=9800/30000 objective=0.00015781714341180629 r=3.01385e-08/1.10672e-08 s=0.0638532/3.64343e-05 projection_inf=1.17066e-16 rho=1e+07 support=373/12248
ADMM_ITER round=0/0 iteration=9825/30000 objective=0.00015820125284020465 r=3.01011e-08/1.10672e-08 s=0.0626599/3.64996e-05 projection_inf=1.11647e-16 rho=1e+07 support=371/12248
ADMM_ITER round=0/0 iteration=9850/30000 objective=0.00015863787948481274 r=3.00958e-08/1.10672e-08 s=0.0606745/3.65647e-05 projection_inf=1.20846e-16 rho=1e+07 support=371/12248
ADMM_ITER round=0/0 iteration=9875/30000 objective=0.00015897427917679324 r=2.99715e-08/1.10672e-08 s=0.0646698/3.66295e-05 projection_inf=1.15929e-16 rho=1e+07 support=372/12248
ADMM_ITER round=0/0 iteration=9900/30000 objective=0.00015931515663749677 r=2.98651e-08/1.10672e-08 s=0.0679009/3.66941e-05 projection_inf=1.1794e-16 rho=1e+07 support=370/12248
ADMM_ITER round=0/0 iteration=9925/30000 objective=0.00015953288472640199 r=2.97808e-08/1.10672e-08 s=0.0700534/3.67586e-05 projection_inf=1.18156e-16 rho=1e+07 support=372/12248
ADMM_ITER round=0/0 iteration=9950/30000 objective=0.00015970732571464008 r=2.96174e-08/1.10672e-08 s=0.0755395/3.68229e-05 projection_inf=1.24069e-16 rho=1e+07 support=374/12248
ADMM_ITER round=0/0 iteration=9975/30000 objective=0.00016006177150182526 r=2.95826e-08/1.10672e-08 s=0.0744994/3.68872e-05 projection_inf=1.17867e-16 rho=1e+07 support=373/12248
ADMM_ITER round=0/0 iteration=10000/30000 objective=0.00016052774618490791 r=2.956e-08/1.10672e-08 s=0.0742303/3.69511e-05 projection_inf=1.16732e-16 rho=1e+07 support=373/12248
ADMM_ITER round=0/0 iteration=10025/30000 objective=0.00016095923111860002 r=2.95204e-08/1.10672e-08 s=0.0747811/3.70148e-05 projection_inf=1.09151e-16 rho=1e+07 support=374/12248
ADMM_ITER round=0/0 iteration=10050/30000 objective=0.00016127524667950509 r=2.95017e-08/1.10672e-08 s=0.0746247/3.70783e-05 projection_inf=1.16756e-16 rho=1e+07 support=375/12248
ADMM_ITER round=0/0 iteration=10075/30000 objective=0.00016142753038427633 r=2.9464e-08/1.10672e-08 s=0.0752778/3.71416e-05 projection_inf=1.43058e-16 rho=1e+07 support=376/12248
ADMM_ITER round=0/0 iteration=10100/30000 objective=0.00016151025717775356 r=2.94004e-08/1.10672e-08 s=0.0769346/3.72049e-05 projection_inf=1.17633e-16 rho=1e+07 support=375/12248
ADMM_ITER round=0/0 iteration=10125/30000 objective=0.00016164053247312709 r=2.93459e-08/1.10672e-08 s=0.0782932/3.72681e-05 projection_inf=1.19546e-16 rho=1e+07 support=375/12248
ADMM_ITER round=0/0 iteration=10150/30000 objective=0.00016182111357202771 r=2.94163e-08/1.10672e-08 s=0.0749355/3.73313e-05 projection_inf=1.08746e-16 rho=1e+07 support=376/12248
ADMM_ITER round=0/0 iteration=10175/30000 objective=0.00016197900615924011 r=2.94402e-08/1.10672e-08 s=0.0731756/3.73944e-05 projection_inf=1.09232e-16 rho=1e+07 support=374/12248
ADMM_ITER round=0/0 iteration=10200/30000 objective=0.00016210163682515955 r=2.93919e-08/1.10672e-08 s=0.0743432/3.74574e-05 projection_inf=1.14061e-16 rho=1e+07 support=373/12248
ADMM_ITER round=0/0 iteration=10225/30000 objective=0.00016220454393629967 r=2.93126e-08/1.10672e-08 s=0.0767639/3.75203e-05 projection_inf=1.14467e-16 rho=1e+07 support=374/12248
ADMM_ITER round=0/0 iteration=10250/30000 objective=0.00016225420621635684 r=2.93432e-08/1.10672e-08 s=0.0749732/3.75833e-05 projection_inf=1.06746e-16 rho=1e+07 support=374/12248
ADMM_ITER round=0/0 iteration=10275/30000 objective=0.00016215971029803338 r=2.94263e-08/1.10672e-08 s=0.0710391/3.76463e-05 projection_inf=1.11189e-16 rho=1e+07 support=374/12248
ADMM_ITER round=0/0 iteration=10300/30000 objective=0.00016193811641653752 r=2.94646e-08/1.10672e-08 s=0.0686252/3.77094e-05 projection_inf=1.04837e-16 rho=1e+07 support=374/12248
ADMM_ITER round=0/0 iteration=10325/30000 objective=0.00016168242468895681 r=2.94829e-08/1.10672e-08 s=0.0672113/3.77727e-05 projection_inf=1.1259e-16 rho=1e+07 support=374/12248
ADMM_ITER round=0/0 iteration=10350/30000 objective=0.00016143869936965328 r=2.94719e-08/1.10672e-08 s=0.0670481/3.78362e-05 projection_inf=1.17709e-16 rho=1e+07 support=377/12248
ADMM_ITER round=0/0 iteration=10375/30000 objective=0.0001612160785135177 r=2.9492e-08/1.10672e-08 s=0.0654474/3.78999e-05 projection_inf=1.1416e-16 rho=1e+07 support=377/12248
ADMM_ITER round=0/0 iteration=10400/30000 objective=0.00016102423906186257 r=2.9557e-08/1.10672e-08 s=0.0617486/3.79638e-05 projection_inf=1.13272e-16 rho=1e+07 support=377/12248
ADMM_ITER round=0/0 iteration=10425/30000 objective=0.00016094179605638141 r=2.96688e-08/1.10672e-08 s=0.0551927/3.80278e-05 projection_inf=1.11317e-16 rho=1e+07 support=375/12248
ADMM_ITER round=0/0 iteration=10450/30000 objective=0.00016104105157524918 r=2.96969e-08/1.10672e-08 s=0.0521749/3.80918e-05 projection_inf=1.14529e-16 rho=1e+07 support=374/12248
ADMM_ITER round=0/0 iteration=10475/30000 objective=0.00016132411319455981 r=2.96521e-08/1.10672e-08 s=0.0537404/3.81557e-05 projection_inf=1.12086e-16 rho=1e+07 support=375/12248
ADMM_ITER round=0/0 iteration=10500/30000 objective=0.00016167738317429228 r=2.95988e-08/1.10672e-08 s=0.0552929/3.82194e-05 projection_inf=1.15174e-16 rho=1e+07 support=372/12248
ADMM_ITER round=0/0 iteration=10525/30000 objective=0.00016206867723293964 r=2.95643e-08/1.10672e-08 s=0.0559139/3.8283e-05 projection_inf=1.05917e-16 rho=1e+07 support=372/12248
ADMM_ITER round=0/0 iteration=10550/30000 objective=0.00016245139364329505 r=2.95422e-08/1.10672e-08 s=0.0561572/3.83462e-05 projection_inf=1.18035e-16 rho=1e+07 support=373/12248
ADMM_ITER round=0/0 iteration=10575/30000 objective=0.00016276621662315803 r=2.94632e-08/1.10672e-08 s=0.0594249/3.84094e-05 projection_inf=1.15733e-16 rho=1e+07 support=373/12248
ADMM_ITER round=0/0 iteration=10600/30000 objective=0.00016308024238383202 r=2.93713e-08/1.10672e-08 s=0.0626218/3.84723e-05 projection_inf=1.10565e-16 rho=1e+07 support=373/12248
ADMM_ITER round=0/0 iteration=10625/30000 objective=0.000163347452601389 r=2.92655e-08/1.10672e-08 s=0.0666014/3.85351e-05 projection_inf=1.16198e-16 rho=1e+07 support=373/12248
ADMM_ITER round=0/0 iteration=10650/30000 objective=0.00016351796431130153 r=2.9246e-08/1.10672e-08 s=0.0664594/3.85977e-05 projection_inf=1.11427e-16 rho=1e+07 support=371/12248
ADMM_ITER round=0/0 iteration=10675/30000 objective=0.00016361490517747106 r=2.92364e-08/1.10672e-08 s=0.0657047/3.86603e-05 projection_inf=1.07165e-16 rho=1e+07 support=371/12248
ADMM_ITER round=0/0 iteration=10700/30000 objective=0.00016362224308422513 r=2.90762e-08/1.10672e-08 s=0.0711382/3.87229e-05 projection_inf=1.1196e-16 rho=1e+07 support=372/12248
ADMM_ITER round=0/0 iteration=10725/30000 objective=0.00016357675283666285 r=2.8907e-08/1.10672e-08 s=0.0768108/3.87856e-05 projection_inf=1.31912e-16 rho=1e+07 support=372/12248
ADMM_ITER round=0/0 iteration=10750/30000 objective=0.00016351132694452706 r=2.88026e-08/1.10672e-08 s=0.0787677/3.88483e-05 projection_inf=1.20454e-16 rho=1e+07 support=371/12248
ADMM_ITER round=0/0 iteration=10775/30000 objective=0.00016350394493440165 r=2.87373e-08/1.10672e-08 s=0.0803382/3.8911e-05 projection_inf=1.18898e-16 rho=1e+07 support=370/12248
ADMM_ITER round=0/0 iteration=10800/30000 objective=0.00016352434145488725 r=2.88119e-08/1.10672e-08 s=0.0755474/3.89738e-05 projection_inf=1.05437e-16 rho=1e+07 support=370/12248
ADMM_ITER round=0/0 iteration=10825/30000 objective=0.00016337642175910333 r=2.87796e-08/1.10672e-08 s=0.0753545/3.90366e-05 projection_inf=1.0559e-16 rho=1e+07 support=371/12248
ADMM_ITER round=0/0 iteration=10850/30000 objective=0.00016317852215216768 r=2.87479e-08/1.10672e-08 s=0.0751036/3.90996e-05 projection_inf=1.0947e-16 rho=1e+07 support=371/12248
ADMM_ITER round=0/0 iteration=10875/30000 objective=0.00016308992158231163 r=2.87606e-08/1.10672e-08 s=0.0729027/3.91627e-05 projection_inf=1.1408e-16 rho=1e+07 support=372/12248
ADMM_ITER round=0/0 iteration=10900/30000 objective=0.00016308255529947163 r=2.8725e-08/1.10672e-08 s=0.073046/3.92258e-05 projection_inf=1.1834e-16 rho=1e+07 support=373/12248
ADMM_ITER round=0/0 iteration=10925/30000 objective=0.00016318288681232263 r=2.87005e-08/1.10672e-08 s=0.0726295/3.92889e-05 projection_inf=1.16363e-16 rho=1e+07 support=371/12248
ADMM_ITER round=0/0 iteration=10950/30000 objective=0.00016337619290147381 r=2.87645e-08/1.10672e-08 s=0.0676942/3.9352e-05 projection_inf=1.20738e-16 rho=1e+07 support=368/12248
ADMM_ITER round=0/0 iteration=10975/30000 objective=0.00016364039326237828 r=2.8836e-08/1.10672e-08 s=0.0626616/3.94149e-05 projection_inf=1.19462e-16 rho=1e+07 support=367/12248
ADMM_ITER round=0/0 iteration=11000/30000 objective=0.00016397555700026163 r=2.88945e-08/1.10672e-08 s=0.0576403/3.94777e-05 projection_inf=1.22732e-16 rho=1e+07 support=367/12248
ADMM_ITER round=0/0 iteration=11025/30000 objective=0.00016429456397109679 r=2.88453e-08/1.10672e-08 s=0.0585946/3.95403e-05 projection_inf=1.16684e-16 rho=1e+07 support=368/12248
ADMM_ITER round=0/0 iteration=11050/30000 objective=0.00016460272606671602 r=2.87471e-08/1.10672e-08 s=0.0618865/3.96027e-05 projection_inf=1.23282e-16 rho=1e+07 support=368/12248
ADMM_ITER round=0/0 iteration=11075/30000 objective=0.00016490871517788137 r=2.86604e-08/1.10672e-08 s=0.0642299/3.96649e-05 projection_inf=1.16555e-16 rho=1e+07 support=368/12248
ADMM_ITER round=0/0 iteration=11100/30000 objective=0.00016529693879120582 r=2.86477e-08/1.10672e-08 s=0.0634992/3.9727e-05 projection_inf=1.19049e-16 rho=1e+07 support=370/12248
ADMM_ITER round=0/0 iteration=11125/30000 objective=0.0001657587279586224 r=2.86611e-08/1.10672e-08 s=0.0611049/3.97888e-05 projection_inf=1.15847e-16 rho=1e+07 support=369/12248
ADMM_ITER round=0/0 iteration=11150/30000 objective=0.00016625722147021053 r=2.86233e-08/1.10672e-08 s=0.0612163/3.98503e-05 projection_inf=1.1922e-16 rho=1e+07 support=367/12248
ADMM_ITER round=0/0 iteration=11175/30000 objective=0.00016690475832694903 r=2.85123e-08/1.10672e-08 s=0.0649818/3.99115e-05 projection_inf=1.12259e-16 rho=1e+07 support=370/12248
ADMM_ITER round=0/0 iteration=11200/30000 objective=0.00016773084245048109 r=2.84081e-08/1.10672e-08 s=0.0683074/3.99723e-05 projection_inf=1.12962e-16 rho=1e+07 support=369/12248
ADMM_ITER round=0/0 iteration=11225/30000 objective=0.00016853915556789653 r=2.84146e-08/1.10672e-08 s=0.0670581/4.00325e-05 projection_inf=1.08956e-16 rho=1e+07 support=369/12248
ADMM_ITER round=0/0 iteration=11250/30000 objective=0.00016920435183907559 r=2.84438e-08/1.10672e-08 s=0.064659/4.00924e-05 projection_inf=1.12707e-16 rho=1e+07 support=369/12248
ADMM_ITER round=0/0 iteration=11275/30000 objective=0.00016986572228979303 r=2.83258e-08/1.10672e-08 s=0.0686315/4.01518e-05 projection_inf=1.17451e-16 rho=1e+07 support=371/12248
ADMM_ITER round=0/0 iteration=11300/30000 objective=0.00017040929034861004 r=2.82158e-08/1.10672e-08 s=0.0719968/4.0211e-05 projection_inf=1.15574e-16 rho=1e+07 support=368/12248
ADMM_ITER round=0/0 iteration=11325/30000 objective=0.00017076919799230883 r=2.8167e-08/1.10672e-08 s=0.0730964/4.02698e-05 projection_inf=1.17369e-16 rho=1e+07 support=371/12248
ADMM_ITER round=0/0 iteration=11350/30000 objective=0.00017094630014457266 r=2.82053e-08/1.10672e-08 s=0.0697831/4.03285e-05 projection_inf=1.14047e-16 rho=1e+07 support=371/12248
ADMM_ITER round=0/0 iteration=11375/30000 objective=0.00017111758729760631 r=2.82896e-08/1.10672e-08 s=0.0651638/4.03872e-05 projection_inf=1.22989e-16 rho=1e+07 support=373/12248
ADMM_ITER round=0/0 iteration=11400/30000 objective=0.0001713481017640419 r=2.82913e-08/1.10672e-08 s=0.0639619/4.04458e-05 projection_inf=1.10482e-16 rho=1e+07 support=373/12248
ADMM_ITER round=0/0 iteration=11425/30000 objective=0.00017163443538548709 r=2.82066e-08/1.10672e-08 s=0.0665866/4.05042e-05 projection_inf=1.2133e-16 rho=1e+07 support=373/12248
ADMM_ITER round=0/0 iteration=11450/30000 objective=0.00017194998323170009 r=2.80867e-08/1.10672e-08 s=0.0705024/4.05625e-05 projection_inf=1.14489e-16 rho=1e+07 support=373/12248
ADMM_ITER round=0/0 iteration=11475/30000 objective=0.00017232710268949534 r=2.80399e-08/1.10672e-08 s=0.0713588/4.06206e-05 projection_inf=1.18077e-16 rho=1e+07 support=372/12248
ADMM_ITER round=0/0 iteration=11500/30000 objective=0.0001727952523609776 r=2.80838e-08/1.10672e-08 s=0.0687905/4.06785e-05 projection_inf=1.24245e-16 rho=1e+07 support=372/12248
ADMM_ITER round=0/0 iteration=11525/30000 objective=0.00017329131814061474 r=2.81016e-08/1.10672e-08 s=0.0654005/4.07361e-05 projection_inf=1.19447e-16 rho=1e+07 support=369/12248
ADMM_ITER round=0/0 iteration=11550/30000 objective=0.00017365965806179107 r=2.81133e-08/1.10672e-08 s=0.0633191/4.07934e-05 projection_inf=1.07408e-16 rho=1e+07 support=370/12248
ADMM_ITER round=0/0 iteration=11575/30000 objective=0.00017387271078835189 r=2.80138e-08/1.10672e-08 s=0.0662162/4.08507e-05 projection_inf=1.22234e-16 rho=1e+07 support=371/12248
ADMM_ITER round=0/0 iteration=11600/30000 objective=0.00017397220524049701 r=2.79747e-08/1.10672e-08 s=0.066453/4.09078e-05 projection_inf=1.23878e-16 rho=1e+07 support=372/12248
ADMM_ITER round=0/0 iteration=11625/30000 objective=0.00017400908458298372 r=2.79706e-08/1.10672e-08 s=0.0652956/4.0965e-05 projection_inf=1.18057e-16 rho=1e+07 support=374/12248
ADMM_ITER round=0/0 iteration=11650/30000 objective=0.000173925522043926 r=2.80353e-08/1.10672e-08 s=0.0612335/4.10222e-05 projection_inf=1.23131e-16 rho=1e+07 support=375/12248
ADMM_ITER round=0/0 iteration=11675/30000 objective=0.00017374314257599132 r=2.80044e-08/1.10672e-08 s=0.061391/4.10795e-05 projection_inf=1.202e-16 rho=1e+07 support=374/12248
ADMM_ITER round=0/0 iteration=11700/30000 objective=0.00017346742897826606 r=2.79699e-08/1.10672e-08 s=0.061878/4.1137e-05 projection_inf=1.197e-16 rho=1e+07 support=374/12248
ADMM_ITER round=0/0 iteration=11725/30000 objective=0.00017307823390936512 r=2.78835e-08/1.10672e-08 s=0.0645323/4.11947e-05 projection_inf=1.29559e-16 rho=1e+07 support=372/12248
ADMM_ITER round=0/0 iteration=11750/30000 objective=0.00017250388150928027 r=2.77984e-08/1.10672e-08 s=0.0669037/4.12528e-05 projection_inf=1.15997e-16 rho=1e+07 support=371/12248
ADMM_ITER round=0/0 iteration=11775/30000 objective=0.00017184353602497999 r=2.78215e-08/1.10672e-08 s=0.0648181/4.13113e-05 projection_inf=1.08969e-16 rho=1e+07 support=369/12248
ADMM_ITER round=0/0 iteration=11800/30000 objective=0.00017119095809110826 r=2.7817e-08/1.10672e-08 s=0.063828/4.13701e-05 projection_inf=1.26636e-16 rho=1e+07 support=371/12248
ADMM_ITER round=0/0 iteration=11825/30000 objective=0.00017057725767803236 r=2.77715e-08/1.10672e-08 s=0.0646225/4.14294e-05 projection_inf=1.12799e-16 rho=1e+07 support=373/12248
ADMM_ITER round=0/0 iteration=11850/30000 objective=0.00017000763296222288 r=2.77682e-08/1.10672e-08 s=0.0636422/4.14891e-05 projection_inf=1.35341e-16 rho=1e+07 support=372/12248
ADMM_ITER round=0/0 iteration=11875/30000 objective=0.00016954728875039006 r=2.7814e-08/1.10672e-08 s=0.0606202/4.15491e-05 projection_inf=1.17757e-16 rho=1e+07 support=372/12248
ADMM_ITER round=0/0 iteration=11900/30000 objective=0.00016917049730527637 r=2.78441e-08/1.10672e-08 s=0.0583019/4.16094e-05 projection_inf=1.1217e-16 rho=1e+07 support=373/12248
ADMM_ITER round=0/0 iteration=11925/30000 objective=0.0001689227631074753 r=2.79218e-08/1.10672e-08 s=0.0535304/4.16699e-05 projection_inf=1.18128e-16 rho=1e+07 support=373/12248
ADMM_ITER round=0/0 iteration=11950/30000 objective=0.00016892091430250274 r=2.79146e-08/1.10672e-08 s=0.0529747/4.17305e-05 projection_inf=1.23638e-16 rho=1e+07 support=372/12248
ADMM_ITER round=0/0 iteration=11975/30000 objective=0.00016922966483966795 r=2.77641e-08/1.10672e-08 s=0.0595044/4.17911e-05 projection_inf=1.28648e-16 rho=1e+07 support=373/12248
ADMM_ITER round=0/0 iteration=12000/30000 objective=0.0001697625789064849 r=2.77103e-08/1.10672e-08 s=0.0608062/4.18514e-05 projection_inf=1.27756e-16 rho=1e+07 support=372/12248
ADMM_ITER round=0/0 iteration=12025/30000 objective=0.00017025967088039155 r=2.77333e-08/1.10672e-08 s=0.0586919/4.19114e-05 projection_inf=1.14124e-16 rho=1e+07 support=371/12248
ADMM_ITER round=0/0 iteration=12050/30000 objective=0.00017062160585944026 r=2.76485e-08/1.10672e-08 s=0.0615074/4.19712e-05 projection_inf=1.36189e-16 rho=1e+07 support=371/12248
ADMM_ITER round=0/0 iteration=12075/30000 objective=0.00017091529034175392 r=2.75887e-08/1.10672e-08 s=0.0629746/4.20308e-05 projection_inf=1.21855e-16 rho=1e+07 support=372/12248
ADMM_ITER round=0/0 iteration=12100/30000 objective=0.00017113682883171415 r=2.75994e-08/1.10672e-08 s=0.061618/4.20902e-05 projection_inf=1.17351e-16 rho=1e+07 support=372/12248
ADMM_ITER round=0/0 iteration=12125/30000 objective=0.00017130670161371724 r=2.7627e-08/1.10672e-08 s=0.0593908/4.21496e-05 projection_inf=1.15507e-16 rho=1e+07 support=375/12248
ADMM_ITER round=0/0 iteration=12150/30000 objective=0.00017149393281341155 r=2.76315e-08/1.10672e-08 s=0.0581246/4.22089e-05 projection_inf=1.16627e-16 rho=1e+07 support=375/12248
ADMM_ITER round=0/0 iteration=12175/30000 objective=0.00017175721819799375 r=2.76951e-08/1.10672e-08 s=0.0536443/4.22681e-05 projection_inf=1.23023e-16 rho=1e+07 support=375/12248
ADMM_ITER round=0/0 iteration=12200/30000 objective=0.00017218661286403722 r=2.76887e-08/1.10672e-08 s=0.0526204/4.23271e-05 projection_inf=1.23335e-16 rho=1e+07 support=375/12248
ADMM_ITER round=0/0 iteration=12225/30000 objective=0.00017268673254415071 r=2.76232e-08/1.10672e-08 s=0.0548218/4.23859e-05 projection_inf=1.15837e-16 rho=1e+07 support=376/12248
ADMM_ITER round=0/0 iteration=12250/30000 objective=0.00017317042329224606 r=2.75578e-08/1.10672e-08 s=0.0570321/4.24444e-05 projection_inf=1.30473e-16 rho=1e+07 support=375/12248
ADMM_ITER round=0/0 iteration=12275/30000 objective=0.0001736538291830901 r=2.75857e-08/1.10672e-08 s=0.0546127/4.25026e-05 projection_inf=1.17471e-16 rho=1e+07 support=375/12248
ADMM_ITER round=0/0 iteration=12300/30000 objective=0.00017413892132201453 r=2.75544e-08/1.10672e-08 s=0.0550735/4.25606e-05 projection_inf=1.19561e-16 rho=1e+07 support=374/12248
ADMM_ITER round=0/0 iteration=12325/30000 objective=0.00017450045306715271 r=2.7537e-08/1.10672e-08 s=0.0548884/4.26184e-05 projection_inf=1.26592e-16 rho=1e+07 support=376/12248
ADMM_ITER round=0/0 iteration=12350/30000 objective=0.00017463159844184227 r=2.7528e-08/1.10672e-08 s=0.0543653/4.2676e-05 projection_inf=1.19996e-16 rho=1e+07 support=377/12248
ADMM_ITER round=0/0 iteration=12375/30000 objective=0.00017461109172403242 r=2.75093e-08/1.10672e-08 s=0.0537469/4.27337e-05 projection_inf=1.25576e-16 rho=1e+07 support=378/12248
ADMM_ITER round=0/0 iteration=12400/30000 objective=0.00017449291003029455 r=2.74241e-08/1.10672e-08 s=0.056769/4.27914e-05 projection_inf=1.21041e-16 rho=1e+07 support=377/12248
ADMM_ITER round=0/0 iteration=12425/30000 objective=0.00017427922713723743 r=2.73443e-08/1.10672e-08 s=0.059629/4.28492e-05 projection_inf=1.12733e-16 rho=1e+07 support=376/12248
ADMM_ITER round=0/0 iteration=12450/30000 objective=0.00017395847309931498 r=2.73244e-08/1.10672e-08 s=0.0597932/4.29072e-05 projection_inf=1.18193e-16 rho=1e+07 support=376/12248
ADMM_ITER round=0/0 iteration=12475/30000 objective=0.00017353779996901923 r=2.73007e-08/1.10672e-08 s=0.0601947/4.29655e-05 projection_inf=1.26755e-16 rho=1e+07 support=376/12248
ADMM_ITER round=0/0 iteration=12500/30000 objective=0.0001730790990832592 r=2.73238e-08/1.10672e-08 s=0.0584922/4.30241e-05 projection_inf=1.12831e-16 rho=1e+07 support=376/12248
ADMM_ITER round=0/0 iteration=12525/30000 objective=0.00017265578834939533 r=2.74143e-08/1.10672e-08 s=0.0532186/4.30829e-05 projection_inf=1.22821e-16 rho=1e+07 support=375/12248
ADMM_ITER round=0/0 iteration=12550/30000 objective=0.00017225312676967631 r=2.74482e-08/1.10672e-08 s=0.0504597/4.3142e-05 projection_inf=1.19243e-16 rho=1e+07 support=375/12248
ADMM_ITER round=0/0 iteration=12575/30000 objective=0.00017188276335545298 r=2.73579e-08/1.10672e-08 s=0.0541223/4.32013e-05 projection_inf=1.28361e-16 rho=1e+07 support=374/12248
ADMM_ITER round=0/0 iteration=12600/30000 objective=0.00017165121648626271 r=2.73029e-08/1.10672e-08 s=0.0561127/4.32609e-05 projection_inf=1.30868e-16 rho=1e+07 support=378/12248
ADMM_ITER round=0/0 iteration=12625/30000 objective=0.00017159516604628664 r=2.73229e-08/1.10672e-08 s=0.053428/4.33205e-05 projection_inf=1.16504e-16 rho=1e+07 support=379/12248
ADMM_ITER round=0/0 iteration=12650/30000 objective=0.00017164195849091085 r=2.73073e-08/1.10672e-08 s=0.0529629/4.33802e-05 projection_inf=1.31001e-16 rho=1e+07 support=377/12248
ADMM_ITER round=0/0 iteration=12675/30000 objective=0.00017170360894589297 r=2.7329e-08/1.10672e-08 s=0.0508908/4.34398e-05 projection_inf=1.18721e-16 rho=1e+07 support=377/12248
ADMM_ITER round=0/0 iteration=12700/30000 objective=0.00017182435709089632 r=2.73753e-08/1.10672e-08 s=0.0474738/4.34995e-05 projection_inf=1.20912e-16 rho=1e+07 support=377/12248
ADMM_ITER round=0/0 iteration=12725/30000 objective=0.00017206126136071198 r=2.7389e-08/1.10672e-08 s=0.0456369/4.3559e-05 projection_inf=1.23183e-16 rho=1e+07 support=376/12248
ADMM_ITER round=0/0 iteration=12750/30000 objective=0.00017238309161343634 r=2.73539e-08/1.10672e-08 s=0.0469279/4.36184e-05 projection_inf=1.2602e-16 rho=1e+07 support=375/12248
ADMM_ITER round=0/0 iteration=12775/30000 objective=0.00017275813887242773 r=2.73518e-08/1.10672e-08 s=0.0463564/4.36776e-05 projection_inf=1.32011e-16 rho=1e+07 support=375/12248
ADMM_ITER round=0/0 iteration=12800/30000 objective=0.00017313854961519546 r=2.73468e-08/1.10672e-08 s=0.0459223/4.37367e-05 projection_inf=1.24733e-16 rho=1e+07 support=375/12248
ADMM_ITER round=0/0 iteration=12825/30000 objective=0.00017340039686887887 r=2.73369e-08/1.10672e-08 s=0.0457648/4.37955e-05 projection_inf=1.32796e-16 rho=1e+07 support=375/12248
ADMM_ITER round=0/0 iteration=12850/30000 objective=0.00017354072571972289 r=2.73361e-08/1.10672e-08 s=0.044991/4.38543e-05 projection_inf=1.35579e-16 rho=1e+07 support=375/12248
ADMM_ITER round=0/0 iteration=12875/30000 objective=0.00017365394889100978 r=2.73191e-08/1.10672e-08 s=0.04519/4.39131e-05 projection_inf=1.20601e-16 rho=1e+07 support=374/12248
ADMM_ITER round=0/0 iteration=12900/30000 objective=0.00017377370270479572 r=2.73466e-08/1.10672e-08 s=0.0427701/4.39718e-05 projection_inf=1.40909e-16 rho=1e+07 support=374/12248
ADMM_ITER round=0/0 iteration=12925/30000 objective=0.00017385835650690631 r=2.73392e-08/1.10672e-08 s=0.0425702/4.40304e-05 projection_inf=1.20973e-16 rho=1e+07 support=374/12248
ADMM_ITER round=0/0 iteration=12950/30000 objective=0.00017395171411791732 r=2.72764e-08/1.10672e-08 s=0.0457375/4.40891e-05 projection_inf=1.32559e-16 rho=1e+07 support=376/12248
ADMM_ITER round=0/0 iteration=12975/30000 objective=0.00017410163293986761 r=2.71917e-08/1.10672e-08 s=0.0499259/4.41477e-05 projection_inf=1.24692e-16 rho=1e+07 support=377/12248
ADMM_ITER round=0/0 iteration=13000/30000 objective=0.00017430953082972776 r=2.71884e-08/1.10672e-08 s=0.0495186/4.42062e-05 projection_inf=1.3046e-16 rho=1e+07 support=378/12248
ADMM_ITER round=0/0 iteration=13025/30000 objective=0.00017445662089267481 r=2.7222e-08/1.10672e-08 s=0.0470552/4.42646e-05 projection_inf=1.2526e-16 rho=1e+07 support=378/12248
ADMM_ITER round=0/0 iteration=13050/30000 objective=0.00017447386637759211 r=2.72197e-08/1.10672e-08 s=0.0466415/4.4323e-05 projection_inf=1.33157e-16 rho=1e+07 support=377/12248
ADMM_ITER round=0/0 iteration=13075/30000 objective=0.00017436491806106419 r=2.71968e-08/1.10672e-08 s=0.0474447/4.43815e-05 projection_inf=1.27221e-16 rho=1e+07 support=378/12248
ADMM_ITER round=0/0 iteration=13100/30000 objective=0.00017416539474066756 r=2.71876e-08/1.10672e-08 s=0.0472609/4.44401e-05 projection_inf=1.23285e-16 rho=1e+07 support=379/12248
ADMM_ITER round=0/0 iteration=13125/30000 objective=0.00017395266507279927 r=2.72126e-08/1.10672e-08 s=0.0443129/4.44988e-05 projection_inf=1.34771e-16 rho=1e+07 support=376/12248
ADMM_ITER round=0/0 iteration=13150/30000 objective=0.00017376947317813748 r=2.71749e-08/1.10672e-08 s=0.0458341/4.45576e-05 projection_inf=1.2558e-16 rho=1e+07 support=378/12248
ADMM_ITER round=0/0 iteration=13175/30000 objective=0.00017363240314424304 r=2.70982e-08/1.10672e-08 s=0.0495335/4.46166e-05 projection_inf=1.28035e-16 rho=1e+07 support=378/12248
ADMM_ITER round=0/0 iteration=13200/30000 objective=0.00017355864110514579 r=2.7022e-08/1.10672e-08 s=0.0527721/4.46757e-05 projection_inf=1.16695e-16 rho=1e+07 support=378/12248
ADMM_ITER round=0/0 iteration=13225/30000 objective=0.00017357210094939528 r=2.69748e-08/1.10672e-08 s=0.0542712/4.47348e-05 projection_inf=1.14829e-16 rho=1e+07 support=379/12248
ADMM_ITER round=0/0 iteration=13250/30000 objective=0.00017368161275428283 r=2.69445e-08/1.10672e-08 s=0.0551424/4.47938e-05 projection_inf=1.27807e-16 rho=1e+07 support=380/12248
ADMM_ITER round=0/0 iteration=13275/30000 objective=0.00017379800236689522 r=2.69404e-08/1.10672e-08 s=0.0546631/4.48528e-05 projection_inf=1.45838e-16 rho=1e+07 support=379/12248
ADMM_ITER round=0/0 iteration=13300/30000 objective=0.00017384272423402126 r=2.70275e-08/1.10672e-08 s=0.0492127/4.49118e-05 projection_inf=1.37148e-16 rho=1e+07 support=379/12248
ADMM_ITER round=0/0 iteration=13325/30000 objective=0.00017384788074886707 r=2.71034e-08/1.10672e-08 s=0.0440581/4.49708e-05 projection_inf=1.38119e-16 rho=1e+07 support=379/12248
ADMM_ITER round=0/0 iteration=13350/30000 objective=0.00017382926262092131 r=2.70645e-08/1.10672e-08 s=0.0457059/4.50299e-05 projection_inf=1.24348e-16 rho=1e+07 support=379/12248
ADMM_ITER round=0/0 iteration=13375/30000 objective=0.00017384478393791438 r=2.69794e-08/1.10672e-08 s=0.049337/4.50889e-05 projection_inf=1.33375e-16 rho=1e+07 support=376/12248
ADMM_ITER round=0/0 iteration=13400/30000 objective=0.00017392807484479359 r=2.69289e-08/1.10672e-08 s=0.0513293/4.5148e-05 projection_inf=1.24402e-16 rho=1e+07 support=376/12248
ADMM_ITER round=0/0 iteration=13425/30000 objective=0.00017400680930840779 r=2.69348e-08/1.10672e-08 s=0.0503351/4.5207e-05 projection_inf=1.43056e-16 rho=1e+07 support=375/12248
ADMM_ITER round=0/0 iteration=13450/30000 objective=0.00017410725779422366 r=2.69114e-08/1.10672e-08 s=0.0508644/4.5266e-05 projection_inf=1.43338e-16 rho=1e+07 support=376/12248
ADMM_ITER round=0/0 iteration=13475/30000 objective=0.00017437581126532697 r=2.68983e-08/1.10672e-08 s=0.0507202/4.53249e-05 projection_inf=1.28791e-16 rho=1e+07 support=375/12248
ADMM_ITER round=0/0 iteration=13500/30000 objective=0.00017480578664330965 r=2.68838e-08/1.10672e-08 s=0.0508812/4.53837e-05 projection_inf=1.28831e-16 rho=1e+07 support=375/12248
ADMM_ITER round=0/0 iteration=13525/30000 objective=0.00017530352521731308 r=2.68486e-08/1.10672e-08 s=0.0515779/4.54422e-05 projection_inf=1.38992e-16 rho=1e+07 support=374/12248
ADMM_ITER round=0/0 iteration=13550/30000 objective=0.00017579724685880569 r=2.68336e-08/1.10672e-08 s=0.0515302/4.55004e-05 projection_inf=1.3263e-16 rho=1e+07 support=374/12248
ADMM_ITER round=0/0 iteration=13575/30000 objective=0.00017624986587969329 r=2.67873e-08/1.10672e-08 s=0.0531762/4.55584e-05 projection_inf=1.37006e-16 rho=1e+07 support=375/12248
ADMM_ITER round=0/0 iteration=13600/30000 objective=0.00017664749016549597 r=2.67092e-08/1.10672e-08 s=0.0562924/4.56162e-05 projection_inf=1.34125e-16 rho=1e+07 support=378/12248
ADMM_ITER round=0/0 iteration=13625/30000 objective=0.00017701157023048737 r=2.66525e-08/1.10672e-08 s=0.0582912/4.56738e-05 projection_inf=1.26553e-16 rho=1e+07 support=378/12248
ADMM_ITER round=0/0 iteration=13650/30000 objective=0.00017737266302999267 r=2.66391e-08/1.10672e-08 s=0.0583407/4.57312e-05 projection_inf=1.23534e-16 rho=1e+07 support=378/12248
ADMM_ITER round=0/0 iteration=13675/30000 objective=0.00017778645784104211 r=2.66602e-08/1.10672e-08 s=0.0554059/4.57885e-05 projection_inf=1.45824e-16 rho=1e+07 support=376/12248
ADMM_ITER round=0/0 iteration=13700/30000 objective=0.00017827295547818357 r=2.66975e-08/1.10672e-08 s=0.0528894/4.58455e-05 projection_inf=1.29733e-16 rho=1e+07 support=377/12248
ADMM_ITER round=0/0 iteration=13725/30000 objective=0.00017875279320843599 r=2.66908e-08/1.10672e-08 s=0.0523591/4.59022e-05 projection_inf=1.26637e-16 rho=1e+07 support=376/12248
ADMM_ITER round=0/0 iteration=13750/30000 objective=0.00017917420530155729 r=2.66339e-08/1.10672e-08 s=0.0540157/4.59588e-05 projection_inf=1.42281e-16 rho=1e+07 support=376/12248
ADMM_ITER round=0/0 iteration=13775/30000 objective=0.00017951373993292891 r=2.66125e-08/1.10672e-08 s=0.0540478/4.60152e-05 projection_inf=1.34453e-16 rho=1e+07 support=376/12248
ADMM_ITER round=0/0 iteration=13800/30000 objective=0.00017978396037109239 r=2.66291e-08/1.10672e-08 s=0.0523804/4.60714e-05 projection_inf=1.21411e-16 rho=1e+07 support=376/12248
ADMM_ITER round=0/0 iteration=13825/30000 objective=0.00017997817800009173 r=2.66464e-08/1.10672e-08 s=0.0503429/4.61275e-05 projection_inf=1.37424e-16 rho=1e+07 support=376/12248
ADMM_ITER round=0/0 iteration=13850/30000 objective=0.00018014430654903732 r=2.66553e-08/1.10672e-08 s=0.0490739/4.61835e-05 projection_inf=1.27693e-16 rho=1e+07 support=375/12248
ADMM_ITER round=0/0 iteration=13875/30000 objective=0.00018025254253142183 r=2.66472e-08/1.10672e-08 s=0.0487114/4.62395e-05 projection_inf=1.34262e-16 rho=1e+07 support=375/12248
ADMM_ITER round=0/0 iteration=13900/30000 objective=0.00018024918491464455 r=2.66004e-08/1.10672e-08 s=0.0505196/4.62955e-05 projection_inf=1.31933e-16 rho=1e+07 support=376/12248
ADMM_ITER round=0/0 iteration=13925/30000 objective=0.00018005851774970959 r=2.65462e-08/1.10672e-08 s=0.0526884/4.63516e-05 projection_inf=1.41083e-16 rho=1e+07 support=376/12248
ADMM_ITER round=0/0 iteration=13950/30000 objective=0.00017968809317495739 r=2.65935e-08/1.10672e-08 s=0.0496347/4.64079e-05 projection_inf=1.28768e-16 rho=1e+07 support=377/12248
ADMM_ITER round=0/0 iteration=13975/30000 objective=0.000179310199454172 r=2.66701e-08/1.10672e-08 s=0.0446918/4.64643e-05 projection_inf=1.30488e-16 rho=1e+07 support=376/12248
ADMM_ITER round=0/0 iteration=14000/30000 objective=0.00017908693819068954 r=2.66443e-08/1.10672e-08 s=0.0451727/4.6521e-05 projection_inf=1.38899e-16 rho=1e+07 support=374/12248
ADMM_ITER round=0/0 iteration=14025/30000 objective=0.00017902652260328705 r=2.66031e-08/1.10672e-08 s=0.0466351/4.65778e-05 projection_inf=1.34653e-16 rho=1e+07 support=375/12248
ADMM_ITER round=0/0 iteration=14050/30000 objective=0.00017905757653374118 r=2.65653e-08/1.10672e-08 s=0.0478037/4.66346e-05 projection_inf=1.32002e-16 rho=1e+07 support=377/12248
ADMM_ITER round=0/0 iteration=14075/30000 objective=0.00017913562948778958 r=2.64826e-08/1.10672e-08 s=0.0504757/4.66914e-05 projection_inf=1.29095e-16 rho=1e+07 support=377/12248
ADMM_ITER round=0/0 iteration=14100/30000 objective=0.0001792736206691953 r=2.64552e-08/1.10672e-08 s=0.0510429/4.67481e-05 projection_inf=1.38512e-16 rho=1e+07 support=377/12248
ADMM_ITER round=0/0 iteration=14125/30000 objective=0.00017949025660242505 r=2.6474e-08/1.10672e-08 s=0.0492528/4.68048e-05 projection_inf=1.38036e-16 rho=1e+07 support=376/12248
ADMM_ITER round=0/0 iteration=14150/30000 objective=0.00017977935813515814 r=2.64535e-08/1.10672e-08 s=0.0496373/4.68613e-05 projection_inf=1.25695e-16 rho=1e+07 support=378/12248
ADMM_ITER round=0/0 iteration=14175/30000 objective=0.0001800930685139326 r=2.63532e-08/1.10672e-08 s=0.053898/4.69178e-05 projection_inf=1.24835e-16 rho=1e+07 support=378/12248
ADMM_ITER round=0/0 iteration=14200/30000 objective=0.0001803837122288316 r=2.62907e-08/1.10672e-08 s=0.056194/4.6974e-05 projection_inf=1.36367e-16 rho=1e+07 support=378/12248
ADMM_ITER round=0/0 iteration=14225/30000 objective=0.00018060512479446813 r=2.63022e-08/1.10672e-08 s=0.0550319/4.70302e-05 projection_inf=1.39206e-16 rho=1e+07 support=378/12248
ADMM_ITER round=0/0 iteration=14250/30000 objective=0.00018083425768664543 r=2.63366e-08/1.10672e-08 s=0.0525957/4.70863e-05 projection_inf=1.4275e-16 rho=1e+07 support=380/12248
ADMM_ITER round=0/0 iteration=14275/30000 objective=0.00018119393744633289 r=2.63647e-08/1.10672e-08 s=0.0505416/4.71422e-05 projection_inf=1.41407e-16 rho=1e+07 support=380/12248
ADMM_ITER round=0/0 iteration=14300/30000 objective=0.00018167398573138769 r=2.63982e-08/1.10672e-08 s=0.0477828/4.71979e-05 projection_inf=1.33727e-16 rho=1e+07 support=377/12248
ADMM_ITER round=0/0 iteration=14325/30000 objective=0.00018224250653502301 r=2.63732e-08/1.10672e-08 s=0.0483864/4.72534e-05 projection_inf=1.33693e-16 rho=1e+07 support=378/12248
ADMM_ITER round=0/0 iteration=14350/30000 objective=0.00018284015194520669 r=2.63194e-08/1.10672e-08 s=0.0505891/4.73086e-05 projection_inf=1.2239e-16 rho=1e+07 support=378/12248
ADMM_ITER round=0/0 iteration=14375/30000 objective=0.00018343773580383485 r=2.63152e-08/1.10672e-08 s=0.0502051/4.73635e-05 projection_inf=1.45996e-16 rho=1e+07 support=378/12248
ADMM_ITER round=0/0 iteration=14400/30000 objective=0.00018397707075468029 r=2.62956e-08/1.10672e-08 s=0.0506163/4.74181e-05 projection_inf=1.2566e-16 rho=1e+07 support=379/12248
ADMM_ITER round=0/0 iteration=14425/30000 objective=0.00018444431926553978 r=2.61886e-08/1.10672e-08 s=0.0546509/4.74725e-05 projection_inf=1.34527e-16 rho=1e+07 support=379/12248
ADMM_ITER round=0/0 iteration=14450/30000 objective=0.00018477912124542677 r=2.6083e-08/1.10672e-08 s=0.0588805/4.75267e-05 projection_inf=1.7004e-16 rho=1e+07 support=379/12248
ADMM_ITER round=0/0 iteration=14475/30000 objective=0.00018498249429370957 r=2.60386e-08/1.10672e-08 s=0.0595755/4.75808e-05 projection_inf=1.32869e-16 rho=1e+07 support=376/12248
ADMM_ITER round=0/0 iteration=14500/30000 objective=0.00018510614600010197 r=2.59769e-08/1.10672e-08 s=0.0612547/4.76348e-05 projection_inf=1.3167e-16 rho=1e+07 support=379/12248
ADMM_ITER round=0/0 iteration=14525/30000 objective=0.00018523107129547983 r=2.5986e-08/1.10672e-08 s=0.0595224/4.76888e-05 projection_inf=1.32631e-16 rho=1e+07 support=377/12248
ADMM_ITER round=0/0 iteration=14550/30000 objective=0.00018526304524070744 r=2.60305e-08/1.10672e-08 s=0.056592/4.77427e-05 projection_inf=1.44972e-16 rho=1e+07 support=377/12248
ADMM_ITER round=0/0 iteration=14575/30000 objective=0.00018521627374342263 r=2.60759e-08/1.10672e-08 s=0.053657/4.77967e-05 projection_inf=1.44204e-16 rho=1e+07 support=376/12248
ADMM_ITER round=0/0 iteration=14600/30000 objective=0.00018508831972638344 r=2.60708e-08/1.10672e-08 s=0.0531934/4.78508e-05 projection_inf=1.26829e-16 rho=1e+07 support=377/12248
ADMM_ITER round=0/0 iteration=14625/30000 objective=0.00018500796137901977 r=2.60615e-08/1.10672e-08 s=0.0529755/4.79049e-05 projection_inf=1.30862e-16 rho=1e+07 support=378/12248
ADMM_ITER round=0/0 iteration=14650/30000 objective=0.0001850423967663975 r=2.60573e-08/1.10672e-08 s=0.0525711/4.79591e-05 projection_inf=1.39491e-16 rho=1e+07 support=378/12248
ADMM_ITER round=0/0 iteration=14675/30000 objective=0.00018523248468038696 r=2.60073e-08/1.10672e-08 s=0.0542896/4.80132e-05 projection_inf=1.36992e-16 rho=1e+07 support=377/12248
ADMM_ITER round=0/0 iteration=14700/30000 objective=0.00018551182104369906 r=2.59942e-08/1.10672e-08 s=0.0537409/4.80672e-05 projection_inf=1.26146e-16 rho=1e+07 support=376/12248
ADMM_ITER round=0/0 iteration=14725/30000 objective=0.00018589761139842277 r=2.59961e-08/1.10672e-08 s=0.0529732/4.81211e-05 projection_inf=1.36758e-16 rho=1e+07 support=377/12248
ADMM_ITER round=0/0 iteration=14750/30000 objective=0.00018632593337107679 r=2.59763e-08/1.10672e-08 s=0.0533035/4.81748e-05 projection_inf=1.22316e-16 rho=1e+07 support=378/12248
ADMM_ITER round=0/0 iteration=14775/30000 objective=0.00018665377522707731 r=2.59479e-08/1.10672e-08 s=0.0540908/4.82283e-05 projection_inf=1.3214e-16 rho=1e+07 support=378/12248
ADMM_ITER round=0/0 iteration=14800/30000 objective=0.00018685482956899653 r=2.59235e-08/1.10672e-08 s=0.0545929/4.82817e-05 projection_inf=1.36408e-16 rho=1e+07 support=378/12248
ADMM_ITER round=0/0 iteration=14825/30000 objective=0.0001869948749030787 r=2.5904e-08/1.10672e-08 s=0.0548743/4.83351e-05 projection_inf=1.24298e-16 rho=1e+07 support=379/12248
ADMM_ITER round=0/0 iteration=14850/30000 objective=0.00018711646483217384 r=2.58995e-08/1.10672e-08 s=0.0544559/4.83884e-05 projection_inf=1.27128e-16 rho=1e+07 support=379/12248
ADMM_ITER round=0/0 iteration=14875/30000 objective=0.00018725555859172341 r=2.58984e-08/1.10672e-08 s=0.0539199/4.84417e-05 projection_inf=1.43977e-16 rho=1e+07 support=379/12248
ADMM_ITER round=0/0 iteration=14900/30000 objective=0.00018740155800239526 r=2.58496e-08/1.10672e-08 s=0.0556907/4.84949e-05 projection_inf=1.48698e-16 rho=1e+07 support=379/12248
ADMM_ITER round=0/0 iteration=14925/30000 objective=0.00018755771832601464 r=2.58452e-08/1.10672e-08 s=0.0553975/4.8548e-05 projection_inf=1.56808e-16 rho=1e+07 support=380/12248
ADMM_ITER round=0/0 iteration=14950/30000 objective=0.00018768841997535171 r=2.58711e-08/1.10672e-08 s=0.0536897/4.86011e-05 projection_inf=1.32707e-16 rho=1e+07 support=380/12248
ADMM_ITER round=0/0 iteration=14975/30000 objective=0.00018775008866336285 r=2.58502e-08/1.10672e-08 s=0.0541564/4.86542e-05 projection_inf=1.39159e-16 rho=1e+07 support=378/12248
ADMM_ITER round=0/0 iteration=15000/30000 objective=0.00018774304163621228 r=2.5893e-08/1.10672e-08 s=0.0515963/4.87073e-05 projection_inf=1.38063e-16 rho=1e+07 support=378/12248
ADMM_ITER round=0/0 iteration=15025/30000 objective=0.00018767763946987823 r=2.59214e-08/1.10672e-08 s=0.0496855/4.87604e-05 projection_inf=1.24528e-16 rho=1e+07 support=379/12248
ADMM_ITER round=0/0 iteration=15050/30000 objective=0.00018756082542714062 r=2.58712e-08/1.10672e-08 s=0.0517961/4.88137e-05 projection_inf=1.43226e-16 rho=1e+07 support=380/12248
ADMM_ITER round=0/0 iteration=15075/30000 objective=0.00018745987392582226 r=2.57665e-08/1.10672e-08 s=0.0563883/4.88669e-05 projection_inf=1.41909e-16 rho=1e+07 support=380/12248
ADMM_ITER round=0/0 iteration=15100/30000 objective=0.00018743326557341453 r=2.5677e-08/1.10672e-08 s=0.0599906/4.89203e-05 projection_inf=1.26503e-16 rho=1e+07 support=380/12248
ADMM_ITER round=0/0 iteration=15125/30000 objective=0.00018750152762000248 r=2.56385e-08/1.10672e-08 s=0.0608933/4.89737e-05 projection_inf=1.50875e-16 rho=1e+07 support=379/12248
ADMM_ITER round=0/0 iteration=15150/30000 objective=0.0001876253077903966 r=2.5681e-08/1.10672e-08 s=0.0586126/4.9027e-05 projection_inf=1.40826e-16 rho=1e+07 support=380/12248
ADMM_ITER round=0/0 iteration=15175/30000 objective=0.00018775758124897577 r=2.57232e-08/1.10672e-08 s=0.0562025/4.90803e-05 projection_inf=1.45197e-16 rho=1e+07 support=378/12248
ADMM_ITER round=0/0 iteration=15200/30000 objective=0.00018789948008869376 r=2.57607e-08/1.10672e-08 s=0.0533576/4.91335e-05 projection_inf=1.36911e-16 rho=1e+07 support=377/12248
ADMM_ITER round=0/0 iteration=15225/30000 objective=0.00018806736364471228 r=2.58143e-08/1.10672e-08 s=0.0499445/4.91867e-05 projection_inf=1.63347e-16 rho=1e+07 support=376/12248
ADMM_ITER round=0/0 iteration=15250/30000 objective=0.00018828101849062472 r=2.5874e-08/1.10672e-08 s=0.0460743/4.92398e-05 projection_inf=1.5732e-16 rho=1e+07 support=376/12248
ADMM_ITER round=0/0 iteration=15275/30000 objective=0.00018853041212073929 r=2.59215e-08/1.10672e-08 s=0.0426735/4.92928e-05 projection_inf=1.19959e-16 rho=1e+07 support=376/12248
ADMM_ITER round=0/0 iteration=15300/30000 objective=0.00018879761971014313 r=2.58924e-08/1.10672e-08 s=0.0438183/4.93457e-05 projection_inf=1.66937e-16 rho=1e+07 support=377/12248
ADMM_ITER round=0/0 iteration=15325/30000 objective=0.00018904072897696499 r=2.58068e-08/1.10672e-08 s=0.0480998/4.93985e-05 projection_inf=1.47092e-16 rho=1e+07 support=377/12248
ADMM_ITER round=0/0 iteration=15350/30000 objective=0.00018923329829533382 r=2.57431e-08/1.10672e-08 s=0.0509541/4.94512e-05 projection_inf=1.47655e-16 rho=1e+07 support=377/12248
ADMM_ITER round=0/0 iteration=15375/30000 objective=0.00018938285713833081 r=2.56738e-08/1.10672e-08 s=0.0539229/4.95039e-05 projection_inf=1.4433e-16 rho=1e+07 support=377/12248
ADMM_ITER round=0/0 iteration=15400/30000 objective=0.00018950194022544458 r=2.56512e-08/1.10672e-08 s=0.0543785/4.95565e-05 projection_inf=1.45815e-16 rho=1e+07 support=377/12248
ADMM_ITER round=0/0 iteration=15425/30000 objective=0.00018953438241072081 r=2.57008e-08/1.10672e-08 s=0.0515789/4.96091e-05 projection_inf=1.49627e-16 rho=1e+07 support=377/12248
ADMM_ITER round=0/0 iteration=15450/30000 objective=0.00018947035399503919 r=2.57438e-08/1.10672e-08 s=0.0489795/4.96617e-05 projection_inf=1.25775e-16 rho=1e+07 support=377/12248
ADMM_ITER round=0/0 iteration=15475/30000 objective=0.00018930707906810465 r=2.57369e-08/1.10672e-08 s=0.0489516/4.97144e-05 projection_inf=1.26931e-16 rho=1e+07 support=376/12248
ADMM_ITER round=0/0 iteration=15500/30000 objective=0.00018905801385033476 r=2.57177e-08/1.10672e-08 s=0.0495765/4.97673e-05 projection_inf=1.36631e-16 rho=1e+07 support=376/12248
ADMM_ITER round=0/0 iteration=15525/30000 objective=0.00018875355370284684 r=2.57049e-08/1.10672e-08 s=0.0498639/4.98203e-05 projection_inf=1.43616e-16 rho=1e+07 support=377/12248
ADMM_ITER round=0/0 iteration=15550/30000 objective=0.00018842642656146733 r=2.56693e-08/1.10672e-08 s=0.0500271/4.98735e-05 projection_inf=1.58056e-16 rho=1e+07 support=376/12248
ADMM_ITER round=0/0 iteration=15575/30000 objective=0.00018811191820976094 r=2.56031e-08/1.10672e-08 s=0.0513237/4.99268e-05 projection_inf=1.40972e-16 rho=1e+07 support=376/12248
ADMM_ITER round=0/0 iteration=15600/30000 objective=0.00018782557137574102 r=2.56296e-08/1.10672e-08 s=0.0482915/4.99804e-05 projection_inf=1.33115e-16 rho=1e+07 support=376/12248
ADMM_ITER round=0/0 iteration=15625/30000 objective=0.00018758221682663661 r=2.56804e-08/1.10672e-08 s=0.0446764/5.00341e-05 projection_inf=1.46787e-16 rho=1e+07 support=376/12248
ADMM_ITER round=0/0 iteration=15650/30000 objective=0.00018738134648381923 r=2.56742e-08/1.10672e-08 s=0.0443801/5.00879e-05 projection_inf=1.43931e-16 rho=1e+07 support=378/12248
ADMM_ITER round=0/0 iteration=15675/30000 objective=0.00018720124536927168 r=2.5634e-08/1.10672e-08 s=0.0460993/5.01419e-05 projection_inf=1.38649e-16 rho=1e+07 support=378/12248
ADMM_ITER round=0/0 iteration=15700/30000 objective=0.00018703813420679316 r=2.56372e-08/1.10672e-08 s=0.0454259/5.01959e-05 projection_inf=1.59034e-16 rho=1e+07 support=378/12248
ADMM_ITER round=0/0 iteration=15725/30000 objective=0.0001869456024951129 r=2.5664e-08/1.10672e-08 s=0.0434113/5.02501e-05 projection_inf=1.31237e-16 rho=1e+07 support=378/12248
ADMM_ITER round=0/0 iteration=15750/30000 objective=0.0001869788600422068 r=2.56603e-08/1.10672e-08 s=0.0429332/5.03043e-05 projection_inf=1.48645e-16 rho=1e+07 support=378/12248
ADMM_ITER round=0/0 iteration=15775/30000 objective=0.00018710770871487354 r=2.5657e-08/1.10672e-08 s=0.0424906/5.03584e-05 projection_inf=1.4365e-16 rho=1e+07 support=378/12248
ADMM_ITER round=0/0 iteration=15800/30000 objective=0.00018727924521733894 r=2.56412e-08/1.10672e-08 s=0.0429113/5.04125e-05 projection_inf=1.35647e-16 rho=1e+07 support=378/12248
ADMM_ITER round=0/0 iteration=15825/30000 objective=0.00018754563047209687 r=2.56011e-08/1.10672e-08 s=0.0447968/5.04665e-05 projection_inf=1.24154e-16 rho=1e+07 support=378/12248
ADMM_ITER round=0/0 iteration=15850/30000 objective=0.00018788312769007985 r=2.5574e-08/1.10672e-08 s=0.0459274/5.05204e-05 projection_inf=1.34569e-16 rho=1e+07 support=378/12248
ADMM_ITER round=0/0 iteration=15875/30000 objective=0.00018822717138708458 r=2.55722e-08/1.10672e-08 s=0.0456285/5.05741e-05 projection_inf=1.68314e-16 rho=1e+07 support=379/12248
ADMM_ITER round=0/0 iteration=15900/30000 objective=0.00018855851434766875 r=2.55686e-08/1.10672e-08 s=0.0454459/5.06277e-05 projection_inf=1.52483e-16 rho=1e+07 support=379/12248
ADMM_ITER round=0/0 iteration=15925/30000 objective=0.00018891913464423355 r=2.55572e-08/1.10672e-08 s=0.0456336/5.06812e-05 projection_inf=1.5363e-16 rho=1e+07 support=382/12248
ADMM_ITER round=0/0 iteration=15950/30000 objective=0.00018924885769831118 r=2.55428e-08/1.10672e-08 s=0.0459485/5.07345e-05 projection_inf=1.55397e-16 rho=1e+07 support=383/12248
ADMM_ITER round=0/0 iteration=15975/30000 objective=0.00018951624087259905 r=2.55116e-08/1.10672e-08 s=0.0471644/5.07876e-05 projection_inf=1.36503e-16 rho=1e+07 support=384/12248
ADMM_ITER round=0/0 iteration=16000/30000 objective=0.00018969203722879057 r=2.54609e-08/1.10672e-08 s=0.0494114/5.08407e-05 projection_inf=1.33422e-16 rho=1e+07 support=384/12248
ADMM_ITER round=0/0 iteration=16025/30000 objective=0.00018978493664826814 r=2.53979e-08/1.10672e-08 s=0.0521983/5.08937e-05 projection_inf=1.39242e-16 rho=1e+07 support=383/12248
ADMM_ITER round=0/0 iteration=16050/30000 objective=0.00018978070055082033 r=2.53732e-08/1.10672e-08 s=0.0530629/5.09468e-05 projection_inf=1.42786e-16 rho=1e+07 support=383/12248
ADMM_ITER round=0/0 iteration=16075/30000 objective=0.00018969388246185774 r=2.53567e-08/1.10672e-08 s=0.0535445/5.09998e-05 projection_inf=1.45562e-16 rho=1e+07 support=383/12248
ADMM_ITER round=0/0 iteration=16100/30000 objective=0.00018952663964995895 r=2.53152e-08/1.10672e-08 s=0.05519/5.1053e-05 projection_inf=1.52154e-16 rho=1e+07 support=384/12248
ADMM_ITER round=0/0 iteration=16125/30000 objective=0.00018931804129138828 r=2.52776e-08/1.10672e-08 s=0.0566185/5.11063e-05 projection_inf=1.3735e-16 rho=1e+07 support=383/12248
ADMM_ITER round=0/0 iteration=16150/30000 objective=0.00018910583631596582 r=2.52827e-08/1.10672e-08 s=0.0561108/5.11597e-05 projection_inf=1.37799e-16 rho=1e+07 support=384/12248
ADMM_ITER round=0/0 iteration=16175/30000 objective=0.00018890456983961887 r=2.53087e-08/1.10672e-08 s=0.0546499/5.12132e-05 projection_inf=1.48147e-16 rho=1e+07 support=385/12248
ADMM_ITER round=0/0 iteration=16200/30000 objective=0.00018879485345027629 r=2.53196e-08/1.10672e-08 s=0.0538692/5.12668e-05 projection_inf=1.45126e-16 rho=1e+07 support=384/12248
ADMM_ITER round=0/0 iteration=16225/30000 objective=0.00018885421626066575 r=2.53238e-08/1.10672e-08 s=0.0533466/5.13204e-05 projection_inf=1.36595e-16 rho=1e+07 support=383/12248
ADMM_ITER round=0/0 iteration=16250/30000 objective=0.00018910150679275612 r=2.53405e-08/1.10672e-08 s=0.0522774/5.1374e-05 projection_inf=1.35867e-16 rho=1e+07 support=383/12248
ADMM_ITER round=0/0 iteration=16275/30000 objective=0.00018954068617378522 r=2.53588e-08/1.10672e-08 s=0.0511153/5.14275e-05 projection_inf=1.62219e-16 rho=1e+07 support=383/12248
ADMM_ITER round=0/0 iteration=16300/30000 objective=0.00019018440539794488 r=2.5346e-08/1.10672e-08 s=0.0511991/5.14807e-05 projection_inf=1.38689e-16 rho=1e+07 support=383/12248
ADMM_ITER round=0/0 iteration=16325/30000 objective=0.00019101242048498917 r=2.53034e-08/1.10672e-08 s=0.0528064/5.15335e-05 projection_inf=1.66794e-16 rho=1e+07 support=383/12248
ADMM_ITER round=0/0 iteration=16350/30000 objective=0.00019190147601893821 r=2.52453e-08/1.10672e-08 s=0.0551696/5.1586e-05 projection_inf=1.529e-16 rho=1e+07 support=382/12248
ADMM_ITER round=0/0 iteration=16375/30000 objective=0.00019279077651805675 r=2.52044e-08/1.10672e-08 s=0.0567001/5.1638e-05 projection_inf=1.45405e-16 rho=1e+07 support=382/12248
ADMM_ITER round=0/0 iteration=16400/30000 objective=0.00019366700222608259 r=2.518e-08/1.10672e-08 s=0.0574732/5.16896e-05 projection_inf=1.22609e-16 rho=1e+07 support=381/12248
ADMM_ITER round=0/0 iteration=16425/30000 objective=0.00019449254970410135 r=2.51471e-08/1.10672e-08 s=0.0585547/5.17409e-05 projection_inf=1.47822e-16 rho=1e+07 support=380/12248
ADMM_ITER round=0/0 iteration=16450/30000 objective=0.00019522042318917708 r=2.51402e-08/1.10672e-08 s=0.0585586/5.17918e-05 projection_inf=1.49706e-16 rho=1e+07 support=381/12248
ADMM_ITER round=0/0 iteration=16475/30000 objective=0.00019579651724622253 r=2.52124e-08/1.10672e-08 s=0.0550759/5.18423e-05 projection_inf=1.43694e-16 rho=1e+07 support=381/12248
ADMM_ITER round=0/0 iteration=16500/30000 objective=0.0001961896557299637 r=2.53297e-08/1.10672e-08 s=0.0483139/5.18927e-05 projection_inf=1.51529e-16 rho=1e+07 support=379/12248
ADMM_ITER round=0/0 iteration=16525/30000 objective=0.00019631770553273954 r=2.53921e-08/1.10672e-08 s=0.043913/5.1943e-05 projection_inf=1.45695e-16 rho=1e+07 support=378/12248
ADMM_ITER round=0/0 iteration=16550/30000 objective=0.00019617790435610681 r=2.54177e-08/1.10672e-08 s=0.0414593/5.19933e-05 projection_inf=1.55968e-16 rho=1e+07 support=378/12248
ADMM_ITER round=0/0 iteration=16575/30000 objective=0.00019584403698497384 r=2.54309e-08/1.10672e-08 s=0.0399189/5.20438e-05 projection_inf=1.57247e-16 rho=1e+07 support=379/12248
ADMM_ITER round=0/0 iteration=16600/30000 objective=0.00019539263987943667 r=2.5417e-08/1.10672e-08 s=0.0401904/5.20945e-05 projection_inf=1.47407e-16 rho=1e+07 support=379/12248
ADMM_ITER round=0/0 iteration=16625/30000 objective=0.00019484488467985775 r=2.5383e-08/1.10672e-08 s=0.0413616/5.21454e-05 projection_inf=1.44457e-16 rho=1e+07 support=379/12248
ADMM_ITER round=0/0 iteration=16650/30000 objective=0.00019422054532834142 r=2.53292e-08/1.10672e-08 s=0.0439723/5.21967e-05 projection_inf=1.46043e-16 rho=1e+07 support=380/12248
ADMM_ITER round=0/0 iteration=16675/30000 objective=0.00019356802030300833 r=2.5279e-08/1.10672e-08 s=0.0462827/5.22483e-05 projection_inf=1.42586e-16 rho=1e+07 support=380/12248
ADMM_ITER round=0/0 iteration=16700/30000 objective=0.00019285409374266582 r=2.52321e-08/1.10672e-08 s=0.04836/5.23002e-05 projection_inf=1.47986e-16 rho=1e+07 support=380/12248
ADMM_ITER round=0/0 iteration=16725/30000 objective=0.00019213103191231706 r=2.5194e-08/1.10672e-08 s=0.0499331/5.23525e-05 projection_inf=1.30371e-16 rho=1e+07 support=380/12248
ADMM_ITER round=0/0 iteration=16750/30000 objective=0.00019142468786259876 r=2.51635e-08/1.10672e-08 s=0.0511104/5.24052e-05 projection_inf=1.47038e-16 rho=1e+07 support=379/12248
ADMM_ITER round=0/0 iteration=16775/30000 objective=0.00019075007450101912 r=2.51354e-08/1.10672e-08 s=0.0521603/5.24582e-05 projection_inf=1.54319e-16 rho=1e+07 support=379/12248
ADMM_ITER round=0/0 iteration=16800/30000 objective=0.00019016754950749499 r=2.51089e-08/1.10672e-08 s=0.0531283/5.25115e-05 projection_inf=1.52437e-16 rho=1e+07 support=379/12248
ADMM_ITER round=0/0 iteration=16825/30000 objective=0.00018971762387652431 r=2.512e-08/1.10672e-08 s=0.0522886/5.25651e-05 projection_inf=1.57172e-16 rho=1e+07 support=380/12248
ADMM_ITER round=0/0 iteration=16850/30000 objective=0.00018937458803323107 r=2.51766e-08/1.10672e-08 s=0.0491322/5.26189e-05 projection_inf=1.48187e-16 rho=1e+07 support=380/12248
ADMM_ITER round=0/0 iteration=16875/30000 objective=0.00018913583356789811 r=2.52345e-08/1.10672e-08 s=0.0457125/5.26729e-05 projection_inf=1.44366e-16 rho=1e+07 support=380/12248
ADMM_ITER round=0/0 iteration=16900/30000 objective=0.00018904281078642492 r=2.52576e-08/1.10672e-08 s=0.0440764/5.27269e-05 projection_inf=1.43322e-16 rho=1e+07 support=380/12248
ADMM_ITER round=0/0 iteration=16925/30000 objective=0.00018908291750231358 r=2.52528e-08/1.10672e-08 s=0.0440254/5.2781e-05 projection_inf=1.39169e-16 rho=1e+07 support=380/12248
ADMM_ITER round=0/0 iteration=16950/30000 objective=0.0001891969774697136 r=2.52144e-08/1.10672e-08 s=0.0458214/5.2835e-05 projection_inf=1.50179e-16 rho=1e+07 support=381/12248
ADMM_ITER round=0/0 iteration=16975/30000 objective=0.00018936434829413314 r=2.51832e-08/1.10672e-08 s=0.0471687/5.2889e-05 projection_inf=1.50907e-16 rho=1e+07 support=382/12248
ADMM_ITER round=0/0 iteration=17000/30000 objective=0.00018959382651376612 r=2.51753e-08/1.10672e-08 s=0.0472654/5.2943e-05 projection_inf=1.54099e-16 rho=1e+07 support=382/12248
ADMM_ITER round=0/0 iteration=17025/30000 objective=0.00018986600003483876 r=2.51455e-08/1.10672e-08 s=0.0484778/5.29968e-05 projection_inf=1.43176e-16 rho=1e+07 support=381/12248
ADMM_ITER round=0/0 iteration=17050/30000 objective=0.00019017638615128149 r=2.51206e-08/1.10672e-08 s=0.0494371/5.30505e-05 projection_inf=1.42832e-16 rho=1e+07 support=382/12248
ADMM_ITER round=0/0 iteration=17075/30000 objective=0.00019053696522822557 r=2.51092e-08/1.10672e-08 s=0.0496379/5.31041e-05 projection_inf=1.54574e-16 rho=1e+07 support=381/12248
ADMM_ITER round=0/0 iteration=17100/30000 objective=0.00019091668499226407 r=2.51076e-08/1.10672e-08 s=0.0491597/5.31575e-05 projection_inf=1.6062e-16 rho=1e+07 support=380/12248
ADMM_ITER round=0/0 iteration=17125/30000 objective=0.00019125104328151824 r=2.51015e-08/1.10672e-08 s=0.0490985/5.32107e-05 projection_inf=1.40699e-16 rho=1e+07 support=380/12248
ADMM_ITER round=0/0 iteration=17150/30000 objective=0.00019152317631297562 r=2.5088e-08/1.10672e-08 s=0.0494286/5.32639e-05 projection_inf=1.3266e-16 rho=1e+07 support=381/12248
ADMM_ITER round=0/0 iteration=17175/30000 objective=0.00019177996742973069 r=2.50712e-08/1.10672e-08 s=0.049841/5.33169e-05 projection_inf=1.51588e-16 rho=1e+07 support=383/12248
ADMM_ITER round=0/0 iteration=17200/30000 objective=0.00019202718519157973 r=2.50846e-08/1.10672e-08 s=0.0487713/5.33698e-05 projection_inf=1.39337e-16 rho=1e+07 support=384/12248
ADMM_ITER round=0/0 iteration=17225/30000 objective=0.00019227529954173598 r=2.50969e-08/1.10672e-08 s=0.047724/5.34227e-05 projection_inf=1.72351e-16 rho=1e+07 support=386/12248
ADMM_ITER round=0/0 iteration=17250/30000 objective=0.00019249060185254547 r=2.51061e-08/1.10672e-08 s=0.0468717/5.34754e-05 projection_inf=1.4355e-16 rho=1e+07 support=386/12248
ADMM_ITER round=0/0 iteration=17275/30000 objective=0.00019262049133678873 r=2.5118e-08/1.10672e-08 s=0.0456644/5.35281e-05 projection_inf=1.48263e-16 rho=1e+07 support=387/12248
ADMM_ITER round=0/0 iteration=17300/30000 objective=0.00019266315630654598 r=2.51105e-08/1.10672e-08 s=0.0455259/5.35807e-05 projection_inf=1.60334e-16 rho=1e+07 support=388/12248
ADMM_ITER round=0/0 iteration=17325/30000 objective=0.00019270544062736949 r=2.50899e-08/1.10672e-08 s=0.0459622/5.36334e-05 projection_inf=1.36862e-16 rho=1e+07 support=386/12248
ADMM_ITER round=0/0 iteration=17350/30000 objective=0.00019275262426762178 r=2.50607e-08/1.10672e-08 s=0.0469822/5.36861e-05 projection_inf=1.40996e-16 rho=1e+07 support=387/12248
ADMM_ITER round=0/0 iteration=17375/30000 objective=0.00019279494609126236 r=2.50093e-08/1.10672e-08 s=0.0491965/5.37387e-05 projection_inf=1.42482e-16 rho=1e+07 support=388/12248
ADMM_ITER round=0/0 iteration=17400/30000 objective=0.00019284201652166883 r=2.49721e-08/1.10672e-08 s=0.0506591/5.37914e-05 projection_inf=1.44909e-16 rho=1e+07 support=388/12248
ADMM_ITER round=0/0 iteration=17425/30000 objective=0.00019294874370808012 r=2.49392e-08/1.10672e-08 s=0.0518504/5.3844e-05 projection_inf=1.47058e-16 rho=1e+07 support=387/12248
ADMM_ITER round=0/0 iteration=17450/30000 objective=0.00019313536808582849 r=2.48636e-08/1.10672e-08 s=0.0550054/5.38966e-05 projection_inf=1.40432e-16 rho=1e+07 support=386/12248
ADMM_ITER round=0/0 iteration=17475/30000 objective=0.00019344586635789031 r=2.4776e-08/1.10672e-08 s=0.058506/5.39491e-05 projection_inf=1.54599e-16 rho=1e+07 support=385/12248
ADMM_ITER round=0/0 iteration=17500/30000 objective=0.00019380957914697997 r=2.47132e-08/1.10672e-08 s=0.0606865/5.40014e-05 projection_inf=1.51557e-16 rho=1e+07 support=384/12248
ADMM_ITER round=0/0 iteration=17525/30000 objective=0.00019417253867362941 r=2.46692e-08/1.10672e-08 s=0.0617465/5.40536e-05 projection_inf=1.38898e-16 rho=1e+07 support=382/12248
ADMM_ITER round=0/0 iteration=17550/30000 objective=0.00019451103547040821 r=2.46287e-08/1.10672e-08 s=0.0629806/5.41057e-05 projection_inf=1.58551e-16 rho=1e+07 support=382/12248
ADMM_ITER round=0/0 iteration=17575/30000 objective=0.00019480209653147002 r=2.4606e-08/1.10672e-08 s=0.0635497/5.41576e-05 projection_inf=1.6704e-16 rho=1e+07 support=383/12248
ADMM_ITER round=0/0 iteration=17600/30000 objective=0.00019507541958494373 r=2.4606e-08/1.10672e-08 s=0.0632339/5.42094e-05 projection_inf=1.51743e-16 rho=1e+07 support=384/12248
ADMM_ITER round=0/0 iteration=17625/30000 objective=0.00019529575928694173 r=2.46267e-08/1.10672e-08 s=0.0621105/5.42611e-05 projection_inf=1.51555e-16 rho=1e+07 support=384/12248
ADMM_ITER round=0/0 iteration=17650/30000 objective=0.00019542678329085479 r=2.46718e-08/1.10672e-08 s=0.0599906/5.43127e-05 projection_inf=1.46089e-16 rho=1e+07 support=383/12248
ADMM_ITER round=0/0 iteration=17675/30000 objective=0.00019544706915577899 r=2.47404e-08/1.10672e-08 s=0.0563907/5.43643e-05 projection_inf=1.62167e-16 rho=1e+07 support=382/12248
ADMM_ITER round=0/0 iteration=17700/30000 objective=0.0001953967446950197 r=2.47814e-08/1.10672e-08 s=0.0535777/5.4416e-05 projection_inf=1.38775e-16 rho=1e+07 support=382/12248
ADMM_ITER round=0/0 iteration=17725/30000 objective=0.00019532917259861663 r=2.47709e-08/1.10672e-08 s=0.0534129/5.44677e-05 projection_inf=1.56985e-16 rho=1e+07 support=383/12248
ADMM_ITER round=0/0 iteration=17750/30000 objective=0.00019533455747346095 r=2.48103e-08/1.10672e-08 s=0.0501596/5.45194e-05 projection_inf=1.50657e-16 rho=1e+07 support=381/12248
ADMM_ITER round=0/0 iteration=17775/30000 objective=0.00019531542582101977 r=2.47926e-08/1.10672e-08 s=0.0501729/5.45711e-05 projection_inf=1.4697e-16 rho=1e+07 support=382/12248
ADMM_ITER round=0/0 iteration=17800/30000 objective=0.00019533336553567094 r=2.47467e-08/1.10672e-08 s=0.0517493/5.46229e-05 projection_inf=1.53439e-16 rho=1e+07 support=382/12248
ADMM_ITER round=0/0 iteration=17825/30000 objective=0.0001953688682849837 r=2.4676e-08/1.10672e-08 s=0.0544763/5.46747e-05 projection_inf=1.46432e-16 rho=1e+07 support=383/12248
ADMM_ITER round=0/0 iteration=17850/30000 objective=0.00019542496692546226 r=2.46032e-08/1.10672e-08 s=0.0571926/5.47265e-05 projection_inf=1.3956e-16 rho=1e+07 support=383/12248
ADMM_ITER round=0/0 iteration=17875/30000 objective=0.00019553088485979285 r=2.45363e-08/1.10672e-08 s=0.0595767/5.47782e-05 projection_inf=1.56769e-16 rho=1e+07 support=383/12248
ADMM_ITER round=0/0 iteration=17900/30000 objective=0.00019573560798662778 r=2.45138e-08/1.10672e-08 s=0.0593103/5.48299e-05 projection_inf=1.54638e-16 rho=1e+07 support=383/12248
ADMM_ITER round=0/0 iteration=17925/30000 objective=0.00019606796646300689 r=2.4487e-08/1.10672e-08 s=0.0598107/5.48815e-05 projection_inf=1.36648e-16 rho=1e+07 support=383/12248
ADMM_ITER round=0/0 iteration=17950/30000 objective=0.00019658339378303652 r=2.45104e-08/1.10672e-08 s=0.0572222/5.49329e-05 projection_inf=1.43138e-16 rho=1e+07 support=383/12248
ADMM_ITER round=0/0 iteration=17975/30000 objective=0.00019724082597400019 r=2.44428e-08/1.10672e-08 s=0.0593065/5.49841e-05 projection_inf=1.45348e-16 rho=1e+07 support=383/12248
ADMM_ITER round=0/0 iteration=18000/30000 objective=0.00019798140445808775 r=2.44043e-08/1.10672e-08 s=0.0602935/5.50349e-05 projection_inf=1.45493e-16 rho=1e+07 support=383/12248
ADMM_ITER round=0/0 iteration=18025/30000 objective=0.00019877185688410849 r=2.43036e-08/1.10672e-08 s=0.0636043/5.50854e-05 projection_inf=1.53343e-16 rho=1e+07 support=384/12248
ADMM_ITER round=0/0 iteration=18050/30000 objective=0.00019967921182333383 r=2.41807e-08/1.10672e-08 s=0.067628/5.51356e-05 projection_inf=1.55977e-16 rho=1e+07 support=385/12248
ADMM_ITER round=0/0 iteration=18075/30000 objective=0.00020071057072039723 r=2.40725e-08/1.10672e-08 s=0.0709761/5.51853e-05 projection_inf=1.42845e-16 rho=1e+07 support=385/12248
ADMM_ITER round=0/0 iteration=18100/30000 objective=0.00020184475046491234 r=2.40462e-08/1.10672e-08 s=0.0714946/5.52346e-05 projection_inf=1.37154e-16 rho=1e+07 support=385/12248
ADMM_ITER round=0/0 iteration=18125/30000 objective=0.00020301336477212845 r=2.41192e-08/1.10672e-08 s=0.0684738/5.52833e-05 projection_inf=1.39479e-16 rho=1e+07 support=385/12248
ADMM_ITER round=0/0 iteration=18150/30000 objective=0.0002041408649309664 r=2.42155e-08/1.10672e-08 s=0.0645187/5.53315e-05 projection_inf=1.4662e-16 rho=1e+07 support=383/12248
ADMM_ITER round=0/0 iteration=18175/30000 objective=0.0002052377860820787 r=2.42614e-08/1.10672e-08 s=0.0623828/5.53793e-05 projection_inf=1.54765e-16 rho=1e+07 support=384/12248
ADMM_ITER round=0/0 iteration=18200/30000 objective=0.00020626468124336307 r=2.42459e-08/1.10672e-08 s=0.0626107/5.54266e-05 projection_inf=1.39709e-16 rho=1e+07 support=382/12248
ADMM_ITER round=0/0 iteration=18225/30000 objective=0.00020717939507728237 r=2.4233e-08/1.10672e-08 s=0.0627357/5.54735e-05 projection_inf=1.4956e-16 rho=1e+07 support=382/12248
ADMM_ITER round=0/0 iteration=18250/30000 objective=0.00020796443354915059 r=2.42516e-08/1.10672e-08 s=0.0616378/5.552e-05 projection_inf=1.48002e-16 rho=1e+07 support=382/12248
ADMM_ITER round=0/0 iteration=18275/30000 objective=0.0002086354754971424 r=2.43143e-08/1.10672e-08 s=0.0586122/5.55662e-05 projection_inf=1.31394e-16 rho=1e+07 support=380/12248
ADMM_ITER round=0/0 iteration=18300/30000 objective=0.00020914185343895992 r=2.43951e-08/1.10672e-08 s=0.0547524/5.56122e-05 projection_inf=1.66171e-16 rho=1e+07 support=381/12248
ADMM_ITER round=0/0 iteration=18325/30000 objective=0.00020946233420743364 r=2.44591e-08/1.10672e-08 s=0.0513761/5.5658e-05 projection_inf=1.45272e-16 rho=1e+07 support=380/12248
ADMM_ITER round=0/0 iteration=18350/30000 objective=0.00020964421733618812 r=2.44918e-08/1.10672e-08 s=0.048649/5.57037e-05 projection_inf=1.89925e-16 rho=1e+07 support=379/12248
ADMM_ITER round=0/0 iteration=18375/30000 objective=0.00020973053274935436 r=2.45035e-08/1.10672e-08 s=0.0474262/5.57495e-05 projection_inf=1.54623e-16 rho=1e+07 support=377/12248
ADMM_ITER round=0/0 iteration=18400/30000 objective=0.00020972830344217778 r=2.45048e-08/1.10672e-08 s=0.0466878/5.57952e-05 projection_inf=1.54351e-16 rho=1e+07 support=376/12248
ADMM_ITER round=0/0 iteration=18425/30000 objective=0.00020966378968782182 r=2.44617e-08/1.10672e-08 s=0.0483998/5.58409e-05 projection_inf=1.44295e-16 rho=1e+07 support=376/12248
ADMM_ITER round=0/0 iteration=18450/30000 objective=0.00020953830647544685 r=2.44162e-08/1.10672e-08 s=0.050235/5.58868e-05 projection_inf=1.56341e-16 rho=1e+07 support=376/12248
ADMM_ITER round=0/0 iteration=18475/30000 objective=0.00020935808272178223 r=2.44346e-08/1.10672e-08 s=0.0477363/5.59327e-05 projection_inf=1.49649e-16 rho=1e+07 support=376/12248
ADMM_ITER round=0/0 iteration=18500/30000 objective=0.00020923659169241903 r=2.44802e-08/1.10672e-08 s=0.044726/5.59787e-05 projection_inf=1.55481e-16 rho=1e+07 support=376/12248
ADMM_ITER round=0/0 iteration=18525/30000 objective=0.00020919941390654212 r=2.44595e-08/1.10672e-08 s=0.0452816/5.60248e-05 projection_inf=1.57188e-16 rho=1e+07 support=378/12248
ADMM_ITER round=0/0 iteration=18550/30000 objective=0.00020922565571191934 r=2.44282e-08/1.10672e-08 s=0.0464048/5.60709e-05 projection_inf=1.50838e-16 rho=1e+07 support=378/12248
ADMM_ITER round=0/0 iteration=18575/30000 objective=0.00020923369604258616 r=2.44026e-08/1.10672e-08 s=0.0472566/5.6117e-05 projection_inf=1.73397e-16 rho=1e+07 support=378/12248
ADMM_ITER round=0/0 iteration=18600/30000 objective=0.00020914394452686139 r=2.43932e-08/1.10672e-08 s=0.0472911/5.61632e-05 projection_inf=1.51644e-16 rho=1e+07 support=378/12248
ADMM_ITER round=0/0 iteration=18625/30000 objective=0.00020894308103015417 r=2.44362e-08/1.10672e-08 s=0.0440631/5.62094e-05 projection_inf=1.5917e-16 rho=1e+07 support=377/12248
ADMM_ITER round=0/0 iteration=18650/30000 objective=0.00020864167765570829 r=2.4455e-08/1.10672e-08 s=0.0424029/5.62558e-05 projection_inf=1.58413e-16 rho=1e+07 support=376/12248
ADMM_ITER round=0/0 iteration=18675/30000 objective=0.00020826117089768094 r=2.44804e-08/1.10672e-08 s=0.0403513/5.63024e-05 projection_inf=1.50885e-16 rho=1e+07 support=376/12248
ADMM_ITER round=0/0 iteration=18700/30000 objective=0.00020783676148244506 r=2.44684e-08/1.10672e-08 s=0.0405477/5.63492e-05 projection_inf=1.52234e-16 rho=1e+07 support=375/12248
ADMM_ITER round=0/0 iteration=18725/30000 objective=0.00020737895555809116 r=2.43995e-08/1.10672e-08 s=0.0440712/5.63962e-05 projection_inf=1.66445e-16 rho=1e+07 support=375/12248
ADMM_ITER round=0/0 iteration=18750/30000 objective=0.00020691978934609772 r=2.42965e-08/1.10672e-08 s=0.0490137/5.64435e-05 projection_inf=1.3812e-16 rho=1e+07 support=378/12248
ADMM_ITER round=0/0 iteration=18775/30000 objective=0.00020649249407124443 r=2.4206e-08/1.10672e-08 s=0.0529332/5.64909e-05 projection_inf=1.43594e-16 rho=1e+07 support=378/12248
ADMM_ITER round=0/0 iteration=18800/30000 objective=0.00020613976543474156 r=2.41743e-08/1.10672e-08 s=0.0540017/5.65386e-05 projection_inf=1.41584e-16 rho=1e+07 support=379/12248
ADMM_ITER round=0/0 iteration=18825/30000 objective=0.00020581958955687336 r=2.41382e-08/1.10672e-08 s=0.055204/5.65864e-05 projection_inf=1.50501e-16 rho=1e+07 support=379/12248
ADMM_ITER round=0/0 iteration=18850/30000 objective=0.00020542456169482875 r=2.40822e-08/1.10672e-08 s=0.0572475/5.66344e-05 projection_inf=1.53216e-16 rho=1e+07 support=380/12248
ADMM_ITER round=0/0 iteration=18875/30000 objective=0.00020500530126043854 r=2.40524e-08/1.10672e-08 s=0.0575896/5.66826e-05 projection_inf=1.48922e-16 rho=1e+07 support=378/12248
ADMM_ITER round=0/0 iteration=18900/30000 objective=0.00020462558416925347 r=2.40553e-08/1.10672e-08 s=0.0568212/5.6731e-05 projection_inf=1.57182e-16 rho=1e+07 support=377/12248
ADMM_ITER round=0/0 iteration=18925/30000 objective=0.00020421985867865862 r=2.40348e-08/1.10672e-08 s=0.0570914/5.67795e-05 projection_inf=1.57189e-16 rho=1e+07 support=378/12248
ADMM_ITER round=0/0 iteration=18950/30000 objective=0.00020378618583380087 r=2.40246e-08/1.10672e-08 s=0.0569996/5.68283e-05 projection_inf=1.5005e-16 rho=1e+07 support=378/12248
ADMM_ITER round=0/0 iteration=18975/30000 objective=0.0002034084740355971 r=2.40439e-08/1.10672e-08 s=0.0557564/5.68773e-05 projection_inf=1.5574e-16 rho=1e+07 support=378/12248
ADMM_ITER round=0/0 iteration=19000/30000 objective=0.00020310911181138546 r=2.40178e-08/1.10672e-08 s=0.0562895/5.69265e-05 projection_inf=1.45026e-16 rho=1e+07 support=379/12248
ADMM_ITER round=0/0 iteration=19025/30000 objective=0.00020288989920890605 r=2.39924e-08/1.10672e-08 s=0.0568507/5.69757e-05 projection_inf=1.54052e-16 rho=1e+07 support=382/12248
ADMM_ITER round=0/0 iteration=19050/30000 objective=0.00020274439019140738 r=2.39451e-08/1.10672e-08 s=0.0581528/5.70251e-05 projection_inf=1.52126e-16 rho=1e+07 support=382/12248
ADMM_ITER round=0/0 iteration=19075/30000 objective=0.00020256506704747324 r=2.40076e-08/1.10672e-08 s=0.0549026/5.70746e-05 projection_inf=1.43034e-16 rho=1e+07 support=382/12248
ADMM_ITER round=0/0 iteration=19100/30000 objective=0.0002023162482372941 r=2.40707e-08/1.10672e-08 s=0.0514547/5.71242e-05 projection_inf=1.58123e-16 rho=1e+07 support=383/12248
ADMM_ITER round=0/0 iteration=19125/30000 objective=0.00020211300378986235 r=2.40678e-08/1.10672e-08 s=0.0510211/5.71738e-05 projection_inf=1.55427e-16 rho=1e+07 support=383/12248
ADMM_ITER round=0/0 iteration=19150/30000 objective=0.00020191795093267228 r=2.40388e-08/1.10672e-08 s=0.0515031/5.72236e-05 projection_inf=1.37421e-16 rho=1e+07 support=382/12248
ADMM_ITER round=0/0 iteration=19175/30000 objective=0.00020167878615540496 r=2.40568e-08/1.10672e-08 s=0.0501089/5.72735e-05 projection_inf=1.5911e-16 rho=1e+07 support=382/12248
ADMM_ITER round=0/0 iteration=19200/30000 objective=0.00020147198320635162 r=2.40772e-08/1.10672e-08 s=0.048452/5.73236e-05 projection_inf=1.5978e-16 rho=1e+07 support=381/12248
ADMM_ITER round=0/0 iteration=19225/30000 objective=0.00020131796546258134 r=2.40827e-08/1.10672e-08 s=0.0476358/5.73737e-05 projection_inf=1.62237e-16 rho=1e+07 support=382/12248
ADMM_ITER round=0/0 iteration=19250/30000 objective=0.0002011597389905335 r=2.41026e-08/1.10672e-08 s=0.04598/5.74239e-05 projection_inf=1.61479e-16 rho=1e+07 support=382/12248
ADMM_ITER round=0/0 iteration=19275/30000 objective=0.00020104717515702302 r=2.41097e-08/1.10672e-08 s=0.0449548/5.74742e-05 projection_inf=1.47323e-16 rho=1e+07 support=384/12248
ADMM_ITER round=0/0 iteration=19300/30000 objective=0.00020100015139160282 r=2.40942e-08/1.10672e-08 s=0.0451383/5.75245e-05 projection_inf=1.63069e-16 rho=1e+07 support=383/12248
ADMM_ITER round=0/0 iteration=19325/30000 objective=0.00020097928942096696 r=2.40808e-08/1.10672e-08 s=0.0453174/5.75748e-05 projection_inf=1.49823e-16 rho=1e+07 support=384/12248
ADMM_ITER round=0/0 iteration=19350/30000 objective=0.00020096867046096698 r=2.40691e-08/1.10672e-08 s=0.0454294/5.76252e-05 projection_inf=1.56192e-16 rho=1e+07 support=385/12248
ADMM_ITER round=0/0 iteration=19375/30000 objective=0.00020093077265478902 r=2.40499e-08/1.10672e-08 s=0.0458339/5.76756e-05 projection_inf=1.60079e-16 rho=1e+07 support=385/12248
ADMM_ITER round=0/0 iteration=19400/30000 objective=0.00020080084494160402 r=2.40445e-08/1.10672e-08 s=0.0456188/5.77261e-05 projection_inf=1.47106e-16 rho=1e+07 support=385/12248
ADMM_ITER round=0/0 iteration=19425/30000 objective=0.00020064679326370694 r=2.40619e-08/1.10672e-08 s=0.0442214/5.77766e-05 projection_inf=1.57715e-16 rho=1e+07 support=385/12248
ADMM_ITER round=0/0 iteration=19450/30000 objective=0.00020057562941160141 r=2.40556e-08/1.10672e-08 s=0.0441257/5.78272e-05 projection_inf=1.72681e-16 rho=1e+07 support=385/12248
ADMM_ITER round=0/0 iteration=19475/30000 objective=0.00020061994773314242 r=2.40137e-08/1.10672e-08 s=0.0453378/5.78779e-05 projection_inf=1.53418e-16 rho=1e+07 support=384/12248
ADMM_ITER round=0/0 iteration=19500/30000 objective=0.00020068653944911585 r=2.39905e-08/1.10672e-08 s=0.0460756/5.79285e-05 projection_inf=1.41641e-16 rho=1e+07 support=385/12248
ADMM_ITER round=0/0 iteration=19525/30000 objective=0.00020074439407086669 r=2.40164e-08/1.10672e-08 s=0.044272/5.79791e-05 projection_inf=1.57403e-16 rho=1e+07 support=384/12248
ADMM_ITER round=0/0 iteration=19550/30000 objective=0.00020080664590713443 r=2.40531e-08/1.10672e-08 s=0.0417976/5.80297e-05 projection_inf=1.50432e-16 rho=1e+07 support=383/12248
ADMM_ITER round=0/0 iteration=19575/30000 objective=0.00020089025220125856 r=2.40589e-08/1.10672e-08 s=0.040974/5.80803e-05 projection_inf=1.91585e-16 rho=1e+07 support=382/12248
ADMM_ITER round=0/0 iteration=19600/30000 objective=0.00020101086622921331 r=2.40301e-08/1.10672e-08 s=0.0421197/5.81308e-05 projection_inf=1.56755e-16 rho=1e+07 support=382/12248
ADMM_ITER round=0/0 iteration=19625/30000 objective=0.00020118724909428911 r=2.3979e-08/1.10672e-08 s=0.0445462/5.81813e-05 projection_inf=1.81486e-16 rho=1e+07 support=382/12248
ADMM_ITER round=0/0 iteration=19650/30000 objective=0.00020138348707638039 r=2.39277e-08/1.10672e-08 s=0.046882/5.82318e-05 projection_inf=1.60395e-16 rho=1e+07 support=382/12248
ADMM_ITER round=0/0 iteration=19675/30000 objective=0.00020160546684250873 r=2.39089e-08/1.10672e-08 s=0.0474145/5.82821e-05 projection_inf=1.51965e-16 rho=1e+07 support=384/12248
ADMM_ITER round=0/0 iteration=19700/30000 objective=0.00020187083219878194 r=2.38949e-08/1.10672e-08 s=0.0477148/5.83324e-05 projection_inf=1.6582e-16 rho=1e+07 support=383/12248
ADMM_ITER round=0/0 iteration=19725/30000 objective=0.00020215565597855073 r=2.39062e-08/1.10672e-08 s=0.0464646/5.83826e-05 projection_inf=1.65313e-16 rho=1e+07 support=382/12248
ADMM_ITER round=0/0 iteration=19750/30000 objective=0.00020249765224946112 r=2.3914e-08/1.10672e-08 s=0.045053/5.84327e-05 projection_inf=1.60791e-16 rho=1e+07 support=384/12248
ADMM_ITER round=0/0 iteration=19775/30000 objective=0.00020286213846579807 r=2.38959e-08/1.10672e-08 s=0.045501/5.84826e-05 projection_inf=1.52492e-16 rho=1e+07 support=383/12248
ADMM_ITER round=0/0 iteration=19800/30000 objective=0.00020324433389174034 r=2.38726e-08/1.10672e-08 s=0.0462749/5.85323e-05 projection_inf=1.73878e-16 rho=1e+07 support=384/12248
ADMM_ITER round=0/0 iteration=19825/30000 objective=0.00020368722983977702 r=2.38731e-08/1.10672e-08 s=0.0458544/5.8582e-05 projection_inf=1.6621e-16 rho=1e+07 support=384/12248
ADMM_ITER round=0/0 iteration=19850/30000 objective=0.00020413904859358301 r=2.38564e-08/1.10672e-08 s=0.046343/5.86314e-05 projection_inf=1.55052e-16 rho=1e+07 support=385/12248
ADMM_ITER round=0/0 iteration=19875/30000 objective=0.0002045780424673955 r=2.37919e-08/1.10672e-08 s=0.0491477/5.86807e-05 projection_inf=1.68412e-16 rho=1e+07 support=385/12248
ADMM_ITER round=0/0 iteration=19900/30000 objective=0.00020502955247972155 r=2.37176e-08/1.10672e-08 s=0.0520977/5.87298e-05 projection_inf=1.57592e-16 rho=1e+07 support=386/12248
ADMM_ITER round=0/0 iteration=19925/30000 objective=0.00020550590768521955 r=2.36489e-08/1.10672e-08 s=0.0547096/5.87787e-05 projection_inf=1.59127e-16 rho=1e+07 support=385/12248
ADMM_ITER round=0/0 iteration=19950/30000 objective=0.00020601204598493742 r=2.36529e-08/1.10672e-08 s=0.0540159/5.88274e-05 projection_inf=1.93772e-16 rho=1e+07 support=383/12248
ADMM_ITER round=0/0 iteration=19975/30000 objective=0.00020655858373965538 r=2.36696e-08/1.10672e-08 s=0.0528792/5.88759e-05 projection_inf=1.68974e-16 rho=1e+07 support=383/12248
ADMM_ITER round=0/0 iteration=20000/30000 objective=0.00020712179212299954 r=2.36906e-08/1.10672e-08 s=0.0516038/5.89242e-05 projection_inf=1.68184e-16 rho=1e+07 support=384/12248
ADMM_ITER round=0/0 iteration=20025/30000 objective=0.00020769412660118623 r=2.37179e-08/1.10672e-08 s=0.0500316/5.89723e-05 projection_inf=1.61042e-16 rho=1e+07 support=385/12248
ADMM_ITER round=0/0 iteration=20050/30000 objective=0.00020825835070695971 r=2.37665e-08/1.10672e-08 s=0.0473668/5.90201e-05 projection_inf=1.73076e-16 rho=1e+07 support=384/12248
ADMM_ITER round=0/0 iteration=20075/30000 objective=0.00020878732834146295 r=2.38044e-08/1.10672e-08 s=0.0451037/5.90678e-05 projection_inf=1.77184e-16 rho=1e+07 support=383/12248
ADMM_ITER round=0/0 iteration=20100/30000 objective=0.00020928243253146416 r=2.38159e-08/1.10672e-08 s=0.044201/5.91152e-05 projection_inf=1.632e-16 rho=1e+07 support=383/12248
ADMM_ITER round=0/0 iteration=20125/30000 objective=0.00020971581794020663 r=2.38182e-08/1.10672e-08 s=0.0437994/5.91625e-05 projection_inf=1.50256e-16 rho=1e+07 support=384/12248
ADMM_ITER round=0/0 iteration=20150/30000 objective=0.00021006443281203284 r=2.38082e-08/1.10672e-08 s=0.0439967/5.92096e-05 projection_inf=1.52697e-16 rho=1e+07 support=385/12248
ADMM_ITER round=0/0 iteration=20175/30000 objective=0.00021033671152121316 r=2.3798e-08/1.10672e-08 s=0.0442387/5.92566e-05 projection_inf=1.63254e-16 rho=1e+07 support=385/12248
ADMM_ITER round=0/0 iteration=20200/30000 objective=0.00021052866820091374 r=2.37969e-08/1.10672e-08 s=0.0440112/5.93035e-05 projection_inf=1.61136e-16 rho=1e+07 support=385/12248
ADMM_ITER round=0/0 iteration=20225/30000 objective=0.00021061496468269205 r=2.3802e-08/1.10672e-08 s=0.0434564/5.93504e-05 projection_inf=1.54588e-16 rho=1e+07 support=385/12248
ADMM_ITER round=0/0 iteration=20250/30000 objective=0.00021058313318372647 r=2.38061e-08/1.10672e-08 s=0.042869/5.93973e-05 projection_inf=1.63241e-16 rho=1e+07 support=384/12248
ADMM_ITER round=0/0 iteration=20275/30000 objective=0.0002104361638781993 r=2.38147e-08/1.10672e-08 s=0.0420414/5.94442e-05 projection_inf=1.54257e-16 rho=1e+07 support=382/12248
ADMM_ITER round=0/0 iteration=20300/30000 objective=0.00021016808388204893 r=2.38038e-08/1.10672e-08 s=0.0423491/5.94913e-05 projection_inf=1.74352e-16 rho=1e+07 support=382/12248
ADMM_ITER round=0/0 iteration=20325/30000 objective=0.00020976892279412243 r=2.37637e-08/1.10672e-08 s=0.0440973/5.95385e-05 projection_inf=1.70959e-16 rho=1e+07 support=381/12248
ADMM_ITER round=0/0 iteration=20350/30000 objective=0.00020926228509749034 r=2.37334e-08/1.10672e-08 s=0.0453499/5.9586e-05 projection_inf=1.61133e-16 rho=1e+07 support=382/12248
ADMM_ITER round=0/0 iteration=20375/30000 objective=0.00020867478350219273 r=2.37338e-08/1.10672e-08 s=0.0450316/5.96337e-05 projection_inf=1.71683e-16 rho=1e+07 support=384/12248
ADMM_ITER round=0/0 iteration=20400/30000 objective=0.00020807610618291458 r=2.37255e-08/1.10672e-08 s=0.0451933/5.96816e-05 projection_inf=1.6967e-16 rho=1e+07 support=384/12248
ADMM_ITER round=0/0 iteration=20425/30000 objective=0.00020747614307433109 r=2.37273e-08/1.10672e-08 s=0.0447661/5.97299e-05 projection_inf=1.64032e-16 rho=1e+07 support=383/12248
ADMM_ITER round=0/0 iteration=20450/30000 objective=0.00020685125450183912 r=2.37363e-08/1.10672e-08 s=0.04388/5.97784e-05 projection_inf=1.71823e-16 rho=1e+07 support=382/12248
ADMM_ITER round=0/0 iteration=20475/30000 objective=0.00020619597246147287 r=2.37544e-08/1.10672e-08 s=0.0425781/5.98272e-05 projection_inf=1.72434e-16 rho=1e+07 support=385/12248
ADMM_ITER round=0/0 iteration=20500/30000 objective=0.00020556780842840016 r=2.37606e-08/1.10672e-08 s=0.0418088/5.98762e-05 projection_inf=1.48145e-16 rho=1e+07 support=386/12248
ADMM_ITER round=0/0 iteration=20525/30000 objective=0.00020495774587831977 r=2.37567e-08/1.10672e-08 s=0.0416602/5.99256e-05 projection_inf=1.61877e-16 rho=1e+07 support=385/12248
ADMM_ITER round=0/0 iteration=20550/30000 objective=0.00020437656462754243 r=2.37388e-08/1.10672e-08 s=0.0423849/5.99752e-05 projection_inf=1.59507e-16 rho=1e+07 support=386/12248
ADMM_ITER round=0/0 iteration=20575/30000 objective=0.00020388418833007757 r=2.36982e-08/1.10672e-08 s=0.0443448/6.00251e-05 projection_inf=1.78758e-16 rho=1e+07 support=386/12248
ADMM_ITER round=0/0 iteration=20600/30000 objective=0.00020351885553212331 r=2.3655e-08/1.10672e-08 s=0.046366/6.00751e-05 projection_inf=1.56167e-16 rho=1e+07 support=386/12248
ADMM_ITER round=0/0 iteration=20625/30000 objective=0.00020325387379018528 r=2.36359e-08/1.10672e-08 s=0.0470873/6.01253e-05 projection_inf=1.65813e-16 rho=1e+07 support=388/12248
ADMM_ITER round=0/0 iteration=20650/30000 objective=0.00020305975802200439 r=2.36163e-08/1.10672e-08 s=0.0477967/6.01756e-05 projection_inf=1.75389e-16 rho=1e+07 support=388/12248
ADMM_ITER round=0/0 iteration=20675/30000 objective=0.00020289872400938835 r=2.36016e-08/1.10672e-08 s=0.0483024/6.0226e-05 projection_inf=1.48331e-16 rho=1e+07 support=388/12248
ADMM_ITER round=0/0 iteration=20700/30000 objective=0.00020274707388203144 r=2.35801e-08/1.10672e-08 s=0.0491101/6.02764e-05 projection_inf=1.5878e-16 rho=1e+07 support=389/12248
ADMM_ITER round=0/0 iteration=20725/30000 objective=0.00020264084467930024 r=2.35659e-08/1.10672e-08 s=0.0494852/6.0327e-05 projection_inf=1.69298e-16 rho=1e+07 support=388/12248
ADMM_ITER round=0/0 iteration=20750/30000 objective=0.00020253864870495904 r=2.35628e-08/1.10672e-08 s=0.0494219/6.03776e-05 projection_inf=1.65571e-16 rho=1e+07 support=388/12248
ADMM_ITER round=0/0 iteration=20775/30000 objective=0.00020237913876996509 r=2.35831e-08/1.10672e-08 s=0.0482409/6.04282e-05 projection_inf=1.5726e-16 rho=1e+07 support=388/12248
ADMM_ITER round=0/0 iteration=20800/30000 objective=0.00020218066101312067 r=2.36199e-08/1.10672e-08 s=0.0461665/6.04789e-05 projection_inf=1.8279e-16 rho=1e+07 support=386/12248
ADMM_ITER round=0/0 iteration=20825/30000 objective=0.00020196781041054428 r=2.36587e-08/1.10672e-08 s=0.0439002/6.05298e-05 projection_inf=1.65834e-16 rho=1e+07 support=386/12248
ADMM_ITER round=0/0 iteration=20850/30000 objective=0.00020175400904640456 r=2.36738e-08/1.10672e-08 s=0.0426578/6.05807e-05 projection_inf=1.78249e-16 rho=1e+07 support=384/12248
ADMM_ITER round=0/0 iteration=20875/30000 objective=0.00020153393274443876 r=2.36651e-08/1.10672e-08 s=0.0428121/6.06318e-05 projection_inf=1.52979e-16 rho=1e+07 support=385/12248
ADMM_ITER round=0/0 iteration=20900/30000 objective=0.00020130448814377206 r=2.3657e-08/1.10672e-08 s=0.0429787/6.06829e-05 projection_inf=1.66957e-16 rho=1e+07 support=385/12248
ADMM_ITER round=0/0 iteration=20925/30000 objective=0.00020107779910342652 r=2.36588e-08/1.10672e-08 s=0.0426209/6.07341e-05 projection_inf=1.42799e-16 rho=1e+07 support=385/12248
ADMM_ITER round=0/0 iteration=20950/30000 objective=0.0002008557824452889 r=2.36761e-08/1.10672e-08 s=0.0412999/6.07855e-05 projection_inf=1.64486e-16 rho=1e+07 support=383/12248
ADMM_ITER round=0/0 iteration=20975/30000 objective=0.00020067079595088248 r=2.37058e-08/1.10672e-08 s=0.0391895/6.0837e-05 projection_inf=1.79102e-16 rho=1e+07 support=385/12248
ADMM_ITER round=0/0 iteration=21000/30000 objective=0.00020050690329088727 r=2.37117e-08/1.10672e-08 s=0.0384497/6.08885e-05 projection_inf=1.66274e-16 rho=1e+07 support=385/12248
ADMM_ITER round=0/0 iteration=21025/30000 objective=0.00020034016963606761 r=2.36982e-08/1.10672e-08 s=0.0389408/6.09401e-05 projection_inf=1.71703e-16 rho=1e+07 support=385/12248
ADMM_ITER round=0/0 iteration=21050/30000 objective=0.00020013577431531658 r=2.3688e-08/1.10672e-08 s=0.0392454/6.09918e-05 projection_inf=1.68113e-16 rho=1e+07 support=386/12248
ADMM_ITER round=0/0 iteration=21075/30000 objective=0.00019989110537614802 r=2.36837e-08/1.10672e-08 s=0.0392142/6.10436e-05 projection_inf=1.58595e-16 rho=1e+07 support=386/12248
ADMM_ITER round=0/0 iteration=21100/30000 objective=0.0001996282179645567 r=2.36565e-08/1.10672e-08 s=0.0405599/6.10956e-05 projection_inf=1.60462e-16 rho=1e+07 support=386/12248
ADMM_ITER round=0/0 iteration=21125/30000 objective=0.00019938920764343772 r=2.36361e-08/1.10672e-08 s=0.0414638/6.11476e-05 projection_inf=1.67559e-16 rho=1e+07 support=385/12248
ADMM_ITER round=0/0 iteration=21150/30000 objective=0.00019917494649621646 r=2.36352e-08/1.10672e-08 s=0.041217/6.11997e-05 projection_inf=1.69438e-16 rho=1e+07 support=386/12248
ADMM_ITER round=0/0 iteration=21175/30000 objective=0.00019899020301185658 r=2.3645e-08/1.10672e-08 s=0.0403411/6.1252e-05 projection_inf=1.72566e-16 rho=1e+07 support=387/12248
ADMM_ITER round=0/0 iteration=21200/30000 objective=0.00019884688267515009 r=2.36483e-08/1.10672e-08 s=0.0398579/6.13043e-05 projection_inf=1.64375e-16 rho=1e+07 support=387/12248
ADMM_ITER round=0/0 iteration=21225/30000 objective=0.00019873440815457096 r=2.36479e-08/1.10672e-08 s=0.0396031/6.13567e-05 projection_inf=1.67186e-16 rho=1e+07 support=387/12248
ADMM_ITER round=0/0 iteration=21250/30000 objective=0.00019867143418002899 r=2.36732e-08/1.10672e-08 s=0.0377859/6.14091e-05 projection_inf=1.76734e-16 rho=1e+07 support=387/12248
ADMM_ITER round=0/0 iteration=21275/30000 objective=0.00019870353909228665 r=2.36898e-08/1.10672e-08 s=0.0364608/6.14615e-05 projection_inf=1.8666e-16 rho=1e+07 support=387/12248
ADMM_ITER round=0/0 iteration=21300/30000 objective=0.00019883979913044365 r=2.36852e-08/1.10672e-08 s=0.036427/6.1514e-05 projection_inf=1.69424e-16 rho=1e+07 support=388/12248
ADMM_ITER round=0/0 iteration=21325/30000 objective=0.00019902802559490526 r=2.36707e-08/1.10672e-08 s=0.0370683/6.15663e-05 projection_inf=1.62222e-16 rho=1e+07 support=387/12248
ADMM_ITER round=0/0 iteration=21350/30000 objective=0.00019924858954776292 r=2.36577e-08/1.10672e-08 s=0.0376297/6.16186e-05 projection_inf=1.44673e-16 rho=1e+07 support=387/12248
ADMM_ITER round=0/0 iteration=21375/30000 objective=0.00019953205582054213 r=2.36252e-08/1.10672e-08 s=0.0392925/6.16708e-05 projection_inf=1.81657e-16 rho=1e+07 support=386/12248
ADMM_ITER round=0/0 iteration=21400/30000 objective=0.0001999007861567857 r=2.35765e-08/1.10672e-08 s=0.0418804/6.17229e-05 projection_inf=1.62482e-16 rho=1e+07 support=388/12248
ADMM_ITER round=0/0 iteration=21425/30000 objective=0.00020039786027204029 r=2.35323e-08/1.10672e-08 s=0.0440816/6.17748e-05 projection_inf=1.90547e-16 rho=1e+07 support=388/12248
ADMM_ITER round=0/0 iteration=21450/30000 objective=0.00020102623268610428 r=2.34878e-08/1.10672e-08 s=0.0462022/6.18265e-05 projection_inf=1.69926e-16 rho=1e+07 support=388/12248
ADMM_ITER round=0/0 iteration=21475/30000 objective=0.00020175123795385577 r=2.3469e-08/1.10672e-08 s=0.0469657/6.18779e-05 projection_inf=1.74928e-16 rho=1e+07 support=388/12248
ADMM_ITER round=0/0 iteration=21500/30000 objective=0.00020251465148411651 r=2.34801e-08/1.10672e-08 s=0.0462315/6.1929e-05 projection_inf=1.61898e-16 rho=1e+07 support=388/12248
ADMM_ITER round=0/0 iteration=21525/30000 objective=0.00020328295135743291 r=2.34909e-08/1.10672e-08 s=0.0455055/6.19799e-05 projection_inf=1.70758e-16 rho=1e+07 support=388/12248
ADMM_ITER round=0/0 iteration=21550/30000 objective=0.00020403049746508069 r=2.34845e-08/1.10672e-08 s=0.0456455/6.20304e-05 projection_inf=1.69241e-16 rho=1e+07 support=389/12248
ADMM_ITER round=0/0 iteration=21575/30000 objective=0.00020475623493212042 r=2.34716e-08/1.10672e-08 s=0.0461276/6.20807e-05 projection_inf=1.65398e-16 rho=1e+07 support=389/12248
ADMM_ITER round=0/0 iteration=21600/30000 objective=0.00020544475499133816 r=2.34838e-08/1.10672e-08 s=0.045328/6.21307e-05 projection_inf=1.70453e-16 rho=1e+07 support=389/12248
ADMM_ITER round=0/0 iteration=21625/30000 objective=0.00020606070851225252 r=2.35141e-08/1.10672e-08 s=0.0435459/6.21804e-05 projection_inf=1.69889e-16 rho=1e+07 support=385/12248
ADMM_ITER round=0/0 iteration=21650/30000 objective=0.00020658655536544371 r=2.35333e-08/1.10672e-08 s=0.042316/6.22299e-05 projection_inf=1.80895e-16 rho=1e+07 support=385/12248
ADMM_ITER round=0/0 iteration=21675/30000 objective=0.00020704630168226205 r=2.35421e-08/1.10672e-08 s=0.0416411/6.22793e-05 projection_inf=1.75966e-16 rho=1e+07 support=387/12248
ADMM_ITER round=0/0 iteration=21700/30000 objective=0.00020747360026223996 r=2.35472e-08/1.10672e-08 s=0.0408116/6.23284e-05 projection_inf=1.8307e-16 rho=1e+07 support=386/12248
ADMM_ITER round=0/0 iteration=21725/30000 objective=0.00020787233425173269 r=2.35353e-08/1.10672e-08 s=0.0410498/6.23775e-05 projection_inf=1.90501e-16 rho=1e+07 support=386/12248
ADMM_ITER round=0/0 iteration=21750/30000 objective=0.00020822423178791351 r=2.35024e-08/1.10672e-08 s=0.0426397/6.24264e-05 projection_inf=1.94775e-16 rho=1e+07 support=386/12248
ADMM_ITER round=0/0 iteration=21775/30000 objective=0.00020853292116157702 r=2.34727e-08/1.10672e-08 s=0.0440253/6.24751e-05 projection_inf=1.65395e-16 rho=1e+07 support=385/12248
ADMM_ITER round=0/0 iteration=21800/30000 objective=0.00020885518290050521 r=2.34599e-08/1.10672e-08 s=0.0445011/6.25238e-05 projection_inf=1.68262e-16 rho=1e+07 support=385/12248
ADMM_ITER round=0/0 iteration=21825/30000 objective=0.00020920886359706783 r=2.34659e-08/1.10672e-08 s=0.0439979/6.25723e-05 projection_inf=1.84156e-16 rho=1e+07 support=385/12248
ADMM_ITER round=0/0 iteration=21850/30000 objective=0.00020957268329811245 r=2.34818e-08/1.10672e-08 s=0.0429277/6.26208e-05 projection_inf=1.83002e-16 rho=1e+07 support=383/12248
ADMM_ITER round=0/0 iteration=21875/30000 objective=0.0002099155468049722 r=2.34918e-08/1.10672e-08 s=0.0421603/6.26691e-05 projection_inf=1.69402e-16 rho=1e+07 support=383/12248
ADMM_ITER round=0/0 iteration=21900/30000 objective=0.00021025222580260659 r=2.34914e-08/1.10672e-08 s=0.0419562/6.27172e-05 projection_inf=1.85428e-16 rho=1e+07 support=384/12248
ADMM_ITER round=0/0 iteration=21925/30000 objective=0.00021059284210150534 r=2.35066e-08/1.10672e-08 s=0.0408706/6.27653e-05 projection_inf=1.76536e-16 rho=1e+07 support=385/12248
ADMM_ITER round=0/0 iteration=21950/30000 objective=0.00021091289390454872 r=2.35342e-08/1.10672e-08 s=0.0390323/6.28132e-05 projection_inf=1.5614e-16 rho=1e+07 support=385/12248
ADMM_ITER round=0/0 iteration=21975/30000 objective=0.00021118491049485782 r=2.35625e-08/1.10672e-08 s=0.037061/6.28611e-05 projection_inf=2.06337e-16 rho=1e+07 support=384/12248
ADMM_ITER round=0/0 iteration=22000/30000 objective=0.00021141628738592994 r=2.35838e-08/1.10672e-08 s=0.035449/6.29088e-05 projection_inf=1.91867e-16 rho=1e+07 support=385/12248
ADMM_ITER round=0/0 iteration=22025/30000 objective=0.00021163425252291969 r=2.35915e-08/1.10672e-08 s=0.0346894/6.29565e-05 projection_inf=1.70343e-16 rho=1e+07 support=386/12248
ADMM_ITER round=0/0 iteration=22050/30000 objective=0.00021186986237146431 r=2.35861e-08/1.10672e-08 s=0.0348291/6.30041e-05 projection_inf=1.74675e-16 rho=1e+07 support=386/12248
ADMM_ITER round=0/0 iteration=22075/30000 objective=0.00021212884707569603 r=2.35674e-08/1.10672e-08 s=0.0358009/6.30516e-05 projection_inf=1.94081e-16 rho=1e+07 support=386/12248
ADMM_ITER round=0/0 iteration=22100/30000 objective=0.00021237679878366531 r=2.35546e-08/1.10672e-08 s=0.0364152/6.30991e-05 projection_inf=1.66192e-16 rho=1e+07 support=387/12248
ADMM_ITER round=0/0 iteration=22125/30000 objective=0.0002126053141294966 r=2.35399e-08/1.10672e-08 s=0.0370931/6.31465e-05 projection_inf=1.66789e-16 rho=1e+07 support=390/12248
ADMM_ITER round=0/0 iteration=22150/30000 objective=0.00021277552147327879 r=2.35039e-08/1.10672e-08 s=0.0390122/6.31938e-05 projection_inf=1.78003e-16 rho=1e+07 support=392/12248
ADMM_ITER round=0/0 iteration=22175/30000 objective=0.00021284859029523543 r=2.34622e-08/1.10672e-08 s=0.0411739/6.32411e-05 projection_inf=1.71269e-16 rho=1e+07 support=392/12248
ADMM_ITER round=0/0 iteration=22200/30000 objective=0.00021283215617973561 r=2.343e-08/1.10672e-08 s=0.0427154/6.32884e-05 projection_inf=1.6989e-16 rho=1e+07 support=390/12248
ADMM_ITER round=0/0 iteration=22225/30000 objective=0.00021278206003867597 r=2.3393e-08/1.10672e-08 s=0.0443708/6.33357e-05 projection_inf=1.78026e-16 rho=1e+07 support=392/12248
ADMM_ITER round=0/0 iteration=22250/30000 objective=0.0002126648459401261 r=2.33419e-08/1.10672e-08 s=0.0465679/6.3383e-05 projection_inf=1.69417e-16 rho=1e+07 support=393/12248
ADMM_ITER round=0/0 iteration=22275/30000 objective=0.00021247235090512083 r=2.33031e-08/1.10672e-08 s=0.0480353/6.34305e-05 projection_inf=1.69017e-16 rho=1e+07 support=393/12248
ADMM_ITER round=0/0 iteration=22300/30000 objective=0.00021222073860275973 r=2.32496e-08/1.10672e-08 s=0.0502085/6.3478e-05 projection_inf=2.00999e-16 rho=1e+07 support=393/12248
ADMM_ITER round=0/0 iteration=22325/30000 objective=0.00021192242693231727 r=2.32039e-08/1.10672e-08 s=0.0517532/6.35257e-05 projection_inf=1.99561e-16 rho=1e+07 support=393/12248
ADMM_ITER round=0/0 iteration=22350/30000 objective=0.00021154007427844957 r=2.31799e-08/1.10672e-08 s=0.0525119/6.35735e-05 projection_inf=1.72751e-16 rho=1e+07 support=392/12248
ADMM_ITER round=0/0 iteration=22375/30000 objective=0.00021103184103537199 r=2.31735e-08/1.10672e-08 s=0.0525183/6.36215e-05 projection_inf=1.65203e-16 rho=1e+07 support=392/12248
ADMM_ITER round=0/0 iteration=22400/30000 objective=0.00021041563238190244 r=2.31501e-08/1.10672e-08 s=0.0527705/6.36698e-05 projection_inf=1.78276e-16 rho=1e+07 support=391/12248
ADMM_ITER round=0/0 iteration=22425/30000 objective=0.00020977892713492063 r=2.31122e-08/1.10672e-08 s=0.0540905/6.37183e-05 projection_inf=1.74876e-16 rho=1e+07 support=392/12248
ADMM_ITER round=0/0 iteration=22450/30000 objective=0.00020911984503662955 r=2.31216e-08/1.10672e-08 s=0.052948/6.37671e-05 projection_inf=1.63457e-16 rho=1e+07 support=389/12248
ADMM_ITER round=0/0 iteration=22475/30000 objective=0.00020845586276797343 r=2.31645e-08/1.10672e-08 s=0.0503139/6.38161e-05 projection_inf=1.71258e-16 rho=1e+07 support=391/12248
ADMM_ITER round=0/0 iteration=22500/30000 objective=0.00020784937781432913 r=2.3189e-08/1.10672e-08 s=0.047922/6.38654e-05 projection_inf=1.67245e-16 rho=1e+07 support=391/12248
ADMM_ITER round=0/0 iteration=22525/30000 objective=0.00020733137160130899 r=2.31539e-08/1.10672e-08 s=0.048968/6.3915e-05 projection_inf=1.89571e-16 rho=1e+07 support=391/12248
ADMM_ITER round=0/0 iteration=22550/30000 objective=0.00020681101992735943 r=2.30877e-08/1.10672e-08 s=0.051444/6.39647e-05 projection_inf=1.93428e-16 rho=1e+07 support=390/12248
ADMM_ITER round=0/0 iteration=22575/30000 objective=0.00020637641880725708 r=2.30261e-08/1.10672e-08 s=0.0535703/6.40147e-05 projection_inf=1.87618e-16 rho=1e+07 support=389/12248
ADMM_ITER round=0/0 iteration=22600/30000 objective=0.00020601234885085033 r=2.29525e-08/1.10672e-08 s=0.0561691/6.40648e-05 projection_inf=1.86957e-16 rho=1e+07 support=389/12248
ADMM_ITER round=0/0 iteration=22625/30000 objective=0.00020569580446279628 r=2.29165e-08/1.10672e-08 s=0.057136/6.41151e-05 projection_inf=1.59996e-16 rho=1e+07 support=387/12248
ADMM_ITER round=0/0 iteration=22650/30000 objective=0.00020543729675232369 r=2.29158e-08/1.10672e-08 s=0.0566661/6.41655e-05 projection_inf=1.93104e-16 rho=1e+07 support=386/12248
ADMM_ITER round=0/0 iteration=22675/30000 objective=0.00020523732432764781 r=2.29253e-08/1.10672e-08 s=0.0555834/6.42159e-05 projection_inf=1.67218e-16 rho=1e+07 support=383/12248
ADMM_ITER round=0/0 iteration=22700/30000 objective=0.00020510733854090283 r=2.29575e-08/1.10672e-08 s=0.0535697/6.42665e-05 projection_inf=1.97643e-16 rho=1e+07 support=386/12248
ADMM_ITER round=0/0 iteration=22725/30000 objective=0.00020503985871088288 r=2.29901e-08/1.10672e-08 s=0.051186/6.43171e-05 projection_inf=1.86735e-16 rho=1e+07 support=386/12248
ADMM_ITER round=0/0 iteration=22750/30000 objective=0.00020502554354654727 r=2.30129e-08/1.10672e-08 s=0.0493379/6.43677e-05 projection_inf=1.83904e-16 rho=1e+07 support=388/12248
ADMM_ITER round=0/0 iteration=22775/30000 objective=0.00020505184640101602 r=2.29898e-08/1.10672e-08 s=0.0496557/6.44183e-05 projection_inf=1.97936e-16 rho=1e+07 support=388/12248
ADMM_ITER round=0/0 iteration=22800/30000 objective=0.00020512985537539074 r=2.28899e-08/1.10672e-08 s=0.05336/6.4469e-05 projection_inf=1.88632e-16 rho=1e+07 support=388/12248
ADMM_ITER round=0/0 iteration=22825/30000 objective=0.00020532740283100981 r=2.28583e-08/1.10672e-08 s=0.0531851/6.45195e-05 projection_inf=1.73095e-16 rho=1e+07 support=386/12248
ADMM_ITER round=0/0 iteration=22850/30000 objective=0.0002056780375918621 r=2.2819e-08/1.10672e-08 s=0.0540809/6.457e-05 projection_inf=1.91238e-16 rho=1e+07 support=384/12248
ADMM_ITER round=0/0 iteration=22875/30000 objective=0.00020616922980231753 r=2.28208e-08/1.10672e-08 s=0.053443/6.46203e-05 projection_inf=1.8406e-16 rho=1e+07 support=384/12248
ADMM_ITER round=0/0 iteration=22900/30000 objective=0.00020688312155466913 r=2.28213e-08/1.10672e-08 s=0.0520966/6.46704e-05 projection_inf=1.80353e-16 rho=1e+07 support=381/12248
ADMM_ITER round=0/0 iteration=22925/30000 objective=0.00020776214177608063 r=2.27949e-08/1.10672e-08 s=0.0519712/6.47202e-05 projection_inf=2.04356e-16 rho=1e+07 support=380/12248
ADMM_ITER round=0/0 iteration=22950/30000 objective=0.00020869629427572274 r=2.27606e-08/1.10672e-08 s=0.0526896/6.47697e-05 projection_inf=2.02166e-16 rho=1e+07 support=380/12248
ADMM_ITER round=0/0 iteration=22975/30000 objective=0.00020957753527467123 r=2.2646e-08/1.10672e-08 s=0.0567897/6.48188e-05 projection_inf=1.72484e-16 rho=1e+07 support=379/12248
ADMM_ITER round=0/0 iteration=23000/30000 objective=0.00021047373260209013 r=2.2586e-08/1.10672e-08 s=0.0575716/6.48675e-05 projection_inf=1.8253e-16 rho=1e+07 support=378/12248
ADMM_ITER round=0/0 iteration=23025/30000 objective=0.00021140556612858096 r=2.25082e-08/1.10672e-08 s=0.0596423/6.4916e-05 projection_inf=1.81467e-16 rho=1e+07 support=382/12248
ADMM_ITER round=0/0 iteration=23050/30000 objective=0.00021227198845994366 r=2.25061e-08/1.10672e-08 s=0.0589465/6.49641e-05 projection_inf=1.66404e-16 rho=1e+07 support=380/12248
ADMM_ITER round=0/0 iteration=23075/30000 objective=0.00021315602741945117 r=2.24819e-08/1.10672e-08 s=0.0590494/6.50118e-05 projection_inf=1.90105e-16 rho=1e+07 support=383/12248
ADMM_ITER round=0/0 iteration=23100/30000 objective=0.0002140187060577418 r=2.2477e-08/1.10672e-08 s=0.0585406/6.50593e-05 projection_inf=1.88374e-16 rho=1e+07 support=385/12248
ADMM_ITER round=0/0 iteration=23125/30000 objective=0.00021487876138409507 r=2.2489e-08/1.10672e-08 s=0.0570096/6.51064e-05 projection_inf=1.9424e-16 rho=1e+07 support=384/12248
ADMM_ITER round=0/0 iteration=23150/30000 objective=0.00021581767115527617 r=2.24867e-08/1.10672e-08 s=0.056354/6.51532e-05 projection_inf=1.77302e-16 rho=1e+07 support=382/12248
ADMM_ITER round=0/0 iteration=23175/30000 objective=0.00021683866482407189 r=2.24743e-08/1.10672e-08 s=0.0562818/6.51996e-05 projection_inf=1.63844e-16 rho=1e+07 support=381/12248
ADMM_ITER round=0/0 iteration=23200/30000 objective=0.00021783690323267703 r=2.24243e-08/1.10672e-08 s=0.0576974/6.52457e-05 projection_inf=1.7439e-16 rho=1e+07 support=382/12248
ADMM_ITER round=0/0 iteration=23225/30000 objective=0.00021875713354963146 r=2.24486e-08/1.10672e-08 s=0.056249/6.52913e-05 projection_inf=1.75084e-16 rho=1e+07 support=383/12248
ADMM_ITER round=0/0 iteration=23250/30000 objective=0.00021953559851940892 r=2.24667e-08/1.10672e-08 s=0.0549913/6.53367e-05 projection_inf=1.74133e-16 rho=1e+07 support=385/12248
ADMM_ITER round=0/0 iteration=23275/30000 objective=0.00022015498648830098 r=2.24485e-08/1.10672e-08 s=0.0550879/6.53819e-05 projection_inf=1.86925e-16 rho=1e+07 support=383/12248
ADMM_ITER round=0/0 iteration=23300/30000 objective=0.00022067914086784093 r=2.24016e-08/1.10672e-08 s=0.0563389/6.54268e-05 projection_inf=1.85881e-16 rho=1e+07 support=383/12248
ADMM_ITER round=0/0 iteration=23325/30000 objective=0.00022119930543972535 r=2.23625e-08/1.10672e-08 s=0.057402/6.54715e-05 projection_inf=1.67238e-16 rho=1e+07 support=384/12248
ADMM_ITER round=0/0 iteration=23350/30000 objective=0.00022170360162018782 r=2.23692e-08/1.10672e-08 s=0.0566812/6.55161e-05 projection_inf=1.80689e-16 rho=1e+07 support=385/12248
ADMM_ITER round=0/0 iteration=23375/30000 objective=0.00022219313543895127 r=2.23822e-08/1.10672e-08 s=0.0557444/6.55605e-05 projection_inf=1.9197e-16 rho=1e+07 support=386/12248
ADMM_ITER round=0/0 iteration=23400/30000 objective=0.00022270036419180358 r=2.23851e-08/1.10672e-08 s=0.0552424/6.56047e-05 projection_inf=1.72752e-16 rho=1e+07 support=386/12248
ADMM_ITER round=0/0 iteration=23425/30000 objective=0.000223214754538548 r=2.24056e-08/1.10672e-08 s=0.0540385/6.56487e-05 projection_inf=1.81987e-16 rho=1e+07 support=386/12248
ADMM_ITER round=0/0 iteration=23450/30000 objective=0.0002237604478840206 r=2.24171e-08/1.10672e-08 s=0.0531695/6.56926e-05 projection_inf=1.83243e-16 rho=1e+07 support=385/12248
ADMM_ITER round=0/0 iteration=23475/30000 objective=0.00022437363240445195 r=2.24591e-08/1.10672e-08 s=0.0507966/6.57362e-05 projection_inf=1.69857e-16 rho=1e+07 support=384/12248
ADMM_ITER round=0/0 iteration=23500/30000 objective=0.00022497436251959035 r=2.24607e-08/1.10672e-08 s=0.0502525/6.57796e-05 projection_inf=1.95234e-16 rho=1e+07 support=383/12248
ADMM_ITER round=0/0 iteration=23525/30000 objective=0.00022546535521601515 r=2.24651e-08/1.10672e-08 s=0.0483459/6.58228e-05 projection_inf=1.62768e-16 rho=1e+07 support=382/12248
ADMM_ITER round=0/0 iteration=23550/30000 objective=0.00022586232589051652 r=2.24806e-08/1.10672e-08 s=0.0469219/6.58659e-05 projection_inf=2.09789e-16 rho=1e+07 support=381/12248
ADMM_ITER round=0/0 iteration=23575/30000 objective=0.00022625518578125217 r=2.25224e-08/1.10672e-08 s=0.0442727/6.59089e-05 projection_inf=1.86591e-16 rho=1e+07 support=381/12248
ADMM_ITER round=0/0 iteration=23600/30000 objective=0.00022664938475627628 r=2.25941e-08/1.10672e-08 s=0.0398514/6.59517e-05 projection_inf=1.98682e-16 rho=1e+07 support=380/12248
ADMM_ITER round=0/0 iteration=23625/30000 objective=0.00022708466606315166 r=2.26152e-08/1.10672e-08 s=0.0380745/6.59944e-05 projection_inf=2.02934e-16 rho=1e+07 support=380/12248
ADMM_ITER round=0/0 iteration=23650/30000 objective=0.00022747621639727361 r=2.25855e-08/1.10672e-08 s=0.0392958/6.60369e-05 projection_inf=1.85441e-16 rho=1e+07 support=381/12248
ADMM_ITER round=0/0 iteration=23675/30000 objective=0.00022776711261387081 r=2.25648e-08/1.10672e-08 s=0.0400109/6.60794e-05 projection_inf=1.88177e-16 rho=1e+07 support=381/12248
ADMM_ITER round=0/0 iteration=23700/30000 objective=0.00022802295154103065 r=2.25708e-08/1.10672e-08 s=0.0391996/6.61217e-05 projection_inf=1.78945e-16 rho=1e+07 support=382/12248
ADMM_ITER round=0/0 iteration=23725/30000 objective=0.00022826133456147339 r=2.26269e-08/1.10672e-08 s=0.0353455/6.6164e-05 projection_inf=1.85278e-16 rho=1e+07 support=382/12248
ADMM_ITER round=0/0 iteration=23750/30000 objective=0.00022846433247310533 r=2.2618e-08/1.10672e-08 s=0.0354732/6.62062e-05 projection_inf=1.75992e-16 rho=1e+07 support=382/12248
ADMM_ITER round=0/0 iteration=23775/30000 objective=0.00022863106894867576 r=2.25858e-08/1.10672e-08 s=0.0370672/6.62484e-05 projection_inf=1.79036e-16 rho=1e+07 support=382/12248
ADMM_ITER round=0/0 iteration=23800/30000 objective=0.00022874981797255407 r=2.25852e-08/1.10672e-08 s=0.0367251/6.62905e-05 projection_inf=1.87339e-16 rho=1e+07 support=382/12248
ADMM_ITER round=0/0 iteration=23825/30000 objective=0.00022880580371873439 r=2.26032e-08/1.10672e-08 s=0.0351913/6.63326e-05 projection_inf=1.7713e-16 rho=1e+07 support=381/12248
ADMM_ITER round=0/0 iteration=23850/30000 objective=0.0002288359035013149 r=2.26064e-08/1.10672e-08 s=0.0346089/6.63748e-05 projection_inf=1.83004e-16 rho=1e+07 support=381/12248
ADMM_ITER round=0/0 iteration=23875/30000 objective=0.00022886744701971774 r=2.25743e-08/1.10672e-08 s=0.0363025/6.64169e-05 projection_inf=1.70852e-16 rho=1e+07 support=382/12248
ADMM_ITER round=0/0 iteration=23900/30000 objective=0.00022890452293219474 r=2.25342e-08/1.10672e-08 s=0.0383403/6.6459e-05 projection_inf=1.93346e-16 rho=1e+07 support=384/12248
ADMM_ITER round=0/0 iteration=23925/30000 objective=0.00022891252201391553 r=2.24919e-08/1.10672e-08 s=0.0403831/6.65012e-05 projection_inf=1.9368e-16 rho=1e+07 support=384/12248
ADMM_ITER round=0/0 iteration=23950/30000 objective=0.00022880679598832432 r=2.24581e-08/1.10672e-08 s=0.0418967/6.65434e-05 projection_inf=1.8083e-16 rho=1e+07 support=385/12248
ADMM_ITER round=0/0 iteration=23975/30000 objective=0.00022855001907322485 r=2.24194e-08/1.10672e-08 s=0.0436372/6.65856e-05 projection_inf=1.84722e-16 rho=1e+07 support=385/12248
ADMM_ITER round=0/0 iteration=24000/30000 objective=0.00022820730514644952 r=2.24022e-08/1.10672e-08 s=0.0441782/6.66281e-05 projection_inf=1.83054e-16 rho=1e+07 support=384/12248
ADMM_ITER round=0/0 iteration=24025/30000 objective=0.00022781782226599491 r=2.23917e-08/1.10672e-08 s=0.0444487/6.66706e-05 projection_inf=1.88982e-16 rho=1e+07 support=384/12248
ADMM_ITER round=0/0 iteration=24050/30000 objective=0.00022735668082171534 r=2.2367e-08/1.10672e-08 s=0.0454393/6.67134e-05 projection_inf=2.23602e-16 rho=1e+07 support=384/12248
ADMM_ITER round=0/0 iteration=24075/30000 objective=0.00022682911614055774 r=2.23413e-08/1.10672e-08 s=0.0464274/6.67563e-05 projection_inf=1.9687e-16 rho=1e+07 support=384/12248
ADMM_ITER round=0/0 iteration=24100/30000 objective=0.00022625401223581718 r=2.23376e-08/1.10672e-08 s=0.0463666/6.67995e-05 projection_inf=1.85594e-16 rho=1e+07 support=384/12248
ADMM_ITER round=0/0 iteration=24125/30000 objective=0.00022566443399252468 r=2.23313e-08/1.10672e-08 s=0.0464362/6.68429e-05 projection_inf=1.67692e-16 rho=1e+07 support=383/12248
ADMM_ITER round=0/0 iteration=24150/30000 objective=0.00022509768766784514 r=2.2283e-08/1.10672e-08 s=0.0483803/6.68865e-05 projection_inf=1.81774e-16 rho=1e+07 support=384/12248
ADMM_ITER round=0/0 iteration=24175/30000 objective=0.00022458251468492724 r=2.22476e-08/1.10672e-08 s=0.0496349/6.69304e-05 projection_inf=1.83213e-16 rho=1e+07 support=383/12248
ADMM_ITER round=0/0 iteration=24200/30000 objective=0.00022410030905795132 r=2.22409e-08/1.10672e-08 s=0.0495588/6.69744e-05 projection_inf=2.05983e-16 rho=1e+07 support=384/12248
ADMM_ITER round=0/0 iteration=24225/30000 objective=0.00022359344312941601 r=2.22448e-08/1.10672e-08 s=0.0490901/6.70187e-05 projection_inf=1.72782e-16 rho=1e+07 support=384/12248
ADMM_ITER round=0/0 iteration=24250/30000 objective=0.00022308271377710046 r=2.22542e-08/1.10672e-08 s=0.0483871/6.70632e-05 projection_inf=1.84761e-16 rho=1e+07 support=383/12248
ADMM_ITER round=0/0 iteration=24275/30000 objective=0.0002225831960283515 r=2.22474e-08/1.10672e-08 s=0.0484478/6.71078e-05 projection_inf=1.95546e-16 rho=1e+07 support=383/12248
ADMM_ITER round=0/0 iteration=24300/30000 objective=0.00022210961716935635 r=2.22107e-08/1.10672e-08 s=0.0498156/6.71527e-05 projection_inf=1.84201e-16 rho=1e+07 support=383/12248
ADMM_ITER round=0/0 iteration=24325/30000 objective=0.000221670120592444 r=2.22047e-08/1.10672e-08 s=0.049807/6.71977e-05 projection_inf=1.72858e-16 rho=1e+07 support=383/12248
ADMM_ITER round=0/0 iteration=24350/30000 objective=0.00022127104027358594 r=2.22295e-08/1.10672e-08 s=0.048434/6.72429e-05 projection_inf=1.99421e-16 rho=1e+07 support=383/12248
ADMM_ITER round=0/0 iteration=24375/30000 objective=0.000220850902231324 r=2.22704e-08/1.10672e-08 s=0.0462689/6.72883e-05 projection_inf=1.81199e-16 rho=1e+07 support=383/12248
ADMM_ITER round=0/0 iteration=24400/30000 objective=0.00022038549587552288 r=2.22942e-08/1.10672e-08 s=0.0448132/6.73339e-05 projection_inf=1.92956e-16 rho=1e+07 support=382/12248
ADMM_ITER round=0/0 iteration=24425/30000 objective=0.0002198729674961937 r=2.22622e-08/1.10672e-08 s=0.0461352/6.73796e-05 projection_inf=1.9173e-16 rho=1e+07 support=382/12248
ADMM_ITER round=0/0 iteration=24450/30000 objective=0.00021933417719724471 r=2.22224e-08/1.10672e-08 s=0.0477964/6.74256e-05 projection_inf=2.12787e-16 rho=1e+07 support=382/12248
ADMM_ITER round=0/0 iteration=24475/30000 objective=0.000218801690224389 r=2.22245e-08/1.10672e-08 s=0.0474465/6.74717e-05 projection_inf=1.91717e-16 rho=1e+07 support=382/12248
ADMM_ITER round=0/0 iteration=24500/30000 objective=0.00021828686413200696 r=2.22474e-08/1.10672e-08 s=0.0460583/6.75181e-05 projection_inf=1.7668e-16 rho=1e+07 support=383/12248
ADMM_ITER round=0/0 iteration=24525/30000 objective=0.00021782736101763609 r=2.22503e-08/1.10672e-08 s=0.0456326/6.75647e-05 projection_inf=2.03461e-16 rho=1e+07 support=383/12248
ADMM_ITER round=0/0 iteration=24550/30000 objective=0.00021747010090275004 r=2.22163e-08/1.10672e-08 s=0.0470078/6.76114e-05 projection_inf=2.06937e-16 rho=1e+07 support=383/12248
ADMM_ITER round=0/0 iteration=24575/30000 objective=0.00021719654370920064 r=2.21631e-08/1.10672e-08 s=0.0492276/6.76583e-05 projection_inf=1.78717e-16 rho=1e+07 support=383/12248
ADMM_ITER round=0/0 iteration=24600/30000 objective=0.00021698736315416053 r=2.21703e-08/1.10672e-08 s=0.0485881/6.77052e-05 projection_inf=1.95011e-16 rho=1e+07 support=382/12248
ADMM_ITER round=0/0 iteration=24625/30000 objective=0.00021680810903137096 r=2.2224e-08/1.10672e-08 s=0.0458158/6.77523e-05 projection_inf=1.78937e-16 rho=1e+07 support=382/12248
ADMM_ITER round=0/0 iteration=24650/30000 objective=0.00021661819130823899 r=2.22362e-08/1.10672e-08 s=0.0449579/6.77994e-05 projection_inf=2.008e-16 rho=1e+07 support=384/12248
ADMM_ITER round=0/0 iteration=24675/30000 objective=0.00021644977207367307 r=2.22224e-08/1.10672e-08 s=0.0453821/6.78466e-05 projection_inf=2.01761e-16 rho=1e+07 support=383/12248
ADMM_ITER round=0/0 iteration=24700/30000 objective=0.00021630694941941186 r=2.2248e-08/1.10672e-08 s=0.0438364/6.78939e-05 projection_inf=1.82923e-16 rho=1e+07 support=382/12248
ADMM_ITER round=0/0 iteration=24725/30000 objective=0.00021618372226263292 r=2.22787e-08/1.10672e-08 s=0.0419931/6.79412e-05 projection_inf=1.81222e-16 rho=1e+07 support=383/12248
ADMM_ITER round=0/0 iteration=24750/30000 objective=0.00021610443792621954 r=2.22719e-08/1.10672e-08 s=0.0420794/6.79885e-05 projection_inf=2.05839e-16 rho=1e+07 support=383/12248
ADMM_ITER round=0/0 iteration=24775/30000 objective=0.00021607039445944453 r=2.22622e-08/1.10672e-08 s=0.0423366/6.8036e-05 projection_inf=1.91541e-16 rho=1e+07 support=383/12248
ADMM_ITER round=0/0 iteration=24800/30000 objective=0.00021604324463745555 r=2.2267e-08/1.10672e-08 s=0.0418538/6.80834e-05 projection_inf=1.78928e-16 rho=1e+07 support=383/12248
ADMM_ITER round=0/0 iteration=24825/30000 objective=0.00021601412234093959 r=2.22798e-08/1.10672e-08 s=0.0409052/6.81308e-05 projection_inf=1.83301e-16 rho=1e+07 support=385/12248
ADMM_ITER round=0/0 iteration=24850/30000 objective=0.00021596474074948681 r=2.23096e-08/1.10672e-08 s=0.0389057/6.81783e-05 projection_inf=2.03274e-16 rho=1e+07 support=384/12248
ADMM_ITER round=0/0 iteration=24875/30000 objective=0.0002158943493414174 r=2.23414e-08/1.10672e-08 s=0.0365075/6.82258e-05 projection_inf=2.05359e-16 rho=1e+07 support=383/12248
ADMM_ITER round=0/0 iteration=24900/30000 objective=0.00021578706935339385 r=2.23744e-08/1.10672e-08 s=0.033884/6.82733e-05 projection_inf=1.94441e-16 rho=1e+07 support=382/12248
ADMM_ITER round=0/0 iteration=24925/30000 objective=0.00021561579519570573 r=2.23944e-08/1.10672e-08 s=0.0321413/6.83209e-05 projection_inf=1.86407e-16 rho=1e+07 support=382/12248
ADMM_ITER round=0/0 iteration=24950/30000 objective=0.00021541758164329115 r=2.23875e-08/1.10672e-08 s=0.032281/6.83686e-05 projection_inf=1.95072e-16 rho=1e+07 support=383/12248
ADMM_ITER round=0/0 iteration=24975/30000 objective=0.00021520448568090639 r=2.23814e-08/1.10672e-08 s=0.0323871/6.84164e-05 projection_inf=1.97875e-16 rho=1e+07 support=383/12248
ADMM_ITER round=0/0 iteration=25000/30000 objective=0.00021496111126423107 r=2.23781e-08/1.10672e-08 s=0.0323273/6.84643e-05 projection_inf=1.9011e-16 rho=1e+07 support=383/12248
ADMM_ITER round=0/0 iteration=25025/30000 objective=0.00021465839834379933 r=2.23804e-08/1.10672e-08 s=0.0318857/6.85123e-05 projection_inf=1.70893e-16 rho=1e+07 support=384/12248
ADMM_ITER round=0/0 iteration=25050/30000 objective=0.00021432462645293789 r=2.24034e-08/1.10672e-08 s=0.0299331/6.85604e-05 projection_inf=1.82392e-16 rho=1e+07 support=385/12248
ADMM_ITER round=0/0 iteration=25075/30000 objective=0.00021399969537976384 r=2.24208e-08/1.10672e-08 s=0.0283059/6.86086e-05 projection_inf=1.83866e-16 rho=1e+07 support=385/12248
ADMM_ITER round=0/0 iteration=25100/30000 objective=0.00021367427804994176 r=2.24163e-08/1.10672e-08 s=0.028383/6.8657e-05 projection_inf=2.12337e-16 rho=1e+07 support=385/12248
ADMM_ITER round=0/0 iteration=25125/30000 objective=0.00021336216298768296 r=2.2387e-08/1.10672e-08 s=0.0302512/6.87055e-05 projection_inf=2.13881e-16 rho=1e+07 support=387/12248
ADMM_ITER round=0/0 iteration=25150/30000 objective=0.00021310538336091934 r=2.23542e-08/1.10672e-08 s=0.0320904/6.87541e-05 projection_inf=1.84178e-16 rho=1e+07 support=389/12248
ADMM_ITER round=0/0 iteration=25175/30000 objective=0.00021293954613415151 r=2.23288e-08/1.10672e-08 s=0.0334481/6.88028e-05 projection_inf=2.10146e-16 rho=1e+07 support=390/12248
ADMM_ITER round=0/0 iteration=25200/30000 objective=0.00021283938555434779 r=2.2311e-08/1.10672e-08 s=0.0342816/6.88516e-05 projection_inf=1.8713e-16 rho=1e+07 support=390/12248
ADMM_ITER round=0/0 iteration=25225/30000 objective=0.00021281277578301855 r=2.22801e-08/1.10672e-08 s=0.0359398/6.89003e-05 projection_inf=2.16567e-16 rho=1e+07 support=390/12248
ADMM_ITER round=0/0 iteration=25250/30000 objective=0.0002128505372632903 r=2.22304e-08/1.10672e-08 s=0.0386494/6.89491e-05 projection_inf=2.03205e-16 rho=1e+07 support=390/12248
ADMM_ITER round=0/0 iteration=25275/30000 objective=0.00021292825103002162 r=2.21819e-08/1.10672e-08 s=0.0411182/6.89979e-05 projection_inf=1.98855e-16 rho=1e+07 support=391/12248
ADMM_ITER round=0/0 iteration=25300/30000 objective=0.00021304466489465977 r=2.2149e-08/1.10672e-08 s=0.0426527/6.90467e-05 projection_inf=2.08171e-16 rho=1e+07 support=390/12248
ADMM_ITER round=0/0 iteration=25325/30000 objective=0.0002131958229082514 r=2.21332e-08/1.10672e-08 s=0.0432101/6.90954e-05 projection_inf=1.98233e-16 rho=1e+07 support=389/12248
ADMM_ITER round=0/0 iteration=25350/30000 objective=0.0002133925562018883 r=2.21251e-08/1.10672e-08 s=0.0432028/6.91441e-05 projection_inf=1.88143e-16 rho=1e+07 support=388/12248
ADMM_ITER round=0/0 iteration=25375/30000 objective=0.00021363600090314484 r=2.21184e-08/1.10672e-08 s=0.0432852/6.91926e-05 projection_inf=2.02522e-16 rho=1e+07 support=387/12248
ADMM_ITER round=0/0 iteration=25400/30000 objective=0.00021392675355145582 r=2.20953e-08/1.10672e-08 s=0.0442262/6.92411e-05 projection_inf=1.87169e-16 rho=1e+07 support=388/12248
ADMM_ITER round=0/0 iteration=25425/30000 objective=0.0002142762108750978 r=2.20729e-08/1.10672e-08 s=0.0450987/6.92895e-05 projection_inf=1.69674e-16 rho=1e+07 support=389/12248
ADMM_ITER round=0/0 iteration=25450/30000 objective=0.00021470056217082201 r=2.20823e-08/1.10672e-08 s=0.0444247/6.93378e-05 projection_inf=2.13583e-16 rho=1e+07 support=389/12248
ADMM_ITER round=0/0 iteration=25475/30000 objective=0.00021518476994051398 r=2.2093e-08/1.10672e-08 s=0.0436416/6.93859e-05 projection_inf=1.9167e-16 rho=1e+07 support=388/12248
ADMM_ITER round=0/0 iteration=25500/30000 objective=0.00021569831549202528 r=2.20771e-08/1.10672e-08 s=0.0442297/6.94338e-05 projection_inf=2.00476e-16 rho=1e+07 support=389/12248
ADMM_ITER round=0/0 iteration=25525/30000 objective=0.00021622886630175457 r=2.20655e-08/1.10672e-08 s=0.0445722/6.94816e-05 projection_inf=2.15758e-16 rho=1e+07 support=388/12248
ADMM_ITER round=0/0 iteration=25550/30000 objective=0.00021680304110727712 r=2.20489e-08/1.10672e-08 s=0.0452061/6.95292e-05 projection_inf=1.88303e-16 rho=1e+07 support=388/12248
ADMM_ITER round=0/0 iteration=25575/30000 objective=0.00021742056653726769 r=2.20253e-08/1.10672e-08 s=0.0461449/6.95765e-05 projection_inf=1.80016e-16 rho=1e+07 support=387/12248
ADMM_ITER round=0/0 iteration=25600/30000 objective=0.0002180864493592978 r=2.20168e-08/1.10672e-08 s=0.0463599/6.96237e-05 projection_inf=1.81121e-16 rho=1e+07 support=387/12248
ADMM_ITER round=0/0 iteration=25625/30000 objective=0.00021879830530325162 r=2.20315e-08/1.10672e-08 s=0.0454885/6.96706e-05 projection_inf=1.89082e-16 rho=1e+07 support=388/12248
ADMM_ITER round=0/0 iteration=25650/30000 objective=0.00021953169289073139 r=2.20358e-08/1.10672e-08 s=0.0450715/6.97172e-05 projection_inf=2.11232e-16 rho=1e+07 support=388/12248
ADMM_ITER round=0/0 iteration=25675/30000 objective=0.00022027126412680571 r=2.20367e-08/1.10672e-08 s=0.0448274/6.97636e-05 projection_inf=1.97171e-16 rho=1e+07 support=387/12248
ADMM_ITER round=0/0 iteration=25700/30000 objective=0.00022102092001792439 r=2.20472e-08/1.10672e-08 s=0.0440961/6.98098e-05 projection_inf=2.05669e-16 rho=1e+07 support=386/12248
ADMM_ITER round=0/0 iteration=25725/30000 objective=0.00022176363324161009 r=2.20617e-08/1.10672e-08 s=0.0431947/6.98556e-05 projection_inf=1.82514e-16 rho=1e+07 support=386/12248
ADMM_ITER round=0/0 iteration=25750/30000 objective=0.00022249849904918599 r=2.208e-08/1.10672e-08 s=0.0420212/6.99013e-05 projection_inf=1.94732e-16 rho=1e+07 support=385/12248
ADMM_ITER round=0/0 iteration=25775/30000 objective=0.0002232237673584183 r=2.20888e-08/1.10672e-08 s=0.0413709/6.99467e-05 projection_inf=2.18941e-16 rho=1e+07 support=384/12248
ADMM_ITER round=0/0 iteration=25800/30000 objective=0.00022393697510107846 r=2.2084e-08/1.10672e-08 s=0.0414544/6.99918e-05 projection_inf=1.81766e-16 rho=1e+07 support=385/12248
ADMM_ITER round=0/0 iteration=25825/30000 objective=0.00022462544953707908 r=2.20776e-08/1.10672e-08 s=0.0416133/7.00367e-05 projection_inf=1.913e-16 rho=1e+07 support=386/12248
ADMM_ITER round=0/0 iteration=25850/30000 objective=0.00022529045004567101 r=2.20818e-08/1.10672e-08 s=0.0412174/7.00814e-05 projection_inf=1.92444e-16 rho=1e+07 support=386/12248
ADMM_ITER round=0/0 iteration=25875/30000 objective=0.00022593687637529757 r=2.20678e-08/1.10672e-08 s=0.0417954/7.01258e-05 projection_inf=2.17882e-16 rho=1e+07 support=386/12248
ADMM_ITER round=0/0 iteration=25900/30000 objective=0.00022654387066320508 r=2.20506e-08/1.10672e-08 s=0.0425451/7.01701e-05 projection_inf=1.97152e-16 rho=1e+07 support=386/12248
ADMM_ITER round=0/0 iteration=25925/30000 objective=0.00022708895124489171 r=2.20446e-08/1.10672e-08 s=0.0427137/7.02141e-05 projection_inf=2.00184e-16 rho=1e+07 support=386/12248
ADMM_ITER round=0/0 iteration=25950/30000 objective=0.00022759632491689598 r=2.20433e-08/1.10672e-08 s=0.0426417/7.0258e-05 projection_inf=1.83486e-16 rho=1e+07 support=386/12248
ADMM_ITER round=0/0 iteration=25975/30000 objective=0.00022808978279627824 r=2.20322e-08/1.10672e-08 s=0.0430712/7.03017e-05 projection_inf=1.91579e-16 rho=1e+07 support=387/12248
ADMM_ITER round=0/0 iteration=26000/30000 objective=0.00022857099449194557 r=2.20187e-08/1.10672e-08 s=0.0436277/7.03453e-05 projection_inf=2.06589e-16 rho=1e+07 support=387/12248
ADMM_ITER round=0/0 iteration=26025/30000 objective=0.00022901743212068551 r=2.20172e-08/1.10672e-08 s=0.0435149/7.03887e-05 projection_inf=1.83044e-16 rho=1e+07 support=386/12248
ADMM_ITER round=0/0 iteration=26050/30000 objective=0.0002294079952470188 r=2.20342e-08/1.10672e-08 s=0.0425155/7.0432e-05 projection_inf=2.08504e-16 rho=1e+07 support=386/12248
ADMM_ITER round=0/0 iteration=26075/30000 objective=0.00022976347706077604 r=2.20658e-08/1.10672e-08 s=0.0407123/7.04751e-05 projection_inf=1.81671e-16 rho=1e+07 support=386/12248
ADMM_ITER round=0/0 iteration=26100/30000 objective=0.0002301062331072281 r=2.20974e-08/1.10672e-08 s=0.0388254/7.05182e-05 projection_inf=1.9122e-16 rho=1e+07 support=386/12248
ADMM_ITER round=0/0 iteration=26125/30000 objective=0.00023041983960340003 r=2.21289e-08/1.10672e-08 s=0.0368474/7.05611e-05 projection_inf=1.75077e-16 rho=1e+07 support=388/12248
ADMM_ITER round=0/0 iteration=26150/30000 objective=0.00023068792149218167 r=2.2159e-08/1.10672e-08 s=0.0345386/7.0604e-05 projection_inf=2.0387e-16 rho=1e+07 support=387/12248
ADMM_ITER round=0/0 iteration=26175/30000 objective=0.0002309127787258146 r=2.21745e-08/1.10673e-08 s=0.0332794/7.06468e-05 projection_inf=1.87945e-16 rho=1e+07 support=386/12248
ADMM_ITER round=0/0 iteration=26200/30000 objective=0.0002310764641996493 r=2.21855e-08/1.10673e-08 s=0.0323308/7.06895e-05 projection_inf=1.93625e-16 rho=1e+07 support=386/12248
ADMM_ITER round=0/0 iteration=26225/30000 objective=0.00023118433216163324 r=2.22022e-08/1.10673e-08 s=0.0309162/7.07322e-05 projection_inf=1.88108e-16 rho=1e+07 support=388/12248
ADMM_ITER round=0/0 iteration=26250/30000 objective=0.00023124198362931288 r=2.22059e-08/1.10673e-08 s=0.0304052/7.07749e-05 projection_inf=1.90725e-16 rho=1e+07 support=389/12248
ADMM_ITER round=0/0 iteration=26275/30000 objective=0.0002312412546508841 r=2.21985e-08/1.10673e-08 s=0.0307276/7.08176e-05 projection_inf=2.01025e-16 rho=1e+07 support=389/12248
ADMM_ITER round=0/0 iteration=26300/30000 objective=0.00023118176074375345 r=2.21802e-08/1.10673e-08 s=0.0318303/7.08604e-05 projection_inf=2.0422e-16 rho=1e+07 support=389/12248
ADMM_ITER round=0/0 iteration=26325/30000 objective=0.00023106277625497214 r=2.21739e-08/1.10673e-08 s=0.03181/7.09032e-05 projection_inf=1.87985e-16 rho=1e+07 support=387/12248
ADMM_ITER round=0/0 iteration=26350/30000 objective=0.00023091609980073591 r=2.21864e-08/1.10673e-08 s=0.0306613/7.0946e-05 projection_inf=1.95082e-16 rho=1e+07 support=387/12248
ADMM_ITER round=0/0 iteration=26375/30000 objective=0.0002307534698528966 r=2.22082e-08/1.10673e-08 s=0.0287709/7.09889e-05 projection_inf=1.89927e-16 rho=1e+07 support=386/12248
ADMM_ITER round=0/0 iteration=26400/30000 objective=0.00023059911461108869 r=2.22171e-08/1.10673e-08 s=0.0277424/7.10319e-05 projection_inf=1.85598e-16 rho=1e+07 support=386/12248
ADMM_ITER round=0/0 iteration=26425/30000 objective=0.00023043996210201203 r=2.21966e-08/1.10673e-08 s=0.029099/7.1075e-05 projection_inf=2.02038e-16 rho=1e+07 support=386/12248
ADMM_ITER round=0/0 iteration=26450/30000 objective=0.00023026599163043177 r=2.21691e-08/1.10673e-08 s=0.030915/7.11181e-05 projection_inf=2.00456e-16 rho=1e+07 support=386/12248
ADMM_ITER round=0/0 iteration=26475/30000 objective=0.00023009495287657034 r=2.21538e-08/1.10673e-08 s=0.0317999/7.11613e-05 projection_inf=2.20088e-16 rho=1e+07 support=386/12248
ADMM_ITER round=0/0 iteration=26500/30000 objective=0.00022994253270538489 r=2.21411e-08/1.10673e-08 s=0.0324854/7.12046e-05 projection_inf=2.17316e-16 rho=1e+07 support=387/12248
ADMM_ITER round=0/0 iteration=26525/30000 objective=0.0002298035385930991 r=2.21449e-08/1.10672e-08 s=0.032047/7.1248e-05 projection_inf=1.89079e-16 rho=1e+07 support=387/12248
ADMM_ITER round=0/0 iteration=26550/30000 objective=0.00022964530766718576 r=2.21626e-08/1.10672e-08 s=0.0306153/7.12914e-05 projection_inf=2.25402e-16 rho=1e+07 support=388/12248
ADMM_ITER round=0/0 iteration=26575/30000 objective=0.00022945729740037215 r=2.21603e-08/1.10672e-08 s=0.0305987/7.13349e-05 projection_inf=2.22826e-16 rho=1e+07 support=388/12248
ADMM_ITER round=0/0 iteration=26600/30000 objective=0.00022923677119504119 r=2.21276e-08/1.10672e-08 s=0.0327161/7.13785e-05 projection_inf=2.0163e-16 rho=1e+07 support=388/12248
ADMM_ITER round=0/0 iteration=26625/30000 objective=0.00022895896090671883 r=2.20926e-08/1.10672e-08 s=0.0348532/7.14221e-05 projection_inf=1.97787e-16 rho=1e+07 support=388/12248
ADMM_ITER round=0/0 iteration=26650/30000 objective=0.00022861076066365744 r=2.20656e-08/1.10672e-08 s=0.0363849/7.1466e-05 projection_inf=1.99674e-16 rho=1e+07 support=388/12248
ADMM_ITER round=0/0 iteration=26675/30000 objective=0.00022820817162615256 r=2.20423e-08/1.10672e-08 s=0.0376399/7.15099e-05 projection_inf=2.0879e-16 rho=1e+07 support=388/12248
ADMM_ITER round=0/0 iteration=26700/30000 objective=0.00022777431564338098 r=2.20228e-08/1.10672e-08 s=0.0386421/7.1554e-05 projection_inf=1.93466e-16 rho=1e+07 support=388/12248
ADMM_ITER round=0/0 iteration=26725/30000 objective=0.00022733487596055229 r=2.20038e-08/1.10672e-08 s=0.0395978/7.15983e-05 projection_inf=1.81126e-16 rho=1e+07 support=388/12248
ADMM_ITER round=0/0 iteration=26750/30000 objective=0.00022690347673768598 r=2.20039e-08/1.10672e-08 s=0.0391654/7.16428e-05 projection_inf=1.89597e-16 rho=1e+07 support=387/12248
ADMM_ITER round=0/0 iteration=26775/30000 objective=0.00022649433634146026 r=2.20127e-08/1.10672e-08 s=0.0383479/7.16874e-05 projection_inf=2.00319e-16 rho=1e+07 support=386/12248
ADMM_ITER round=0/0 iteration=26800/30000 objective=0.00022611301152617884 r=2.20121e-08/1.10672e-08 s=0.0380747/7.17321e-05 projection_inf=1.92284e-16 rho=1e+07 support=384/12248
ADMM_ITER round=0/0 iteration=26825/30000 objective=0.00022571608999865162 r=2.20062e-08/1.10672e-08 s=0.0382023/7.1777e-05 projection_inf=1.82077e-16 rho=1e+07 support=385/12248
ADMM_ITER round=0/0 iteration=26850/30000 objective=0.00022529495688243349 r=2.2006e-08/1.10672e-08 s=0.0379976/7.18221e-05 projection_inf=1.97247e-16 rho=1e+07 support=387/12248
ADMM_ITER round=0/0 iteration=26875/30000 objective=0.0002249067644597982 r=2.20114e-08/1.10672e-08 s=0.0374879/7.18673e-05 projection_inf=2.18437e-16 rho=1e+07 support=388/12248
ADMM_ITER round=0/0 iteration=26900/30000 objective=0.00022452233476649063 r=2.20043e-08/1.10672e-08 s=0.0377311/7.19127e-05 projection_inf=2.05837e-16 rho=1e+07 support=388/12248
ADMM_ITER round=0/0 iteration=26925/30000 objective=0.00022411382304108024 r=2.19857e-08/1.10672e-08 s=0.0386393/7.19582e-05 projection_inf=1.86073e-16 rho=1e+07 support=388/12248
ADMM_ITER round=0/0 iteration=26950/30000 objective=0.00022370127185056257 r=2.19548e-08/1.10672e-08 s=0.0402181/7.20039e-05 projection_inf=2.0723e-16 rho=1e+07 support=387/12248
ADMM_ITER round=0/0 iteration=26975/30000 objective=0.00022329924834671268 r=2.19228e-08/1.10672e-08 s=0.0417989/7.20497e-05 projection_inf=1.81019e-16 rho=1e+07 support=388/12248
ADMM_ITER round=0/0 iteration=27000/30000 objective=0.00022291098289966803 r=2.19082e-08/1.10672e-08 s=0.0424394/7.20957e-05 projection_inf=2.03309e-16 rho=1e+07 support=388/12248
ADMM_ITER round=0/0 iteration=27025/30000 objective=0.00022252252335574701 r=2.19129e-08/1.10672e-08 s=0.0420177/7.21418e-05 projection_inf=1.83079e-16 rho=1e+07 support=387/12248
ADMM_ITER round=0/0 iteration=27050/30000 objective=0.00022213906191013709 r=2.19256e-08/1.10672e-08 s=0.0412208/7.21881e-05 projection_inf=2.11891e-16 rho=1e+07 support=386/12248
ADMM_ITER round=0/0 iteration=27075/30000 objective=0.00022176032767336833 r=2.19366e-08/1.10672e-08 s=0.0405125/7.22345e-05 projection_inf=1.8546e-16 rho=1e+07 support=386/12248
ADMM_ITER round=0/0 iteration=27100/30000 objective=0.00022136993031203104 r=2.19515e-08/1.10672e-08 s=0.0395808/7.2281e-05 projection_inf=2.0236e-16 rho=1e+07 support=386/12248
ADMM_ITER round=0/0 iteration=27125/30000 objective=0.00022093658401946742 r=2.19723e-08/1.10672e-08 s=0.0382956/7.23277e-05 projection_inf=2.07673e-16 rho=1e+07 support=386/12248
ADMM_ITER round=0/0 iteration=27150/30000 objective=0.00022046828896639934 r=2.19812e-08/1.10672e-08 s=0.0376669/7.23746e-05 projection_inf=2.24085e-16 rho=1e+07 support=387/12248
ADMM_ITER round=0/0 iteration=27175/30000 objective=0.00021997429157505011 r=2.19755e-08/1.10672e-08 s=0.0378699/7.24216e-05 projection_inf=2.07283e-16 rho=1e+07 support=386/12248
ADMM_ITER round=0/0 iteration=27200/30000 objective=0.000219451772626423 r=2.19778e-08/1.10672e-08 s=0.0374789/7.24688e-05 projection_inf=1.96678e-16 rho=1e+07 support=387/12248
ADMM_ITER round=0/0 iteration=27225/30000 objective=0.00021889441330468764 r=2.19846e-08/1.10672e-08 s=0.0369234/7.25163e-05 projection_inf=2.00296e-16 rho=1e+07 support=388/12248
ADMM_ITER round=0/0 iteration=27250/30000 objective=0.00021830313245712194 r=2.19936e-08/1.10672e-08 s=0.0360886/7.25639e-05 projection_inf=2.26104e-16 rho=1e+07 support=386/12248
ADMM_ITER round=0/0 iteration=27275/30000 objective=0.00021768292400351429 r=2.19959e-08/1.10672e-08 s=0.035769/7.26117e-05 projection_inf=1.94719e-16 rho=1e+07 support=388/12248
ADMM_ITER round=0/0 iteration=27300/30000 objective=0.00021709205819609015 r=2.1995e-08/1.10672e-08 s=0.0356632/7.26598e-05 projection_inf=1.90183e-16 rho=1e+07 support=388/12248
ADMM_ITER round=0/0 iteration=27325/30000 objective=0.00021652293450143365 r=2.19968e-08/1.10672e-08 s=0.0354042/7.27081e-05 projection_inf=2.04738e-16 rho=1e+07 support=388/12248
ADMM_ITER round=0/0 iteration=27350/30000 objective=0.00021599188486611 r=2.20069e-08/1.10672e-08 s=0.0346343/7.27566e-05 projection_inf=2.07806e-16 rho=1e+07 support=388/12248
ADMM_ITER round=0/0 iteration=27375/30000 objective=0.00021549767730180415 r=2.20355e-08/1.10672e-08 s=0.0323807/7.28052e-05 projection_inf=1.99606e-16 rho=1e+07 support=387/12248
ADMM_ITER round=0/0 iteration=27400/30000 objective=0.00021504994524642124 r=2.20674e-08/1.10672e-08 s=0.0298885/7.2854e-05 projection_inf=2.00822e-16 rho=1e+07 support=388/12248
ADMM_ITER round=0/0 iteration=27425/30000 objective=0.00021468444341170059 r=2.20853e-08/1.10672e-08 s=0.0283145/7.2903e-05 projection_inf=2.02468e-16 rho=1e+07 support=388/12248
ADMM_ITER round=0/0 iteration=27450/30000 objective=0.00021441178243849959 r=2.20723e-08/1.10672e-08 s=0.0291185/7.29521e-05 projection_inf=2.12925e-16 rho=1e+07 support=388/12248
ADMM_ITER round=0/0 iteration=27475/30000 objective=0.00021420840704187684 r=2.20558e-08/1.10672e-08 s=0.0301198/7.30013e-05 projection_inf=2.40117e-16 rho=1e+07 support=389/12248
ADMM_ITER round=0/0 iteration=27500/30000 objective=0.00021404750759157614 r=2.20508e-08/1.10672e-08 s=0.0302958/7.30505e-05 projection_inf=1.85955e-16 rho=1e+07 support=389/12248
ADMM_ITER round=0/0 iteration=27525/30000 objective=0.00021392276162705631 r=2.20642e-08/1.10672e-08 s=0.0291203/7.30998e-05 projection_inf=2.08739e-16 rho=1e+07 support=389/12248
ADMM_ITER round=0/0 iteration=27550/30000 objective=0.0002138169579467423 r=2.20959e-08/1.10672e-08 s=0.0263853/7.31492e-05 projection_inf=2.00715e-16 rho=1e+07 support=388/12248
ADMM_ITER round=0/0 iteration=27575/30000 objective=0.00021373400691468154 r=2.21133e-08/1.10672e-08 s=0.0246814/7.31986e-05 projection_inf=2.03975e-16 rho=1e+07 support=391/12248
ADMM_ITER round=0/0 iteration=27600/30000 objective=0.00021367612670975244 r=2.20965e-08/1.10672e-08 s=0.0259329/7.3248e-05 projection_inf=1.96855e-16 rho=1e+07 support=391/12248
ADMM_ITER round=0/0 iteration=27625/30000 objective=0.00021363045958188958 r=2.20623e-08/1.10672e-08 s=0.0285261/7.32975e-05 projection_inf=1.95979e-16 rho=1e+07 support=391/12248
ADMM_ITER round=0/0 iteration=27650/30000 objective=0.00021359349233509068 r=2.20443e-08/1.10672e-08 s=0.0297259/7.33469e-05 projection_inf=2.28089e-16 rho=1e+07 support=391/12248
ADMM_ITER round=0/0 iteration=27675/30000 objective=0.00021357566972259016 r=2.20487e-08/1.10672e-08 s=0.029245/7.33964e-05 projection_inf=2.28477e-16 rho=1e+07 support=391/12248
ADMM_ITER round=0/0 iteration=27700/30000 objective=0.00021358326422669639 r=2.20708e-08/1.10672e-08 s=0.0273654/7.34459e-05 projection_inf=2.09188e-16 rho=1e+07 support=390/12248
ADMM_ITER round=0/0 iteration=27725/30000 objective=0.00021362620724671948 r=2.20851e-08/1.10672e-08 s=0.0260246/7.34954e-05 projection_inf=1.97819e-16 rho=1e+07 support=390/12248
ADMM_ITER round=0/0 iteration=27750/30000 objective=0.00021372782333006104 r=2.20724e-08/1.10672e-08 s=0.0269314/7.35449e-05 projection_inf=2.54999e-16 rho=1e+07 support=390/12248
ADMM_ITER round=0/0 iteration=27775/30000 objective=0.00021390743047734214 r=2.20438e-08/1.10672e-08 s=0.0290429/7.35943e-05 projection_inf=2.02916e-16 rho=1e+07 support=390/12248
ADMM_ITER round=0/0 iteration=27800/30000 objective=0.00021416231282952726 r=2.20346e-08/1.10672e-08 s=0.0292926/7.36437e-05 projection_inf=1.92824e-16 rho=1e+07 support=389/12248
ADMM_ITER round=0/0 iteration=27825/30000 objective=0.00021446835993800041 r=2.2046e-08/1.10672e-08 s=0.0282174/7.3693e-05 projection_inf=2.26137e-16 rho=1e+07 support=389/12248
ADMM_ITER round=0/0 iteration=27850/30000 objective=0.00021479923754219802 r=2.20614e-08/1.10672e-08 s=0.0268124/7.37422e-05 projection_inf=1.92572e-16 rho=1e+07 support=389/12248
ADMM_ITER round=0/0 iteration=27875/30000 objective=0.00021515891078886473 r=2.20614e-08/1.10672e-08 s=0.0266529/7.37912e-05 projection_inf=2.06304e-16 rho=1e+07 support=389/12248
ADMM_ITER round=0/0 iteration=27900/30000 objective=0.00021554322589907143 r=2.20421e-08/1.10672e-08 s=0.0280483/7.38402e-05 projection_inf=2.08796e-16 rho=1e+07 support=390/12248
ADMM_ITER round=0/0 iteration=27925/30000 objective=0.00021593242948122148 r=2.20132e-08/1.10672e-08 s=0.0301018/7.3889e-05 projection_inf=2.19205e-16 rho=1e+07 support=389/12248
ADMM_ITER round=0/0 iteration=27950/30000 objective=0.00021632213289442975 r=2.19916e-08/1.10672e-08 s=0.0315176/7.39377e-05 projection_inf=2.09091e-16 rho=1e+07 support=389/12248
ADMM_ITER round=0/0 iteration=27975/30000 objective=0.00021672742848757412 r=2.19852e-08/1.10672e-08 s=0.0318447/7.39863e-05 projection_inf=2.01856e-16 rho=1e+07 support=390/12248
ADMM_ITER round=0/0 iteration=28000/30000 objective=0.00021717034432354356 r=2.1993e-08/1.10672e-08 s=0.0311876/7.40347e-05 projection_inf=1.94431e-16 rho=1e+07 support=390/12248
ADMM_ITER round=0/0 iteration=28025/30000 objective=0.00021765358736871101 r=2.19951e-08/1.10672e-08 s=0.0309237/7.4083e-05 projection_inf=2.10225e-16 rho=1e+07 support=389/12248
ADMM_ITER round=0/0 iteration=28050/30000 objective=0.00021818203731939026 r=2.19798e-08/1.10672e-08 s=0.0318813/7.41312e-05 projection_inf=2.02789e-16 rho=1e+07 support=389/12248
ADMM_ITER round=0/0 iteration=28075/30000 objective=0.00021875202205125981 r=2.19536e-08/1.10672e-08 s=0.0333515/7.41791e-05 projection_inf=2.11411e-16 rho=1e+07 support=389/12248
ADMM_ITER round=0/0 iteration=28100/30000 objective=0.00021934715321589613 r=2.19272e-08/1.10672e-08 s=0.0348761/7.42269e-05 projection_inf=2.29409e-16 rho=1e+07 support=390/12248
ADMM_ITER round=0/0 iteration=28125/30000 objective=0.00021994878779254631 r=2.19143e-08/1.10672e-08 s=0.0354885/7.42745e-05 projection_inf=2.01204e-16 rho=1e+07 support=389/12248
ADMM_ITER round=0/0 iteration=28150/30000 objective=0.00022053691878108977 r=2.19135e-08/1.10672e-08 s=0.0353817/7.43219e-05 projection_inf=1.85787e-16 rho=1e+07 support=390/12248
ADMM_ITER round=0/0 iteration=28175/30000 objective=0.00022111457975495467 r=2.19164e-08/1.10672e-08 s=0.0350509/7.43691e-05 projection_inf=2.19835e-16 rho=1e+07 support=390/12248
ADMM_ITER round=0/0 iteration=28200/30000 objective=0.00022167618114070055 r=2.19165e-08/1.10672e-08 s=0.0348358/7.44161e-05 projection_inf=2.06648e-16 rho=1e+07 support=390/12248
ADMM_ITER round=0/0 iteration=28225/30000 objective=0.00022223158012537014 r=2.19034e-08/1.10672e-08 s=0.0354778/7.44629e-05 projection_inf=2.18356e-16 rho=1e+07 support=390/12248
ADMM_ITER round=0/0 iteration=28250/30000 objective=0.00022279021699698174 r=2.1878e-08/1.10672e-08 s=0.0368357/7.45096e-05 projection_inf=2.02451e-16 rho=1e+07 support=392/12248
ADMM_ITER round=0/0 iteration=28275/30000 objective=0.00022337212000984828 r=2.1845e-08/1.10672e-08 s=0.0385652/7.45561e-05 projection_inf=2.12413e-16 rho=1e+07 support=393/12248
ADMM_ITER round=0/0 iteration=28300/30000 objective=0.0002239619428183093 r=2.18211e-08/1.10672e-08 s=0.0397372/7.46024e-05 projection_inf=2.03345e-16 rho=1e+07 support=393/12248
ADMM_ITER round=0/0 iteration=28325/30000 objective=0.00022452885587190158 r=2.18028e-08/1.10672e-08 s=0.0405882/7.46485e-05 projection_inf=1.95031e-16 rho=1e+07 support=394/12248
ADMM_ITER round=0/0 iteration=28350/30000 objective=0.00022505992097909594 r=2.17921e-08/1.10672e-08 s=0.041026/7.46944e-05 projection_inf=1.95889e-16 rho=1e+07 support=394/12248
ADMM_ITER round=0/0 iteration=28375/30000 objective=0.00022555497571157178 r=2.17789e-08/1.10672e-08 s=0.0415961/7.47402e-05 projection_inf=2.11492e-16 rho=1e+07 support=394/12248
ADMM_ITER round=0/0 iteration=28400/30000 objective=0.00022601994658426482 r=2.17711e-08/1.10672e-08 s=0.0418813/7.47858e-05 projection_inf=2.31762e-16 rho=1e+07 support=394/12248
ADMM_ITER round=0/0 iteration=28425/30000 objective=0.00022644481544315483 r=2.17655e-08/1.10672e-08 s=0.0420304/7.48313e-05 projection_inf=2.13436e-16 rho=1e+07 support=393/12248
ADMM_ITER round=0/0 iteration=28450/30000 objective=0.00022682362140445783 r=2.17648e-08/1.10672e-08 s=0.041882/7.48766e-05 projection_inf=2.1448e-16 rho=1e+07 support=392/12248
ADMM_ITER round=0/0 iteration=28475/30000 objective=0.0002271632135065576 r=2.17674e-08/1.10672e-08 s=0.0415541/7.49219e-05 projection_inf=1.98294e-16 rho=1e+07 support=393/12248
ADMM_ITER round=0/0 iteration=28500/30000 objective=0.00022748255505890453 r=2.17553e-08/1.10672e-08 s=0.0420341/7.4967e-05 projection_inf=2.27139e-16 rho=1e+07 support=393/12248
ADMM_ITER round=0/0 iteration=28525/30000 objective=0.00022780244835484171 r=2.17278e-08/1.10672e-08 s=0.0431958/7.50121e-05 projection_inf=2.14516e-16 rho=1e+07 support=393/12248
ADMM_ITER round=0/0 iteration=28550/30000 objective=0.00022812350375915245 r=2.17167e-08/1.10672e-08 s=0.0435981/7.50571e-05 projection_inf=1.99796e-16 rho=1e+07 support=393/12248
ADMM_ITER round=0/0 iteration=28575/30000 objective=0.00022841056866845026 r=2.17251e-08/1.10672e-08 s=0.0430337/7.51019e-05 projection_inf=2.19374e-16 rho=1e+07 support=393/12248
ADMM_ITER round=0/0 iteration=28600/30000 objective=0.00022868171908325328 r=2.17226e-08/1.10672e-08 s=0.0429977/7.51467e-05 projection_inf=2.00889e-16 rho=1e+07 support=393/12248
ADMM_ITER round=0/0 iteration=28625/30000 objective=0.00022891085577714997 r=2.171e-08/1.10672e-08 s=0.0434878/7.51914e-05 projection_inf=1.90965e-16 rho=1e+07 support=393/12248
ADMM_ITER round=0/0 iteration=28650/30000 objective=0.00022908188299647345 r=2.17058e-08/1.10672e-08 s=0.0435604/7.52361e-05 projection_inf=2.19524e-16 rho=1e+07 support=393/12248
ADMM_ITER round=0/0 iteration=28675/30000 objective=0.00022922213991214069 r=2.16978e-08/1.10672e-08 s=0.0438306/7.52807e-05 projection_inf=2.14722e-16 rho=1e+07 support=393/12248
ADMM_ITER round=0/0 iteration=28700/30000 objective=0.00022935959864315775 r=2.1697e-08/1.10672e-08 s=0.0437444/7.53253e-05 projection_inf=2.36024e-16 rho=1e+07 support=393/12248
ADMM_ITER round=0/0 iteration=28725/30000 objective=0.00022948553496020621 r=2.16982e-08/1.10672e-08 s=0.0430283/7.53699e-05 projection_inf=1.92117e-16 rho=1e+07 support=391/12248
ADMM_ITER round=0/0 iteration=28750/30000 objective=0.00022957705109620869 r=2.16762e-08/1.10672e-08 s=0.0439004/7.54144e-05 projection_inf=2.28166e-16 rho=1e+07 support=391/12248
ADMM_ITER round=0/0 iteration=28775/30000 objective=0.0002295947861801939 r=2.16484e-08/1.10672e-08 s=0.0450666/7.54589e-05 projection_inf=1.8594e-16 rho=1e+07 support=391/12248
ADMM_ITER round=0/0 iteration=28800/30000 objective=0.00022953970325598276 r=2.16453e-08/1.10672e-08 s=0.0449325/7.55035e-05 projection_inf=2.26492e-16 rho=1e+07 support=390/12248
ADMM_ITER round=0/0 iteration=28825/30000 objective=0.00022942811813644274 r=2.16573e-08/1.10672e-08 s=0.0441341/7.5548e-05 projection_inf=2.0942e-16 rho=1e+07 support=389/12248
ADMM_ITER round=0/0 iteration=28850/30000 objective=0.00022927850670892774 r=2.16674e-08/1.10672e-08 s=0.043462/7.55927e-05 projection_inf=2.02851e-16 rho=1e+07 support=390/12248
ADMM_ITER round=0/0 iteration=28875/30000 objective=0.00022912074411817512 r=2.16788e-08/1.10673e-08 s=0.042726/7.56374e-05 projection_inf=2.1144e-16 rho=1e+07 support=390/12248
ADMM_ITER round=0/0 iteration=28900/30000 objective=0.00022893912337291784 r=2.17011e-08/1.10673e-08 s=0.0411515/7.56821e-05 projection_inf=2.42562e-16 rho=1e+07 support=390/12248
ADMM_ITER round=0/0 iteration=28925/30000 objective=0.00022870060895756298 r=2.1725e-08/1.10673e-08 s=0.0395669/7.5727e-05 projection_inf=2.12202e-16 rho=1e+07 support=389/12248
ADMM_ITER round=0/0 iteration=28950/30000 objective=0.00022845402769324671 r=2.1746e-08/1.10673e-08 s=0.0380932/7.57719e-05 projection_inf=2.33402e-16 rho=1e+07 support=389/12248
ADMM_ITER round=0/0 iteration=28975/30000 objective=0.00022824725452305706 r=2.17715e-08/1.10672e-08 s=0.0363746/7.58169e-05 projection_inf=2.10576e-16 rho=1e+07 support=389/12248
ADMM_ITER round=0/0 iteration=29000/30000 objective=0.00022807956547604528 r=2.17999e-08/1.10672e-08 s=0.0343935/7.5862e-05 projection_inf=2.06011e-16 rho=1e+07 support=388/12248
ADMM_ITER round=0/0 iteration=29025/30000 objective=0.00022798910834252088 r=2.18221e-08/1.10672e-08 s=0.0327319/7.59072e-05 projection_inf=2.04568e-16 rho=1e+07 support=388/12248
ADMM_ITER round=0/0 iteration=29050/30000 objective=0.00022797179347558422 r=2.1817e-08/1.10672e-08 s=0.032869/7.59524e-05 projection_inf=2.11618e-16 rho=1e+07 support=388/12248
ADMM_ITER round=0/0 iteration=29075/30000 objective=0.00022801143726774382 r=2.17765e-08/1.10672e-08 s=0.0342121/7.59976e-05 projection_inf=2.28085e-16 rho=1e+07 support=389/12248
ADMM_ITER round=0/0 iteration=29100/30000 objective=0.00022806958110093675 r=2.17632e-08/1.10672e-08 s=0.034645/7.60427e-05 projection_inf=2.14155e-16 rho=1e+07 support=391/12248
ADMM_ITER round=0/0 iteration=29125/30000 objective=0.00022814687557141987 r=2.1768e-08/1.10672e-08 s=0.0334609/7.60879e-05 projection_inf=2.24145e-16 rho=1e+07 support=389/12248
ADMM_ITER round=0/0 iteration=29150/30000 objective=0.00022827794567198024 r=2.17657e-08/1.10672e-08 s=0.033178/7.6133e-05 projection_inf=2.02657e-16 rho=1e+07 support=389/12248
ADMM_ITER round=0/0 iteration=29175/30000 objective=0.00022845305054894466 r=2.17596e-08/1.10672e-08 s=0.0331454/7.61781e-05 projection_inf=1.98265e-16 rho=1e+07 support=387/12248
ADMM_ITER round=0/0 iteration=29200/30000 objective=0.00022865569107571841 r=2.17502e-08/1.10672e-08 s=0.0334504/7.62232e-05 projection_inf=2.3238e-16 rho=1e+07 support=388/12248
ADMM_ITER round=0/0 iteration=29225/30000 objective=0.00022885628408891254 r=2.17211e-08/1.10672e-08 s=0.034972/7.62682e-05 projection_inf=2.35132e-16 rho=1e+07 support=389/12248
ADMM_ITER round=0/0 iteration=29250/30000 objective=0.0002290515303417309 r=2.16911e-08/1.10672e-08 s=0.0365237/7.63131e-05 projection_inf=2.13343e-16 rho=1e+07 support=390/12248
ADMM_ITER round=0/0 iteration=29275/30000 objective=0.00022924962169829693 r=2.16739e-08/1.10672e-08 s=0.0372973/7.6358e-05 projection_inf=2.32926e-16 rho=1e+07 support=390/12248
ADMM_ITER round=0/0 iteration=29300/30000 objective=0.00022943816242760584 r=2.16702e-08/1.10672e-08 s=0.0373009/7.64029e-05 projection_inf=2.19034e-16 rho=1e+07 support=390/12248
ADMM_ITER round=0/0 iteration=29325/30000 objective=0.00022963204181056872 r=2.16807e-08/1.10673e-08 s=0.0364808/7.64477e-05 projection_inf=2.20207e-16 rho=1e+07 support=390/12248
ADMM_ITER round=0/0 iteration=29350/30000 objective=0.0002298100854130394 r=2.17102e-08/1.10673e-08 s=0.0344778/7.64924e-05 projection_inf=2.16162e-16 rho=1e+07 support=390/12248
ADMM_ITER round=0/0 iteration=29375/30000 objective=0.00022995398906793674 r=2.17046e-08/1.10673e-08 s=0.0346311/7.65371e-05 projection_inf=2.25404e-16 rho=1e+07 support=390/12248
ADMM_ITER round=0/0 iteration=29400/30000 objective=0.00023006429075543962 r=2.16751e-08/1.10673e-08 s=0.0362576/7.65818e-05 projection_inf=2.48089e-16 rho=1e+07 support=390/12248
ADMM_ITER round=0/0 iteration=29425/30000 objective=0.000230114664069309 r=2.16558e-08/1.10673e-08 s=0.0371791/7.66264e-05 projection_inf=2.36994e-16 rho=1e+07 support=389/12248
ADMM_ITER round=0/0 iteration=29450/30000 objective=0.00023009495594997369 r=2.16598e-08/1.10673e-08 s=0.0367447/7.66711e-05 projection_inf=2.04961e-16 rho=1e+07 support=388/12248
ADMM_ITER round=0/0 iteration=29475/30000 objective=0.00023000285888038211 r=2.16798e-08/1.10672e-08 s=0.035143/7.67158e-05 projection_inf=2.70743e-16 rho=1e+07 support=387/12248
ADMM_ITER round=0/0 iteration=29500/30000 objective=0.00022985557346947181 r=2.17191e-08/1.10672e-08 s=0.0323071/7.67605e-05 projection_inf=2.07594e-16 rho=1e+07 support=388/12248
ADMM_ITER round=0/0 iteration=29525/30000 objective=0.00022963384802549727 r=2.17108e-08/1.10672e-08 s=0.032581/7.68053e-05 projection_inf=1.98498e-16 rho=1e+07 support=389/12248
ADMM_ITER round=0/0 iteration=29550/30000 objective=0.00022929916411483498 r=2.16762e-08/1.10672e-08 s=0.0345468/7.68502e-05 projection_inf=1.92045e-16 rho=1e+07 support=388/12248
ADMM_ITER round=0/0 iteration=29575/30000 objective=0.00022885815088769369 r=2.16529e-08/1.10672e-08 s=0.0357423/7.68953e-05 projection_inf=2.04756e-16 rho=1e+07 support=388/12248
ADMM_ITER round=0/0 iteration=29600/30000 objective=0.00022832117054974346 r=2.16229e-08/1.10672e-08 s=0.0373195/7.69405e-05 projection_inf=2.28721e-16 rho=1e+07 support=388/12248
ADMM_ITER round=0/0 iteration=29625/30000 objective=0.00022773289291608655 r=2.16036e-08/1.10672e-08 s=0.0382409/7.69859e-05 projection_inf=2.15078e-16 rho=1e+07 support=389/12248
ADMM_ITER round=0/0 iteration=29650/30000 objective=0.00022712762186564341 r=2.15943e-08/1.10672e-08 s=0.0385853/7.70315e-05 projection_inf=2.07864e-16 rho=1e+07 support=389/12248
ADMM_ITER round=0/0 iteration=29675/30000 objective=0.00022652935056363126 r=2.15794e-08/1.10672e-08 s=0.0390643/7.70773e-05 projection_inf=2.1635e-16 rho=1e+07 support=389/12248
ADMM_ITER round=0/0 iteration=29700/30000 objective=0.00022598693811744629 r=2.15551e-08/1.10672e-08 s=0.0401303/7.71234e-05 projection_inf=2.29278e-16 rho=1e+07 support=389/12248
ADMM_ITER round=0/0 iteration=29725/30000 objective=0.00022551213853370066 r=2.15302e-08/1.10672e-08 s=0.0412574/7.71696e-05 projection_inf=1.96121e-16 rho=1e+07 support=389/12248
ADMM_ITER round=0/0 iteration=29750/30000 objective=0.0002251233027461943 r=2.14995e-08/1.10672e-08 s=0.0426688/7.72159e-05 projection_inf=1.91951e-16 rho=1e+07 support=389/12248
ADMM_ITER round=0/0 iteration=29775/30000 objective=0.00022481846327789654 r=2.14797e-08/1.10672e-08 s=0.0435066/7.72624e-05 projection_inf=2.32613e-16 rho=1e+07 support=389/12248
ADMM_ITER round=0/0 iteration=29800/30000 objective=0.00022458475304965747 r=2.14811e-08/1.10672e-08 s=0.0432985/7.73089e-05 projection_inf=2.27821e-16 rho=1e+07 support=390/12248
ADMM_ITER round=0/0 iteration=29825/30000 objective=0.0002243930520547072 r=2.14733e-08/1.10672e-08 s=0.0435297/7.73555e-05 projection_inf=2.41297e-16 rho=1e+07 support=390/12248
ADMM_ITER round=0/0 iteration=29850/30000 objective=0.00022421901152983725 r=2.14598e-08/1.10672e-08 s=0.0440508/7.74022e-05 projection_inf=2.02961e-16 rho=1e+07 support=391/12248
ADMM_ITER round=0/0 iteration=29875/30000 objective=0.00022406001918903525 r=2.14539e-08/1.10672e-08 s=0.0441962/7.7449e-05 projection_inf=2.28797e-16 rho=1e+07 support=392/12248
ADMM_ITER round=0/0 iteration=29900/30000 objective=0.00022387411733163599 r=2.14611e-08/1.10672e-08 s=0.0437123/7.74958e-05 projection_inf=2.05888e-16 rho=1e+07 support=392/12248
ADMM_ITER round=0/0 iteration=29925/30000 objective=0.00022363454524597276 r=2.14873e-08/1.10672e-08 s=0.0422765/7.75427e-05 projection_inf=2.19924e-16 rho=1e+07 support=392/12248
ADMM_ITER round=0/0 iteration=29950/30000 objective=0.00022332786666018738 r=2.15184e-08/1.10672e-08 s=0.0405269/7.75897e-05 projection_inf=2.45027e-16 rho=1e+07 support=393/12248
ADMM_ITER round=0/0 iteration=29975/30000 objective=0.00022298417650326515 r=2.1536e-08/1.10672e-08 s=0.0393795/7.76368e-05 projection_inf=2.25374e-16 rho=1e+07 support=392/12248
ADMM_ITER round=0/0 iteration=30000/30000 objective=0.00022266385845640536 r=2.15349e-08/1.10672e-08 s=0.0392768/7.7684e-05 projection_inf=2.27981e-16 rho=1e+07 support=393/12248
{
  "schema": "max11-sparse-l1-admm-report-v1",
  "verdict": "CANDIDATES",
  "total_seconds": 279.8937553251162,
  "max_rss_kib": 211248
}
