ADMM_START rows=743 columns=12248 nnz=5605870 rounds=1 max_iterations=30000 rho=100000000.0
ADMM_ITER round=0/0 iteration=1/30000 objective=1.9891794066596097e-07 r=4.34636e-07/1.10671e-08 s=3.84556/4.45703e-07 projection_inf=7.17186e-19 rho=1e+08 support=51/12248
ADMM_ITER round=0/0 iteration=25/30000 objective=4.1494101645086492e-05 r=2.03344e-07/1.10671e-08 s=18.8359/5.07749e-06 projection_inf=3.5548e-18 rho=1e+08 support=350/12248
ADMM_ITER round=0/0 iteration=50/30000 objective=5.8726017643632581e-05 r=1.63003e-07/1.10671e-08 s=14.5914/7.04594e-06 projection_inf=4.68949e-18 rho=1e+08 support=356/12248
ADMM_ITER round=0/0 iteration=75/30000 objective=6.6813996360068248e-05 r=1.41386e-07/1.10671e-08 s=11.0024/8.85732e-06 projection_inf=6.0671e-18 rho=1e+08 support=360/12248
ADMM_ITER round=0/0 iteration=100/30000 objective=7.3380924037537342e-05 r=1.16966e-07/1.10671e-08 s=9.96085/1.06972e-05 projection_inf=6.59682e-18 rho=1e+08 support=370/12248
ADMM_ITER round=0/0 iteration=125/30000 objective=8.0508280017706826e-05 r=9.9355e-08/1.10671e-08 s=9.37509/1.23503e-05 projection_inf=7.51066e-18 rho=1e+08 support=370/12248
ADMM_ITER round=0/0 iteration=150/30000 objective=9.2518889116771673e-05 r=9.07624e-08/1.10671e-08 s=8.38709/1.36807e-05 projection_inf=7.79133e-18 rho=1e+08 support=375/12248
ADMM_ITER round=0/0 iteration=175/30000 objective=0.0001033089224955662 r=7.92191e-08/1.10672e-08 s=8.02567/1.47322e-05 projection_inf=7.40701e-18 rho=1e+08 support=375/12248
ADMM_ITER round=0/0 iteration=200/30000 objective=0.00011396057425379884 r=7.20188e-08/1.10672e-08 s=7.62859/1.55345e-05 projection_inf=7.82813e-18 rho=1e+08 support=376/12248
ADMM_ITER round=0/0 iteration=225/30000 objective=0.00012244658763586617 r=7.33119e-08/1.10672e-08 s=6.45861/1.61362e-05 projection_inf=6.9972e-18 rho=1e+08 support=369/12248
ADMM_ITER round=0/0 iteration=250/30000 objective=0.00012823699403966435 r=7.03096e-08/1.10672e-08 s=6.02942/1.66512e-05 projection_inf=7.84053e-18 rho=1e+08 support=363/12248
ADMM_ITER round=0/0 iteration=275/30000 objective=0.00013148555860851413 r=6.75243e-08/1.10672e-08 s=5.68097/1.71327e-05 projection_inf=7.07373e-18 rho=1e+08 support=373/12248
ADMM_ITER round=0/0 iteration=300/30000 objective=0.00013333585270823391 r=6.7573e-08/1.10672e-08 s=5.01949/1.76136e-05 projection_inf=7.92956e-18 rho=1e+08 support=374/12248
ADMM_ITER round=0/0 iteration=325/30000 objective=0.00013241306158300596 r=6.34236e-08/1.10672e-08 s=5.07823/1.81375e-05 projection_inf=8.88074e-18 rho=1e+08 support=373/12248
ADMM_ITER round=0/0 iteration=350/30000 objective=0.0001305328332661854 r=6.04123e-08/1.10672e-08 s=4.87763/1.8719e-05 projection_inf=8.6439e-18 rho=1e+08 support=370/12248
ADMM_ITER round=0/0 iteration=375/30000 objective=0.00012858841203518558 r=6.06863e-08/1.10672e-08 s=4.24514/1.93529e-05 projection_inf=8.10079e-18 rho=1e+08 support=369/12248
ADMM_ITER round=0/0 iteration=400/30000 objective=0.0001263897086897925 r=5.89659e-08/1.10672e-08 s=3.95693/2.00512e-05 projection_inf=8.81883e-18 rho=1e+08 support=368/12248
ADMM_ITER round=0/0 iteration=425/30000 objective=0.00012538112840117902 r=5.56576e-08/1.10672e-08 s=3.94465/2.07998e-05 projection_inf=8.64989e-18 rho=1e+08 support=379/12248
ADMM_ITER round=0/0 iteration=450/30000 objective=0.00012547037640646411 r=5.45216e-08/1.10672e-08 s=3.55149/2.15728e-05 projection_inf=8.67301e-18 rho=1e+08 support=377/12248
ADMM_ITER round=0/0 iteration=475/30000 objective=0.00012607792391697298 r=5.25496e-08/1.10672e-08 s=3.28372/2.23602e-05 projection_inf=9.56988e-18 rho=1e+08 support=380/12248
ADMM_ITER round=0/0 iteration=500/30000 objective=0.00012715712662843043 r=5.21675e-08/1.10672e-08 s=2.96209/2.31583e-05 projection_inf=9.24931e-18 rho=1e+08 support=374/12248
ADMM_ITER round=0/0 iteration=525/30000 objective=0.00012877043936239613 r=5.08226e-08/1.10672e-08 s=2.82234/2.39638e-05 projection_inf=1.04806e-17 rho=1e+08 support=377/12248
ADMM_ITER round=0/0 iteration=550/30000 objective=0.00013126974404896555 r=4.82322e-08/1.10672e-08 s=2.99066/2.47665e-05 projection_inf=9.89115e-18 rho=1e+08 support=377/12248
ADMM_ITER round=0/0 iteration=575/30000 objective=0.00013348479285675406 r=4.66706e-08/1.10672e-08 s=2.91822/2.55547e-05 projection_inf=9.65112e-18 rho=1e+08 support=371/12248
ADMM_ITER round=0/0 iteration=600/30000 objective=0.00013522428947325277 r=4.49925e-08/1.10672e-08 s=2.93558/2.63336e-05 projection_inf=1.07046e-17 rho=1e+08 support=375/12248
ADMM_ITER round=0/0 iteration=625/30000 objective=0.00013688573045614981 r=4.28057e-08/1.10672e-08 s=3.04007/2.70998e-05 projection_inf=9.76256e-18 rho=1e+08 support=376/12248
ADMM_ITER round=0/0 iteration=650/30000 objective=0.00013813567526294688 r=4.41955e-08/1.10672e-08 s=2.62172/2.78554e-05 projection_inf=9.69173e-18 rho=1e+08 support=372/12248
ADMM_ITER round=0/0 iteration=675/30000 objective=0.00013902049766444379 r=4.19285e-08/1.10672e-08 s=2.7115/2.86078e-05 projection_inf=1.12797e-17 rho=1e+08 support=369/12248
ADMM_ITER round=0/0 iteration=700/30000 objective=0.00013938925208816224 r=4.11183e-08/1.10672e-08 s=2.68512/2.93583e-05 projection_inf=1.06369e-17 rho=1e+08 support=377/12248
ADMM_ITER round=0/0 iteration=725/30000 objective=0.00014011438926888836 r=3.97127e-08/1.10672e-08 s=2.68046/3.01067e-05 projection_inf=9.86184e-18 rho=1e+08 support=375/12248
ADMM_ITER round=0/0 iteration=750/30000 objective=0.00014140453533605229 r=3.98778e-08/1.10672e-08 s=2.44442/3.08462e-05 projection_inf=1.10938e-17 rho=1e+08 support=378/12248
ADMM_ITER round=0/0 iteration=775/30000 objective=0.00014240497527011686 r=3.96138e-08/1.10672e-08 s=2.27721/3.1579e-05 projection_inf=1.17748e-17 rho=1e+08 support=377/12248
ADMM_ITER round=0/0 iteration=800/30000 objective=0.00014343477629760862 r=3.87436e-08/1.10672e-08 s=2.22666/3.23071e-05 projection_inf=1.04262e-17 rho=1e+08 support=375/12248
ADMM_ITER round=0/0 iteration=825/30000 objective=0.00014415607238259622 r=3.83205e-08/1.10672e-08 s=2.14357/3.30315e-05 projection_inf=1.07952e-17 rho=1e+08 support=381/12248
ADMM_ITER round=0/0 iteration=850/30000 objective=0.00014518623011232704 r=3.81158e-08/1.10672e-08 s=1.98478/3.37533e-05 projection_inf=1.21547e-17 rho=1e+08 support=382/12248
ADMM_ITER round=0/0 iteration=875/30000 objective=0.000146113269946806 r=3.77152e-08/1.10672e-08 s=1.90726/3.44721e-05 projection_inf=1.20531e-17 rho=1e+08 support=382/12248
ADMM_ITER round=0/0 iteration=900/30000 objective=0.00014682767155897131 r=3.73667e-08/1.10672e-08 s=1.83266/3.51892e-05 projection_inf=1.15819e-17 rho=1e+08 support=385/12248
ADMM_ITER round=0/0 iteration=925/30000 objective=0.00014707268459851884 r=3.61353e-08/1.10672e-08 s=1.93572/3.59068e-05 projection_inf=1.09976e-17 rho=1e+08 support=380/12248
ADMM_ITER round=0/0 iteration=950/30000 objective=0.00014742738359110834 r=3.63833e-08/1.10672e-08 s=1.77851/3.66249e-05 projection_inf=1.2057e-17 rho=1e+08 support=383/12248
ADMM_ITER round=0/0 iteration=975/30000 objective=0.00014819615613232196 r=3.57051e-08/1.10672e-08 s=1.80923/3.73423e-05 projection_inf=1.0736e-17 rho=1e+08 support=383/12248
ADMM_ITER round=0/0 iteration=1000/30000 objective=0.00014937361370397865 r=3.48993e-08/1.10672e-08 s=1.87745/3.80551e-05 projection_inf=1.26639e-17 rho=1e+08 support=386/12248
ADMM_ITER round=0/0 iteration=1025/30000 objective=0.00015091814081457335 r=3.49756e-08/1.10672e-08 s=1.77468/3.87603e-05 projection_inf=1.14344e-17 rho=1e+08 support=383/12248
ADMM_ITER round=0/0 iteration=1050/30000 objective=0.00015285290410998391 r=3.45079e-08/1.10672e-08 s=1.76154/3.94561e-05 projection_inf=1.16762e-17 rho=1e+08 support=383/12248
ADMM_ITER round=0/0 iteration=1075/30000 objective=0.00015534002958090252 r=3.35488e-08/1.10672e-08 s=1.81941/4.01397e-05 projection_inf=1.30354e-17 rho=1e+08 support=388/12248
ADMM_ITER round=0/0 iteration=1100/30000 objective=0.00015808591028056756 r=3.23913e-08/1.10672e-08 s=1.92347/4.08074e-05 projection_inf=1.27875e-17 rho=1e+08 support=388/12248
ADMM_ITER round=0/0 iteration=1125/30000 objective=0.0001606967192755029 r=3.29143e-08/1.10672e-08 s=1.71789/4.1459e-05 projection_inf=1.37857e-17 rho=1e+08 support=381/12248
ADMM_ITER round=0/0 iteration=1150/30000 objective=0.00016307698970243571 r=3.24583e-08/1.10672e-08 s=1.70134/4.2097e-05 projection_inf=1.3603e-17 rho=1e+08 support=381/12248
ADMM_ITER round=0/0 iteration=1175/30000 objective=0.00016552203836668264 r=3.17497e-08/1.10672e-08 s=1.7654/4.27228e-05 projection_inf=1.20322e-17 rho=1e+08 support=382/12248
ADMM_ITER round=0/0 iteration=1200/30000 objective=0.00016789546648095398 r=3.1651e-08/1.10672e-08 s=1.71873/4.33356e-05 projection_inf=1.32708e-17 rho=1e+08 support=385/12248
ADMM_ITER round=0/0 iteration=1225/30000 objective=0.0001698652824191494 r=3.11421e-08/1.10672e-08 s=1.74519/4.39374e-05 projection_inf=1.31675e-17 rho=1e+08 support=383/12248
ADMM_ITER round=0/0 iteration=1250/30000 objective=0.00017126822898241127 r=3.07879e-08/1.10672e-08 s=1.71561/4.45311e-05 projection_inf=1.36592e-17 rho=1e+08 support=385/12248
ADMM_ITER round=0/0 iteration=1275/30000 objective=0.00017252845960468536 r=3.09912e-08/1.10672e-08 s=1.59233/4.51188e-05 projection_inf=1.30061e-17 rho=1e+08 support=381/12248
ADMM_ITER round=0/0 iteration=1300/30000 objective=0.00017378331863804911 r=3.07784e-08/1.10672e-08 s=1.53698/4.57018e-05 projection_inf=1.2656e-17 rho=1e+08 support=380/12248
ADMM_ITER round=0/0 iteration=1325/30000 objective=0.00017539571698552456 r=3.04128e-08/1.10672e-08 s=1.52335/4.62791e-05 projection_inf=1.30066e-17 rho=1e+08 support=382/12248
ADMM_ITER round=0/0 iteration=1350/30000 objective=0.00017680591589657677 r=3.05706e-08/1.10672e-08 s=1.42374/4.68506e-05 projection_inf=1.35015e-17 rho=1e+08 support=388/12248
ADMM_ITER round=0/0 iteration=1375/30000 objective=0.00017797586276460992 r=3.02679e-08/1.10672e-08 s=1.41135/4.74178e-05 projection_inf=1.48872e-17 rho=1e+08 support=386/12248
ADMM_ITER round=0/0 iteration=1400/30000 objective=0.00017917004503689197 r=2.96675e-08/1.10672e-08 s=1.46713/4.79818e-05 projection_inf=1.29233e-17 rho=1e+08 support=388/12248
ADMM_ITER round=0/0 iteration=1425/30000 objective=0.00018040631959420809 r=2.94382e-08/1.10672e-08 s=1.46313/4.85412e-05 projection_inf=1.35938e-17 rho=1e+08 support=386/12248
ADMM_ITER round=0/0 iteration=1450/30000 objective=0.00018134429633432389 r=2.91658e-08/1.10672e-08 s=1.46416/4.90971e-05 projection_inf=1.50433e-17 rho=1e+08 support=385/12248
ADMM_ITER round=0/0 iteration=1475/30000 objective=0.00018205694452725835 r=2.87879e-08/1.10672e-08 s=1.48799/4.96507e-05 projection_inf=1.31335e-17 rho=1e+08 support=392/12248
ADMM_ITER round=0/0 iteration=1500/30000 objective=0.00018281644509224871 r=2.87121e-08/1.10672e-08 s=1.45328/5.02021e-05 projection_inf=1.35859e-17 rho=1e+08 support=390/12248
ADMM_ITER round=0/0 iteration=1525/30000 objective=0.00018395795489560768 r=2.84775e-08/1.10672e-08 s=1.40715/5.07507e-05 projection_inf=1.38312e-17 rho=1e+08 support=391/12248
ADMM_ITER round=0/0 iteration=1550/30000 objective=0.000185418753142796 r=2.8167e-08/1.10672e-08 s=1.4198/5.1294e-05 projection_inf=1.36875e-17 rho=1e+08 support=391/12248
ADMM_ITER round=0/0 iteration=1575/30000 objective=0.00018657614972331934 r=2.81846e-08/1.10672e-08 s=1.3566/5.18326e-05 projection_inf=1.38613e-17 rho=1e+08 support=393/12248
ADMM_ITER round=0/0 iteration=1600/30000 objective=0.00018793796221750123 r=2.77505e-08/1.10672e-08 s=1.36609/5.2367e-05 projection_inf=1.42117e-17 rho=1e+08 support=392/12248
ADMM_ITER round=0/0 iteration=1625/30000 objective=0.00018921579389497077 r=2.75275e-08/1.10672e-08 s=1.33739/5.28966e-05 projection_inf=1.48309e-17 rho=1e+08 support=387/12248
ADMM_ITER round=0/0 iteration=1650/30000 objective=0.00019029183879956684 r=2.79238e-08/1.10672e-08 s=1.20394/5.34222e-05 projection_inf=1.4227e-17 rho=1e+08 support=389/12248
ADMM_ITER round=0/0 iteration=1675/30000 objective=0.00019140232060838139 r=2.75733e-08/1.10672e-08 s=1.18801/5.39451e-05 projection_inf=1.48262e-17 rho=1e+08 support=386/12248
ADMM_ITER round=0/0 iteration=1700/30000 objective=0.00019260294195966879 r=2.73477e-08/1.10672e-08 s=1.1778/5.44647e-05 projection_inf=1.52645e-17 rho=1e+08 support=388/12248
ADMM_ITER round=0/0 iteration=1725/30000 objective=0.00019408176446237399 r=2.69594e-08/1.10672e-08 s=1.21582/5.49803e-05 projection_inf=1.63556e-17 rho=1e+08 support=389/12248
ADMM_ITER round=0/0 iteration=1750/30000 objective=0.00019558606452947663 r=2.68267e-08/1.10672e-08 s=1.20623/5.54907e-05 projection_inf=1.67133e-17 rho=1e+08 support=390/12248
ADMM_ITER round=0/0 iteration=1775/30000 objective=0.00019690650255879764 r=2.69095e-08/1.10672e-08 s=1.14365/5.59967e-05 projection_inf=1.43939e-17 rho=1e+08 support=390/12248
ADMM_ITER round=0/0 iteration=1800/30000 objective=0.00019825887001515165 r=2.67344e-08/1.10672e-08 s=1.15209/5.64988e-05 projection_inf=1.46733e-17 rho=1e+08 support=389/12248
ADMM_ITER round=0/0 iteration=1825/30000 objective=0.00019954831827566163 r=2.65608e-08/1.10672e-08 s=1.16145/5.6997e-05 projection_inf=1.55445e-17 rho=1e+08 support=390/12248
ADMM_ITER round=0/0 iteration=1850/30000 objective=0.00020063552815140386 r=2.64568e-08/1.10672e-08 s=1.14572/5.7492e-05 projection_inf=1.52792e-17 rho=1e+08 support=393/12248
ADMM_ITER round=0/0 iteration=1875/30000 objective=0.00020165056815505303 r=2.64261e-08/1.10672e-08 s=1.12474/5.79844e-05 projection_inf=1.47702e-17 rho=1e+08 support=397/12248
ADMM_ITER round=0/0 iteration=1900/30000 objective=0.00020274424830280758 r=2.62128e-08/1.10672e-08 s=1.13625/5.84743e-05 projection_inf=1.54342e-17 rho=1e+08 support=395/12248
ADMM_ITER round=0/0 iteration=1925/30000 objective=0.00020384773684956232 r=2.59099e-08/1.10672e-08 s=1.17574/5.89612e-05 projection_inf=1.43922e-17 rho=1e+08 support=396/12248
ADMM_ITER round=0/0 iteration=1950/30000 objective=0.00020477005775881805 r=2.58418e-08/1.10672e-08 s=1.16673/5.94455e-05 projection_inf=1.5314e-17 rho=1e+08 support=397/12248
ADMM_ITER round=0/0 iteration=1975/30000 objective=0.0002057220007306709 r=2.57182e-08/1.10672e-08 s=1.17197/5.99276e-05 projection_inf=1.7194e-17 rho=1e+08 support=397/12248
ADMM_ITER round=0/0 iteration=2000/30000 objective=0.00020669169417062417 r=2.53253e-08/1.10672e-08 s=1.23533/6.04072e-05 projection_inf=1.61101e-17 rho=1e+08 support=395/12248
ADMM_ITER round=0/0 iteration=2025/30000 objective=0.00020743947672101045 r=2.52877e-08/1.10672e-08 s=1.21987/6.08846e-05 projection_inf=1.54637e-17 rho=1e+08 support=392/12248
ADMM_ITER round=0/0 iteration=2050/30000 objective=0.00020805439726653095 r=2.53531e-08/1.10672e-08 s=1.16725/6.13605e-05 projection_inf=1.60644e-17 rho=1e+08 support=391/12248
ADMM_ITER round=0/0 iteration=2075/30000 objective=0.00020855047839533273 r=2.55798e-08/1.10672e-08 s=1.08818/6.18357e-05 projection_inf=1.78488e-17 rho=1e+08 support=388/12248
ADMM_ITER round=0/0 iteration=2100/30000 objective=0.0002089259602506608 r=2.5485e-08/1.10672e-08 s=1.09022/6.23108e-05 projection_inf=1.71113e-17 rho=1e+08 support=388/12248
ADMM_ITER round=0/0 iteration=2125/30000 objective=0.00020918788897105882 r=2.53365e-08/1.10672e-08 s=1.10214/6.27864e-05 projection_inf=1.80803e-17 rho=1e+08 support=388/12248
ADMM_ITER round=0/0 iteration=2150/30000 objective=0.00020962939204946309 r=2.53449e-08/1.10672e-08 s=1.0662/6.32623e-05 projection_inf=1.63568e-17 rho=1e+08 support=390/12248
ADMM_ITER round=0/0 iteration=2175/30000 objective=0.00021015133174224519 r=2.52526e-08/1.10672e-08 s=1.06319/6.37377e-05 projection_inf=1.58139e-17 rho=1e+08 support=388/12248
ADMM_ITER round=0/0 iteration=2200/30000 objective=0.00021065720118954503 r=2.49573e-08/1.10672e-08 s=1.10869/6.42128e-05 projection_inf=1.77706e-17 rho=1e+08 support=389/12248
ADMM_ITER round=0/0 iteration=2225/30000 objective=0.00021104495871039419 r=2.49054e-08/1.10672e-08 s=1.097/6.46874e-05 projection_inf=1.82152e-17 rho=1e+08 support=388/12248
ADMM_ITER round=0/0 iteration=2250/30000 objective=0.00021146650911452278 r=2.51574e-08/1.10672e-08 s=0.992394/6.5162e-05 projection_inf=1.82418e-17 rho=1e+08 support=385/12248
ADMM_ITER round=0/0 iteration=2275/30000 objective=0.00021188132024691791 r=2.52746e-08/1.10672e-08 s=0.932055/6.56365e-05 projection_inf=1.87495e-17 rho=1e+08 support=391/12248
ADMM_ITER round=0/0 iteration=2300/30000 objective=0.0002122791575403462 r=2.51862e-08/1.10672e-08 s=0.932198/6.61113e-05 projection_inf=2.10033e-17 rho=1e+08 support=396/12248
ADMM_ITER round=0/0 iteration=2325/30000 objective=0.00021271418179160339 r=2.48916e-08/1.10672e-08 s=0.987067/6.65862e-05 projection_inf=1.74808e-17 rho=1e+08 support=395/12248
ADMM_ITER round=0/0 iteration=2350/30000 objective=0.00021306903221360546 r=2.49276e-08/1.10672e-08 s=0.952527/6.70613e-05 projection_inf=1.62991e-17 rho=1e+08 support=395/12248
ADMM_ITER round=0/0 iteration=2375/30000 objective=0.00021341205044695064 r=2.49005e-08/1.10672e-08 s=0.934083/6.75365e-05 projection_inf=1.69349e-17 rho=1e+08 support=395/12248
ADMM_ITER round=0/0 iteration=2400/30000 objective=0.00021383396054142344 r=2.46612e-08/1.10672e-08 s=0.975026/6.80121e-05 projection_inf=1.99225e-17 rho=1e+08 support=395/12248
ADMM_ITER round=0/0 iteration=2425/30000 objective=0.00021441994525256763 r=2.44321e-08/1.10672e-08 s=1.00305/6.8487e-05 projection_inf=1.9702e-17 rho=1e+08 support=395/12248
ADMM_ITER round=0/0 iteration=2450/30000 objective=0.00021501979652712477 r=2.41226e-08/1.10672e-08 s=1.04759/6.89611e-05 projection_inf=2.18669e-17 rho=1e+08 support=395/12248
ADMM_ITER round=0/0 iteration=2475/30000 objective=0.00021570625366897631 r=2.3895e-08/1.10672e-08 s=1.07574/6.94339e-05 projection_inf=1.79487e-17 rho=1e+08 support=395/12248
ADMM_ITER round=0/0 iteration=2500/30000 objective=0.0002165466511407312 r=2.35555e-08/1.10672e-08 s=1.12896/6.99048e-05 projection_inf=1.96464e-17 rho=1e+08 support=393/12248
ADMM_ITER round=0/0 iteration=2525/30000 objective=0.00021746768527807254 r=2.35037e-08/1.10672e-08 s=1.11426/7.03732e-05 projection_inf=1.86354e-17 rho=1e+08 support=393/12248
ADMM_ITER round=0/0 iteration=2550/30000 objective=0.00021836588703453278 r=2.34528e-08/1.10672e-08 s=1.10507/7.0839e-05 projection_inf=2.14074e-17 rho=1e+08 support=394/12248
ADMM_ITER round=0/0 iteration=2575/30000 objective=0.00021933549786404868 r=2.35724e-08/1.10672e-08 s=1.05394/7.13023e-05 projection_inf=1.95714e-17 rho=1e+08 support=397/12248
ADMM_ITER round=0/0 iteration=2600/30000 objective=0.00022023754735225136 r=2.35956e-08/1.10672e-08 s=1.02556/7.17632e-05 projection_inf=1.83154e-17 rho=1e+08 support=398/12248
ADMM_ITER round=0/0 iteration=2625/30000 objective=0.00022100871805179423 r=2.35435e-08/1.10672e-08 s=1.01637/7.22222e-05 projection_inf=1.9084e-17 rho=1e+08 support=397/12248
ADMM_ITER round=0/0 iteration=2650/30000 objective=0.0002217982577994733 r=2.36562e-08/1.10672e-08 s=0.959824/7.26795e-05 projection_inf=1.8137e-17 rho=1e+08 support=395/12248
ADMM_ITER round=0/0 iteration=2675/30000 objective=0.00022260774741740538 r=2.35703e-08/1.10672e-08 s=0.959641/7.31351e-05 projection_inf=2.18514e-17 rho=1e+08 support=393/12248
ADMM_ITER round=0/0 iteration=2700/30000 objective=0.0002233264194803382 r=2.35261e-08/1.10672e-08 s=0.945764/7.35893e-05 projection_inf=1.96823e-17 rho=1e+08 support=391/12248
ADMM_ITER round=0/0 iteration=2725/30000 objective=0.00022427255425254536 r=2.34717e-08/1.10672e-08 s=0.942472/7.4042e-05 projection_inf=2.18123e-17 rho=1e+08 support=393/12248
ADMM_ITER round=0/0 iteration=2750/30000 objective=0.00022555454896606568 r=2.33769e-08/1.10672e-08 s=0.941224/7.44919e-05 projection_inf=1.99777e-17 rho=1e+08 support=392/12248
ADMM_ITER round=0/0 iteration=2775/30000 objective=0.00022687151264321297 r=2.33367e-08/1.10672e-08 s=0.926181/7.49386e-05 projection_inf=2.22989e-17 rho=1e+08 support=393/12248
ADMM_ITER round=0/0 iteration=2800/30000 objective=0.00022807256869775963 r=2.31223e-08/1.10672e-08 s=0.959964/7.53822e-05 projection_inf=2.37154e-17 rho=1e+08 support=394/12248
ADMM_ITER round=0/0 iteration=2825/30000 objective=0.00022925839868435396 r=2.31048e-08/1.10672e-08 s=0.94623/7.5823e-05 projection_inf=2.1607e-17 rho=1e+08 support=391/12248
ADMM_ITER round=0/0 iteration=2850/30000 objective=0.00023048794876284851 r=2.3328e-08/1.10672e-08 s=0.8606/7.62609e-05 projection_inf=2.02806e-17 rho=1e+08 support=392/12248
ADMM_ITER round=0/0 iteration=2875/30000 objective=0.00023171727453925547 r=2.31247e-08/1.10673e-08 s=0.895893/7.66961e-05 projection_inf=2.48588e-17 rho=1e+08 support=393/12248
ADMM_ITER round=0/0 iteration=2900/30000 objective=0.00023291626760728296 r=2.29347e-08/1.10673e-08 s=0.896494/7.71286e-05 projection_inf=2.62381e-17 rho=1e+08 support=390/12248
ADMM_ITER round=0/0 iteration=2925/30000 objective=0.00023389359565856906 r=2.2792e-08/1.10673e-08 s=0.909596/7.75588e-05 projection_inf=1.95862e-17 rho=1e+08 support=390/12248
ADMM_ITER round=0/0 iteration=2950/30000 objective=0.00023473326517430297 r=2.29217e-08/1.10673e-08 s=0.85793/7.79872e-05 projection_inf=2.2565e-17 rho=1e+08 support=391/12248
ADMM_ITER round=0/0 iteration=2975/30000 objective=0.00023545900855710805 r=2.3022e-08/1.10673e-08 s=0.810069/7.84144e-05 projection_inf=2.30345e-17 rho=1e+08 support=390/12248
ADMM_ITER round=0/0 iteration=3000/30000 objective=0.00023607143615104749 r=2.29686e-08/1.10673e-08 s=0.796125/7.88409e-05 projection_inf=2.09973e-17 rho=1e+08 support=391/12248
ADMM_ITER round=0/0 iteration=3025/30000 objective=0.00023654717415987569 r=2.29752e-08/1.10673e-08 s=0.773219/7.9267e-05 projection_inf=2.68717e-17 rho=1e+08 support=391/12248
ADMM_ITER round=0/0 iteration=3050/30000 objective=0.00023674324797233899 r=2.29729e-08/1.10673e-08 s=0.754695/7.96934e-05 projection_inf=2.28057e-17 rho=1e+08 support=391/12248
ADMM_ITER round=0/0 iteration=3075/30000 objective=0.00023679763635787982 r=2.28555e-08/1.10673e-08 s=0.761419/8.01209e-05 projection_inf=2.27177e-17 rho=1e+08 support=390/12248
ADMM_ITER round=0/0 iteration=3100/30000 objective=0.00023683811827476852 r=2.28452e-08/1.10673e-08 s=0.732046/8.05496e-05 projection_inf=2.51071e-17 rho=1e+08 support=391/12248
ADMM_ITER round=0/0 iteration=3125/30000 objective=0.00023668945335103154 r=2.26627e-08/1.10673e-08 s=0.763935/8.09798e-05 projection_inf=2.38232e-17 rho=1e+08 support=395/12248
ADMM_ITER round=0/0 iteration=3150/30000 objective=0.00023640422690058286 r=2.26612e-08/1.10673e-08 s=0.735153/8.14119e-05 projection_inf=2.24451e-17 rho=1e+08 support=396/12248
ADMM_ITER round=0/0 iteration=3175/30000 objective=0.00023605055178912304 r=2.24854e-08/1.10673e-08 s=0.763143/8.18463e-05 projection_inf=2.46152e-17 rho=1e+08 support=396/12248
ADMM_ITER round=0/0 iteration=3200/30000 objective=0.00023558349132462002 r=2.24001e-08/1.10673e-08 s=0.76474/8.22829e-05 projection_inf=2.4941e-17 rho=1e+08 support=397/12248
ADMM_ITER round=0/0 iteration=3225/30000 objective=0.00023501151505472091 r=2.22907e-08/1.10673e-08 s=0.774082/8.27223e-05 projection_inf=2.34759e-17 rho=1e+08 support=397/12248
ADMM_ITER round=0/0 iteration=3250/30000 objective=0.0002345518098067217 r=2.21728e-08/1.10673e-08 s=0.787294/8.31641e-05 projection_inf=2.62797e-17 rho=1e+08 support=397/12248
ADMM_ITER round=0/0 iteration=3275/30000 objective=0.00023419520207651554 r=2.21438e-08/1.10673e-08 s=0.763454/8.36081e-05 projection_inf=2.58767e-17 rho=1e+08 support=398/12248
ADMM_ITER round=0/0 iteration=3300/30000 objective=0.00023396665389129148 r=2.20216e-08/1.10673e-08 s=0.772204/8.40538e-05 projection_inf=2.57339e-17 rho=1e+08 support=398/12248
ADMM_ITER round=0/0 iteration=3325/30000 objective=0.00023389609629646794 r=2.19605e-08/1.10673e-08 s=0.769043/8.45007e-05 projection_inf=2.81931e-17 rho=1e+08 support=398/12248
ADMM_ITER round=0/0 iteration=3350/30000 objective=0.00023396586447341474 r=2.19633e-08/1.10673e-08 s=0.749987/8.49483e-05 projection_inf=2.50663e-17 rho=1e+08 support=399/12248
ADMM_ITER round=0/0 iteration=3375/30000 objective=0.00023402641215690702 r=2.21189e-08/1.10673e-08 s=0.684574/8.53966e-05 projection_inf=2.29369e-17 rho=1e+08 support=399/12248
ADMM_ITER round=0/0 iteration=3400/30000 objective=0.00023413102665775578 r=2.20997e-08/1.10673e-08 s=0.644274/8.58455e-05 projection_inf=2.31307e-17 rho=1e+08 support=396/12248
ADMM_ITER round=0/0 iteration=3425/30000 objective=0.0002342106888467435 r=2.19728e-08/1.10673e-08 s=0.660908/8.62949e-05 projection_inf=2.55456e-17 rho=1e+08 support=396/12248
ADMM_ITER round=0/0 iteration=3450/30000 objective=0.00023431073183263626 r=2.17969e-08/1.10673e-08 s=0.694867/8.6745e-05 projection_inf=2.27386e-17 rho=1e+08 support=396/12248
ADMM_ITER round=0/0 iteration=3475/30000 objective=0.00023441267028407348 r=2.18643e-08/1.10673e-08 s=0.655821/8.71955e-05 projection_inf=2.70765e-17 rho=1e+08 support=396/12248
ADMM_ITER round=0/0 iteration=3500/30000 objective=0.00023442280131610684 r=2.18814e-08/1.10673e-08 s=0.630312/8.76466e-05 projection_inf=2.63232e-17 rho=1e+08 support=396/12248
ADMM_ITER round=0/0 iteration=3525/30000 objective=0.0002346427500510273 r=2.17965e-08/1.10673e-08 s=0.644815/8.80983e-05 projection_inf=2.4878e-17 rho=1e+08 support=397/12248
ADMM_ITER round=0/0 iteration=3550/30000 objective=0.00023501539790277159 r=2.18198e-08/1.10673e-08 s=0.623035/8.85498e-05 projection_inf=2.60639e-17 rho=1e+08 support=397/12248
ADMM_ITER round=0/0 iteration=3575/30000 objective=0.00023533648399082067 r=2.19045e-08/1.10673e-08 s=0.579259/8.90011e-05 projection_inf=2.52096e-17 rho=1e+08 support=398/12248
ADMM_ITER round=0/0 iteration=3600/30000 objective=0.00023556775169952622 r=2.1831e-08/1.10673e-08 s=0.586001/8.94525e-05 projection_inf=2.38563e-17 rho=1e+08 support=400/12248
ADMM_ITER round=0/0 iteration=3625/30000 objective=0.00023574906993325422 r=2.16829e-08/1.10673e-08 s=0.621914/8.99041e-05 projection_inf=2.58036e-17 rho=1e+08 support=399/12248
ADMM_ITER round=0/0 iteration=3650/30000 objective=0.00023596950686378913 r=2.15585e-08/1.10673e-08 s=0.644904/9.0356e-05 projection_inf=2.61324e-17 rho=1e+08 support=397/12248
ADMM_ITER round=0/0 iteration=3675/30000 objective=0.00023628579259039618 r=2.15406e-08/1.10673e-08 s=0.63608/9.08077e-05 projection_inf=2.52067e-17 rho=1e+08 support=401/12248
ADMM_ITER round=0/0 iteration=3700/30000 objective=0.00023665354984630323 r=2.15073e-08/1.10673e-08 s=0.634125/9.12592e-05 projection_inf=2.59828e-17 rho=1e+08 support=401/12248
ADMM_ITER round=0/0 iteration=3725/30000 objective=0.00023694986089899025 r=2.14401e-08/1.10673e-08 s=0.645084/9.17103e-05 projection_inf=2.70414e-17 rho=1e+08 support=403/12248
ADMM_ITER round=0/0 iteration=3750/30000 objective=0.00023712530471897185 r=2.13229e-08/1.10673e-08 s=0.673339/9.21615e-05 projection_inf=2.98187e-17 rho=1e+08 support=403/12248
ADMM_ITER round=0/0 iteration=3775/30000 objective=0.00023718075738227758 r=2.12723e-08/1.10673e-08 s=0.680699/9.26129e-05 projection_inf=2.72636e-17 rho=1e+08 support=404/12248
ADMM_ITER round=0/0 iteration=3800/30000 objective=0.00023730602001239366 r=2.12517e-08/1.10673e-08 s=0.678338/9.30647e-05 projection_inf=2.68191e-17 rho=1e+08 support=403/12248
ADMM_ITER round=0/0 iteration=3825/30000 objective=0.00023760716529412591 r=2.11871e-08/1.10673e-08 s=0.686334/9.35165e-05 projection_inf=2.9535e-17 rho=1e+08 support=404/12248
ADMM_ITER round=0/0 iteration=3850/30000 objective=0.0002380453290534908 r=2.11424e-08/1.10673e-08 s=0.688932/9.39677e-05 projection_inf=2.74542e-17 rho=1e+08 support=403/12248
ADMM_ITER round=0/0 iteration=3875/30000 objective=0.00023845270812259539 r=2.10342e-08/1.10673e-08 s=0.712858/9.44182e-05 projection_inf=2.97834e-17 rho=1e+08 support=404/12248
ADMM_ITER round=0/0 iteration=3900/30000 objective=0.00023876213174337931 r=2.08382e-08/1.10673e-08 s=0.760751/9.48683e-05 projection_inf=2.52647e-17 rho=1e+08 support=406/12248
ADMM_ITER round=0/0 iteration=3925/30000 objective=0.00023911157507702218 r=2.07749e-08/1.10673e-08 s=0.770835/9.53178e-05 projection_inf=3.05582e-17 rho=1e+08 support=407/12248
ADMM_ITER round=0/0 iteration=3950/30000 objective=0.00023957222597297462 r=2.06471e-08/1.10673e-08 s=0.798263/9.57667e-05 projection_inf=2.67435e-17 rho=1e+08 support=408/12248
ADMM_ITER round=0/0 iteration=3975/30000 objective=0.00024022434177424197 r=2.04917e-08/1.10673e-08 s=0.827984/9.62143e-05 projection_inf=2.83079e-17 rho=1e+08 support=406/12248
ADMM_ITER round=0/0 iteration=4000/30000 objective=0.00024098769706136708 r=2.05595e-08/1.10673e-08 s=0.799704/9.66603e-05 projection_inf=2.70914e-17 rho=1e+08 support=406/12248
ADMM_ITER round=0/0 iteration=4025/30000 objective=0.00024181516414142803 r=2.05216e-08/1.10673e-08 s=0.791492/9.71045e-05 projection_inf=2.76558e-17 rho=1e+08 support=406/12248
ADMM_ITER round=0/0 iteration=4050/30000 objective=0.00024265550385637089 r=2.03558e-08/1.10673e-08 s=0.806141/9.75468e-05 projection_inf=2.84753e-17 rho=1e+08 support=404/12248
ADMM_ITER round=0/0 iteration=4075/30000 objective=0.00024356254605962323 r=2.02596e-08/1.10673e-08 s=0.81586/9.79872e-05 projection_inf=2.74316e-17 rho=1e+08 support=401/12248
ADMM_ITER round=0/0 iteration=4100/30000 objective=0.00024456643365914038 r=2.02906e-08/1.10673e-08 s=0.795976/9.84253e-05 projection_inf=2.887e-17 rho=1e+08 support=398/12248
ADMM_ITER round=0/0 iteration=4125/30000 objective=0.00024562355299351653 r=2.03635e-08/1.10673e-08 s=0.767454/9.8861e-05 projection_inf=3.14911e-17 rho=1e+08 support=399/12248
ADMM_ITER round=0/0 iteration=4150/30000 objective=0.00024660351337639681 r=2.03616e-08/1.10673e-08 s=0.759183/9.92945e-05 projection_inf=2.9613e-17 rho=1e+08 support=400/12248
ADMM_ITER round=0/0 iteration=4175/30000 objective=0.0002475490142182228 r=2.02715e-08/1.10673e-08 s=0.762387/9.9726e-05 projection_inf=2.83729e-17 rho=1e+08 support=397/12248
ADMM_ITER round=0/0 iteration=4200/30000 objective=0.00024847413795308238 r=2.02066e-08/1.10673e-08 s=0.764664/0.000100155 projection_inf=2.93387e-17 rho=1e+08 support=399/12248
ADMM_ITER round=0/0 iteration=4225/30000 objective=0.00024931009739886858 r=2.0214e-08/1.10673e-08 s=0.748747/0.000100583 projection_inf=3.08081e-17 rho=1e+08 support=399/12248
ADMM_ITER round=0/0 iteration=4250/30000 objective=0.00025011383790219212 r=2.0034e-08/1.10673e-08 s=0.786372/0.000101009 projection_inf=3.11175e-17 rho=1e+08 support=400/12248
ADMM_ITER round=0/0 iteration=4275/30000 objective=0.00025086126910011351 r=1.98279e-08/1.10673e-08 s=0.816326/0.000101433 projection_inf=3.31873e-17 rho=1e+08 support=401/12248
ADMM_ITER round=0/0 iteration=4300/30000 objective=0.00025151073846098619 r=1.96991e-08/1.10673e-08 s=0.835897/0.000101856 projection_inf=3.07538e-17 rho=1e+08 support=402/12248
ADMM_ITER round=0/0 iteration=4325/30000 objective=0.00025209988961395616 r=1.97613e-08/1.10673e-08 s=0.811955/0.000102278 projection_inf=2.99125e-17 rho=1e+08 support=401/12248
ADMM_ITER round=0/0 iteration=4350/30000 objective=0.00025269325499348457 r=1.985e-08/1.10673e-08 s=0.780616/0.000102698 projection_inf=3.17256e-17 rho=1e+08 support=400/12248
ADMM_ITER round=0/0 iteration=4375/30000 objective=0.00025322639022607813 r=1.9863e-08/1.10673e-08 s=0.765639/0.000103117 projection_inf=2.82635e-17 rho=1e+08 support=399/12248
ADMM_ITER round=0/0 iteration=4400/30000 objective=0.00025369514619785202 r=1.99715e-08/1.10673e-08 s=0.717045/0.000103536 projection_inf=3.07141e-17 rho=1e+08 support=396/12248
ADMM_ITER round=0/0 iteration=4425/30000 objective=0.00025414374139669216 r=2.00805e-08/1.10673e-08 s=0.674342/0.000103954 projection_inf=3.09272e-17 rho=1e+08 support=397/12248
ADMM_ITER round=0/0 iteration=4450/30000 objective=0.00025453946632227303 r=2.00361e-08/1.10673e-08 s=0.670027/0.000104371 projection_inf=3.41283e-17 rho=1e+08 support=401/12248
ADMM_ITER round=0/0 iteration=4475/30000 objective=0.00025501598346204502 r=1.99828e-08/1.10673e-08 s=0.675362/0.000104788 projection_inf=2.94985e-17 rho=1e+08 support=400/12248
ADMM_ITER round=0/0 iteration=4500/30000 objective=0.00025561221844490513 r=2.00477e-08/1.10673e-08 s=0.645949/0.000105203 projection_inf=3.04476e-17 rho=1e+08 support=401/12248
ADMM_ITER round=0/0 iteration=4525/30000 objective=0.00025623235974711291 r=2.00554e-08/1.10673e-08 s=0.632164/0.000105618 projection_inf=3.06047e-17 rho=1e+08 support=401/12248
ADMM_ITER round=0/0 iteration=4550/30000 objective=0.00025684595970516734 r=1.99035e-08/1.10673e-08 s=0.66982/0.000106032 projection_inf=3.46072e-17 rho=1e+08 support=401/12248
ADMM_ITER round=0/0 iteration=4575/30000 objective=0.00025742206011841718 r=1.96823e-08/1.10673e-08 s=0.7257/0.000106445 projection_inf=2.86438e-17 rho=1e+08 support=401/12248
ADMM_ITER round=0/0 iteration=4600/30000 objective=0.00025793821107456541 r=1.94491e-08/1.10673e-08 s=0.78061/0.000106857 projection_inf=2.77398e-17 rho=1e+08 support=401/12248
ADMM_ITER round=0/0 iteration=4625/30000 objective=0.00025843485460866979 r=1.94442e-08/1.10673e-08 s=0.77247/0.000107268 projection_inf=2.81086e-17 rho=1e+08 support=401/12248
ADMM_ITER round=0/0 iteration=4650/30000 objective=0.000258929904545153 r=1.93594e-08/1.10673e-08 s=0.785718/0.000107679 projection_inf=3.4078e-17 rho=1e+08 support=403/12248
ADMM_ITER round=0/0 iteration=4675/30000 objective=0.00025937963425921639 r=1.92774e-08/1.10673e-08 s=0.798169/0.000108088 projection_inf=3.38212e-17 rho=1e+08 support=403/12248
ADMM_ITER round=0/0 iteration=4700/30000 objective=0.00025981379051282568 r=1.92624e-08/1.10673e-08 s=0.794568/0.000108497 projection_inf=3.41171e-17 rho=1e+08 support=402/12248
ADMM_ITER round=0/0 iteration=4725/30000 objective=0.00026034023318027421 r=1.93678e-08/1.10673e-08 s=0.755934/0.000108904 projection_inf=3.67892e-17 rho=1e+08 support=400/12248
ADMM_ITER round=0/0 iteration=4750/30000 objective=0.00026091538677160267 r=1.94114e-08/1.10673e-08 s=0.724801/0.000109311 projection_inf=2.85843e-17 rho=1e+08 support=401/12248
ADMM_ITER round=0/0 iteration=4775/30000 objective=0.00026141066734026785 r=1.94025e-08/1.10673e-08 s=0.716575/0.000109717 projection_inf=4.00376e-17 rho=1e+08 support=403/12248
ADMM_ITER round=0/0 iteration=4800/30000 objective=0.00026183802032766639 r=1.93821e-08/1.10673e-08 s=0.706834/0.000110122 projection_inf=3.48233e-17 rho=1e+08 support=399/12248
ADMM_ITER round=0/0 iteration=4825/30000 objective=0.00026222618778849342 r=1.94201e-08/1.10673e-08 s=0.684154/0.000110527 projection_inf=3.07899e-17 rho=1e+08 support=399/12248
ADMM_ITER round=0/0 iteration=4850/30000 objective=0.00026266826998452023 r=1.9394e-08/1.10673e-08 s=0.681584/0.000110931 projection_inf=3.48671e-17 rho=1e+08 support=399/12248
ADMM_ITER round=0/0 iteration=4875/30000 objective=0.00026314135440582001 r=1.9339e-08/1.10673e-08 s=0.688674/0.000111335 projection_inf=3.67532e-17 rho=1e+08 support=402/12248
ADMM_ITER round=0/0 iteration=4900/30000 objective=0.00026369234417593791 r=1.93265e-08/1.10673e-08 s=0.682968/0.000111737 projection_inf=3.22459e-17 rho=1e+08 support=401/12248
ADMM_ITER round=0/0 iteration=4925/30000 objective=0.00026429187565365424 r=1.92048e-08/1.10673e-08 s=0.707102/0.000112139 projection_inf=3.45003e-17 rho=1e+08 support=398/12248
ADMM_ITER round=0/0 iteration=4950/30000 objective=0.00026490068612533346 r=1.91242e-08/1.10673e-08 s=0.718808/0.00011254 projection_inf=3.86398e-17 rho=1e+08 support=400/12248
ADMM_ITER round=0/0 iteration=4975/30000 objective=0.00026551459923038147 r=1.89414e-08/1.10673e-08 s=0.751709/0.00011294 projection_inf=3.51253e-17 rho=1e+08 support=397/12248
ADMM_ITER round=0/0 iteration=5000/30000 objective=0.00026613406749494383 r=1.88269e-08/1.10673e-08 s=0.77223/0.000113338 projection_inf=4.02335e-17 rho=1e+08 support=398/12248
ADMM_ITER round=0/0 iteration=5025/30000 objective=0.00026676739445973457 r=1.88027e-08/1.10673e-08 s=0.77186/0.000113736 projection_inf=3.36174e-17 rho=1e+08 support=401/12248
ADMM_ITER round=0/0 iteration=5050/30000 objective=0.00026744429392889163 r=1.88737e-08/1.10673e-08 s=0.73587/0.000114132 projection_inf=3.44838e-17 rho=1e+08 support=400/12248
ADMM_ITER round=0/0 iteration=5075/30000 objective=0.00026812836846103942 r=1.88559e-08/1.10673e-08 s=0.732696/0.000114527 projection_inf=3.19785e-17 rho=1e+08 support=403/12248
ADMM_ITER round=0/0 iteration=5100/30000 objective=0.00026897955173876652 r=1.88715e-08/1.10673e-08 s=0.721425/0.000114921 projection_inf=3.16911e-17 rho=1e+08 support=402/12248
ADMM_ITER round=0/0 iteration=5125/30000 objective=0.00026997902722997825 r=1.88376e-08/1.10673e-08 s=0.724041/0.000115313 projection_inf=3.38625e-17 rho=1e+08 support=402/12248
ADMM_ITER round=0/0 iteration=5150/30000 objective=0.00027100296439218623 r=1.87329e-08/1.10673e-08 s=0.744789/0.000115703 projection_inf=3.31601e-17 rho=1e+08 support=404/12248
ADMM_ITER round=0/0 iteration=5175/30000 objective=0.00027196593852116041 r=1.86076e-08/1.10673e-08 s=0.7706/0.000116091 projection_inf=3.94534e-17 rho=1e+08 support=404/12248
ADMM_ITER round=0/0 iteration=5200/30000 objective=0.00027284405328759879 r=1.85808e-08/1.10673e-08 s=0.770476/0.000116478 projection_inf=3.66206e-17 rho=1e+08 support=403/12248
ADMM_ITER round=0/0 iteration=5225/30000 objective=0.00027367464243551295 r=1.86029e-08/1.10673e-08 s=0.753772/0.000116863 projection_inf=3.52053e-17 rho=1e+08 support=403/12248
ADMM_ITER round=0/0 iteration=5250/30000 objective=0.00027451451876362468 r=1.8616e-08/1.10673e-08 s=0.736076/0.000117246 projection_inf=3.2092e-17 rho=1e+08 support=400/12248
ADMM_ITER round=0/0 iteration=5275/30000 objective=0.00027542482452392252 r=1.85881e-08/1.10673e-08 s=0.733899/0.000117628 projection_inf=3.40675e-17 rho=1e+08 support=398/12248
ADMM_ITER round=0/0 iteration=5300/30000 objective=0.00027637754422977123 r=1.85708e-08/1.10673e-08 s=0.718759/0.000118008 projection_inf=3.50139e-17 rho=1e+08 support=396/12248
ADMM_ITER round=0/0 iteration=5325/30000 objective=0.00027730476426542653 r=1.85819e-08/1.10673e-08 s=0.704621/0.000118387 projection_inf=3.30135e-17 rho=1e+08 support=397/12248
ADMM_ITER round=0/0 iteration=5350/30000 objective=0.00027822176917387541 r=1.8425e-08/1.10673e-08 s=0.732734/0.000118764 projection_inf=3.66205e-17 rho=1e+08 support=397/12248
ADMM_ITER round=0/0 iteration=5375/30000 objective=0.00027908865185341655 r=1.84056e-08/1.10673e-08 s=0.727497/0.000119139 projection_inf=3.343e-17 rho=1e+08 support=397/12248
ADMM_ITER round=0/0 iteration=5400/30000 objective=0.00027996327553261201 r=1.84687e-08/1.10673e-08 s=0.699523/0.000119513 projection_inf=3.6838e-17 rho=1e+08 support=398/12248
ADMM_ITER round=0/0 iteration=5425/30000 objective=0.00028093006670582645 r=1.85092e-08/1.10673e-08 s=0.679486/0.000119885 projection_inf=3.98287e-17 rho=1e+08 support=397/12248
ADMM_ITER round=0/0 iteration=5450/30000 objective=0.00028193213495426937 r=1.84951e-08/1.10673e-08 s=0.675162/0.000120256 projection_inf=3.60405e-17 rho=1e+08 support=397/12248
ADMM_ITER round=0/0 iteration=5475/30000 objective=0.00028285579128317526 r=1.84065e-08/1.10673e-08 s=0.69182/0.000120625 projection_inf=3.92951e-17 rho=1e+08 support=398/12248
ADMM_ITER round=0/0 iteration=5500/30000 objective=0.00028366984559769442 r=1.84675e-08/1.10673e-08 s=0.667738/0.000120992 projection_inf=3.33183e-17 rho=1e+08 support=397/12248
ADMM_ITER round=0/0 iteration=5525/30000 objective=0.00028436003233485918 r=1.85934e-08/1.10673e-08 s=0.624889/0.000121359 projection_inf=3.77814e-17 rho=1e+08 support=397/12248
ADMM_ITER round=0/0 iteration=5550/30000 objective=0.00028495721357234781 r=1.86225e-08/1.10673e-08 s=0.608682/0.000121725 projection_inf=3.88152e-17 rho=1e+08 support=398/12248
ADMM_ITER round=0/0 iteration=5575/30000 objective=0.00028550281442135509 r=1.84766e-08/1.10673e-08 s=0.643655/0.000122089 projection_inf=3.33772e-17 rho=1e+08 support=398/12248
ADMM_ITER round=0/0 iteration=5600/30000 objective=0.00028606825611322481 r=1.83442e-08/1.10673e-08 s=0.668848/0.000122454 projection_inf=3.66667e-17 rho=1e+08 support=397/12248
ADMM_ITER round=0/0 iteration=5625/30000 objective=0.00028669733194521463 r=1.82317e-08/1.10673e-08 s=0.692095/0.000122817 projection_inf=4.25621e-17 rho=1e+08 support=397/12248
ADMM_ITER round=0/0 iteration=5650/30000 objective=0.00028735912679487939 r=1.82335e-08/1.10673e-08 s=0.682901/0.00012318 projection_inf=3.72442e-17 rho=1e+08 support=398/12248
ADMM_ITER round=0/0 iteration=5675/30000 objective=0.00028802833039754744 r=1.82469e-08/1.10673e-08 s=0.669332/0.000123541 projection_inf=3.69263e-17 rho=1e+08 support=397/12248
ADMM_ITER round=0/0 iteration=5700/30000 objective=0.00028864657663186025 r=1.82158e-08/1.10673e-08 s=0.669994/0.000123902 projection_inf=4.13511e-17 rho=1e+08 support=398/12248
ADMM_ITER round=0/0 iteration=5725/30000 objective=0.00028921230371245423 r=1.82219e-08/1.10673e-08 s=0.659254/0.000124262 projection_inf=3.82255e-17 rho=1e+08 support=400/12248
ADMM_ITER round=0/0 iteration=5750/30000 objective=0.00028969918301588893 r=1.81663e-08/1.10673e-08 s=0.665976/0.000124621 projection_inf=3.64113e-17 rho=1e+08 support=401/12248
ADMM_ITER round=0/0 iteration=5775/30000 objective=0.00029009892201808707 r=1.81838e-08/1.10673e-08 s=0.651339/0.00012498 projection_inf=3.5024e-17 rho=1e+08 support=401/12248
ADMM_ITER round=0/0 iteration=5800/30000 objective=0.00029044253722697229 r=1.82938e-08/1.10673e-08 s=0.6107/0.000125338 projection_inf=3.53507e-17 rho=1e+08 support=400/12248
ADMM_ITER round=0/0 iteration=5825/30000 objective=0.00029074490974717392 r=1.8251e-08/1.10673e-08 s=0.598538/0.000125697 projection_inf=3.74731e-17 rho=1e+08 support=396/12248
ADMM_ITER round=0/0 iteration=5850/30000 objective=0.00029101698462727631 r=1.80944e-08/1.10673e-08 s=0.626905/0.000126055 projection_inf=3.73964e-17 rho=1e+08 support=397/12248
ADMM_ITER round=0/0 iteration=5875/30000 objective=0.00029122256244651693 r=1.79101e-08/1.10673e-08 s=0.665801/0.000126413 projection_inf=3.81635e-17 rho=1e+08 support=397/12248
ADMM_ITER round=0/0 iteration=5900/30000 objective=0.00029139442236221036 r=1.78518e-08/1.10673e-08 s=0.670274/0.000126771 projection_inf=3.67159e-17 rho=1e+08 support=399/12248
ADMM_ITER round=0/0 iteration=5925/30000 objective=0.00029152541196084949 r=1.77296e-08/1.10673e-08 s=0.693214/0.000127129 projection_inf=3.65665e-17 rho=1e+08 support=401/12248
ADMM_ITER round=0/0 iteration=5950/30000 objective=0.00029157047496048555 r=1.7733e-08/1.10673e-08 s=0.683032/0.000127487 projection_inf=3.98625e-17 rho=1e+08 support=404/12248
ADMM_ITER round=0/0 iteration=5975/30000 objective=0.00029151593742841349 r=1.76707e-08/1.10673e-08 s=0.68941/0.000127845 projection_inf=3.97099e-17 rho=1e+08 support=404/12248
ADMM_ITER round=0/0 iteration=6000/30000 objective=0.00029147092211672965 r=1.75054e-08/1.10673e-08 s=0.722256/0.000128204 projection_inf=3.84616e-17 rho=1e+08 support=404/12248
ADMM_ITER round=0/0 iteration=6025/30000 objective=0.00029151003450602513 r=1.74843e-08/1.10673e-08 s=0.716356/0.000128564 projection_inf=4.00075e-17 rho=1e+08 support=403/12248
ADMM_ITER round=0/0 iteration=6050/30000 objective=0.00029160427670909389 r=1.74494e-08/1.10673e-08 s=0.71404/0.000128923 projection_inf=3.67958e-17 rho=1e+08 support=401/12248
ADMM_ITER round=0/0 iteration=6075/30000 objective=0.00029177378702813662 r=1.748e-08/1.10673e-08 s=0.697973/0.000129282 projection_inf=4.10712e-17 rho=1e+08 support=400/12248
ADMM_ITER round=0/0 iteration=6100/30000 objective=0.0002919744062546892 r=1.74598e-08/1.10673e-08 s=0.694638/0.000129641 projection_inf=4.05078e-17 rho=1e+08 support=401/12248
ADMM_ITER round=0/0 iteration=6125/30000 objective=0.00029232704897277071 r=1.72383e-08/1.10673e-08 s=0.739982/0.00013 projection_inf=3.81645e-17 rho=1e+08 support=400/12248
ADMM_ITER round=0/0 iteration=6150/30000 objective=0.00029283136377066953 r=1.72292e-08/1.10673e-08 s=0.72208/0.000130358 projection_inf=3.85521e-17 rho=1e+08 support=398/12248
ADMM_ITER round=0/0 iteration=6175/30000 objective=0.00029350270739086215 r=1.72067e-08/1.10673e-08 s=0.711389/0.000130715 projection_inf=4.11921e-17 rho=1e+08 support=398/12248
ADMM_ITER round=0/0 iteration=6200/30000 objective=0.00029434828057310169 r=1.72968e-08/1.10673e-08 s=0.677882/0.000131071 projection_inf=3.84419e-17 rho=1e+08 support=398/12248
ADMM_ITER round=0/0 iteration=6225/30000 objective=0.00029521885482292342 r=1.72835e-08/1.10673e-08 s=0.671146/0.000131426 projection_inf=3.85507e-17 rho=1e+08 support=398/12248
ADMM_ITER round=0/0 iteration=6250/30000 objective=0.00029601463476431337 r=1.7381e-08/1.10673e-08 s=0.628286/0.000131779 projection_inf=3.87848e-17 rho=1e+08 support=396/12248
ADMM_ITER round=0/0 iteration=6275/30000 objective=0.00029688979811040014 r=1.74561e-08/1.10673e-08 s=0.582669/0.000132131 projection_inf=3.75647e-17 rho=1e+08 support=396/12248
ADMM_ITER round=0/0 iteration=6300/30000 objective=0.00029770488418819242 r=1.73379e-08/1.10673e-08 s=0.605719/0.000132482 projection_inf=4.38849e-17 rho=1e+08 support=396/12248
ADMM_ITER round=0/0 iteration=6325/30000 objective=0.00029849480544888956 r=1.72648e-08/1.10673e-08 s=0.608886/0.000132831 projection_inf=4.21022e-17 rho=1e+08 support=395/12248
ADMM_ITER round=0/0 iteration=6350/30000 objective=0.00029912255483791419 r=1.72271e-08/1.10673e-08 s=0.608309/0.00013318 projection_inf=3.76226e-17 rho=1e+08 support=395/12248
ADMM_ITER round=0/0 iteration=6375/30000 objective=0.00029965411379579988 r=1.72067e-08/1.10673e-08 s=0.602265/0.000133528 projection_inf=4.38605e-17 rho=1e+08 support=396/12248
ADMM_ITER round=0/0 iteration=6400/30000 objective=0.0003001762792800781 r=1.72754e-08/1.10673e-08 s=0.572435/0.000133875 projection_inf=4.43023e-17 rho=1e+08 support=397/12248
ADMM_ITER round=0/0 iteration=6425/30000 objective=0.00030071516320678984 r=1.73698e-08/1.10673e-08 s=0.532486/0.000134221 projection_inf=3.88257e-17 rho=1e+08 support=396/12248
ADMM_ITER round=0/0 iteration=6450/30000 objective=0.00030116242976680873 r=1.7459e-08/1.10673e-08 s=0.493034/0.000134567 projection_inf=4.14974e-17 rho=1e+08 support=396/12248
ADMM_ITER round=0/0 iteration=6475/30000 objective=0.00030157908879583159 r=1.73863e-08/1.10673e-08 s=0.507701/0.000134912 projection_inf=4.06063e-17 rho=1e+08 support=396/12248
ADMM_ITER round=0/0 iteration=6500/30000 objective=0.00030201104841231564 r=1.72258e-08/1.10673e-08 s=0.54978/0.000135257 projection_inf=4.35182e-17 rho=1e+08 support=396/12248
ADMM_ITER round=0/0 iteration=6525/30000 objective=0.00030240346036554535 r=1.70848e-08/1.10673e-08 s=0.58258/0.000135602 projection_inf=4.37154e-17 rho=1e+08 support=395/12248
ADMM_ITER round=0/0 iteration=6550/30000 objective=0.00030274523181495795 r=1.70133e-08/1.10673e-08 s=0.593986/0.000135946 projection_inf=4.29112e-17 rho=1e+08 support=397/12248
ADMM_ITER round=0/0 iteration=6575/30000 objective=0.00030310146049183901 r=1.70242e-08/1.10673e-08 s=0.580989/0.00013629 projection_inf=4.14517e-17 rho=1e+08 support=399/12248
ADMM_ITER round=0/0 iteration=6600/30000 objective=0.00030353112642105153 r=1.7045e-08/1.10673e-08 s=0.560782/0.000136634 projection_inf=4.10102e-17 rho=1e+08 support=397/12248
ADMM_ITER round=0/0 iteration=6625/30000 objective=0.00030397956416036123 r=1.69877e-08/1.10673e-08 s=0.569548/0.000136977 projection_inf=3.90979e-17 rho=1e+08 support=399/12248
ADMM_ITER round=0/0 iteration=6650/30000 objective=0.00030436497975097523 r=1.68748e-08/1.10673e-08 s=0.59448/0.00013732 projection_inf=4.33747e-17 rho=1e+08 support=400/12248
ADMM_ITER round=0/0 iteration=6675/30000 objective=0.00030472497831557729 r=1.68179e-08/1.10673e-08 s=0.603071/0.000137662 projection_inf=3.94126e-17 rho=1e+08 support=401/12248
ADMM_ITER round=0/0 iteration=6700/30000 objective=0.00030513026467117021 r=1.68133e-08/1.10673e-08 s=0.59768/0.000138004 projection_inf=4.06883e-17 rho=1e+08 support=401/12248
ADMM_ITER round=0/0 iteration=6725/30000 objective=0.00030558613125428375 r=1.68985e-08/1.10673e-08 s=0.566084/0.000138345 projection_inf=4.27142e-17 rho=1e+08 support=402/12248
ADMM_ITER round=0/0 iteration=6750/30000 objective=0.00030606530500389411 r=1.68931e-08/1.10673e-08 s=0.560299/0.000138686 projection_inf=3.93601e-17 rho=1e+08 support=404/12248
ADMM_ITER round=0/0 iteration=6775/30000 objective=0.00030656015870741575 r=1.68117e-08/1.10673e-08 s=0.576566/0.000139026 projection_inf=4.13756e-17 rho=1e+08 support=405/12248
ADMM_ITER round=0/0 iteration=6800/30000 objective=0.00030709052867822554 r=1.6698e-08/1.10673e-08 s=0.601918/0.000139365 projection_inf=3.77895e-17 rho=1e+08 support=406/12248
ADMM_ITER round=0/0 iteration=6825/30000 objective=0.00030768714251584245 r=1.65301e-08/1.10673e-08 s=0.63776/0.000139704 projection_inf=3.63229e-17 rho=1e+08 support=405/12248
ADMM_ITER round=0/0 iteration=6850/30000 objective=0.00030829517867924625 r=1.64213e-08/1.10673e-08 s=0.658664/0.000140042 projection_inf=4.36336e-17 rho=1e+08 support=405/12248
ADMM_ITER round=0/0 iteration=6875/30000 objective=0.0003089086223817729 r=1.64794e-08/1.10673e-08 s=0.637573/0.000140379 projection_inf=4.27618e-17 rho=1e+08 support=405/12248
ADMM_ITER round=0/0 iteration=6900/30000 objective=0.00030955693197198835 r=1.6574e-08/1.10673e-08 s=0.604092/0.000140715 projection_inf=4.06313e-17 rho=1e+08 support=403/12248
ADMM_ITER round=0/0 iteration=6925/30000 objective=0.00031023078230908756 r=1.65041e-08/1.10673e-08 s=0.61646/0.000141051 projection_inf=3.69266e-17 rho=1e+08 support=401/12248
ADMM_ITER round=0/0 iteration=6950/30000 objective=0.00031094816944483654 r=1.63545e-08/1.10673e-08 s=0.648457/0.000141385 projection_inf=3.8883e-17 rho=1e+08 support=401/12248
ADMM_ITER round=0/0 iteration=6975/30000 objective=0.00031167484404482883 r=1.62901e-08/1.10673e-08 s=0.654524/0.000141718 projection_inf=4.20995e-17 rho=1e+08 support=402/12248
ADMM_ITER round=0/0 iteration=7000/30000 objective=0.00031235403700547338 r=1.6314e-08/1.10673e-08 s=0.641984/0.00014205 projection_inf=3.8788e-17 rho=1e+08 support=403/12248
ADMM_ITER round=0/0 iteration=7025/30000 objective=0.00031303329602385451 r=1.63445e-08/1.10673e-08 s=0.627446/0.000142381 projection_inf=5.03082e-17 rho=1e+08 support=402/12248
ADMM_ITER round=0/0 iteration=7050/30000 objective=0.00031373266900536694 r=1.63423e-08/1.10673e-08 s=0.622515/0.000142711 projection_inf=3.78433e-17 rho=1e+08 support=403/12248
ADMM_ITER round=0/0 iteration=7075/30000 objective=0.00031444217859826341 r=1.63706e-08/1.10673e-08 s=0.609768/0.000143041 projection_inf=4.34449e-17 rho=1e+08 support=404/12248
ADMM_ITER round=0/0 iteration=7100/30000 objective=0.00031511738097308745 r=1.63398e-08/1.10673e-08 s=0.612322/0.000143369 projection_inf=4.11329e-17 rho=1e+08 support=405/12248
ADMM_ITER round=0/0 iteration=7125/30000 objective=0.00031575791010983602 r=1.62809e-08/1.10673e-08 s=0.622815/0.000143696 projection_inf=4.36482e-17 rho=1e+08 support=404/12248
ADMM_ITER round=0/0 iteration=7150/30000 objective=0.00031638503035966273 r=1.62334e-08/1.10673e-08 s=0.629212/0.000144023 projection_inf=3.92406e-17 rho=1e+08 support=404/12248
ADMM_ITER round=0/0 iteration=7175/30000 objective=0.00031697419307529504 r=1.62647e-08/1.10673e-08 s=0.615695/0.000144348 projection_inf=4.73586e-17 rho=1e+08 support=404/12248
ADMM_ITER round=0/0 iteration=7200/30000 objective=0.00031746010735669465 r=1.6277e-08/1.10673e-08 s=0.606312/0.000144673 projection_inf=4.63954e-17 rho=1e+08 support=403/12248
ADMM_ITER round=0/0 iteration=7225/30000 objective=0.00031788324231276998 r=1.6202e-08/1.10673e-08 s=0.620912/0.000144998 projection_inf=4.17911e-17 rho=1e+08 support=405/12248
ADMM_ITER round=0/0 iteration=7250/30000 objective=0.00031832420888323762 r=1.60969e-08/1.10673e-08 s=0.643015/0.000145322 projection_inf=4.44875e-17 rho=1e+08 support=406/12248
ADMM_ITER round=0/0 iteration=7275/30000 objective=0.00031883373916863117 r=1.60454e-08/1.10673e-08 s=0.651511/0.000145645 projection_inf=4.28722e-17 rho=1e+08 support=406/12248
ADMM_ITER round=0/0 iteration=7300/30000 objective=0.00031948611067716943 r=1.60782e-08/1.10673e-08 s=0.638914/0.000145967 projection_inf=4.93483e-17 rho=1e+08 support=405/12248
ADMM_ITER round=0/0 iteration=7325/30000 objective=0.00032028478022772276 r=1.61142e-08/1.10673e-08 s=0.625796/0.000146289 projection_inf=4.32526e-17 rho=1e+08 support=404/12248
ADMM_ITER round=0/0 iteration=7350/30000 objective=0.00032113328706690874 r=1.61538e-08/1.10673e-08 s=0.594562/0.000146609 projection_inf=4.38057e-17 rho=1e+08 support=403/12248
ADMM_ITER round=0/0 iteration=7375/30000 objective=0.00032197771061779251 r=1.61161e-08/1.10673e-08 s=0.58914/0.000146928 projection_inf=4.63722e-17 rho=1e+08 support=404/12248
ADMM_ITER round=0/0 iteration=7400/30000 objective=0.00032284362535975146 r=1.59571e-08/1.10673e-08 s=0.622958/0.000147246 projection_inf=4.22835e-17 rho=1e+08 support=405/12248
ADMM_ITER round=0/0 iteration=7425/30000 objective=0.00032370119774433802 r=1.58685e-08/1.10673e-08 s=0.638455/0.000147563 projection_inf=4.40856e-17 rho=1e+08 support=403/12248
ADMM_ITER round=0/0 iteration=7450/30000 objective=0.00032452768344760566 r=1.58853e-08/1.10673e-08 s=0.628066/0.000147879 projection_inf=4.1186e-17 rho=1e+08 support=402/12248
ADMM_ITER round=0/0 iteration=7475/30000 objective=0.00032538225356840866 r=1.58415e-08/1.10673e-08 s=0.631636/0.000148193 projection_inf=4.12094e-17 rho=1e+08 support=402/12248
ADMM_ITER round=0/0 iteration=7500/30000 objective=0.00032622398101191487 r=1.57885e-08/1.10673e-08 s=0.633336/0.000148506 projection_inf=4.40632e-17 rho=1e+08 support=402/12248
ADMM_ITER round=0/0 iteration=7525/30000 objective=0.00032700881680545834 r=1.57601e-08/1.10673e-08 s=0.634167/0.000148818 projection_inf=4.21368e-17 rho=1e+08 support=403/12248
ADMM_ITER round=0/0 iteration=7550/30000 objective=0.00032772205315675316 r=1.56722e-08/1.10673e-08 s=0.650377/0.000149129 projection_inf=4.22327e-17 rho=1e+08 support=403/12248
ADMM_ITER round=0/0 iteration=7575/30000 objective=0.00032840972748030787 r=1.55624e-08/1.10673e-08 s=0.671547/0.000149439 projection_inf=4.93819e-17 rho=1e+08 support=404/12248
ADMM_ITER round=0/0 iteration=7600/30000 objective=0.00032911961825202 r=1.55263e-08/1.10673e-08 s=0.67487/0.000149748 projection_inf=4.36813e-17 rho=1e+08 support=402/12248
ADMM_ITER round=0/0 iteration=7625/30000 objective=0.00032981507105307468 r=1.55647e-08/1.10673e-08 s=0.658935/0.000150056 projection_inf=4.41725e-17 rho=1e+08 support=401/12248
ADMM_ITER round=0/0 iteration=7650/30000 objective=0.00033048826044794141 r=1.56014e-08/1.10673e-08 s=0.644815/0.000150363 projection_inf=4.52072e-17 rho=1e+08 support=404/12248
ADMM_ITER round=0/0 iteration=7675/30000 objective=0.00033114308685387169 r=1.56354e-08/1.10673e-08 s=0.631271/0.000150669 projection_inf=4.50939e-17 rho=1e+08 support=405/12248
ADMM_ITER round=0/0 iteration=7700/30000 objective=0.00033172667660907499 r=1.56272e-08/1.10673e-08 s=0.628726/0.000150975 projection_inf=4.51047e-17 rho=1e+08 support=404/12248
ADMM_ITER round=0/0 iteration=7725/30000 objective=0.00033222879974739619 r=1.56161e-08/1.10673e-08 s=0.627049/0.000151279 projection_inf=4.47849e-17 rho=1e+08 support=407/12248
ADMM_ITER round=0/0 iteration=7750/30000 objective=0.00033276404368935887 r=1.56377e-08/1.10673e-08 s=0.615005/0.000151583 projection_inf=4.5614e-17 rho=1e+08 support=405/12248
ADMM_ITER round=0/0 iteration=7775/30000 objective=0.00033328891525987565 r=1.5679e-08/1.10673e-08 s=0.599071/0.000151887 projection_inf=4.17101e-17 rho=1e+08 support=406/12248
ADMM_ITER round=0/0 iteration=7800/30000 objective=0.00033380737342508484 r=1.57039e-08/1.10673e-08 s=0.585887/0.00015219 projection_inf=4.56049e-17 rho=1e+08 support=405/12248
ADMM_ITER round=0/0 iteration=7825/30000 objective=0.0003343602766296934 r=1.56773e-08/1.10673e-08 s=0.584986/0.000152492 projection_inf=4.5107e-17 rho=1e+08 support=405/12248
ADMM_ITER round=0/0 iteration=7850/30000 objective=0.00033490323838412966 r=1.56937e-08/1.10673e-08 s=0.574531/0.000152793 projection_inf=4.43344e-17 rho=1e+08 support=405/12248
ADMM_ITER round=0/0 iteration=7875/30000 objective=0.0003354450928475939 r=1.56751e-08/1.10673e-08 s=0.574763/0.000153094 projection_inf=4.08525e-17 rho=1e+08 support=405/12248
ADMM_ITER round=0/0 iteration=7900/30000 objective=0.00033601047526013092 r=1.56346e-08/1.10673e-08 s=0.580123/0.000153395 projection_inf=4.10444e-17 rho=1e+08 support=406/12248
ADMM_ITER round=0/0 iteration=7925/30000 objective=0.0003365966471564088 r=1.56743e-08/1.10673e-08 s=0.556841/0.000153695 projection_inf=4.62901e-17 rho=1e+08 support=406/12248
ADMM_ITER round=0/0 iteration=7950/30000 objective=0.00033724314938986044 r=1.57154e-08/1.10673e-08 s=0.538172/0.000153994 projection_inf=4.49973e-17 rho=1e+08 support=406/12248
ADMM_ITER round=0/0 iteration=7975/30000 objective=0.0003379071924230543 r=1.56165e-08/1.10673e-08 s=0.561028/0.000154292 projection_inf=4.04275e-17 rho=1e+08 support=406/12248
ADMM_ITER round=0/0 iteration=8000/30000 objective=0.00033850907636828016 r=1.5459e-08/1.10673e-08 s=0.59875/0.000154589 projection_inf=4.89044e-17 rho=1e+08 support=407/12248
ADMM_ITER round=0/0 iteration=8025/30000 objective=0.00033900334679057861 r=1.53105e-08/1.10673e-08 s=0.631864/0.000154886 projection_inf=4.06869e-17 rho=1e+08 support=406/12248
ADMM_ITER round=0/0 iteration=8050/30000 objective=0.00033942795694585741 r=1.52322e-08/1.10673e-08 s=0.646657/0.000155182 projection_inf=4.41817e-17 rho=1e+08 support=406/12248
ADMM_ITER round=0/0 iteration=8075/30000 objective=0.00033981115718086888 r=1.52373e-08/1.10673e-08 s=0.642018/0.000155478 projection_inf=4.40793e-17 rho=1e+08 support=406/12248
ADMM_ITER round=0/0 iteration=8100/30000 objective=0.000340089787913387 r=1.52795e-08/1.10673e-08 s=0.628577/0.000155774 projection_inf=4.50301e-17 rho=1e+08 support=405/12248
ADMM_ITER round=0/0 iteration=8125/30000 objective=0.00034027442705406404 r=1.53004e-08/1.10673e-08 s=0.61615/0.000156069 projection_inf=4.67289e-17 rho=1e+08 support=403/12248
ADMM_ITER round=0/0 iteration=8150/30000 objective=0.00034043094284069681 r=1.52343e-08/1.10673e-08 s=0.62872/0.000156365 projection_inf=4.28111e-17 rho=1e+08 support=403/12248
ADMM_ITER round=0/0 iteration=8175/30000 objective=0.00034060600085113798 r=1.51723e-08/1.10673e-08 s=0.639879/0.00015666 projection_inf=4.51247e-17 rho=1e+08 support=405/12248
ADMM_ITER round=0/0 iteration=8200/30000 objective=0.00034079894705684035 r=1.52739e-08/1.10673e-08 s=0.598767/0.000156955 projection_inf=4.31691e-17 rho=1e+08 support=404/12248
ADMM_ITER round=0/0 iteration=8225/30000 objective=0.00034092178547001493 r=1.52927e-08/1.10673e-08 s=0.579034/0.00015725 projection_inf=4.53768e-17 rho=1e+08 support=403/12248
ADMM_ITER round=0/0 iteration=8250/30000 objective=0.00034104015295878282 r=1.52202e-08/1.10673e-08 s=0.586297/0.000157546 projection_inf=5.07766e-17 rho=1e+08 support=404/12248
ADMM_ITER round=0/0 iteration=8275/30000 objective=0.00034121012793099674 r=1.52033e-08/1.10673e-08 s=0.571569/0.000157841 projection_inf=4.86058e-17 rho=1e+08 support=404/12248
ADMM_ITER round=0/0 iteration=8300/30000 objective=0.0003414394103906451 r=1.51327e-08/1.10673e-08 s=0.580215/0.000158136 projection_inf=4.173e-17 rho=1e+08 support=403/12248
ADMM_ITER round=0/0 iteration=8325/30000 objective=0.00034177560634468187 r=1.50464e-08/1.10673e-08 s=0.593196/0.000158431 projection_inf=4.43133e-17 rho=1e+08 support=403/12248
ADMM_ITER round=0/0 iteration=8350/30000 objective=0.00034211641235130648 r=1.50602e-08/1.10673e-08 s=0.579817/0.000158726 projection_inf=4.95149e-17 rho=1e+08 support=404/12248
ADMM_ITER round=0/0 iteration=8375/30000 objective=0.00034241697230478601 r=1.51356e-08/1.10673e-08 s=0.552033/0.00015902 projection_inf=4.26247e-17 rho=1e+08 support=404/12248
ADMM_ITER round=0/0 iteration=8400/30000 objective=0.00034269240849463782 r=1.51161e-08/1.10673e-08 s=0.548707/0.000159314 projection_inf=5.23125e-17 rho=1e+08 support=404/12248
ADMM_ITER round=0/0 iteration=8425/30000 objective=0.00034292705320219192 r=1.50987e-08/1.10673e-08 s=0.547037/0.000159608 projection_inf=4.28652e-17 rho=1e+08 support=404/12248
ADMM_ITER round=0/0 iteration=8450/30000 objective=0.00034310241482255448 r=1.49968e-08/1.10673e-08 s=0.568957/0.000159902 projection_inf=4.90974e-17 rho=1e+08 support=405/12248
ADMM_ITER round=0/0 iteration=8475/30000 objective=0.00034326136811742037 r=1.48473e-08/1.10673e-08 s=0.597239/0.000160196 projection_inf=5.18912e-17 rho=1e+08 support=403/12248
ADMM_ITER round=0/0 iteration=8500/30000 objective=0.00034343368457397994 r=1.48016e-08/1.10673e-08 s=0.598718/0.000160489 projection_inf=4.44408e-17 rho=1e+08 support=403/12248
ADMM_ITER round=0/0 iteration=8525/30000 objective=0.000343463037318432 r=1.47952e-08/1.10673e-08 s=0.592005/0.000160783 projection_inf=4.64615e-17 rho=1e+08 support=402/12248
ADMM_ITER round=0/0 iteration=8550/30000 objective=0.00034339385329464403 r=1.49255e-08/1.10673e-08 s=0.541849/0.000161077 projection_inf=4.97285e-17 rho=1e+08 support=403/12248
ADMM_ITER round=0/0 iteration=8575/30000 objective=0.00034338776977769602 r=1.49389e-08/1.10673e-08 s=0.528067/0.000161371 projection_inf=5.13987e-17 rho=1e+08 support=403/12248
ADMM_ITER round=0/0 iteration=8600/30000 objective=0.00034338056388492677 r=1.48698e-08/1.10673e-08 s=0.533556/0.000161666 projection_inf=5.01936e-17 rho=1e+08 support=401/12248
ADMM_ITER round=0/0 iteration=8625/30000 objective=0.0003434759735363842 r=1.47302e-08/1.10673e-08 s=0.56073/0.00016196 projection_inf=4.63142e-17 rho=1e+08 support=402/12248
ADMM_ITER round=0/0 iteration=8650/30000 objective=0.00034373194134841285 r=1.462e-08/1.10673e-08 s=0.58221/0.000162255 projection_inf=5.34682e-17 rho=1e+08 support=402/12248
ADMM_ITER round=0/0 iteration=8675/30000 objective=0.00034409134166878683 r=1.45395e-08/1.10673e-08 s=0.595637/0.000162549 projection_inf=4.99314e-17 rho=1e+08 support=401/12248
ADMM_ITER round=0/0 iteration=8700/30000 objective=0.00034451483797794217 r=1.44701e-08/1.10673e-08 s=0.606016/0.000162843 projection_inf=4.81571e-17 rho=1e+08 support=402/12248
ADMM_ITER round=0/0 iteration=8725/30000 objective=0.000345071160115723 r=1.44355e-08/1.10673e-08 s=0.608881/0.000163136 projection_inf=4.81407e-17 rho=1e+08 support=400/12248
ADMM_ITER round=0/0 iteration=8750/30000 objective=0.00034569746067210919 r=1.44479e-08/1.10673e-08 s=0.600612/0.000163428 projection_inf=4.93667e-17 rho=1e+08 support=402/12248
ADMM_ITER round=0/0 iteration=8775/30000 objective=0.0003462980887663571 r=1.44912e-08/1.10673e-08 s=0.585031/0.00016372 projection_inf=4.73739e-17 rho=1e+08 support=402/12248
ADMM_ITER round=0/0 iteration=8800/30000 objective=0.00034685797419568506 r=1.45603e-08/1.10673e-08 s=0.562777/0.000164011 projection_inf=4.38637e-17 rho=1e+08 support=402/12248
ADMM_ITER round=0/0 iteration=8825/30000 objective=0.00034738683874238776 r=1.45684e-08/1.10673e-08 s=0.555792/0.000164301 projection_inf=4.82516e-17 rho=1e+08 support=402/12248
ADMM_ITER round=0/0 iteration=8850/30000 objective=0.00034787586303918817 r=1.45351e-08/1.10673e-08 s=0.559531/0.00016459 projection_inf=4.28988e-17 rho=1e+08 support=403/12248
ADMM_ITER round=0/0 iteration=8875/30000 objective=0.00034830203716289596 r=1.45628e-08/1.10673e-08 s=0.537091/0.000164879 projection_inf=4.61846e-17 rho=1e+08 support=401/12248
ADMM_ITER round=0/0 iteration=8900/30000 objective=0.0003487570937609184 r=1.45096e-08/1.10673e-08 s=0.541198/0.000165168 projection_inf=4.73407e-17 rho=1e+08 support=402/12248
ADMM_ITER round=0/0 iteration=8925/30000 objective=0.00034916786367375529 r=1.45203e-08/1.10673e-08 s=0.531244/0.000165456 projection_inf=5.11366e-17 rho=1e+08 support=401/12248
ADMM_ITER round=0/0 iteration=8950/30000 objective=0.00034953524425804195 r=1.45533e-08/1.10673e-08 s=0.515056/0.000165744 projection_inf=5.61107e-17 rho=1e+08 support=400/12248
ADMM_ITER round=0/0 iteration=8975/30000 objective=0.00034979482856020537 r=1.44288e-08/1.10673e-08 s=0.539222/0.000166031 projection_inf=5.05904e-17 rho=1e+08 support=401/12248
ADMM_ITER round=0/0 iteration=9000/30000 objective=0.00034998595159564552 r=1.42884e-08/1.10673e-08 s=0.568759/0.000166318 projection_inf=4.84862e-17 rho=1e+08 support=402/12248
ADMM_ITER round=0/0 iteration=9025/30000 objective=0.00035018488793656772 r=1.42268e-08/1.10673e-08 s=0.574865/0.000166605 projection_inf=5.07481e-17 rho=1e+08 support=400/12248
ADMM_ITER round=0/0 iteration=9050/30000 objective=0.00035033685780970687 r=1.42554e-08/1.10673e-08 s=0.560301/0.000166892 projection_inf=4.39456e-17 rho=1e+08 support=399/12248
ADMM_ITER round=0/0 iteration=9075/30000 objective=0.00035041473568041444 r=1.42372e-08/1.10673e-08 s=0.558739/0.000167179 projection_inf=4.44315e-17 rho=1e+08 support=400/12248
ADMM_ITER round=0/0 iteration=9100/30000 objective=0.00035055084179445829 r=1.42232e-08/1.10673e-08 s=0.552369/0.000167466 projection_inf=4.65594e-17 rho=1e+08 support=401/12248
ADMM_ITER round=0/0 iteration=9125/30000 objective=0.0003507217270291338 r=1.42976e-08/1.10673e-08 s=0.524811/0.000167753 projection_inf=5.27003e-17 rho=1e+08 support=404/12248
ADMM_ITER round=0/0 iteration=9150/30000 objective=0.00035087545591738539 r=1.43119e-08/1.10673e-08 s=0.506836/0.00016804 projection_inf=5.3114e-17 rho=1e+08 support=403/12248
ADMM_ITER round=0/0 iteration=9175/30000 objective=0.00035106180463125659 r=1.42699e-08/1.10673e-08 s=0.510892/0.000168327 projection_inf=5.02104e-17 rho=1e+08 support=404/12248
ADMM_ITER round=0/0 iteration=9200/30000 objective=0.0003512457538005879 r=1.42369e-08/1.10673e-08 s=0.513453/0.000168613 projection_inf=5.36146e-17 rho=1e+08 support=406/12248
ADMM_ITER round=0/0 iteration=9225/30000 objective=0.00035153663356362133 r=1.40867e-08/1.10673e-08 s=0.54622/0.0001689 projection_inf=5.30314e-17 rho=1e+08 support=404/12248
ADMM_ITER round=0/0 iteration=9250/30000 objective=0.00035195555965515147 r=1.39687e-08/1.10673e-08 s=0.569836/0.000169186 projection_inf=4.87084e-17 rho=1e+08 support=402/12248
ADMM_ITER round=0/0 iteration=9275/30000 objective=0.00035250788832390077 r=1.39482e-08/1.10673e-08 s=0.569625/0.000169471 projection_inf=5.05379e-17 rho=1e+08 support=403/12248
ADMM_ITER round=0/0 iteration=9300/30000 objective=0.00035309867311240732 r=1.39946e-08/1.10673e-08 s=0.550713/0.000169756 projection_inf=5.06095e-17 rho=1e+08 support=400/12248
ADMM_ITER round=0/0 iteration=9325/30000 objective=0.00035365224491763119 r=1.39816e-08/1.10673e-08 s=0.547564/0.00017004 projection_inf=5.23381e-17 rho=1e+08 support=401/12248
ADMM_ITER round=0/0 iteration=9350/30000 objective=0.00035410063972069633 r=1.39815e-08/1.10673e-08 s=0.542301/0.000170323 projection_inf=4.93143e-17 rho=1e+08 support=402/12248
ADMM_ITER round=0/0 iteration=9375/30000 objective=0.00035446484057337558 r=1.40135e-08/1.10673e-08 s=0.529244/0.000170606 projection_inf=4.91944e-17 rho=1e+08 support=402/12248
ADMM_ITER round=0/0 iteration=9400/30000 objective=0.00035478847754941075 r=1.39715e-08/1.10673e-08 s=0.53077/0.000170889 projection_inf=5.38035e-17 rho=1e+08 support=400/12248
ADMM_ITER round=0/0 iteration=9425/30000 objective=0.0003549929625701585 r=1.39432e-08/1.10673e-08 s=0.53309/0.000171171 projection_inf=5.47002e-17 rho=1e+08 support=400/12248
ADMM_ITER round=0/0 iteration=9450/30000 objective=0.00035510474408500625 r=1.39868e-08/1.10673e-08 s=0.517071/0.000171453 projection_inf=5.24376e-17 rho=1e+08 support=400/12248
ADMM_ITER round=0/0 iteration=9475/30000 objective=0.00035516143687378037 r=1.39234e-08/1.10673e-08 s=0.52993/0.000171736 projection_inf=4.84142e-17 rho=1e+08 support=400/12248
ADMM_ITER round=0/0 iteration=9500/30000 objective=0.00035521778385505434 r=1.38928e-08/1.10673e-08 s=0.534196/0.000172018 projection_inf=4.83614e-17 rho=1e+08 support=401/12248
ADMM_ITER round=0/0 iteration=9525/30000 objective=0.00035534432537706563 r=1.39438e-08/1.10673e-08 s=0.509103/0.0001723 projection_inf=4.7159e-17 rho=1e+08 support=402/12248
ADMM_ITER round=0/0 iteration=9550/30000 objective=0.00035561394923607024 r=1.39734e-08/1.10673e-08 s=0.488392/0.000172583 projection_inf=4.46394e-17 rho=1e+08 support=399/12248
ADMM_ITER round=0/0 iteration=9575/30000 objective=0.00035599772340342802 r=1.40572e-08/1.10673e-08 s=0.455504/0.000172865 projection_inf=4.57506e-17 rho=1e+08 support=400/12248
ADMM_ITER round=0/0 iteration=9600/30000 objective=0.00035644337045090554 r=1.41448e-08/1.10673e-08 s=0.420324/0.000173146 projection_inf=5.1128e-17 rho=1e+08 support=399/12248
ADMM_ITER round=0/0 iteration=9625/30000 objective=0.00035690787490492228 r=1.41561e-08/1.10673e-08 s=0.408611/0.000173427 projection_inf=4.91345e-17 rho=1e+08 support=399/12248
ADMM_ITER round=0/0 iteration=9650/30000 objective=0.00035736789561132331 r=1.41273e-08/1.10673e-08 s=0.412228/0.000173708 projection_inf=4.92057e-17 rho=1e+08 support=398/12248
ADMM_ITER round=0/0 iteration=9675/30000 objective=0.00035784859643830485 r=1.40754e-08/1.10673e-08 s=0.423225/0.000173988 projection_inf=4.97312e-17 rho=1e+08 support=399/12248
ADMM_ITER round=0/0 iteration=9700/30000 objective=0.00035837005051505389 r=1.40056e-08/1.10673e-08 s=0.439741/0.000174267 projection_inf=5.16884e-17 rho=1e+08 support=399/12248
ADMM_ITER round=0/0 iteration=9725/30000 objective=0.00035891941947869275 r=1.3925e-08/1.10673e-08 s=0.460169/0.000174546 projection_inf=4.62614e-17 rho=1e+08 support=400/12248
ADMM_ITER round=0/0 iteration=9750/30000 objective=0.00035942204466337052 r=1.38854e-08/1.10673e-08 s=0.465318/0.000174825 projection_inf=5.07176e-17 rho=1e+08 support=398/12248
ADMM_ITER round=0/0 iteration=9775/30000 objective=0.00035979775787297724 r=1.387e-08/1.10673e-08 s=0.464264/0.000175103 projection_inf=4.77053e-17 rho=1e+08 support=400/12248
ADMM_ITER round=0/0 iteration=9800/30000 objective=0.00036008585205226339 r=1.38296e-08/1.10673e-08 s=0.468617/0.00017538 projection_inf=5.22882e-17 rho=1e+08 support=398/12248
ADMM_ITER round=0/0 iteration=9825/30000 objective=0.0003603491580133094 r=1.37765e-08/1.10673e-08 s=0.478894/0.000175658 projection_inf=4.93369e-17 rho=1e+08 support=399/12248
ADMM_ITER round=0/0 iteration=9850/30000 objective=0.0003605848723462219 r=1.36829e-08/1.10673e-08 s=0.50068/0.000175935 projection_inf=4.96855e-17 rho=1e+08 support=399/12248
ADMM_ITER round=0/0 iteration=9875/30000 objective=0.00036074143318201053 r=1.36273e-08/1.10673e-08 s=0.511716/0.000176212 projection_inf=4.81316e-17 rho=1e+08 support=402/12248
ADMM_ITER round=0/0 iteration=9900/30000 objective=0.00036082710582095766 r=1.3621e-08/1.10673e-08 s=0.509793/0.000176489 projection_inf=4.94951e-17 rho=1e+08 support=401/12248
ADMM_ITER round=0/0 iteration=9925/30000 objective=0.00036084888400281738 r=1.36315e-08/1.10673e-08 s=0.503594/0.000176766 projection_inf=4.85741e-17 rho=1e+08 support=402/12248
ADMM_ITER round=0/0 iteration=9950/30000 objective=0.00036084443413922991 r=1.37192e-08/1.10673e-08 s=0.475846/0.000177043 projection_inf=5.1816e-17 rho=1e+08 support=402/12248
ADMM_ITER round=0/0 iteration=9975/30000 objective=0.00036087820140303197 r=1.38218e-08/1.10673e-08 s=0.441694/0.000177321 projection_inf=4.71661e-17 rho=1e+08 support=401/12248
ADMM_ITER round=0/0 iteration=10000/30000 objective=0.00036098249042118867 r=1.38759e-08/1.10673e-08 s=0.418872/0.000177598 projection_inf=5.02645e-17 rho=1e+08 support=400/12248
ADMM_ITER round=0/0 iteration=10025/30000 objective=0.00036120050230254358 r=1.38693e-08/1.10673e-08 s=0.412983/0.000177875 projection_inf=5.09918e-17 rho=1e+08 support=399/12248
ADMM_ITER round=0/0 iteration=10050/30000 objective=0.00036152980037906335 r=1.38117e-08/1.10673e-08 s=0.427748/0.000178152 projection_inf=5.477e-17 rho=1e+08 support=400/12248
ADMM_ITER round=0/0 iteration=10075/30000 objective=0.0003619556616366507 r=1.37277e-08/1.10673e-08 s=0.44909/0.000178429 projection_inf=4.73031e-17 rho=1e+08 support=400/12248
ADMM_ITER round=0/0 iteration=10100/30000 objective=0.00036247015163558011 r=1.37381e-08/1.10673e-08 s=0.439319/0.000178706 projection_inf=4.83864e-17 rho=1e+08 support=401/12248
ADMM_ITER round=0/0 iteration=10125/30000 objective=0.00036303879818978157 r=1.37792e-08/1.10673e-08 s=0.419676/0.000178981 projection_inf=5.02534e-17 rho=1e+08 support=401/12248
ADMM_ITER round=0/0 iteration=10150/30000 objective=0.00036371646752745331 r=1.37003e-08/1.10673e-08 s=0.439896/0.000179256 projection_inf=5.49904e-17 rho=1e+08 support=400/12248
ADMM_ITER round=0/0 iteration=10175/30000 objective=0.00036445257777827154 r=1.36422e-08/1.10673e-08 s=0.453482/0.000179531 projection_inf=5.67208e-17 rho=1e+08 support=399/12248
ADMM_ITER round=0/0 iteration=10200/30000 objective=0.00036517917402588716 r=1.36677e-08/1.10673e-08 s=0.44198/0.000179804 projection_inf=5.13834e-17 rho=1e+08 support=399/12248
ADMM_ITER round=0/0 iteration=10225/30000 objective=0.00036588386451906761 r=1.36676e-08/1.10673e-08 s=0.438505/0.000180076 projection_inf=4.91997e-17 rho=1e+08 support=399/12248
ADMM_ITER round=0/0 iteration=10250/30000 objective=0.00036653250359403885 r=1.36559e-08/1.10673e-08 s=0.438871/0.000180348 projection_inf=5.20608e-17 rho=1e+08 support=399/12248
ADMM_ITER round=0/0 iteration=10275/30000 objective=0.00036704693063036535 r=1.37059e-08/1.10673e-08 s=0.419772/0.000180619 projection_inf=5.20788e-17 rho=1e+08 support=399/12248
ADMM_ITER round=0/0 iteration=10300/30000 objective=0.00036741932998983891 r=1.37683e-08/1.10673e-08 s=0.394494/0.00018089 projection_inf=5.32637e-17 rho=1e+08 support=399/12248
ADMM_ITER round=0/0 iteration=10325/30000 objective=0.00036767162196580554 r=1.37815e-08/1.10673e-08 s=0.381057/0.00018116 projection_inf=5.16227e-17 rho=1e+08 support=398/12248
ADMM_ITER round=0/0 iteration=10350/30000 objective=0.00036787747115165454 r=1.37297e-08/1.10673e-08 s=0.392658/0.000181431 projection_inf=5.06884e-17 rho=1e+08 support=400/12248
ADMM_ITER round=0/0 iteration=10375/30000 objective=0.00036806251893533009 r=1.37139e-08/1.10673e-08 s=0.393036/0.000181701 projection_inf=6.19877e-17 rho=1e+08 support=401/12248
ADMM_ITER round=0/0 iteration=10400/30000 objective=0.00036820654127586364 r=1.37021e-08/1.10673e-08 s=0.392792/0.000181971 projection_inf=5.0277e-17 rho=1e+08 support=400/12248
ADMM_ITER round=0/0 iteration=10425/30000 objective=0.00036835324775059481 r=1.36679e-08/1.10673e-08 s=0.39942/0.000182241 projection_inf=5.05052e-17 rho=1e+08 support=399/12248
ADMM_ITER round=0/0 iteration=10450/30000 objective=0.0003685079381432378 r=1.36487e-08/1.10673e-08 s=0.40163/0.000182512 projection_inf=5.55662e-17 rho=1e+08 support=399/12248
ADMM_ITER round=0/0 iteration=10475/30000 objective=0.00036862880183336779 r=1.36639e-08/1.10673e-08 s=0.392316/0.000182782 projection_inf=5.62973e-17 rho=1e+08 support=400/12248
ADMM_ITER round=0/0 iteration=10500/30000 objective=0.00036870324191271361 r=1.36551e-08/1.10673e-08 s=0.390662/0.000183052 projection_inf=5.24286e-17 rho=1e+08 support=401/12248
ADMM_ITER round=0/0 iteration=10525/30000 objective=0.00036873862746251843 r=1.35992e-08/1.10673e-08 s=0.404422/0.000183322 projection_inf=4.99265e-17 rho=1e+08 support=401/12248
ADMM_ITER round=0/0 iteration=10550/30000 objective=0.00036875895492049729 r=1.35931e-08/1.10673e-08 s=0.40178/0.000183593 projection_inf=5.31969e-17 rho=1e+08 support=400/12248
ADMM_ITER round=0/0 iteration=10575/30000 objective=0.00036882916347924977 r=1.36193e-08/1.10673e-08 s=0.388648/0.000183863 projection_inf=5.87475e-17 rho=1e+08 support=401/12248
ADMM_ITER round=0/0 iteration=10600/30000 objective=0.00036894167756292413 r=1.36739e-08/1.10673e-08 s=0.364876/0.000184134 projection_inf=4.82729e-17 rho=1e+08 support=401/12248
ADMM_ITER round=0/0 iteration=10625/30000 objective=0.00036908509577186934 r=1.37164e-08/1.10673e-08 s=0.34139/0.000184405 projection_inf=5.40441e-17 rho=1e+08 support=399/12248
ADMM_ITER round=0/0 iteration=10650/30000 objective=0.0003692841041546183 r=1.37122e-08/1.10673e-08 s=0.336642/0.000184675 projection_inf=5.13305e-17 rho=1e+08 support=401/12248
ADMM_ITER round=0/0 iteration=10675/30000 objective=0.00036950575796657655 r=1.37051e-08/1.10673e-08 s=0.333804/0.000184946 projection_inf=5.20762e-17 rho=1e+08 support=403/12248
ADMM_ITER round=0/0 iteration=10700/30000 objective=0.00036977652987630125 r=1.36608e-08/1.10673e-08 s=0.345901/0.000185216 projection_inf=5.60167e-17 rho=1e+08 support=403/12248
ADMM_ITER round=0/0 iteration=10725/30000 objective=0.00037008767681675792 r=1.3595e-08/1.10673e-08 s=0.366671/0.000185487 projection_inf=5.25798e-17 rho=1e+08 support=403/12248
ADMM_ITER round=0/0 iteration=10750/30000 objective=0.00037039884512806906 r=1.35761e-08/1.10673e-08 s=0.36812/0.000185757 projection_inf=5.17196e-17 rho=1e+08 support=402/12248
ADMM_ITER round=0/0 iteration=10775/30000 objective=0.00037072398053557807 r=1.35639e-08/1.10673e-08 s=0.367715/0.000186026 projection_inf=6.12272e-17 rho=1e+08 support=399/12248
ADMM_ITER round=0/0 iteration=10800/30000 objective=0.0003710645838492896 r=1.35211e-08/1.10673e-08 s=0.379042/0.000186296 projection_inf=5.72005e-17 rho=1e+08 support=399/12248
ADMM_ITER round=0/0 iteration=10825/30000 objective=0.0003713683889234179 r=1.34732e-08/1.10673e-08 s=0.392323/0.000186565 projection_inf=5.42701e-17 rho=1e+08 support=399/12248
ADMM_ITER round=0/0 iteration=10850/30000 objective=0.00037159024210779463 r=1.34642e-08/1.10673e-08 s=0.392089/0.000186834 projection_inf=5.49515e-17 rho=1e+08 support=400/12248
ADMM_ITER round=0/0 iteration=10875/30000 objective=0.00037170057990827449 r=1.34809e-08/1.10673e-08 s=0.383213/0.000187103 projection_inf=5.78824e-17 rho=1e+08 support=401/12248
ADMM_ITER round=0/0 iteration=10900/30000 objective=0.00037172149194673258 r=1.3511e-08/1.10673e-08 s=0.369215/0.000187372 projection_inf=5.22034e-17 rho=1e+08 support=403/12248
ADMM_ITER round=0/0 iteration=10925/30000 objective=0.00037168101988858449 r=1.35485e-08/1.10673e-08 s=0.352037/0.000187641 projection_inf=6.14989e-17 rho=1e+08 support=403/12248
ADMM_ITER round=0/0 iteration=10950/30000 objective=0.00037161953808400607 r=1.35809e-08/1.10673e-08 s=0.336215/0.000187911 projection_inf=4.79089e-17 rho=1e+08 support=403/12248
ADMM_ITER round=0/0 iteration=10975/30000 objective=0.00037154657564740279 r=1.36181e-08/1.10673e-08 s=0.317667/0.000188181 projection_inf=5.6118e-17 rho=1e+08 support=403/12248
ADMM_ITER round=0/0 iteration=11000/30000 objective=0.0003714881492112465 r=1.35868e-08/1.10673e-08 s=0.326743/0.000188451 projection_inf=5.14641e-17 rho=1e+08 support=404/12248
ADMM_ITER round=0/0 iteration=11025/30000 objective=0.00037144668900869856 r=1.3519e-08/1.10673e-08 s=0.350296/0.000188721 projection_inf=5.09285e-17 rho=1e+08 support=404/12248
ADMM_ITER round=0/0 iteration=11050/30000 objective=0.00037140188439721409 r=1.34862e-08/1.10673e-08 s=0.355031/0.000188992 projection_inf=5.40667e-17 rho=1e+08 support=404/12248
ADMM_ITER round=0/0 iteration=11075/30000 objective=0.00037134872437684179 r=1.34729e-08/1.10673e-08 s=0.354259/0.000189263 projection_inf=5.41752e-17 rho=1e+08 support=405/12248
ADMM_ITER round=0/0 iteration=11100/30000 objective=0.00037121847202766298 r=1.34512e-08/1.10673e-08 s=0.358208/0.000189534 projection_inf=5.3468e-17 rho=1e+08 support=406/12248
ADMM_ITER round=0/0 iteration=11125/30000 objective=0.00037101645292537657 r=1.34254e-08/1.10673e-08 s=0.363438/0.000189805 projection_inf=5.47486e-17 rho=1e+08 support=407/12248
ADMM_ITER round=0/0 iteration=11150/30000 objective=0.00037080702065973875 r=1.34033e-08/1.10673e-08 s=0.367162/0.000190077 projection_inf=5.05609e-17 rho=1e+08 support=405/12248
ADMM_ITER round=0/0 iteration=11175/30000 objective=0.00037055948532747327 r=1.33617e-08/1.10673e-08 s=0.378763/0.000190349 projection_inf=5.43219e-17 rho=1e+08 support=405/12248
ADMM_ITER round=0/0 iteration=11200/30000 objective=0.00037028225908003763 r=1.33866e-08/1.10673e-08 s=0.363318/0.000190622 projection_inf=5.29221e-17 rho=1e+08 support=404/12248
ADMM_ITER round=0/0 iteration=11225/30000 objective=0.00037003200771582143 r=1.34132e-08/1.10673e-08 s=0.340956/0.000190896 projection_inf=5.42221e-17 rho=1e+08 support=402/12248
ADMM_ITER round=0/0 iteration=11250/30000 objective=0.00036978915526978908 r=1.34164e-08/1.10673e-08 s=0.333115/0.00019117 projection_inf=4.75839e-17 rho=1e+08 support=401/12248
ADMM_ITER round=0/0 iteration=11275/30000 objective=0.00036963900140652925 r=1.33762e-08/1.10673e-08 s=0.344027/0.000191444 projection_inf=5.33679e-17 rho=1e+08 support=400/12248
ADMM_ITER round=0/0 iteration=11300/30000 objective=0.00036954502042943867 r=1.33125e-08/1.10673e-08 s=0.363426/0.000191718 projection_inf=5.16295e-17 rho=1e+08 support=401/12248
ADMM_ITER round=0/0 iteration=11325/30000 objective=0.00036944490445939694 r=1.32708e-08/1.10673e-08 s=0.373871/0.000191993 projection_inf=5.19563e-17 rho=1e+08 support=403/12248
ADMM_ITER round=0/0 iteration=11350/30000 objective=0.00036933191451954563 r=1.32623e-08/1.10673e-08 s=0.370652/0.000192268 projection_inf=5.21626e-17 rho=1e+08 support=403/12248
ADMM_ITER round=0/0 iteration=11375/30000 objective=0.00036924418360660438 r=1.32538e-08/1.10673e-08 s=0.369562/0.000192544 projection_inf=5.40779e-17 rho=1e+08 support=404/12248
ADMM_ITER round=0/0 iteration=11400/30000 objective=0.00036921359252988726 r=1.32437e-08/1.10673e-08 s=0.369703/0.000192819 projection_inf=5.37259e-17 rho=1e+08 support=404/12248
ADMM_ITER round=0/0 iteration=11425/30000 objective=0.00036925449170379016 r=1.32225e-08/1.10673e-08 s=0.374172/0.000193095 projection_inf=6.61796e-17 rho=1e+08 support=404/12248
ADMM_ITER round=0/0 iteration=11450/30000 objective=0.0003693224369760151 r=1.32012e-08/1.10673e-08 s=0.378803/0.000193371 projection_inf=5.52316e-17 rho=1e+08 support=405/12248
ADMM_ITER round=0/0 iteration=11475/30000 objective=0.00036935301566943412 r=1.31926e-08/1.10673e-08 s=0.378933/0.000193647 projection_inf=5.37687e-17 rho=1e+08 support=405/12248
ADMM_ITER round=0/0 iteration=11500/30000 objective=0.00036935371347212865 r=1.31942e-08/1.10673e-08 s=0.374436/0.000193923 projection_inf=5.63237e-17 rho=1e+08 support=405/12248
ADMM_ITER round=0/0 iteration=11525/30000 objective=0.0003693442216785057 r=1.31856e-08/1.10673e-08 s=0.373121/0.000194199 projection_inf=5.54463e-17 rho=1e+08 support=408/12248
ADMM_ITER round=0/0 iteration=11550/30000 objective=0.00036930245375561198 r=1.31454e-08/1.10673e-08 s=0.38351/0.000194475 projection_inf=6.22629e-17 rho=1e+08 support=408/12248
ADMM_ITER round=0/0 iteration=11575/30000 objective=0.00036925397739002666 r=1.31224e-08/1.10673e-08 s=0.388435/0.000194751 projection_inf=5.16419e-17 rho=1e+08 support=408/12248
ADMM_ITER round=0/0 iteration=11600/30000 objective=0.00036916359226521727 r=1.31298e-08/1.10673e-08 s=0.383277/0.000195028 projection_inf=5.66051e-17 rho=1e+08 support=409/12248
ADMM_ITER round=0/0 iteration=11625/30000 objective=0.00036900139946774576 r=1.31641e-08/1.10673e-08 s=0.368764/0.000195305 projection_inf=5.37925e-17 rho=1e+08 support=409/12248
ADMM_ITER round=0/0 iteration=11650/30000 objective=0.00036878036007485668 r=1.31774e-08/1.10673e-08 s=0.36156/0.000195582 projection_inf=5.78106e-17 rho=1e+08 support=410/12248
ADMM_ITER round=0/0 iteration=11675/30000 objective=0.00036849183512174859 r=1.31677e-08/1.10673e-08 s=0.36257/0.00019586 projection_inf=5.63298e-17 rho=1e+08 support=409/12248
ADMM_ITER round=0/0 iteration=11700/30000 objective=0.00036814097678726884 r=1.31651e-08/1.10673e-08 s=0.361256/0.000196138 projection_inf=5.17618e-17 rho=1e+08 support=409/12248
ADMM_ITER round=0/0 iteration=11725/30000 objective=0.000367756862313803 r=1.3147e-08/1.10673e-08 s=0.364207/0.000196417 projection_inf=5.51607e-17 rho=1e+08 support=410/12248
ADMM_ITER round=0/0 iteration=11750/30000 objective=0.00036736760480885053 r=1.30854e-08/1.10673e-08 s=0.383356/0.000196696 projection_inf=5.26829e-17 rho=1e+08 support=410/12248
ADMM_ITER round=0/0 iteration=11775/30000 objective=0.00036700818312165824 r=1.30199e-08/1.10673e-08 s=0.402251/0.000196976 projection_inf=5.57024e-17 rho=1e+08 support=409/12248
ADMM_ITER round=0/0 iteration=11800/30000 objective=0.00036665968420617899 r=1.29945e-08/1.10673e-08 s=0.408168/0.000197256 projection_inf=5.1069e-17 rho=1e+08 support=409/12248
ADMM_ITER round=0/0 iteration=11825/30000 objective=0.00036631149245278875 r=1.30102e-08/1.10673e-08 s=0.401059/0.000197538 projection_inf=6.04336e-17 rho=1e+08 support=410/12248
ADMM_ITER round=0/0 iteration=11850/30000 objective=0.00036598916455667552 r=1.30556e-08/1.10673e-08 s=0.383718/0.000197819 projection_inf=7.00966e-17 rho=1e+08 support=409/12248
ADMM_ITER round=0/0 iteration=11875/30000 objective=0.00036572464610515993 r=1.30941e-08/1.10673e-08 s=0.368246/0.000198101 projection_inf=6.51205e-17 rho=1e+08 support=409/12248
ADMM_ITER round=0/0 iteration=11900/30000 objective=0.00036550802977442886 r=1.30996e-08/1.10673e-08 s=0.364271/0.000198383 projection_inf=5.09285e-17 rho=1e+08 support=409/12248
ADMM_ITER round=0/0 iteration=11925/30000 objective=0.00036534113464529956 r=1.30964e-08/1.10673e-08 s=0.363134/0.000198666 projection_inf=6.43333e-17 rho=1e+08 support=409/12248
ADMM_ITER round=0/0 iteration=11950/30000 objective=0.00036520351917948302 r=1.309e-08/1.10673e-08 s=0.358576/0.000198949 projection_inf=6.00041e-17 rho=1e+08 support=408/12248
ADMM_ITER round=0/0 iteration=11975/30000 objective=0.00036509714746683252 r=1.30576e-08/1.10673e-08 s=0.366807/0.000199232 projection_inf=6.09082e-17 rho=1e+08 support=409/12248
ADMM_ITER round=0/0 iteration=12000/30000 objective=0.00036500981636566015 r=1.30748e-08/1.10673e-08 s=0.357554/0.000199516 projection_inf=5.56392e-17 rho=1e+08 support=407/12248
ADMM_ITER round=0/0 iteration=12025/30000 objective=0.00036493501162950225 r=1.31527e-08/1.10673e-08 s=0.320538/0.0001998 projection_inf=5.91331e-17 rho=1e+08 support=405/12248
ADMM_ITER round=0/0 iteration=12050/30000 objective=0.00036483660164533859 r=1.31719e-08/1.10673e-08 s=0.30749/0.000200084 projection_inf=6.04317e-17 rho=1e+08 support=407/12248
ADMM_ITER round=0/0 iteration=12075/30000 objective=0.00036468976583164036 r=1.31558e-08/1.10673e-08 s=0.310113/0.000200368 projection_inf=5.43573e-17 rho=1e+08 support=407/12248
ADMM_ITER round=0/0 iteration=12100/30000 objective=0.00036453145416413498 r=1.31215e-08/1.10673e-08 s=0.320067/0.000200652 projection_inf=5.41589e-17 rho=1e+08 support=407/12248
ADMM_ITER round=0/0 iteration=12125/30000 objective=0.00036440682720797232 r=1.30884e-08/1.10673e-08 s=0.329891/0.000200937 projection_inf=6.59651e-17 rho=1e+08 support=407/12248
ADMM_ITER round=0/0 iteration=12150/30000 objective=0.00036429960789682999 r=1.30872e-08/1.10673e-08 s=0.323845/0.000201222 projection_inf=5.07323e-17 rho=1e+08 support=406/12248
ADMM_ITER round=0/0 iteration=12175/30000 objective=0.00036415400357108478 r=1.30879e-08/1.10673e-08 s=0.319067/0.000201507 projection_inf=6.1802e-17 rho=1e+08 support=404/12248
ADMM_ITER round=0/0 iteration=12200/30000 objective=0.00036405144991331619 r=1.30795e-08/1.10673e-08 s=0.319025/0.000201792 projection_inf=5.53671e-17 rho=1e+08 support=404/12248
ADMM_ITER round=0/0 iteration=12225/30000 objective=0.00036401553897648641 r=1.30597e-08/1.10673e-08 s=0.323416/0.000202078 projection_inf=5.6515e-17 rho=1e+08 support=406/12248
ADMM_ITER round=0/0 iteration=12250/30000 objective=0.00036401495618141743 r=1.30432e-08/1.10673e-08 s=0.325349/0.000202364 projection_inf=5.65773e-17 rho=1e+08 support=405/12248
ADMM_ITER round=0/0 iteration=12275/30000 objective=0.00036402054885124082 r=1.30195e-08/1.10673e-08 s=0.331496/0.00020265 projection_inf=5.46383e-17 rho=1e+08 support=405/12248
ADMM_ITER round=0/0 iteration=12300/30000 objective=0.00036406599127507635 r=1.29898e-08/1.10673e-08 s=0.339901/0.000202936 projection_inf=5.97299e-17 rho=1e+08 support=407/12248
ADMM_ITER round=0/0 iteration=12325/30000 objective=0.00036414847419960895 r=1.29704e-08/1.10673e-08 s=0.344512/0.000203222 projection_inf=5.64444e-17 rho=1e+08 support=407/12248
ADMM_ITER round=0/0 iteration=12350/30000 objective=0.00036425681586001012 r=1.29875e-08/1.10673e-08 s=0.335484/0.000203507 projection_inf=5.40128e-17 rho=1e+08 support=407/12248
ADMM_ITER round=0/0 iteration=12375/30000 objective=0.00036438675241441898 r=1.30017e-08/1.10673e-08 s=0.324158/0.000203793 projection_inf=5.67127e-17 rho=1e+08 support=406/12248
ADMM_ITER round=0/0 iteration=12400/30000 objective=0.00036449436191425251 r=1.30159e-08/1.10673e-08 s=0.313891/0.000204079 projection_inf=5.73317e-17 rho=1e+08 support=408/12248
ADMM_ITER round=0/0 iteration=12425/30000 objective=0.00036463027440771293 r=1.30356e-08/1.10673e-08 s=0.301952/0.000204365 projection_inf=6.37074e-17 rho=1e+08 support=408/12248
ADMM_ITER round=0/0 iteration=12450/30000 objective=0.00036483338977169138 r=1.30377e-08/1.10673e-08 s=0.297845/0.00020465 projection_inf=7.09021e-17 rho=1e+08 support=409/12248
ADMM_ITER round=0/0 iteration=12475/30000 objective=0.00036509656872430493 r=1.30243e-08/1.10673e-08 s=0.2999/0.000204936 projection_inf=5.4902e-17 rho=1e+08 support=409/12248
ADMM_ITER round=0/0 iteration=12500/30000 objective=0.00036537201145757522 r=1.30286e-08/1.10673e-08 s=0.29443/0.000205221 projection_inf=6.67678e-17 rho=1e+08 support=408/12248
ADMM_ITER round=0/0 iteration=12525/30000 objective=0.00036561739668708161 r=1.30298e-08/1.10673e-08 s=0.289695/0.000205506 projection_inf=5.34699e-17 rho=1e+08 support=409/12248
ADMM_ITER round=0/0 iteration=12550/30000 objective=0.00036586945262011164 r=1.29855e-08/1.10673e-08 s=0.30551/0.00020579 projection_inf=5.37775e-17 rho=1e+08 support=410/12248
ADMM_ITER round=0/0 iteration=12575/30000 objective=0.00036613829614808935 r=1.29564e-08/1.10673e-08 s=0.314504/0.000206075 projection_inf=5.83163e-17 rho=1e+08 support=411/12248
ADMM_ITER round=0/0 iteration=12600/30000 objective=0.00036641097939887337 r=1.29452e-08/1.10673e-08 s=0.316393/0.000206359 projection_inf=5.26403e-17 rho=1e+08 support=410/12248
ADMM_ITER round=0/0 iteration=12625/30000 objective=0.00036670491485016625 r=1.29191e-08/1.10673e-08 s=0.324291/0.000206643 projection_inf=6.47299e-17 rho=1e+08 support=409/12248
ADMM_ITER round=0/0 iteration=12650/30000 objective=0.00036705076813926905 r=1.28932e-08/1.10673e-08 s=0.329267/0.000206927 projection_inf=5.59687e-17 rho=1e+08 support=409/12248
ADMM_ITER round=0/0 iteration=12675/30000 objective=0.00036740823792653471 r=1.28618e-08/1.10673e-08 s=0.33664/0.00020721 projection_inf=6.50672e-17 rho=1e+08 support=409/12248
ADMM_ITER round=0/0 iteration=12700/30000 objective=0.00036778695620089916 r=1.28289e-08/1.10673e-08 s=0.345375/0.000207493 projection_inf=6.40804e-17 rho=1e+08 support=409/12248
ADMM_ITER round=0/0 iteration=12725/30000 objective=0.00036814562036913937 r=1.28005e-08/1.10673e-08 s=0.352721/0.000207775 projection_inf=5.40607e-17 rho=1e+08 support=409/12248
ADMM_ITER round=0/0 iteration=12750/30000 objective=0.00036853562706794289 r=1.27939e-08/1.10673e-08 s=0.352362/0.000208058 projection_inf=6.06151e-17 rho=1e+08 support=409/12248
ADMM_ITER round=0/0 iteration=12775/30000 objective=0.00036897944836702517 r=1.27938e-08/1.10673e-08 s=0.349692/0.000208339 projection_inf=6.97822e-17 rho=1e+08 support=408/12248
ADMM_ITER round=0/0 iteration=12800/30000 objective=0.00036943462539161526 r=1.28239e-08/1.10673e-08 s=0.33576/0.000208621 projection_inf=5.69032e-17 rho=1e+08 support=407/12248
ADMM_ITER round=0/0 iteration=12825/30000 objective=0.00036988060814970264 r=1.28372e-08/1.10673e-08 s=0.328142/0.000208902 projection_inf=5.86775e-17 rho=1e+08 support=408/12248
ADMM_ITER round=0/0 iteration=12850/30000 objective=0.00037032442464203237 r=1.28448e-08/1.10673e-08 s=0.322892/0.000209182 projection_inf=5.69863e-17 rho=1e+08 support=408/12248
ADMM_ITER round=0/0 iteration=12875/30000 objective=0.00037077683821436675 r=1.28694e-08/1.10673e-08 s=0.310698/0.000209462 projection_inf=6.18008e-17 rho=1e+08 support=409/12248
ADMM_ITER round=0/0 iteration=12900/30000 objective=0.00037122014531992852 r=1.28917e-08/1.10673e-08 s=0.299169/0.000209741 projection_inf=6.06072e-17 rho=1e+08 support=409/12248
ADMM_ITER round=0/0 iteration=12925/30000 objective=0.00037163462247971981 r=1.2927e-08/1.10673e-08 s=0.281323/0.000210021 projection_inf=6.29827e-17 rho=1e+08 support=409/12248
ADMM_ITER round=0/0 iteration=12950/30000 objective=0.00037201655164118485 r=1.29325e-08/1.10673e-08 s=0.275941/0.000210299 projection_inf=5.45166e-17 rho=1e+08 support=412/12248
ADMM_ITER round=0/0 iteration=12975/30000 objective=0.00037238593402111342 r=1.29014e-08/1.10673e-08 s=0.287732/0.000210578 projection_inf=5.93148e-17 rho=1e+08 support=413/12248
ADMM_ITER round=0/0 iteration=13000/30000 objective=0.00037277641529389737 r=1.28831e-08/1.10673e-08 s=0.29367/0.000210856 projection_inf=5.9906e-17 rho=1e+08 support=413/12248
ADMM_ITER round=0/0 iteration=13025/30000 objective=0.00037321391112437658 r=1.28736e-08/1.10673e-08 s=0.294884/0.000211133 projection_inf=5.7344e-17 rho=1e+08 support=411/12248
ADMM_ITER round=0/0 iteration=13050/30000 objective=0.00037370261674895015 r=1.28581e-08/1.10673e-08 s=0.299219/0.000211411 projection_inf=6.33603e-17 rho=1e+08 support=411/12248
ADMM_ITER round=0/0 iteration=13075/30000 objective=0.00037419468236677501 r=1.28331e-08/1.10673e-08 s=0.307547/0.000211687 projection_inf=5.72799e-17 rho=1e+08 support=410/12248
ADMM_ITER round=0/0 iteration=13100/30000 objective=0.00037465932533320212 r=1.27938e-08/1.10673e-08 s=0.320845/0.000211964 projection_inf=5.40371e-17 rho=1e+08 support=412/12248
ADMM_ITER round=0/0 iteration=13125/30000 objective=0.00037510163154019083 r=1.27522e-08/1.10673e-08 s=0.334794/0.000212239 projection_inf=5.59083e-17 rho=1e+08 support=412/12248
ADMM_ITER round=0/0 iteration=13150/30000 objective=0.0003755291019634894 r=1.27328e-08/1.10673e-08 s=0.340076/0.000212515 projection_inf=6.76628e-17 rho=1e+08 support=412/12248
ADMM_ITER round=0/0 iteration=13175/30000 objective=0.00037595126749368992 r=1.2731e-08/1.10673e-08 s=0.33885/0.00021279 projection_inf=5.67709e-17 rho=1e+08 support=412/12248
ADMM_ITER round=0/0 iteration=13200/30000 objective=0.0003763581422072858 r=1.27484e-08/1.10673e-08 s=0.330226/0.000213064 projection_inf=5.5384e-17 rho=1e+08 support=411/12248
ADMM_ITER round=0/0 iteration=13225/30000 objective=0.00037673762144841051 r=1.27621e-08/1.10673e-08 s=0.322674/0.000213338 projection_inf=5.83131e-17 rho=1e+08 support=412/12248
ADMM_ITER round=0/0 iteration=13250/30000 objective=0.00037708886553334848 r=1.27318e-08/1.10673e-08 s=0.328455/0.000213612 projection_inf=6.42866e-17 rho=1e+08 support=412/12248
ADMM_ITER round=0/0 iteration=13275/30000 objective=0.0003773897089473604 r=1.27176e-08/1.10673e-08 s=0.330393/0.000213886 projection_inf=6.33655e-17 rho=1e+08 support=411/12248
ADMM_ITER round=0/0 iteration=13300/30000 objective=0.00037765600336729828 r=1.2706e-08/1.10673e-08 s=0.331719/0.000214159 projection_inf=5.39565e-17 rho=1e+08 support=411/12248
ADMM_ITER round=0/0 iteration=13325/30000 objective=0.0003778892451590239 r=1.2661e-08/1.10673e-08 s=0.345942/0.000214432 projection_inf=6.26955e-17 rho=1e+08 support=411/12248
ADMM_ITER round=0/0 iteration=13350/30000 objective=0.00037811229227153331 r=1.26292e-08/1.10673e-08 s=0.355093/0.000214705 projection_inf=5.52145e-17 rho=1e+08 support=411/12248
ADMM_ITER round=0/0 iteration=13375/30000 objective=0.00037836359718739128 r=1.26237e-08/1.10673e-08 s=0.354447/0.000214978 projection_inf=6.8253e-17 rho=1e+08 support=410/12248
ADMM_ITER round=0/0 iteration=13400/30000 objective=0.00037864695378289848 r=1.26162e-08/1.10673e-08 s=0.355054/0.000215251 projection_inf=6.34495e-17 rho=1e+08 support=411/12248
ADMM_ITER round=0/0 iteration=13425/30000 objective=0.00037894626215007797 r=1.25944e-08/1.10673e-08 s=0.360782/0.000215523 projection_inf=5.91498e-17 rho=1e+08 support=410/12248
ADMM_ITER round=0/0 iteration=13450/30000 objective=0.00037930055538287527 r=1.2566e-08/1.10673e-08 s=0.367263/0.000215795 projection_inf=6.67044e-17 rho=1e+08 support=411/12248
ADMM_ITER round=0/0 iteration=13475/30000 objective=0.0003797075184648023 r=1.25645e-08/1.10673e-08 s=0.365068/0.000216066 projection_inf=5.84191e-17 rho=1e+08 support=410/12248
ADMM_ITER round=0/0 iteration=13500/30000 objective=0.00038014828537946081 r=1.25547e-08/1.10673e-08 s=0.366336/0.000216338 projection_inf=6.32447e-17 rho=1e+08 support=410/12248
ADMM_ITER round=0/0 iteration=13525/30000 objective=0.00038064257653225167 r=1.25087e-08/1.10673e-08 s=0.378481/0.000216608 projection_inf=6.06572e-17 rho=1e+08 support=409/12248
ADMM_ITER round=0/0 iteration=13550/30000 objective=0.00038116983175006693 r=1.24703e-08/1.10673e-08 s=0.388912/0.000216879 projection_inf=5.6744e-17 rho=1e+08 support=409/12248
ADMM_ITER round=0/0 iteration=13575/30000 objective=0.00038170667037602313 r=1.24626e-08/1.10673e-08 s=0.389563/0.000217148 projection_inf=6.3851e-17 rho=1e+08 support=409/12248
ADMM_ITER round=0/0 iteration=13600/30000 objective=0.00038221892407617569 r=1.24663e-08/1.10673e-08 s=0.386668/0.000217417 projection_inf=6.32422e-17 rho=1e+08 support=410/12248
ADMM_ITER round=0/0 iteration=13625/30000 objective=0.00038273956038813303 r=1.24721e-08/1.10673e-08 s=0.381306/0.000217686 projection_inf=6.21414e-17 rho=1e+08 support=409/12248
ADMM_ITER round=0/0 iteration=13650/30000 objective=0.00038327316928309687 r=1.2453e-08/1.10673e-08 s=0.385383/0.000217954 projection_inf=5.70143e-17 rho=1e+08 support=409/12248
ADMM_ITER round=0/0 iteration=13675/30000 objective=0.00038380502094408281 r=1.24582e-08/1.10673e-08 s=0.377279/0.000218222 projection_inf=6.13345e-17 rho=1e+08 support=409/12248
ADMM_ITER round=0/0 iteration=13700/30000 objective=0.0003843166944944582 r=1.24884e-08/1.10673e-08 s=0.360859/0.000218489 projection_inf=5.69567e-17 rho=1e+08 support=409/12248
ADMM_ITER round=0/0 iteration=13725/30000 objective=0.00038483904490035903 r=1.24555e-08/1.10673e-08 s=0.367054/0.000218755 projection_inf=5.97505e-17 rho=1e+08 support=408/12248
ADMM_ITER round=0/0 iteration=13750/30000 objective=0.00038536063776053081 r=1.24173e-08/1.10674e-08 s=0.376051/0.000219021 projection_inf=6.22349e-17 rho=1e+08 support=409/12248
ADMM_ITER round=0/0 iteration=13775/30000 objective=0.00038588545497223847 r=1.23934e-08/1.10674e-08 s=0.380656/0.000219287 projection_inf=5.86927e-17 rho=1e+08 support=411/12248
ADMM_ITER round=0/0 iteration=13800/30000 objective=0.00038641843581647869 r=1.23523e-08/1.10674e-08 s=0.390842/0.000219552 projection_inf=6.26177e-17 rho=1e+08 support=409/12248
ADMM_ITER round=0/0 iteration=13825/30000 objective=0.00038690287590782604 r=1.23227e-08/1.10674e-08 s=0.397547/0.000219816 projection_inf=6.13476e-17 rho=1e+08 support=409/12248
ADMM_ITER round=0/0 iteration=13850/30000 objective=0.0003873697435327995 r=1.23177e-08/1.10674e-08 s=0.3969/0.00022008 projection_inf=6.2444e-17 rho=1e+08 support=409/12248
ADMM_ITER round=0/0 iteration=13875/30000 objective=0.00038782044033795754 r=1.234e-08/1.10674e-08 s=0.387867/0.000220343 projection_inf=6.87386e-17 rho=1e+08 support=409/12248
ADMM_ITER round=0/0 iteration=13900/30000 objective=0.00038825495089100893 r=1.23779e-08/1.10674e-08 s=0.373612/0.000220607 projection_inf=6.81927e-17 rho=1e+08 support=410/12248
ADMM_ITER round=0/0 iteration=13925/30000 objective=0.00038871520260609621 r=1.23932e-08/1.10674e-08 s=0.366234/0.000220869 projection_inf=6.32248e-17 rho=1e+08 support=410/12248
ADMM_ITER round=0/0 iteration=13950/30000 objective=0.00038919155765382117 r=1.23734e-08/1.10674e-08 s=0.370869/0.000221131 projection_inf=6.80384e-17 rho=1e+08 support=410/12248
ADMM_ITER round=0/0 iteration=13975/30000 objective=0.00038967769757005402 r=1.23421e-08/1.10674e-08 s=0.379407/0.000221393 projection_inf=6.77353e-17 rho=1e+08 support=410/12248
ADMM_ITER round=0/0 iteration=14000/30000 objective=0.00039019806835563161 r=1.23159e-08/1.10674e-08 s=0.385967/0.000221654 projection_inf=6.19458e-17 rho=1e+08 support=410/12248
ADMM_ITER round=0/0 iteration=14025/30000 objective=0.00039077860352115562 r=1.23039e-08/1.10674e-08 s=0.388031/0.000221915 projection_inf=6.63539e-17 rho=1e+08 support=409/12248
ADMM_ITER round=0/0 iteration=14050/30000 objective=0.0003913891235026852 r=1.23234e-08/1.10674e-08 s=0.368337/0.000222175 projection_inf=6.11797e-17 rho=1e+08 support=408/12248
ADMM_ITER round=0/0 iteration=14075/30000 objective=0.00039192566151757715 r=1.23255e-08/1.10674e-08 s=0.361795/0.000222435 projection_inf=7.17773e-17 rho=1e+08 support=409/12248
ADMM_ITER round=0/0 iteration=14100/30000 objective=0.00039241476370335896 r=1.22999e-08/1.10674e-08 s=0.366549/0.000222694 projection_inf=6.20111e-17 rho=1e+08 support=407/12248
ADMM_ITER round=0/0 iteration=14125/30000 objective=0.0003928900737128543 r=1.22672e-08/1.10674e-08 s=0.374479/0.000222953 projection_inf=6.27814e-17 rho=1e+08 support=407/12248
ADMM_ITER round=0/0 iteration=14150/30000 objective=0.0003933734254621446 r=1.22619e-08/1.10674e-08 s=0.373017/0.000223211 projection_inf=6.55663e-17 rho=1e+08 support=406/12248
ADMM_ITER round=0/0 iteration=14175/30000 objective=0.00039387666480630808 r=1.2283e-08/1.10674e-08 s=0.363569/0.000223468 projection_inf=6.08991e-17 rho=1e+08 support=405/12248
ADMM_ITER round=0/0 iteration=14200/30000 objective=0.0003943934959088005 r=1.22812e-08/1.10674e-08 s=0.362038/0.000223726 projection_inf=6.12049e-17 rho=1e+08 support=405/12248
ADMM_ITER round=0/0 iteration=14225/30000 objective=0.00039493424473384386 r=1.2249e-08/1.10674e-08 s=0.370919/0.000223982 projection_inf=6.32364e-17 rho=1e+08 support=405/12248
ADMM_ITER round=0/0 iteration=14250/30000 objective=0.00039548626770892687 r=1.22199e-08/1.10674e-08 s=0.378649/0.000224239 projection_inf=6.29366e-17 rho=1e+08 support=405/12248
ADMM_ITER round=0/0 iteration=14275/30000 objective=0.00039603242485513289 r=1.22035e-08/1.10674e-08 s=0.382169/0.000224494 projection_inf=6.29254e-17 rho=1e+08 support=406/12248
ADMM_ITER round=0/0 iteration=14300/30000 objective=0.00039655326689629056 r=1.21677e-08/1.10674e-08 s=0.391769/0.000224749 projection_inf=6.51275e-17 rho=1e+08 support=405/12248
ADMM_ITER round=0/0 iteration=14325/30000 objective=0.00039706379621362668 r=1.21371e-08/1.10674e-08 s=0.399077/0.000225004 projection_inf=6.12703e-17 rho=1e+08 support=405/12248
ADMM_ITER round=0/0 iteration=14350/30000 objective=0.00039755821690032702 r=1.21402e-08/1.10674e-08 s=0.396593/0.000225258 projection_inf=6.07999e-17 rho=1e+08 support=405/12248
ADMM_ITER round=0/0 iteration=14375/30000 objective=0.00039802702227439659 r=1.21653e-08/1.10674e-08 s=0.387389/0.000225512 projection_inf=6.05944e-17 rho=1e+08 support=405/12248
ADMM_ITER round=0/0 iteration=14400/30000 objective=0.0003985048149292719 r=1.21721e-08/1.10674e-08 s=0.383741/0.000225765 projection_inf=6.42841e-17 rho=1e+08 support=406/12248
ADMM_ITER round=0/0 iteration=14425/30000 objective=0.00039903323924886852 r=1.2166e-08/1.10674e-08 s=0.38349/0.000226018 projection_inf=6.4474e-17 rho=1e+08 support=406/12248
ADMM_ITER round=0/0 iteration=14450/30000 objective=0.00039960237172616134 r=1.21518e-08/1.10674e-08 s=0.385003/0.00022627 projection_inf=6.2205e-17 rho=1e+08 support=407/12248
ADMM_ITER round=0/0 iteration=14475/30000 objective=0.00040015867452300235 r=1.21335e-08/1.10674e-08 s=0.387568/0.000226522 projection_inf=6.17545e-17 rho=1e+08 support=406/12248
ADMM_ITER round=0/0 iteration=14500/30000 objective=0.00040071943632674184 r=1.20803e-08/1.10674e-08 s=0.401372/0.000226773 projection_inf=6.01639e-17 rho=1e+08 support=408/12248
ADMM_ITER round=0/0 iteration=14525/30000 objective=0.00040128940655969253 r=1.20405e-08/1.10674e-08 s=0.410912/0.000227024 projection_inf=6.08204e-17 rho=1e+08 support=407/12248
ADMM_ITER round=0/0 iteration=14550/30000 objective=0.0004018654398221126 r=1.20476e-08/1.10674e-08 s=0.406804/0.000227274 projection_inf=6.30928e-17 rho=1e+08 support=407/12248
ADMM_ITER round=0/0 iteration=14575/30000 objective=0.00040244353815026789 r=1.20656e-08/1.10674e-08 s=0.399611/0.000227524 projection_inf=6.33005e-17 rho=1e+08 support=407/12248
ADMM_ITER round=0/0 iteration=14600/30000 objective=0.0004030694062505139 r=1.20845e-08/1.10674e-08 s=0.384867/0.000227773 projection_inf=6.70185e-17 rho=1e+08 support=407/12248
ADMM_ITER round=0/0 iteration=14625/30000 objective=0.00040374542361779043 r=1.20845e-08/1.10674e-08 s=0.381807/0.000228021 projection_inf=6.28665e-17 rho=1e+08 support=406/12248
ADMM_ITER round=0/0 iteration=14650/30000 objective=0.00040443665523934779 r=1.20815e-08/1.10674e-08 s=0.37994/0.000228269 projection_inf=7.01686e-17 rho=1e+08 support=403/12248
ADMM_ITER round=0/0 iteration=14675/30000 objective=0.00040510874846979498 r=1.20885e-08/1.10674e-08 s=0.375525/0.000228516 projection_inf=7.23096e-17 rho=1e+08 support=404/12248
ADMM_ITER round=0/0 iteration=14700/30000 objective=0.00040574086577356197 r=1.20734e-08/1.10674e-08 s=0.376893/0.000228762 projection_inf=6.30203e-17 rho=1e+08 support=404/12248
ADMM_ITER round=0/0 iteration=14725/30000 objective=0.0004063535033758225 r=1.19964e-08/1.10674e-08 s=0.398539/0.000229008 projection_inf=7.08649e-17 rho=1e+08 support=405/12248
ADMM_ITER round=0/0 iteration=14750/30000 objective=0.00040692319339254488 r=1.19298e-08/1.10674e-08 s=0.416354/0.000229254 projection_inf=6.49518e-17 rho=1e+08 support=405/12248
ADMM_ITER round=0/0 iteration=14775/30000 objective=0.00040746526805317295 r=1.19123e-08/1.10674e-08 s=0.419815/0.000229498 projection_inf=7.81026e-17 rho=1e+08 support=405/12248
ADMM_ITER round=0/0 iteration=14800/30000 objective=0.00040797335535099852 r=1.19083e-08/1.10674e-08 s=0.41953/0.000229743 projection_inf=6.52721e-17 rho=1e+08 support=405/12248
ADMM_ITER round=0/0 iteration=14825/30000 objective=0.00040846045783681862 r=1.1913e-08/1.10674e-08 s=0.416385/0.000229986 projection_inf=6.86416e-17 rho=1e+08 support=406/12248
ADMM_ITER round=0/0 iteration=14850/30000 objective=0.00040893552938721324 r=1.193e-08/1.10674e-08 s=0.409424/0.00023023 projection_inf=6.69068e-17 rho=1e+08 support=407/12248
ADMM_ITER round=0/0 iteration=14875/30000 objective=0.00040940354701735006 r=1.19681e-08/1.10674e-08 s=0.39507/0.000230473 projection_inf=5.89866e-17 rho=1e+08 support=406/12248
ADMM_ITER round=0/0 iteration=14900/30000 objective=0.00040988441563957317 r=1.19841e-08/1.10674e-08 s=0.387487/0.000230715 projection_inf=6.54059e-17 rho=1e+08 support=406/12248
ADMM_ITER round=0/0 iteration=14925/30000 objective=0.00041034771497821328 r=1.19765e-08/1.10674e-08 s=0.387897/0.000230957 projection_inf=6.29664e-17 rho=1e+08 support=406/12248
ADMM_ITER round=0/0 iteration=14950/30000 objective=0.00041083005665989102 r=1.19743e-08/1.10674e-08 s=0.386845/0.000231199 projection_inf=7.55079e-17 rho=1e+08 support=407/12248
ADMM_ITER round=0/0 iteration=14975/30000 objective=0.00041136314983713861 r=1.19735e-08/1.10674e-08 s=0.38526/0.00023144 projection_inf=6.27584e-17 rho=1e+08 support=407/12248
ADMM_ITER round=0/0 iteration=15000/30000 objective=0.00041195142925371626 r=1.19451e-08/1.10674e-08 s=0.392148/0.000231681 projection_inf=6.18893e-17 rho=1e+08 support=407/12248
ADMM_ITER round=0/0 iteration=15025/30000 objective=0.00041260177409847701 r=1.18856e-08/1.10674e-08 s=0.408013/0.000231921 projection_inf=7.03922e-17 rho=1e+08 support=407/12248
ADMM_ITER round=0/0 iteration=15050/30000 objective=0.00041325964868905264 r=1.18552e-08/1.10674e-08 s=0.415166/0.000232161 projection_inf=6.23762e-17 rho=1e+08 support=407/12248
ADMM_ITER round=0/0 iteration=15075/30000 objective=0.00041387118418914463 r=1.18632e-08/1.10674e-08 s=0.411052/0.000232399 projection_inf=6.13859e-17 rho=1e+08 support=409/12248
ADMM_ITER round=0/0 iteration=15100/30000 objective=0.00041442990049114266 r=1.18592e-08/1.10674e-08 s=0.409935/0.000232638 projection_inf=6.03246e-17 rho=1e+08 support=409/12248
ADMM_ITER round=0/0 iteration=15125/30000 objective=0.00041490586934284681 r=1.18269e-08/1.10674e-08 s=0.417393/0.000232876 projection_inf=6.12722e-17 rho=1e+08 support=409/12248
ADMM_ITER round=0/0 iteration=15150/30000 objective=0.00041532388797579039 r=1.17784e-08/1.10674e-08 s=0.429339/0.000233113 projection_inf=6.60468e-17 rho=1e+08 support=410/12248
ADMM_ITER round=0/0 iteration=15175/30000 objective=0.0004157223497010789 r=1.17178e-08/1.10674e-08 s=0.444191/0.00023335 projection_inf=6.61348e-17 rho=1e+08 support=409/12248
ADMM_ITER round=0/0 iteration=15200/30000 objective=0.00041609908551814103 r=1.16821e-08/1.10674e-08 s=0.452168/0.000233587 projection_inf=7.05142e-17 rho=1e+08 support=409/12248
ADMM_ITER round=0/0 iteration=15225/30000 objective=0.00041645052536370578 r=1.16652e-08/1.10674e-08 s=0.455086/0.000233824 projection_inf=6.92493e-17 rho=1e+08 support=408/12248
ADMM_ITER round=0/0 iteration=15250/30000 objective=0.00041679230865100951 r=1.16448e-08/1.10674e-08 s=0.457445/0.00023406 projection_inf=6.41467e-17 rho=1e+08 support=407/12248
ADMM_ITER round=0/0 iteration=15275/30000 objective=0.0004171436341711342 r=1.16262e-08/1.10674e-08 s=0.458207/0.000234296 projection_inf=6.34468e-17 rho=1e+08 support=407/12248
ADMM_ITER round=0/0 iteration=15300/30000 objective=0.0004174816608924125 r=1.16207e-08/1.10674e-08 s=0.456585/0.000234532 projection_inf=7.77732e-17 rho=1e+08 support=409/12248
ADMM_ITER round=0/0 iteration=15325/30000 objective=0.00041777272597127659 r=1.16029e-08/1.10674e-08 s=0.458642/0.000234767 projection_inf=6.52128e-17 rho=1e+08 support=409/12248
ADMM_ITER round=0/0 iteration=15350/30000 objective=0.00041804115166067416 r=1.15937e-08/1.10674e-08 s=0.456743/0.000235002 projection_inf=6.78512e-17 rho=1e+08 support=406/12248
ADMM_ITER round=0/0 iteration=15375/30000 objective=0.00041829828563275405 r=1.15841e-08/1.10674e-08 s=0.456835/0.000235237 projection_inf=7.11576e-17 rho=1e+08 support=406/12248
ADMM_ITER round=0/0 iteration=15400/30000 objective=0.00041849559712810142 r=1.15746e-08/1.10674e-08 s=0.456063/0.000235472 projection_inf=6.77285e-17 rho=1e+08 support=406/12248
ADMM_ITER round=0/0 iteration=15425/30000 objective=0.00041869021480682049 r=1.15569e-08/1.10674e-08 s=0.458053/0.000235706 projection_inf=5.86754e-17 rho=1e+08 support=407/12248
ADMM_ITER round=0/0 iteration=15450/30000 objective=0.00041892357470721896 r=1.15532e-08/1.10674e-08 s=0.456967/0.000235941 projection_inf=6.97314e-17 rho=1e+08 support=407/12248
ADMM_ITER round=0/0 iteration=15475/30000 objective=0.00041918021620840703 r=1.15339e-08/1.10674e-08 s=0.459647/0.000236175 projection_inf=6.39395e-17 rho=1e+08 support=406/12248
ADMM_ITER round=0/0 iteration=15500/30000 objective=0.00041946118220863727 r=1.15391e-08/1.10674e-08 s=0.453556/0.000236409 projection_inf=6.49282e-17 rho=1e+08 support=405/12248
ADMM_ITER round=0/0 iteration=15525/30000 objective=0.00041973327073289491 r=1.15499e-08/1.10674e-08 s=0.446504/0.000236643 projection_inf=7.53837e-17 rho=1e+08 support=407/12248
ADMM_ITER round=0/0 iteration=15550/30000 objective=0.00041998609176767203 r=1.1571e-08/1.10674e-08 s=0.437861/0.000236876 projection_inf=6.53093e-17 rho=1e+08 support=408/12248
ADMM_ITER round=0/0 iteration=15575/30000 objective=0.00042023068175467491 r=1.15935e-08/1.10674e-08 s=0.428447/0.00023711 projection_inf=6.96682e-17 rho=1e+08 support=408/12248
ADMM_ITER round=0/0 iteration=15600/30000 objective=0.00042045419200650077 r=1.16229e-08/1.10674e-08 s=0.417705/0.000237343 projection_inf=6.44235e-17 rho=1e+08 support=407/12248
ADMM_ITER round=0/0 iteration=15625/30000 objective=0.00042066410911928209 r=1.16237e-08/1.10674e-08 s=0.414938/0.000237576 projection_inf=6.89815e-17 rho=1e+08 support=407/12248
ADMM_ITER round=0/0 iteration=15650/30000 objective=0.00042090565093946109 r=1.15834e-08/1.10674e-08 s=0.422282/0.000237809 projection_inf=6.61335e-17 rho=1e+08 support=405/12248
ADMM_ITER round=0/0 iteration=15675/30000 objective=0.00042119982059078443 r=1.15301e-08/1.10674e-08 s=0.434236/0.000238041 projection_inf=7.14162e-17 rho=1e+08 support=404/12248
ADMM_ITER round=0/0 iteration=15700/30000 objective=0.00042155904077330179 r=1.15037e-08/1.10674e-08 s=0.438657/0.000238274 projection_inf=7.35357e-17 rho=1e+08 support=406/12248
ADMM_ITER round=0/0 iteration=15725/30000 objective=0.00042194499510052059 r=1.14881e-08/1.10674e-08 s=0.438449/0.000238506 projection_inf=6.72197e-17 rho=1e+08 support=406/12248
ADMM_ITER round=0/0 iteration=15750/30000 objective=0.00042233858727304966 r=1.14916e-08/1.10674e-08 s=0.433498/0.000238738 projection_inf=6.58647e-17 rho=1e+08 support=406/12248
ADMM_ITER round=0/0 iteration=15775/30000 objective=0.00042274659706183996 r=1.1496e-08/1.10674e-08 s=0.429749/0.000238969 projection_inf=7.47039e-17 rho=1e+08 support=406/12248
ADMM_ITER round=0/0 iteration=15800/30000 objective=0.00042317683195903518 r=1.14765e-08/1.10674e-08 s=0.432074/0.0002392 projection_inf=7.49944e-17 rho=1e+08 support=407/12248
ADMM_ITER round=0/0 iteration=15825/30000 objective=0.00042360338716840459 r=1.14433e-08/1.10674e-08 s=0.438028/0.000239431 projection_inf=7.32478e-17 rho=1e+08 support=408/12248
ADMM_ITER round=0/0 iteration=15850/30000 objective=0.00042407121173198962 r=1.14135e-08/1.10674e-08 s=0.442097/0.000239661 projection_inf=7.24638e-17 rho=1e+08 support=408/12248
ADMM_ITER round=0/0 iteration=15875/30000 objective=0.00042456939079779914 r=1.1412e-08/1.10674e-08 s=0.440007/0.000239891 projection_inf=6.84724e-17 rho=1e+08 support=408/12248
ADMM_ITER round=0/0 iteration=15900/30000 objective=0.00042510482385916355 r=1.14398e-08/1.10674e-08 s=0.430232/0.00024012 projection_inf=6.37352e-17 rho=1e+08 support=408/12248
ADMM_ITER round=0/0 iteration=15925/30000 objective=0.00042568989764581535 r=1.14763e-08/1.10674e-08 s=0.417435/0.000240349 projection_inf=6.89569e-17 rho=1e+08 support=407/12248
ADMM_ITER round=0/0 iteration=15950/30000 objective=0.00042634817985430084 r=1.14462e-08/1.10674e-08 s=0.422101/0.000240578 projection_inf=6.36244e-17 rho=1e+08 support=405/12248
ADMM_ITER round=0/0 iteration=15975/30000 objective=0.0004270685735625854 r=1.14405e-08/1.10674e-08 s=0.419314/0.000240805 projection_inf=6.76641e-17 rho=1e+08 support=405/12248
ADMM_ITER round=0/0 iteration=16000/30000 objective=0.00042781669669028177 r=1.14503e-08/1.10674e-08 s=0.410408/0.000241032 projection_inf=6.62392e-17 rho=1e+08 support=404/12248
ADMM_ITER round=0/0 iteration=16025/30000 objective=0.00042857510833778774 r=1.14146e-08/1.10674e-08 s=0.416923/0.000241258 projection_inf=6.54797e-17 rho=1e+08 support=404/12248
ADMM_ITER round=0/0 iteration=16050/30000 objective=0.00042932727847547143 r=1.13895e-08/1.10674e-08 s=0.421039/0.000241484 projection_inf=6.07848e-17 rho=1e+08 support=404/12248
ADMM_ITER round=0/0 iteration=16075/30000 objective=0.00043007432560056042 r=1.13866e-08/1.10674e-08 s=0.419453/0.000241709 projection_inf=6.47186e-17 rho=1e+08 support=405/12248
ADMM_ITER round=0/0 iteration=16100/30000 objective=0.00043081802796996632 r=1.13746e-08/1.10674e-08 s=0.420317/0.000241933 projection_inf=7.39459e-17 rho=1e+08 support=405/12248
ADMM_ITER round=0/0 iteration=16125/30000 objective=0.00043156767237067248 r=1.14019e-08/1.10674e-08 s=0.409902/0.000242157 projection_inf=6.26244e-17 rho=1e+08 support=404/12248
ADMM_ITER round=0/0 iteration=16150/30000 objective=0.00043231434579865945 r=1.14257e-08/1.10674e-08 s=0.401085/0.000242379 projection_inf=6.74049e-17 rho=1e+08 support=404/12248
ADMM_ITER round=0/0 iteration=16175/30000 objective=0.00043305392123138759 r=1.14123e-08/1.10674e-08 s=0.402904/0.000242602 projection_inf=6.70494e-17 rho=1e+08 support=405/12248
ADMM_ITER round=0/0 iteration=16200/30000 objective=0.00043376460466800816 r=1.1408e-08/1.10674e-08 s=0.40228/0.000242823 projection_inf=6.48959e-17 rho=1e+08 support=405/12248
ADMM_ITER round=0/0 iteration=16225/30000 objective=0.0004344580121855536 r=1.14126e-08/1.10674e-08 s=0.399217/0.000243044 projection_inf=7.22493e-17 rho=1e+08 support=406/12248
ADMM_ITER round=0/0 iteration=16250/30000 objective=0.00043510197830388953 r=1.13745e-08/1.10674e-08 s=0.408311/0.000243264 projection_inf=6.74492e-17 rho=1e+08 support=405/12248
ADMM_ITER round=0/0 iteration=16275/30000 objective=0.00043567648422480567 r=1.13101e-08/1.10674e-08 s=0.424299/0.000243484 projection_inf=7.18662e-17 rho=1e+08 support=404/12248
ADMM_ITER round=0/0 iteration=16300/30000 objective=0.00043622783385328386 r=1.12394e-08/1.10674e-08 s=0.437257/0.000243703 projection_inf=6.94492e-17 rho=1e+08 support=405/12248
ADMM_ITER round=0/0 iteration=16325/30000 objective=0.00043675988941379798 r=1.11782e-08/1.10674e-08 s=0.450819/0.000243922 projection_inf=7.38642e-17 rho=1e+08 support=406/12248
ADMM_ITER round=0/0 iteration=16350/30000 objective=0.00043728800576436119 r=1.11572e-08/1.10674e-08 s=0.454468/0.00024414 projection_inf=6.94818e-17 rho=1e+08 support=406/12248
ADMM_ITER round=0/0 iteration=16375/30000 objective=0.00043782598861233921 r=1.11667e-08/1.10674e-08 s=0.450703/0.000244358 projection_inf=6.34018e-17 rho=1e+08 support=406/12248
ADMM_ITER round=0/0 iteration=16400/30000 objective=0.00043837291556549524 r=1.1172e-08/1.10674e-08 s=0.443586/0.000244575 projection_inf=7.6304e-17 rho=1e+08 support=403/12248
ADMM_ITER round=0/0 iteration=16425/30000 objective=0.0004389359934247086 r=1.11842e-08/1.10674e-08 s=0.438093/0.000244792 projection_inf=6.57833e-17 rho=1e+08 support=404/12248
ADMM_ITER round=0/0 iteration=16450/30000 objective=0.00043951314903613661 r=1.12155e-08/1.10674e-08 s=0.428136/0.000245008 projection_inf=7.10016e-17 rho=1e+08 support=404/12248
ADMM_ITER round=0/0 iteration=16475/30000 objective=0.00044008844445023155 r=1.12191e-08/1.10674e-08 s=0.425082/0.000245224 projection_inf=7.66216e-17 rho=1e+08 support=405/12248
ADMM_ITER round=0/0 iteration=16500/30000 objective=0.00044063624655234565 r=1.11972e-08/1.10674e-08 s=0.425492/0.00024544 projection_inf=7.4132e-17 rho=1e+08 support=403/12248
ADMM_ITER round=0/0 iteration=16525/30000 objective=0.00044115362183593995 r=1.11486e-08/1.10674e-08 s=0.434622/0.000245654 projection_inf=6.64231e-17 rho=1e+08 support=402/12248
ADMM_ITER round=0/0 iteration=16550/30000 objective=0.00044160937559603651 r=1.11044e-08/1.10674e-08 s=0.443518/0.000245869 projection_inf=7.04329e-17 rho=1e+08 support=402/12248
ADMM_ITER round=0/0 iteration=16575/30000 objective=0.00044200768120626383 r=1.10817e-08/1.10674e-08 s=0.447258/0.000246083 projection_inf=7.14836e-17 rho=1e+08 support=402/12248
ADMM_ITER round=0/0 iteration=16600/30000 objective=0.00044241292296497853 r=1.10905e-08/1.10674e-08 s=0.442608/0.000246297 projection_inf=7.4508e-17 rho=1e+08 support=401/12248
ADMM_ITER round=0/0 iteration=16625/30000 objective=0.00044283067844555675 r=1.1137e-08/1.10674e-08 s=0.427415/0.00024651 projection_inf=7.54377e-17 rho=1e+08 support=400/12248
ADMM_ITER round=0/0 iteration=16650/30000 objective=0.00044329005957341482 r=1.11705e-08/1.10674e-08 s=0.4164/0.000246723 projection_inf=6.68396e-17 rho=1e+08 support=400/12248
ADMM_ITER round=0/0 iteration=16675/30000 objective=0.0004437750756934638 r=1.11685e-08/1.10674e-08 s=0.414599/0.000246936 projection_inf=7.05322e-17 rho=1e+08 support=400/12248
ADMM_ITER round=0/0 iteration=16700/30000 objective=0.00044428764735725235 r=1.11535e-08/1.10674e-08 s=0.416317/0.000247148 projection_inf=7.18987e-17 rho=1e+08 support=401/12248
ADMM_ITER round=0/0 iteration=16725/30000 objective=0.00044482028576580226 r=1.11524e-08/1.10674e-08 s=0.412848/0.00024736 projection_inf=6.98311e-17 rho=1e+08 support=400/12248
ADMM_ITER round=0/0 iteration=16750/30000 objective=0.00044536353276117578 r=1.11556e-08/1.10674e-08 s=0.409696/0.000247571 projection_inf=7.32137e-17 rho=1e+08 support=400/12248
ADMM_ITER round=0/0 iteration=16775/30000 objective=0.0004459036194453695 r=1.11711e-08/1.10674e-08 s=0.403444/0.000247782 projection_inf=7.29592e-17 rho=1e+08 support=400/12248
ADMM_ITER round=0/0 iteration=16800/30000 objective=0.00044643431636338422 r=1.11814e-08/1.10674e-08 s=0.398582/0.000247993 projection_inf=6.59678e-17 rho=1e+08 support=399/12248
ADMM_ITER round=0/0 iteration=16825/30000 objective=0.00044695599345279997 r=1.11871e-08/1.10674e-08 s=0.395092/0.000248203 projection_inf=6.36985e-17 rho=1e+08 support=399/12248
ADMM_ITER round=0/0 iteration=16850/30000 objective=0.000447479600159224 r=1.12069e-08/1.10674e-08 s=0.387586/0.000248412 projection_inf=6.45787e-17 rho=1e+08 support=400/12248
ADMM_ITER round=0/0 iteration=16875/30000 objective=0.00044803030550657206 r=1.12241e-08/1.10674e-08 s=0.379277/0.000248622 projection_inf=7.02492e-17 rho=1e+08 support=399/12248
ADMM_ITER round=0/0 iteration=16900/30000 objective=0.00044864465381643469 r=1.12323e-08/1.10674e-08 s=0.374067/0.00024883 projection_inf=7.92542e-17 rho=1e+08 support=400/12248
ADMM_ITER round=0/0 iteration=16925/30000 objective=0.00044925847469498087 r=1.12411e-08/1.10674e-08 s=0.368623/0.000249039 projection_inf=7.74505e-17 rho=1e+08 support=401/12248
ADMM_ITER round=0/0 iteration=16950/30000 objective=0.00044983202877306206 r=1.12748e-08/1.10674e-08 s=0.354616/0.000249246 projection_inf=6.85749e-17 rho=1e+08 support=399/12248
ADMM_ITER round=0/0 iteration=16975/30000 objective=0.0004503852868968731 r=1.1294e-08/1.10674e-08 s=0.345659/0.000249453 projection_inf=6.96255e-17 rho=1e+08 support=399/12248
ADMM_ITER round=0/0 iteration=17000/30000 objective=0.00045088655219545153 r=1.12534e-08/1.10674e-08 s=0.356053/0.00024966 projection_inf=6.94004e-17 rho=1e+08 support=400/12248
ADMM_ITER round=0/0 iteration=17025/30000 objective=0.00045131779938342698 r=1.11854e-08/1.10674e-08 s=0.374608/0.000249867 projection_inf=6.97974e-17 rho=1e+08 support=400/12248
ADMM_ITER round=0/0 iteration=17050/30000 objective=0.00045169253860786096 r=1.11748e-08/1.10674e-08 s=0.375301/0.000250073 projection_inf=7.94148e-17 rho=1e+08 support=401/12248
ADMM_ITER round=0/0 iteration=17075/30000 objective=0.00045204028004200214 r=1.12494e-08/1.10674e-08 s=0.349594/0.000250279 projection_inf=6.89792e-17 rho=1e+08 support=400/12248
ADMM_ITER round=0/0 iteration=17100/30000 objective=0.00045241613025904641 r=1.13271e-08/1.10674e-08 s=0.319648/0.000250485 projection_inf=7.17691e-17 rho=1e+08 support=400/12248
ADMM_ITER round=0/0 iteration=17125/30000 objective=0.00045280083900047646 r=1.13423e-08/1.10674e-08 s=0.311388/0.00025069 projection_inf=6.99196e-17 rho=1e+08 support=400/12248
ADMM_ITER round=0/0 iteration=17150/30000 objective=0.00045316695844462604 r=1.13347e-08/1.10674e-08 s=0.310958/0.000250895 projection_inf=7.95182e-17 rho=1e+08 support=399/12248
ADMM_ITER round=0/0 iteration=17175/30000 objective=0.0004535210180198074 r=1.13585e-08/1.10674e-08 s=0.29877/0.0002511 projection_inf=6.76826e-17 rho=1e+08 support=399/12248
ADMM_ITER round=0/0 iteration=17200/30000 objective=0.00045385923107395156 r=1.14025e-08/1.10674e-08 s=0.278444/0.000251305 projection_inf=7.15049e-17 rho=1e+08 support=400/12248
ADMM_ITER round=0/0 iteration=17225/30000 objective=0.00045417773981658446 r=1.1393e-08/1.10674e-08 s=0.27944/0.000251509 projection_inf=7.92516e-17 rho=1e+08 support=400/12248
ADMM_ITER round=0/0 iteration=17250/30000 objective=0.00045445865452002572 r=1.13332e-08/1.10674e-08 s=0.3003/0.000251714 projection_inf=7.33086e-17 rho=1e+08 support=400/12248
ADMM_ITER round=0/0 iteration=17275/30000 objective=0.00045469099897230689 r=1.12254e-08/1.10674e-08 s=0.335693/0.000251918 projection_inf=7.01156e-17 rho=1e+08 support=402/12248
ADMM_ITER round=0/0 iteration=17300/30000 objective=0.00045488302906002116 r=1.11334e-08/1.10674e-08 s=0.362293/0.000252122 projection_inf=6.83515e-17 rho=1e+08 support=402/12248
ADMM_ITER round=0/0 iteration=17325/30000 objective=0.0004550431798265989 r=1.11056e-08/1.10674e-08 s=0.368348/0.000252326 projection_inf=6.79016e-17 rho=1e+08 support=402/12248
ADMM_ITER round=0/0 iteration=17350/30000 objective=0.0004551809205415415 r=1.11129e-08/1.10674e-08 s=0.363952/0.000252531 projection_inf=6.57078e-17 rho=1e+08 support=401/12248
ADMM_ITER round=0/0 iteration=17375/30000 objective=0.0004553005749526061 r=1.11127e-08/1.10674e-08 s=0.361627/0.000252735 projection_inf=6.9887e-17 rho=1e+08 support=403/12248
ADMM_ITER round=0/0 iteration=17400/30000 objective=0.00045542205471703042 r=1.10989e-08/1.10674e-08 s=0.363515/0.000252939 projection_inf=8.10965e-17 rho=1e+08 support=404/12248
ADMM_ITER round=0/0 iteration=17425/30000 objective=0.00045556955962645028 r=1.10975e-08/1.10674e-08 s=0.361646/0.000253143 projection_inf=7.48427e-17 rho=1e+08 support=402/12248
ADMM_ITER round=0/0 iteration=17450/30000 objective=0.00045571041035398258 r=1.11216e-08/1.10674e-08 s=0.351039/0.000253347 projection_inf=6.81203e-17 rho=1e+08 support=401/12248
ADMM_ITER round=0/0 iteration=17475/30000 objective=0.00045584191899796411 r=1.1119e-08/1.10674e-08 s=0.349392/0.000253551 projection_inf=7.81077e-17 rho=1e+08 support=401/12248
ADMM_ITER round=0/0 iteration=17500/30000 objective=0.000455975949097824 r=1.10603e-08/1.10674e-08 s=0.365024/0.000253755 projection_inf=7.252e-17 rho=1e+08 support=404/12248
ADMM_ITER round=0/0 iteration=17525/30000 objective=0.00045613033190743975 r=1.09931e-08/1.10674e-08 s=0.382458/0.000253958 projection_inf=7.14089e-17 rho=1e+08 support=404/12248
ADMM_ITER round=0/0 iteration=17550/30000 objective=0.00045629895562426857 r=1.09586e-08/1.10674e-08 s=0.390152/0.000254162 projection_inf=7.70856e-17 rho=1e+08 support=404/12248
ADMM_ITER round=0/0 iteration=17575/30000 objective=0.00045645191371824931 r=1.09273e-08/1.10674e-08 s=0.396218/0.000254366 projection_inf=7.49563e-17 rho=1e+08 support=404/12248
ADMM_ITER round=0/0 iteration=17600/30000 objective=0.00045662227924295505 r=1.09465e-08/1.10674e-08 s=0.386687/0.00025457 projection_inf=7.74038e-17 rho=1e+08 support=405/12248
ADMM_ITER round=0/0 iteration=17625/30000 objective=0.00045683200737810302 r=1.09638e-08/1.10674e-08 s=0.378951/0.000254773 projection_inf=7.0583e-17 rho=1e+08 support=406/12248
ADMM_ITER round=0/0 iteration=17650/30000 objective=0.00045706026869192778 r=1.09534e-08/1.10674e-08 s=0.37948/0.000254977 projection_inf=7.8435e-17 rho=1e+08 support=406/12248
ADMM_ITER round=0/0 iteration=17675/30000 objective=0.00045730359350235766 r=1.09423e-08/1.10674e-08 s=0.380447/0.00025518 projection_inf=7.1693e-17 rho=1e+08 support=407/12248
ADMM_ITER round=0/0 iteration=17700/30000 objective=0.00045752008744606325 r=1.09128e-08/1.10674e-08 s=0.386751/0.000255384 projection_inf=6.9608e-17 rho=1e+08 support=406/12248
ADMM_ITER round=0/0 iteration=17725/30000 objective=0.00045768874095433065 r=1.08664e-08/1.10674e-08 s=0.397595/0.000255587 projection_inf=7.70226e-17 rho=1e+08 support=406/12248
ADMM_ITER round=0/0 iteration=17750/30000 objective=0.00045783667234436089 r=1.08916e-08/1.10674e-08 s=0.385289/0.00025579 projection_inf=6.98284e-17 rho=1e+08 support=408/12248
ADMM_ITER round=0/0 iteration=17775/30000 objective=0.00045798418426350098 r=1.09367e-08/1.10674e-08 s=0.369181/0.000255993 projection_inf=6.52885e-17 rho=1e+08 support=409/12248
ADMM_ITER round=0/0 iteration=17800/30000 objective=0.00045811337259200115 r=1.09158e-08/1.10674e-08 s=0.371298/0.000256196 projection_inf=7.62776e-17 rho=1e+08 support=408/12248
ADMM_ITER round=0/0 iteration=17825/30000 objective=0.00045822938950465861 r=1.08544e-08/1.10674e-08 s=0.385674/0.000256399 projection_inf=7.08561e-17 rho=1e+08 support=408/12248
ADMM_ITER round=0/0 iteration=17850/30000 objective=0.0004582953856283436 r=1.0815e-08/1.10674e-08 s=0.393697/0.000256602 projection_inf=7.66702e-17 rho=1e+08 support=406/12248
ADMM_ITER round=0/0 iteration=17875/30000 objective=0.00045836183758353938 r=1.07803e-08/1.10674e-08 s=0.400682/0.000256805 projection_inf=7.00315e-17 rho=1e+08 support=407/12248
ADMM_ITER round=0/0 iteration=17900/30000 objective=0.00045843551617089903 r=1.07465e-08/1.10674e-08 s=0.407431/0.000257008 projection_inf=8.14175e-17 rho=1e+08 support=407/12248
ADMM_ITER round=0/0 iteration=17925/30000 objective=0.00045849932854604266 r=1.07387e-08/1.10674e-08 s=0.407409/0.000257211 projection_inf=7.78554e-17 rho=1e+08 support=408/12248
ADMM_ITER round=0/0 iteration=17950/30000 objective=0.00045853165968018079 r=1.07557e-08/1.10674e-08 s=0.400515/0.000257414 projection_inf=7.9338e-17 rho=1e+08 support=407/12248
ADMM_ITER round=0/0 iteration=17975/30000 objective=0.00045854270005787917 r=1.0753e-08/1.10674e-08 s=0.398365/0.000257617 projection_inf=6.60924e-17 rho=1e+08 support=405/12248
ADMM_ITER round=0/0 iteration=18000/30000 objective=0.00045852929872291663 r=1.07205e-08/1.10674e-08 s=0.404899/0.00025782 projection_inf=6.96165e-17 rho=1e+08 support=405/12248
ADMM_ITER round=0/0 iteration=18025/30000 objective=0.00045853126119960392 r=1.07109e-08/1.10674e-08 s=0.405557/0.000258023 projection_inf=7.03097e-17 rho=1e+08 support=405/12248
ADMM_ITER round=0/0 iteration=18050/30000 objective=0.00045855564935185568 r=1.072e-08/1.10674e-08 s=0.401367/0.000258227 projection_inf=7.2101e-17 rho=1e+08 support=405/12248
ADMM_ITER round=0/0 iteration=18075/30000 objective=0.00045860111491779652 r=1.07073e-08/1.10674e-08 s=0.403095/0.00025843 projection_inf=6.65321e-17 rho=1e+08 support=406/12248
ADMM_ITER round=0/0 iteration=18100/30000 objective=0.0004586733794076676 r=1.06874e-08/1.10674e-08 s=0.406706/0.000258633 projection_inf=7.41114e-17 rho=1e+08 support=407/12248
ADMM_ITER round=0/0 iteration=18125/30000 objective=0.00045875287835899409 r=1.06885e-08/1.10674e-08 s=0.404746/0.000258837 projection_inf=7.67644e-17 rho=1e+08 support=407/12248
ADMM_ITER round=0/0 iteration=18150/30000 objective=0.00045881144010375433 r=1.06872e-08/1.10674e-08 s=0.403216/0.00025904 projection_inf=6.93194e-17 rho=1e+08 support=406/12248
ADMM_ITER round=0/0 iteration=18175/30000 objective=0.0004588732649395146 r=1.06777e-08/1.10674e-08 s=0.40336/0.000259244 projection_inf=7.1241e-17 rho=1e+08 support=406/12248
ADMM_ITER round=0/0 iteration=18200/30000 objective=0.00045895870756306042 r=1.06644e-08/1.10674e-08 s=0.405137/0.000259447 projection_inf=6.80482e-17 rho=1e+08 support=406/12248
ADMM_ITER round=0/0 iteration=18225/30000 objective=0.00045906713151610922 r=1.06207e-08/1.10674e-08 s=0.414121/0.000259651 projection_inf=7.04703e-17 rho=1e+08 support=407/12248
ADMM_ITER round=0/0 iteration=18250/30000 objective=0.00045918830924490797 r=1.05792e-08/1.10674e-08 s=0.42198/0.000259854 projection_inf=8.10974e-17 rho=1e+08 support=409/12248
ADMM_ITER round=0/0 iteration=18275/30000 objective=0.00045933476750477018 r=1.05874e-08/1.10674e-08 s=0.417393/0.000260057 projection_inf=7.0472e-17 rho=1e+08 support=410/12248
ADMM_ITER round=0/0 iteration=18300/30000 objective=0.00045946933661886939 r=1.06624e-08/1.10674e-08 s=0.395455/0.000260261 projection_inf=7.10702e-17 rho=1e+08 support=410/12248
ADMM_ITER round=0/0 iteration=18325/30000 objective=0.00045957736156310868 r=1.07029e-08/1.10674e-08 s=0.382098/0.000260464 projection_inf=7.08431e-17 rho=1e+08 support=410/12248
ADMM_ITER round=0/0 iteration=18350/30000 objective=0.00045966691871651569 r=1.07195e-08/1.10674e-08 s=0.375241/0.000260667 projection_inf=6.99708e-17 rho=1e+08 support=410/12248
ADMM_ITER round=0/0 iteration=18375/30000 objective=0.00045977197278714889 r=1.07192e-08/1.10674e-08 s=0.372234/0.00026087 projection_inf=7.06641e-17 rho=1e+08 support=409/12248
ADMM_ITER round=0/0 iteration=18400/30000 objective=0.00045990570765249095 r=1.06709e-08/1.10674e-08 s=0.383255/0.000261073 projection_inf=6.61621e-17 rho=1e+08 support=409/12248
ADMM_ITER round=0/0 iteration=18425/30000 objective=0.00046005629149019887 r=1.06004e-08/1.10674e-08 s=0.400086/0.000261277 projection_inf=7.03656e-17 rho=1e+08 support=408/12248
ADMM_ITER round=0/0 iteration=18450/30000 objective=0.00046021561438891554 r=1.05177e-08/1.10674e-08 s=0.419436/0.00026148 projection_inf=7.54428e-17 rho=1e+08 support=408/12248
ADMM_ITER round=0/0 iteration=18475/30000 objective=0.00046038966209433537 r=1.04264e-08/1.10674e-08 s=0.439092/0.000261682 projection_inf=6.8525e-17 rho=1e+08 support=410/12248
ADMM_ITER round=0/0 iteration=18500/30000 objective=0.00046058807532721425 r=1.03816e-08/1.10674e-08 s=0.447423/0.000261885 projection_inf=7.50943e-17 rho=1e+08 support=410/12248
ADMM_ITER round=0/0 iteration=18525/30000 objective=0.00046079621802709299 r=1.03777e-08/1.10674e-08 s=0.446413/0.000262088 projection_inf=7.38288e-17 rho=1e+08 support=410/12248
ADMM_ITER round=0/0 iteration=18550/30000 objective=0.00046099093384380642 r=1.03821e-08/1.10674e-08 s=0.442428/0.000262291 projection_inf=7.17877e-17 rho=1e+08 support=409/12248
ADMM_ITER round=0/0 iteration=18575/30000 objective=0.00046114721734546109 r=1.0406e-08/1.10674e-08 s=0.434708/0.000262493 projection_inf=7.50847e-17 rho=1e+08 support=409/12248
ADMM_ITER round=0/0 iteration=18600/30000 objective=0.00046128749901638296 r=1.04141e-08/1.10674e-08 s=0.430157/0.000262695 projection_inf=8.53106e-17 rho=1e+08 support=407/12248
ADMM_ITER round=0/0 iteration=18625/30000 objective=0.00046138879518154867 r=1.04087e-08/1.10674e-08 s=0.429307/0.000262898 projection_inf=6.97578e-17 rho=1e+08 support=407/12248
ADMM_ITER round=0/0 iteration=18650/30000 objective=0.00046145285099667038 r=1.03788e-08/1.10674e-08 s=0.434594/0.0002631 projection_inf=7.7145e-17 rho=1e+08 support=407/12248
ADMM_ITER round=0/0 iteration=18675/30000 objective=0.00046147879055139315 r=1.03563e-08/1.10674e-08 s=0.437799/0.000263302 projection_inf=7.15347e-17 rho=1e+08 support=406/12248
ADMM_ITER round=0/0 iteration=18700/30000 objective=0.00046146732474815536 r=1.03811e-08/1.10674e-08 s=0.430003/0.000263504 projection_inf=7.34126e-17 rho=1e+08 support=407/12248
ADMM_ITER round=0/0 iteration=18725/30000 objective=0.0004614596272951537 r=1.04264e-08/1.10674e-08 s=0.417076/0.000263707 projection_inf=7.69335e-17 rho=1e+08 support=407/12248
ADMM_ITER round=0/0 iteration=18750/30000 objective=0.00046151384257079236 r=1.04261e-08/1.10674e-08 s=0.41545/0.000263909 projection_inf=6.90193e-17 rho=1e+08 support=407/12248
ADMM_ITER round=0/0 iteration=18775/30000 objective=0.0004616325060074148 r=1.04199e-08/1.10674e-08 s=0.415437/0.000264112 projection_inf=7.09122e-17 rho=1e+08 support=407/12248
ADMM_ITER round=0/0 iteration=18800/30000 objective=0.00046181449797918307 r=1.04413e-08/1.10674e-08 s=0.40802/0.000264314 projection_inf=7.0708e-17 rho=1e+08 support=409/12248
ADMM_ITER round=0/0 iteration=18825/30000 objective=0.00046206063195942341 r=1.04324e-08/1.10674e-08 s=0.408557/0.000264516 projection_inf=8.25446e-17 rho=1e+08 support=409/12248
ADMM_ITER round=0/0 iteration=18850/30000 objective=0.00046235794562326458 r=1.04186e-08/1.10674e-08 s=0.410187/0.000264718 projection_inf=6.99828e-17 rho=1e+08 support=410/12248
ADMM_ITER round=0/0 iteration=18875/30000 objective=0.00046269474597163162 r=1.04174e-08/1.10674e-08 s=0.408293/0.00026492 projection_inf=7.59796e-17 rho=1e+08 support=409/12248
ADMM_ITER round=0/0 iteration=18900/30000 objective=0.0004630588986752434 r=1.04135e-08/1.10674e-08 s=0.407397/0.000265121 projection_inf=7.92104e-17 rho=1e+08 support=409/12248
ADMM_ITER round=0/0 iteration=18925/30000 objective=0.00046343116019376352 r=1.04059e-08/1.10674e-08 s=0.40764/0.000265323 projection_inf=7.26928e-17 rho=1e+08 support=409/12248
ADMM_ITER round=0/0 iteration=18950/30000 objective=0.00046381706795886222 r=1.0392e-08/1.10674e-08 s=0.406169/0.000265523 projection_inf=7.22681e-17 rho=1e+08 support=407/12248
ADMM_ITER round=0/0 iteration=18975/30000 objective=0.00046421880620170286 r=1.03928e-08/1.10674e-08 s=0.403171/0.000265724 projection_inf=7.20391e-17 rho=1e+08 support=407/12248
ADMM_ITER round=0/0 iteration=19000/30000 objective=0.00046460850359553808 r=1.03679e-08/1.10674e-08 s=0.406691/0.000265924 projection_inf=7.22365e-17 rho=1e+08 support=406/12248
ADMM_ITER round=0/0 iteration=19025/30000 objective=0.00046499356349454863 r=1.03358e-08/1.10674e-08 s=0.412794/0.000266124 projection_inf=7.71689e-17 rho=1e+08 support=406/12248
ADMM_ITER round=0/0 iteration=19050/30000 objective=0.00046539719336087548 r=1.03512e-08/1.10674e-08 s=0.407025/0.000266324 projection_inf=7.17531e-17 rho=1e+08 support=407/12248
ADMM_ITER round=0/0 iteration=19075/30000 objective=0.00046578231940889569 r=1.03701e-08/1.10674e-08 s=0.400405/0.000266523 projection_inf=7.65702e-17 rho=1e+08 support=407/12248
ADMM_ITER round=0/0 iteration=19100/30000 objective=0.00046614793631138333 r=1.03778e-08/1.10674e-08 s=0.396731/0.000266722 projection_inf=7.81383e-17 rho=1e+08 support=407/12248
ADMM_ITER round=0/0 iteration=19125/30000 objective=0.00046649433174728087 r=1.03688e-08/1.10674e-08 s=0.397496/0.000266921 projection_inf=6.69491e-17 rho=1e+08 support=407/12248
ADMM_ITER round=0/0 iteration=19150/30000 objective=0.00046682816784027594 r=1.03325e-08/1.10674e-08 s=0.405334/0.00026712 projection_inf=7.77246e-17 rho=1e+08 support=407/12248
ADMM_ITER round=0/0 iteration=19175/30000 objective=0.00046714862817707608 r=1.03021e-08/1.10674e-08 s=0.411611/0.000267318 projection_inf=7.51041e-17 rho=1e+08 support=407/12248
ADMM_ITER round=0/0 iteration=19200/30000 objective=0.00046746234707605575 r=1.02768e-08/1.10674e-08 s=0.41653/0.000267516 projection_inf=7.24572e-17 rho=1e+08 support=408/12248
ADMM_ITER round=0/0 iteration=19225/30000 objective=0.00046778071919684341 r=1.02279e-08/1.10674e-08 s=0.427084/0.000267714 projection_inf=7.25678e-17 rho=1e+08 support=408/12248
ADMM_ITER round=0/0 iteration=19250/30000 objective=0.00046809688566218019 r=1.01912e-08/1.10674e-08 s=0.434476/0.000267912 projection_inf=8.46764e-17 rho=1e+08 support=407/12248
ADMM_ITER round=0/0 iteration=19275/30000 objective=0.00046841749295789211 r=1.0159e-08/1.10674e-08 s=0.440749/0.000268109 projection_inf=8.30842e-17 rho=1e+08 support=407/12248
ADMM_ITER round=0/0 iteration=19300/30000 objective=0.00046876333139328296 r=1.01108e-08/1.10674e-08 s=0.449576/0.000268306 projection_inf=7.43337e-17 rho=1e+08 support=406/12248
ADMM_ITER round=0/0 iteration=19325/30000 objective=0.00046914410928313463 r=1.0096e-08/1.10674e-08 s=0.451173/0.000268503 projection_inf=7.41877e-17 rho=1e+08 support=406/12248
ADMM_ITER round=0/0 iteration=19350/30000 objective=0.00046957219591492206 r=1.0133e-08/1.10674e-08 s=0.43673/0.0002687 projection_inf=7.63719e-17 rho=1e+08 support=405/12248
ADMM_ITER round=0/0 iteration=19375/30000 objective=0.00047004322509324646 r=1.01582e-08/1.10674e-08 s=0.428457/0.000268896 projection_inf=7.114e-17 rho=1e+08 support=405/12248
ADMM_ITER round=0/0 iteration=19400/30000 objective=0.0004705701437193433 r=1.0184e-08/1.10674e-08 s=0.419855/0.000269091 projection_inf=7.41908e-17 rho=1e+08 support=406/12248
ADMM_ITER round=0/0 iteration=19425/30000 objective=0.00047113605608585518 r=1.01899e-08/1.10674e-08 s=0.416253/0.000269287 projection_inf=7.54482e-17 rho=1e+08 support=406/12248
ADMM_ITER round=0/0 iteration=19450/30000 objective=0.00047170510126992154 r=1.01906e-08/1.10674e-08 s=0.414268/0.000269481 projection_inf=7.83462e-17 rho=1e+08 support=406/12248
ADMM_ITER round=0/0 iteration=19475/30000 objective=0.00047224867933000076 r=1.01822e-08/1.10674e-08 s=0.414465/0.000269676 projection_inf=8.15935e-17 rho=1e+08 support=407/12248
ADMM_ITER round=0/0 iteration=19500/30000 objective=0.00047275805616476196 r=1.01501e-08/1.10674e-08 s=0.420546/0.00026987 projection_inf=7.80313e-17 rho=1e+08 support=408/12248
ADMM_ITER round=0/0 iteration=19525/30000 objective=0.00047324988457648809 r=1.01057e-08/1.10674e-08 s=0.428916/0.000270063 projection_inf=6.99133e-17 rho=1e+08 support=408/12248
ADMM_ITER round=0/0 iteration=19550/30000 objective=0.00047372715135996825 r=1.01094e-08/1.10674e-08 s=0.425981/0.000270256 projection_inf=7.45632e-17 rho=1e+08 support=407/12248
ADMM_ITER round=0/0 iteration=19575/30000 objective=0.00047416385903404696 r=1.01217e-08/1.10674e-08 s=0.421229/0.000270449 projection_inf=7.4848e-17 rho=1e+08 support=407/12248
ADMM_ITER round=0/0 iteration=19600/30000 objective=0.00047457840187767016 r=1.0132e-08/1.10674e-08 s=0.416883/0.000270641 projection_inf=6.99385e-17 rho=1e+08 support=408/12248
ADMM_ITER round=0/0 iteration=19625/30000 objective=0.00047499202295073938 r=1.01529e-08/1.10674e-08 s=0.41007/0.000270833 projection_inf=7.36321e-17 rho=1e+08 support=408/12248
ADMM_ITER round=0/0 iteration=19650/30000 objective=0.00047537915562547486 r=1.01629e-08/1.10674e-08 s=0.405964/0.000271025 projection_inf=7.7708e-17 rho=1e+08 support=408/12248
ADMM_ITER round=0/0 iteration=19675/30000 objective=0.00047574695266545806 r=1.01755e-08/1.10674e-08 s=0.400433/0.000271217 projection_inf=8.29736e-17 rho=1e+08 support=408/12248
ADMM_ITER round=0/0 iteration=19700/30000 objective=0.00047610929189034984 r=1.01729e-08/1.10674e-08 s=0.399088/0.000271408 projection_inf=7.17015e-17 rho=1e+08 support=408/12248
ADMM_ITER round=0/0 iteration=19725/30000 objective=0.00047648285195816989 r=1.01628e-08/1.10674e-08 s=0.400049/0.000271599 projection_inf=7.97806e-17 rho=1e+08 support=408/12248
ADMM_ITER round=0/0 iteration=19750/30000 objective=0.00047689464562024081 r=1.0151e-08/1.10674e-08 s=0.401524/0.00027179 projection_inf=6.83162e-17 rho=1e+08 support=408/12248
ADMM_ITER round=0/0 iteration=19775/30000 objective=0.00047733630646952762 r=1.0142e-08/1.10674e-08 s=0.402343/0.00027198 projection_inf=7.68976e-17 rho=1e+08 support=408/12248
ADMM_ITER round=0/0 iteration=19800/30000 objective=0.00047778574443354345 r=1.01258e-08/1.10674e-08 s=0.404501/0.00027217 projection_inf=8.64192e-17 rho=1e+08 support=408/12248
ADMM_ITER round=0/0 iteration=19825/30000 objective=0.00047823010263172685 r=1.00987e-08/1.10674e-08 s=0.409709/0.00027236 projection_inf=7.88302e-17 rho=1e+08 support=409/12248
ADMM_ITER round=0/0 iteration=19850/30000 objective=0.00047868686861530173 r=1.00757e-08/1.10674e-08 s=0.413799/0.000272549 projection_inf=7.21004e-17 rho=1e+08 support=411/12248
ADMM_ITER round=0/0 iteration=19875/30000 objective=0.00047916942808521272 r=1.00817e-08/1.10674e-08 s=0.410867/0.000272738 projection_inf=7.78544e-17 rho=1e+08 support=411/12248
ADMM_ITER round=0/0 iteration=19900/30000 objective=0.00047967729418866336 r=1.01215e-08/1.10674e-08 s=0.399523/0.000272926 projection_inf=8.44967e-17 rho=1e+08 support=411/12248
ADMM_ITER round=0/0 iteration=19925/30000 objective=0.00048020967875988499 r=1.01792e-08/1.10674e-08 s=0.383168/0.000273114 projection_inf=7.25168e-17 rho=1e+08 support=411/12248
ADMM_ITER round=0/0 iteration=19950/30000 objective=0.00048074492917900562 r=1.02094e-08/1.10674e-08 s=0.373634/0.000273302 projection_inf=7.59643e-17 rho=1e+08 support=411/12248
ADMM_ITER round=0/0 iteration=19975/30000 objective=0.00048124811815268516 r=1.01855e-08/1.10674e-08 s=0.378549/0.000273489 projection_inf=7.58032e-17 rho=1e+08 support=410/12248
ADMM_ITER round=0/0 iteration=20000/30000 objective=0.00048172378112150405 r=1.01327e-08/1.10674e-08 s=0.38968/0.000273676 projection_inf=7.3583e-17 rho=1e+08 support=409/12248
ADMM_ITER round=0/0 iteration=20025/30000 objective=0.00048219587722649635 r=1.00906e-08/1.10674e-08 s=0.398905/0.000273863 projection_inf=8.74576e-17 rho=1e+08 support=409/12248
ADMM_ITER round=0/0 iteration=20050/30000 objective=0.00048268243493781006 r=1.00731e-08/1.10674e-08 s=0.401889/0.000274049 projection_inf=7.20892e-17 rho=1e+08 support=410/12248
ADMM_ITER round=0/0 iteration=20075/30000 objective=0.00048318991854778089 r=1.00376e-08/1.10674e-08 s=0.409331/0.000274235 projection_inf=8.82146e-17 rho=1e+08 support=411/12248
ADMM_ITER round=0/0 iteration=20100/30000 objective=0.00048372906231238942 r=9.99411e-09/1.10674e-08 s=0.418597/0.00027442 projection_inf=8.67183e-17 rho=1e+08 support=411/12248
ADMM_ITER round=0/0 iteration=20125/30000 objective=0.00048432080407774167 r=9.98934e-09/1.10674e-08 s=0.415691/0.000274605 projection_inf=7.81583e-17 rho=1e+08 support=409/12248
ADMM_ITER round=0/0 iteration=20150/30000 objective=0.00048498409570995785 r=9.99752e-09/1.10674e-08 s=0.411943/0.00027479 projection_inf=7.77912e-17 rho=1e+08 support=409/12248
ADMM_ITER round=0/0 iteration=20175/30000 objective=0.0004856898806311582 r=1.00184e-08/1.10674e-08 s=0.405315/0.000274974 projection_inf=7.97793e-17 rho=1e+08 support=409/12248
ADMM_ITER round=0/0 iteration=20200/30000 objective=0.00048642351035327634 r=1.00254e-08/1.10674e-08 s=0.400851/0.000275157 projection_inf=7.287e-17 rho=1e+08 support=408/12248
ADMM_ITER round=0/0 iteration=20225/30000 objective=0.0004871580430802057 r=1.00265e-08/1.10674e-08 s=0.398362/0.00027534 projection_inf=8.32244e-17 rho=1e+08 support=408/12248
ADMM_ITER round=0/0 iteration=20250/30000 objective=0.00048788670005334172 r=1.0024e-08/1.10674e-08 s=0.397201/0.000275522 projection_inf=7.28926e-17 rho=1e+08 support=407/12248
ADMM_ITER round=0/0 iteration=20275/30000 objective=0.00048860328541336286 r=1.00302e-08/1.10674e-08 s=0.394045/0.000275704 projection_inf=7.84275e-17 rho=1e+08 support=407/12248
ADMM_ITER round=0/0 iteration=20300/30000 objective=0.00048926854404901673 r=1.00425e-08/1.10674e-08 s=0.38942/0.000275884 projection_inf=7.92009e-17 rho=1e+08 support=407/12248
ADMM_ITER round=0/0 iteration=20325/30000 objective=0.0004898675510404992 r=1.00583e-08/1.10674e-08 s=0.383887/0.000276065 projection_inf=8.57895e-17 rho=1e+08 support=406/12248
ADMM_ITER round=0/0 iteration=20350/30000 objective=0.00049039987538574 r=1.00633e-08/1.10674e-08 s=0.381236/0.000276245 projection_inf=7.78461e-17 rho=1e+08 support=406/12248
ADMM_ITER round=0/0 iteration=20375/30000 objective=0.00049087582185090156 r=1.00462e-08/1.10674e-08 s=0.384396/0.000276425 projection_inf=7.2101e-17 rho=1e+08 support=407/12248
ADMM_ITER round=0/0 iteration=20400/30000 objective=0.00049129689357362396 r=1.00195e-08/1.10674e-08 s=0.390011/0.000276604 projection_inf=7.97354e-17 rho=1e+08 support=408/12248
ADMM_ITER round=0/0 iteration=20425/30000 objective=0.00049168115375148973 r=9.97709e-09/1.10674e-08 s=0.399496/0.000276783 projection_inf=8.40033e-17 rho=1e+08 support=407/12248
ADMM_ITER round=0/0 iteration=20450/30000 objective=0.00049204975466856868 r=9.92329e-09/1.10674e-08 s=0.411502/0.000276962 projection_inf=7.17076e-17 rho=1e+08 support=407/12248
ADMM_ITER round=0/0 iteration=20475/30000 objective=0.00049241123578724942 r=9.86892e-09/1.10674e-08 s=0.423289/0.00027714 projection_inf=7.36908e-17 rho=1e+08 support=407/12248
ADMM_ITER round=0/0 iteration=20500/30000 objective=0.00049279000696118868 r=9.83015e-09/1.10674e-08 s=0.431035/0.000277319 projection_inf=7.85464e-17 rho=1e+08 support=405/12248
ADMM_ITER round=0/0 iteration=20525/30000 objective=0.00049321006887434178 r=9.82695e-09/1.10674e-08 s=0.430708/0.000277497 projection_inf=8.589e-17 rho=1e+08 support=405/12248
ADMM_ITER round=0/0 iteration=20550/30000 objective=0.00049366268677959464 r=9.83378e-09/1.10674e-08 s=0.427866/0.000277674 projection_inf=7.60485e-17 rho=1e+08 support=407/12248
ADMM_ITER round=0/0 iteration=20575/30000 objective=0.0004941897316266537 r=9.86484e-09/1.10674e-08 s=0.40925/0.000277852 projection_inf=7.73528e-17 rho=1e+08 support=408/12248
ADMM_ITER round=0/0 iteration=20600/30000 objective=0.00049475938299499477 r=9.8486e-09/1.10674e-08 s=0.409474/0.000278028 projection_inf=7.31472e-17 rho=1e+08 support=409/12248
ADMM_ITER round=0/0 iteration=20625/30000 objective=0.00049530376864547572 r=9.8393e-09/1.10674e-08 s=0.408824/0.000278205 projection_inf=8.51811e-17 rho=1e+08 support=409/12248
ADMM_ITER round=0/0 iteration=20650/30000 objective=0.00049583086810409702 r=9.84093e-09/1.10674e-08 s=0.406089/0.000278381 projection_inf=8.05148e-17 rho=1e+08 support=409/12248
ADMM_ITER round=0/0 iteration=20675/30000 objective=0.00049636037601699895 r=9.85638e-09/1.10674e-08 s=0.400247/0.000278556 projection_inf=9.04191e-17 rho=1e+08 support=409/12248
ADMM_ITER round=0/0 iteration=20700/30000 objective=0.0004969069894490833 r=9.88421e-09/1.10674e-08 s=0.391376/0.000278732 projection_inf=7.95179e-17 rho=1e+08 support=410/12248
ADMM_ITER round=0/0 iteration=20725/30000 objective=0.00049745839622678673 r=9.90527e-09/1.10674e-08 s=0.384139/0.000278906 projection_inf=7.74823e-17 rho=1e+08 support=411/12248
ADMM_ITER round=0/0 iteration=20750/30000 objective=0.00049797134435882156 r=9.90057e-09/1.10674e-08 s=0.383586/0.000279081 projection_inf=7.40664e-17 rho=1e+08 support=411/12248
ADMM_ITER round=0/0 iteration=20775/30000 objective=0.00049843227376368451 r=9.89121e-09/1.10674e-08 s=0.384345/0.000279255 projection_inf=8.78382e-17 rho=1e+08 support=411/12248
ADMM_ITER round=0/0 iteration=20800/30000 objective=0.00049884590972284842 r=9.90879e-09/1.10674e-08 s=0.378147/0.000279428 projection_inf=7.85502e-17 rho=1e+08 support=410/12248
ADMM_ITER round=0/0 iteration=20825/30000 objective=0.00049924490885218376 r=9.91828e-09/1.10674e-08 s=0.374085/0.000279602 projection_inf=7.52977e-17 rho=1e+08 support=410/12248
ADMM_ITER round=0/0 iteration=20850/30000 objective=0.00049964997342592213 r=9.87467e-09/1.10674e-08 s=0.383417/0.000279775 projection_inf=7.67922e-17 rho=1e+08 support=409/12248
ADMM_ITER round=0/0 iteration=20875/30000 objective=0.00050004637409432581 r=9.85577e-09/1.10674e-08 s=0.385477/0.000279948 projection_inf=8.25045e-17 rho=1e+08 support=409/12248
ADMM_ITER round=0/0 iteration=20900/30000 objective=0.000500447908423417 r=9.86374e-09/1.10674e-08 s=0.381066/0.00028012 projection_inf=7.21181e-17 rho=1e+08 support=408/12248
ADMM_ITER round=0/0 iteration=20925/30000 objective=0.00050086598165961652 r=9.86038e-09/1.10674e-08 s=0.380018/0.000280293 projection_inf=8.21641e-17 rho=1e+08 support=408/12248
ADMM_ITER round=0/0 iteration=20950/30000 objective=0.00050129310278015048 r=9.85265e-09/1.10674e-08 s=0.378643/0.000280465 projection_inf=7.97242e-17 rho=1e+08 support=408/12248
ADMM_ITER round=0/0 iteration=20975/30000 objective=0.00050173808912152011 r=9.83663e-09/1.10674e-08 s=0.380657/0.000280636 projection_inf=7.22699e-17 rho=1e+08 support=408/12248
ADMM_ITER round=0/0 iteration=21000/30000 objective=0.00050217571701212382 r=9.82823e-09/1.10674e-08 s=0.380947/0.000280808 projection_inf=7.77044e-17 rho=1e+08 support=408/12248
ADMM_ITER round=0/0 iteration=21025/30000 objective=0.00050258551374449351 r=9.82045e-09/1.10674e-08 s=0.381213/0.000280979 projection_inf=8.37382e-17 rho=1e+08 support=408/12248
ADMM_ITER round=0/0 iteration=21050/30000 objective=0.00050295513143492666 r=9.80016e-09/1.10674e-08 s=0.384774/0.000281149 projection_inf=7.39866e-17 rho=1e+08 support=408/12248
ADMM_ITER round=0/0 iteration=21075/30000 objective=0.00050326251674015238 r=9.75804e-09/1.10674e-08 s=0.393823/0.00028132 projection_inf=7.60138e-17 rho=1e+08 support=408/12248
ADMM_ITER round=0/0 iteration=21100/30000 objective=0.00050352610377877715 r=9.71205e-09/1.10674e-08 s=0.40362/0.00028149 projection_inf=9.50753e-17 rho=1e+08 support=408/12248
ADMM_ITER round=0/0 iteration=21125/30000 objective=0.00050377468014687536 r=9.68542e-09/1.10674e-08 s=0.40859/0.000281661 projection_inf=8.32134e-17 rho=1e+08 support=409/12248
ADMM_ITER round=0/0 iteration=21150/30000 objective=0.00050403101658944417 r=9.68257e-09/1.10674e-08 s=0.407906/0.000281831 projection_inf=8.13596e-17 rho=1e+08 support=409/12248
ADMM_ITER round=0/0 iteration=21175/30000 objective=0.0005043257549813007 r=9.7081e-09/1.10674e-08 s=0.400463/0.000282001 projection_inf=8.47525e-17 rho=1e+08 support=409/12248
ADMM_ITER round=0/0 iteration=21200/30000 objective=0.00050465471417526699 r=9.72991e-09/1.10674e-08 s=0.393825/0.00028217 projection_inf=7.67712e-17 rho=1e+08 support=409/12248
ADMM_ITER round=0/0 iteration=21225/30000 objective=0.00050499909400240255 r=9.72591e-09/1.10674e-08 s=0.39354/0.00028234 projection_inf=8.73722e-17 rho=1e+08 support=409/12248
ADMM_ITER round=0/0 iteration=21250/30000 objective=0.00050532942700009598 r=9.71356e-09/1.10674e-08 s=0.395349/0.000282509 projection_inf=7.93837e-17 rho=1e+08 support=409/12248
ADMM_ITER round=0/0 iteration=21275/30000 objective=0.00050562810445822011 r=9.70104e-09/1.10674e-08 s=0.397218/0.000282678 projection_inf=8.13332e-17 rho=1e+08 support=409/12248
ADMM_ITER round=0/0 iteration=21300/30000 objective=0.00050590913930864808 r=9.68268e-09/1.10674e-08 s=0.400511/0.000282847 projection_inf=8.52945e-17 rho=1e+08 support=410/12248
ADMM_ITER round=0/0 iteration=21325/30000 objective=0.00050617978456163858 r=9.67007e-09/1.10674e-08 s=0.402354/0.000283016 projection_inf=8.83376e-17 rho=1e+08 support=409/12248
ADMM_ITER round=0/0 iteration=21350/30000 objective=0.00050642853578514993 r=9.65068e-09/1.10674e-08 s=0.40589/0.000283184 projection_inf=8.5347e-17 rho=1e+08 support=409/12248
ADMM_ITER round=0/0 iteration=21375/30000 objective=0.0005066556483970812 r=9.63107e-09/1.10674e-08 s=0.40887/0.000283352 projection_inf=8.33203e-17 rho=1e+08 support=409/12248
ADMM_ITER round=0/0 iteration=21400/30000 objective=0.00050687477140850645 r=9.64211e-09/1.10674e-08 s=0.404575/0.000283521 projection_inf=8.57463e-17 rho=1e+08 support=409/12248
ADMM_ITER round=0/0 iteration=21425/30000 objective=0.00050712127065354962 r=9.6692e-09/1.10674e-08 s=0.395757/0.000283689 projection_inf=7.9318e-17 rho=1e+08 support=408/12248
ADMM_ITER round=0/0 iteration=21450/30000 objective=0.00050739172989854996 r=9.69661e-09/1.10674e-08 s=0.387183/0.000283857 projection_inf=7.85947e-17 rho=1e+08 support=410/12248
ADMM_ITER round=0/0 iteration=21475/30000 objective=0.00050768783838126431 r=9.69599e-09/1.10674e-08 s=0.384279/0.000284025 projection_inf=8.62917e-17 rho=1e+08 support=410/12248
ADMM_ITER round=0/0 iteration=21500/30000 objective=0.00050802847454210667 r=9.66591e-09/1.10674e-08 s=0.390056/0.000284192 projection_inf=8.49745e-17 rho=1e+08 support=410/12248
ADMM_ITER round=0/0 iteration=21525/30000 objective=0.00050838222499095754 r=9.65781e-09/1.10674e-08 s=0.390531/0.000284359 projection_inf=8.02648e-17 rho=1e+08 support=411/12248
ADMM_ITER round=0/0 iteration=21550/30000 objective=0.00050874644544092777 r=9.64173e-09/1.10674e-08 s=0.392802/0.000284527 projection_inf=7.88113e-17 rho=1e+08 support=410/12248
ADMM_ITER round=0/0 iteration=21575/30000 objective=0.00050909099923201323 r=9.61634e-09/1.10674e-08 s=0.397594/0.000284693 projection_inf=7.78658e-17 rho=1e+08 support=410/12248
ADMM_ITER round=0/0 iteration=21600/30000 objective=0.00050938901384978185 r=9.58673e-09/1.10674e-08 s=0.401552/0.00028486 projection_inf=8.05728e-17 rho=1e+08 support=410/12248
ADMM_ITER round=0/0 iteration=21625/30000 objective=0.00050963611394410485 r=9.54244e-09/1.10674e-08 s=0.410284/0.000285027 projection_inf=7.83866e-17 rho=1e+08 support=410/12248
ADMM_ITER round=0/0 iteration=21650/30000 objective=0.00050982977875656645 r=9.49084e-09/1.10674e-08 s=0.419968/0.000285193 projection_inf=7.72746e-17 rho=1e+08 support=411/12248
ADMM_ITER round=0/0 iteration=21675/30000 objective=0.00050999893516120141 r=9.47151e-09/1.10674e-08 s=0.422104/0.000285359 projection_inf=7.7415e-17 rho=1e+08 support=412/12248
ADMM_ITER round=0/0 iteration=21700/30000 objective=0.00051013868450071592 r=9.47607e-09/1.10674e-08 s=0.419337/0.000285525 projection_inf=9.06392e-17 rho=1e+08 support=412/12248
ADMM_ITER round=0/0 iteration=21725/30000 objective=0.00051028928964675898 r=9.47922e-09/1.10674e-08 s=0.41708/0.000285692 projection_inf=7.92257e-17 rho=1e+08 support=412/12248
ADMM_ITER round=0/0 iteration=21750/30000 objective=0.00051045216765620847 r=9.48118e-09/1.10674e-08 s=0.415214/0.000285858 projection_inf=7.69562e-17 rho=1e+08 support=412/12248
ADMM_ITER round=0/0 iteration=21775/30000 objective=0.00051060562681274431 r=9.48928e-09/1.10674e-08 s=0.410188/0.000286024 projection_inf=7.89595e-17 rho=1e+08 support=410/12248
ADMM_ITER round=0/0 iteration=21800/30000 objective=0.00051075910445436015 r=9.50135e-09/1.10674e-08 s=0.405859/0.000286189 projection_inf=7.8792e-17 rho=1e+08 support=410/12248
ADMM_ITER round=0/0 iteration=21825/30000 objective=0.0005109094729522269 r=9.49779e-09/1.10674e-08 s=0.40529/0.000286355 projection_inf=8.56179e-17 rho=1e+08 support=410/12248
ADMM_ITER round=0/0 iteration=21850/30000 objective=0.00051105942107990783 r=9.47989e-09/1.10674e-08 s=0.405017/0.000286521 projection_inf=8.50563e-17 rho=1e+08 support=410/12248
ADMM_ITER round=0/0 iteration=21875/30000 objective=0.00051120603384191999 r=9.44094e-09/1.10674e-08 s=0.411838/0.000286687 projection_inf=8.61492e-17 rho=1e+08 support=410/12248
ADMM_ITER round=0/0 iteration=21900/30000 objective=0.00051134699214131038 r=9.37797e-09/1.10674e-08 s=0.42439/0.000286852 projection_inf=8.0331e-17 rho=1e+08 support=410/12248
ADMM_ITER round=0/0 iteration=21925/30000 objective=0.00051147010398674996 r=9.33679e-09/1.10674e-08 s=0.431939/0.000287018 projection_inf=8.06885e-17 rho=1e+08 support=411/12248
ADMM_ITER round=0/0 iteration=21950/30000 objective=0.00051159315880737021 r=9.32271e-09/1.10674e-08 s=0.433625/0.000287183 projection_inf=8.11363e-17 rho=1e+08 support=411/12248
ADMM_ITER round=0/0 iteration=21975/30000 objective=0.00051174403001823297 r=9.29369e-09/1.10674e-08 s=0.438526/0.000287349 projection_inf=7.69925e-17 rho=1e+08 support=412/12248
ADMM_ITER round=0/0 iteration=22000/30000 objective=0.00051193895497177221 r=9.25808e-09/1.10674e-08 s=0.444773/0.000287514 projection_inf=8.42691e-17 rho=1e+08 support=412/12248
ADMM_ITER round=0/0 iteration=22025/30000 objective=0.00051218507135953651 r=9.26308e-09/1.10674e-08 s=0.441216/0.000287679 projection_inf=8.49749e-17 rho=1e+08 support=411/12248
ADMM_ITER round=0/0 iteration=22050/30000 objective=0.00051246070020541032 r=9.29059e-09/1.10674e-08 s=0.433139/0.000287845 projection_inf=8.68101e-17 rho=1e+08 support=410/12248
ADMM_ITER round=0/0 iteration=22075/30000 objective=0.0005127418890771738 r=9.33826e-09/1.10674e-08 s=0.421102/0.000288009 projection_inf=8.84711e-17 rho=1e+08 support=410/12248
ADMM_ITER round=0/0 iteration=22100/30000 objective=0.0005130181299128645 r=9.34098e-09/1.10674e-08 s=0.419008/0.000288174 projection_inf=8.16651e-17 rho=1e+08 support=411/12248
ADMM_ITER round=0/0 iteration=22125/30000 objective=0.00051329142657139857 r=9.30002e-09/1.10674e-08 s=0.426609/0.000288338 projection_inf=8.32434e-17 rho=1e+08 support=412/12248
ADMM_ITER round=0/0 iteration=22150/30000 objective=0.00051359261579711599 r=9.27809e-09/1.10674e-08 s=0.428279/0.000288503 projection_inf=7.72813e-17 rho=1e+08 support=413/12248
ADMM_ITER round=0/0 iteration=22175/30000 objective=0.00051386760581640192 r=9.29882e-09/1.10674e-08 s=0.4222/0.000288667 projection_inf=7.89032e-17 rho=1e+08 support=413/12248
ADMM_ITER round=0/0 iteration=22200/30000 objective=0.00051409590116062844 r=9.31589e-09/1.10674e-08 s=0.416955/0.000288831 projection_inf=8.81021e-17 rho=1e+08 support=413/12248
ADMM_ITER round=0/0 iteration=22225/30000 objective=0.0005142874335816659 r=9.29562e-09/1.10674e-08 s=0.419776/0.000288995 projection_inf=7.49444e-17 rho=1e+08 support=414/12248
ADMM_ITER round=0/0 iteration=22250/30000 objective=0.0005144736368565189 r=9.24533e-09/1.10674e-08 s=0.429183/0.000289158 projection_inf=8.41221e-17 rho=1e+08 support=414/12248
ADMM_ITER round=0/0 iteration=22275/30000 objective=0.0005146723544961722 r=9.20116e-09/1.10674e-08 s=0.437152/0.000289322 projection_inf=7.41706e-17 rho=1e+08 support=414/12248
ADMM_ITER round=0/0 iteration=22300/30000 objective=0.00051489188804794742 r=9.18582e-09/1.10674e-08 s=0.439024/0.000289485 projection_inf=7.53017e-17 rho=1e+08 support=414/12248
ADMM_ITER round=0/0 iteration=22325/30000 objective=0.00051512725075715765 r=9.1718e-09/1.10674e-08 s=0.440663/0.000289649 projection_inf=8.52834e-17 rho=1e+08 support=414/12248
ADMM_ITER round=0/0 iteration=22350/30000 objective=0.00051536534779077691 r=9.12774e-09/1.10674e-08 s=0.44843/0.000289812 projection_inf=9.09056e-17 rho=1e+08 support=416/12248
ADMM_ITER round=0/0 iteration=22375/30000 objective=0.00051560124809763594 r=9.10766e-09/1.10674e-08 s=0.449871/0.000289975 projection_inf=8.41689e-17 rho=1e+08 support=416/12248
ADMM_ITER round=0/0 iteration=22400/30000 objective=0.00051587630673632034 r=9.16853e-09/1.10674e-08 s=0.42275/0.000290138 projection_inf=8.05306e-17 rho=1e+08 support=415/12248
ADMM_ITER round=0/0 iteration=22425/30000 objective=0.0005161579602243737 r=9.20997e-09/1.10674e-08 s=0.406404/0.0002903 projection_inf=8.40192e-17 rho=1e+08 support=414/12248
ADMM_ITER round=0/0 iteration=22450/30000 objective=0.00051647102660692208 r=9.20847e-09/1.10674e-08 s=0.401809/0.000290463 projection_inf=8.84219e-17 rho=1e+08 support=413/12248
ADMM_ITER round=0/0 iteration=22475/30000 objective=0.00051680521271599018 r=9.19734e-09/1.10674e-08 s=0.401066/0.000290625 projection_inf=7.52057e-17 rho=1e+08 support=413/12248
ADMM_ITER round=0/0 iteration=22500/30000 objective=0.00051709793313971394 r=9.16787e-09/1.10674e-08 s=0.40508/0.000290787 projection_inf=7.69944e-17 rho=1e+08 support=414/12248
ADMM_ITER round=0/0 iteration=22525/30000 objective=0.00051735804634824977 r=9.11999e-09/1.10674e-08 s=0.413484/0.000290949 projection_inf=9.81374e-17 rho=1e+08 support=414/12248
ADMM_ITER round=0/0 iteration=22550/30000 objective=0.00051757960413074088 r=9.08238e-09/1.10674e-08 s=0.419402/0.00029111 projection_inf=8.6136e-17 rho=1e+08 support=413/12248
ADMM_ITER round=0/0 iteration=22575/30000 objective=0.00051778261695451043 r=9.06813e-09/1.10674e-08 s=0.420636/0.000291272 projection_inf=8.11821e-17 rho=1e+08 support=413/12248
ADMM_ITER round=0/0 iteration=22600/30000 objective=0.00051796366749467084 r=9.05985e-09/1.10674e-08 s=0.420646/0.000291433 projection_inf=7.97028e-17 rho=1e+08 support=415/12248
ADMM_ITER round=0/0 iteration=22625/30000 objective=0.00051816009251078737 r=9.04409e-09/1.10674e-08 s=0.422361/0.000291594 projection_inf=8.36693e-17 rho=1e+08 support=415/12248
ADMM_ITER round=0/0 iteration=22650/30000 objective=0.00051836473486157849 r=9.01252e-09/1.10674e-08 s=0.427516/0.000291756 projection_inf=8.16245e-17 rho=1e+08 support=415/12248
ADMM_ITER round=0/0 iteration=22675/30000 objective=0.00051857961025535972 r=8.97716e-09/1.10674e-08 s=0.433459/0.000291917 projection_inf=8.45548e-17 rho=1e+08 support=415/12248
ADMM_ITER round=0/0 iteration=22700/30000 objective=0.00051884470381034146 r=8.99072e-09/1.10674e-08 s=0.420094/0.000292077 projection_inf=7.93917e-17 rho=1e+08 support=414/12248
ADMM_ITER round=0/0 iteration=22725/30000 objective=0.00051918113270599925 r=8.9813e-09/1.10674e-08 s=0.419667/0.000292238 projection_inf=8.97692e-17 rho=1e+08 support=414/12248
ADMM_ITER round=0/0 iteration=22750/30000 objective=0.00051958692205641564 r=8.9389e-09/1.10674e-08 s=0.426449/0.000292399 projection_inf=8.38694e-17 rho=1e+08 support=415/12248
ADMM_ITER round=0/0 iteration=22775/30000 objective=0.00052003591242347214 r=8.88462e-09/1.10674e-08 s=0.435558/0.000292559 projection_inf=8.59384e-17 rho=1e+08 support=415/12248
ADMM_ITER round=0/0 iteration=22800/30000 objective=0.00052050768346903443 r=8.82787e-09/1.10674e-08 s=0.445104/0.000292718 projection_inf=9.58614e-17 rho=1e+08 support=416/12248
ADMM_ITER round=0/0 iteration=22825/30000 objective=0.00052097910191713627 r=8.82193e-09/1.10674e-08 s=0.444556/0.000292878 projection_inf=8.1543e-17 rho=1e+08 support=416/12248
ADMM_ITER round=0/0 iteration=22850/30000 objective=0.00052145537513633995 r=8.87397e-09/1.10674e-08 s=0.432412/0.000293037 projection_inf=8.33323e-17 rho=1e+08 support=416/12248
ADMM_ITER round=0/0 iteration=22875/30000 objective=0.00052193035110581747 r=8.89259e-09/1.10674e-08 s=0.425834/0.000293195 projection_inf=7.91358e-17 rho=1e+08 support=414/12248
ADMM_ITER round=0/0 iteration=22900/30000 objective=0.00052236325065809928 r=8.8428e-09/1.10674e-08 s=0.43391/0.000293353 projection_inf=7.98312e-17 rho=1e+08 support=414/12248
ADMM_ITER round=0/0 iteration=22925/30000 objective=0.00052272946827612023 r=8.78515e-09/1.10674e-08 s=0.443812/0.000293511 projection_inf=8.69609e-17 rho=1e+08 support=414/12248
ADMM_ITER round=0/0 iteration=22950/30000 objective=0.00052305765861422127 r=8.78129e-09/1.10674e-08 s=0.440608/0.000293669 projection_inf=7.71153e-17 rho=1e+08 support=413/12248
ADMM_ITER round=0/0 iteration=22975/30000 objective=0.00052335576503389851 r=8.78385e-09/1.10674e-08 s=0.437346/0.000293827 projection_inf=8.22731e-17 rho=1e+08 support=414/12248
ADMM_ITER round=0/0 iteration=23000/30000 objective=0.00052363558689096047 r=8.73687e-09/1.10674e-08 s=0.443371/0.000293984 projection_inf=9.13582e-17 rho=1e+08 support=413/12248
ADMM_ITER round=0/0 iteration=23025/30000 objective=0.0005239287241647541 r=8.65829e-09/1.10674e-08 s=0.456681/0.000294141 projection_inf=8.41914e-17 rho=1e+08 support=413/12248
ADMM_ITER round=0/0 iteration=23050/30000 objective=0.00052425374538038721 r=8.59576e-09/1.10674e-08 s=0.46679/0.000294298 projection_inf=8.24217e-17 rho=1e+08 support=413/12248
ADMM_ITER round=0/0 iteration=23075/30000 objective=0.00052461236958297884 r=8.58895e-09/1.10674e-08 s=0.466617/0.000294454 projection_inf=8.38144e-17 rho=1e+08 support=413/12248
ADMM_ITER round=0/0 iteration=23100/30000 objective=0.00052498044897546345 r=8.62359e-09/1.10674e-08 s=0.458829/0.000294611 projection_inf=8.53057e-17 rho=1e+08 support=413/12248
ADMM_ITER round=0/0 iteration=23125/30000 objective=0.00052532566246662343 r=8.65844e-09/1.10674e-08 s=0.450871/0.000294767 projection_inf=9.24952e-17 rho=1e+08 support=414/12248
ADMM_ITER round=0/0 iteration=23150/30000 objective=0.00052564976963756038 r=8.70339e-09/1.10675e-08 s=0.439744/0.000294923 projection_inf=8.98039e-17 rho=1e+08 support=413/12248
ADMM_ITER round=0/0 iteration=23175/30000 objective=0.00052596768816016016 r=8.71863e-09/1.10675e-08 s=0.432796/0.000295078 projection_inf=8.18908e-17 rho=1e+08 support=412/12248
ADMM_ITER round=0/0 iteration=23200/30000 objective=0.00052629040387235451 r=8.69812e-09/1.10675e-08 s=0.435197/0.000295233 projection_inf=8.55173e-17 rho=1e+08 support=412/12248
ADMM_ITER round=0/0 iteration=23225/30000 objective=0.00052660407498017557 r=8.69745e-09/1.10675e-08 s=0.433844/0.000295388 projection_inf=7.93251e-17 rho=1e+08 support=412/12248
ADMM_ITER round=0/0 iteration=23250/30000 objective=0.00052690015762575594 r=8.70331e-09/1.10675e-08 s=0.431293/0.000295543 projection_inf=8.89287e-17 rho=1e+08 support=412/12248
ADMM_ITER round=0/0 iteration=23275/30000 objective=0.00052720796408172951 r=8.69295e-09/1.10675e-08 s=0.432063/0.000295698 projection_inf=8.28604e-17 rho=1e+08 support=413/12248
ADMM_ITER round=0/0 iteration=23300/30000 objective=0.00052755944826158858 r=8.62548e-09/1.10675e-08 s=0.444167/0.000295852 projection_inf=8.01362e-17 rho=1e+08 support=413/12248
ADMM_ITER round=0/0 iteration=23325/30000 objective=0.00052795636657587545 r=8.54429e-09/1.10675e-08 s=0.457372/0.000296006 projection_inf=8.23881e-17 rho=1e+08 support=411/12248
ADMM_ITER round=0/0 iteration=23350/30000 objective=0.00052838777548423093 r=8.5091e-09/1.10675e-08 s=0.460315/0.00029616 projection_inf=8.5529e-17 rho=1e+08 support=410/12248
ADMM_ITER round=0/0 iteration=23375/30000 objective=0.00052881221845252444 r=8.5208e-09/1.10675e-08 s=0.456073/0.000296314 projection_inf=8.48317e-17 rho=1e+08 support=410/12248
ADMM_ITER round=0/0 iteration=23400/30000 objective=0.00052918796647307526 r=8.53345e-09/1.10675e-08 s=0.451991/0.000296467 projection_inf=8.48202e-17 rho=1e+08 support=410/12248
ADMM_ITER round=0/0 iteration=23425/30000 objective=0.00052949926856677636 r=8.52259e-09/1.10675e-08 s=0.452505/0.00029662 projection_inf=9.1386e-17 rho=1e+08 support=410/12248
ADMM_ITER round=0/0 iteration=23450/30000 objective=0.00052978661382561986 r=8.53559e-09/1.10675e-08 s=0.44862/0.000296772 projection_inf=8.43363e-17 rho=1e+08 support=410/12248
ADMM_ITER round=0/0 iteration=23475/30000 objective=0.00053006408343699094 r=8.59079e-09/1.10675e-08 s=0.436579/0.000296925 projection_inf=8.07947e-17 rho=1e+08 support=410/12248
ADMM_ITER round=0/0 iteration=23500/30000 objective=0.00053036025823916379 r=8.68057e-09/1.10675e-08 s=0.417074/0.000297077 projection_inf=8.44639e-17 rho=1e+08 support=411/12248
ADMM_ITER round=0/0 iteration=23525/30000 objective=0.00053068387274731734 r=8.76269e-09/1.10675e-08 s=0.397336/0.000297229 projection_inf=8.48301e-17 rho=1e+08 support=411/12248
ADMM_ITER round=0/0 iteration=23550/30000 objective=0.00053105309475171068 r=8.76641e-09/1.10675e-08 s=0.394687/0.000297381 projection_inf=7.98968e-17 rho=1e+08 support=412/12248
ADMM_ITER round=0/0 iteration=23575/30000 objective=0.00053147268701268736 r=8.74213e-09/1.10675e-08 s=0.398364/0.000297533 projection_inf=8.33923e-17 rho=1e+08 support=412/12248
ADMM_ITER round=0/0 iteration=23600/30000 objective=0.00053193722919643311 r=8.74176e-09/1.10675e-08 s=0.396866/0.000297684 projection_inf=8.13895e-17 rho=1e+08 support=414/12248
ADMM_ITER round=0/0 iteration=23625/30000 objective=0.0005324357173676651 r=8.75737e-09/1.10675e-08 s=0.391893/0.000297835 projection_inf=7.939e-17 rho=1e+08 support=414/12248
ADMM_ITER round=0/0 iteration=23650/30000 objective=0.00053292023981259587 r=8.77347e-09/1.10675e-08 s=0.386837/0.000297985 projection_inf=9.91263e-17 rho=1e+08 support=414/12248
ADMM_ITER round=0/0 iteration=23675/30000 objective=0.00053335343103880889 r=8.76135e-09/1.10675e-08 s=0.388216/0.000298135 projection_inf=8.90599e-17 rho=1e+08 support=414/12248
ADMM_ITER round=0/0 iteration=23700/30000 objective=0.00053373731243060315 r=8.72512e-09/1.10675e-08 s=0.395014/0.000298285 projection_inf=8.80502e-17 rho=1e+08 support=414/12248
ADMM_ITER round=0/0 iteration=23725/30000 objective=0.00053409225661316768 r=8.69609e-09/1.10675e-08 s=0.400154/0.000298435 projection_inf=8.31117e-17 rho=1e+08 support=414/12248
ADMM_ITER round=0/0 iteration=23750/30000 objective=0.00053442331647436789 r=8.66326e-09/1.10675e-08 s=0.405747/0.000298584 projection_inf=9.54341e-17 rho=1e+08 support=413/12248
ADMM_ITER round=0/0 iteration=23775/30000 objective=0.00053473784917852098 r=8.62943e-09/1.10675e-08 s=0.411669/0.000298733 projection_inf=7.44089e-17 rho=1e+08 support=413/12248
ADMM_ITER round=0/0 iteration=23800/30000 objective=0.00053506496354037935 r=8.57474e-09/1.10675e-08 s=0.421831/0.000298882 projection_inf=1.03549e-16 rho=1e+08 support=413/12248
ADMM_ITER round=0/0 iteration=23825/30000 objective=0.00053541907750376629 r=8.50087e-09/1.10675e-08 s=0.4355/0.000299031 projection_inf=8.20239e-17 rho=1e+08 support=413/12248
ADMM_ITER round=0/0 iteration=23850/30000 objective=0.00053578808602005711 r=8.46709e-09/1.10675e-08 s=0.441055/0.000299179 projection_inf=9.09757e-17 rho=1e+08 support=413/12248
ADMM_ITER round=0/0 iteration=23875/30000 objective=0.00053616795545244876 r=8.48844e-09/1.10675e-08 s=0.435842/0.000299328 projection_inf=8.84349e-17 rho=1e+08 support=414/12248
ADMM_ITER round=0/0 iteration=23900/30000 objective=0.00053655610308494649 r=8.51527e-09/1.10675e-08 s=0.429433/0.000299475 projection_inf=8.80753e-17 rho=1e+08 support=414/12248
ADMM_ITER round=0/0 iteration=23925/30000 objective=0.00053694434863143072 r=8.50293e-09/1.10675e-08 s=0.430808/0.000299623 projection_inf=8.9143e-17 rho=1e+08 support=414/12248
ADMM_ITER round=0/0 iteration=23950/30000 objective=0.0005373390461606755 r=8.47441e-09/1.10675e-08 s=0.435384/0.00029977 projection_inf=8.38782e-17 rho=1e+08 support=414/12248
ADMM_ITER round=0/0 iteration=23975/30000 objective=0.00053776248696779704 r=8.45189e-09/1.10675e-08 s=0.438773/0.000299917 projection_inf=8.03423e-17 rho=1e+08 support=414/12248
ADMM_ITER round=0/0 iteration=24000/30000 objective=0.0005382154195813177 r=8.45095e-09/1.10675e-08 s=0.438012/0.000300064 projection_inf=8.73745e-17 rho=1e+08 support=414/12248
ADMM_ITER round=0/0 iteration=24025/30000 objective=0.0005386975127142069 r=8.46578e-09/1.10675e-08 s=0.434145/0.00030021 projection_inf=9.13032e-17 rho=1e+08 support=413/12248
ADMM_ITER round=0/0 iteration=24050/30000 objective=0.00053922056943643592 r=8.50392e-09/1.10675e-08 s=0.42486/0.000300356 projection_inf=8.05135e-17 rho=1e+08 support=411/12248
ADMM_ITER round=0/0 iteration=24075/30000 objective=0.00053977970878286768 r=8.56113e-09/1.10675e-08 s=0.411948/0.000300502 projection_inf=8.11259e-17 rho=1e+08 support=411/12248
ADMM_ITER round=0/0 iteration=24100/30000 objective=0.00054036263125206794 r=8.59779e-09/1.10675e-08 s=0.403031/0.000300647 projection_inf=8.12928e-17 rho=1e+08 support=411/12248
ADMM_ITER round=0/0 iteration=24125/30000 objective=0.00054094900994725145 r=8.60394e-09/1.10675e-08 s=0.400555/0.000300792 projection_inf=8.95747e-17 rho=1e+08 support=411/12248
ADMM_ITER round=0/0 iteration=24150/30000 objective=0.00054153016619681361 r=8.59635e-09/1.10675e-08 s=0.40106/0.000300936 projection_inf=9.66265e-17 rho=1e+08 support=411/12248
ADMM_ITER round=0/0 iteration=24175/30000 objective=0.00054211035901738846 r=8.59617e-09/1.10675e-08 s=0.400011/0.00030108 projection_inf=7.9262e-17 rho=1e+08 support=411/12248
ADMM_ITER round=0/0 iteration=24200/30000 objective=0.00054268509501688498 r=8.60179e-09/1.10675e-08 s=0.397737/0.000301223 projection_inf=8.52745e-17 rho=1e+08 support=411/12248
ADMM_ITER round=0/0 iteration=24225/30000 objective=0.000543258722480045 r=8.58725e-09/1.10675e-08 s=0.399346/0.000301366 projection_inf=8.99396e-17 rho=1e+08 support=411/12248
ADMM_ITER round=0/0 iteration=24250/30000 objective=0.00054383400901200423 r=8.53788e-09/1.10675e-08 s=0.408106/0.000301508 projection_inf=7.84612e-17 rho=1e+08 support=410/12248
ADMM_ITER round=0/0 iteration=24275/30000 objective=0.00054441799805854895 r=8.47517e-09/1.10675e-08 s=0.418837/0.00030165 projection_inf=9.11998e-17 rho=1e+08 support=411/12248
ADMM_ITER round=0/0 iteration=24300/30000 objective=0.00054502092240918507 r=8.46148e-09/1.10675e-08 s=0.41969/0.000301792 projection_inf=8.66969e-17 rho=1e+08 support=411/12248
ADMM_ITER round=0/0 iteration=24325/30000 objective=0.00054563336191062171 r=8.46895e-09/1.10675e-08 s=0.416574/0.000301933 projection_inf=8.26961e-17 rho=1e+08 support=412/12248
ADMM_ITER round=0/0 iteration=24350/30000 objective=0.00054625183838846812 r=8.46355e-09/1.10675e-08 s=0.416189/0.000302074 projection_inf=8.04922e-17 rho=1e+08 support=412/12248
ADMM_ITER round=0/0 iteration=24375/30000 objective=0.00054687050961607306 r=8.46027e-09/1.10675e-08 s=0.4155/0.000302214 projection_inf=8.95212e-17 rho=1e+08 support=412/12248
ADMM_ITER round=0/0 iteration=24400/30000 objective=0.00054749318971991569 r=8.49281e-09/1.10675e-08 s=0.407499/0.000302354 projection_inf=8.16265e-17 rho=1e+08 support=411/12248
ADMM_ITER round=0/0 iteration=24425/30000 objective=0.00054812887004500451 r=8.54129e-09/1.10675e-08 s=0.395754/0.000302493 projection_inf=1.0164e-16 rho=1e+08 support=413/12248
ADMM_ITER round=0/0 iteration=24450/30000 objective=0.000548740227128373 r=8.55845e-09/1.10675e-08 s=0.386594/0.000302632 projection_inf=9.46943e-17 rho=1e+08 support=414/12248
ADMM_ITER round=0/0 iteration=24475/30000 objective=0.00054930859273701277 r=8.52107e-09/1.10675e-08 s=0.389759/0.000302771 projection_inf=9.32827e-17 rho=1e+08 support=414/12248
ADMM_ITER round=0/0 iteration=24500/30000 objective=0.00054980497823301736 r=8.48005e-09/1.10675e-08 s=0.396263/0.000302909 projection_inf=8.42824e-17 rho=1e+08 support=414/12248
ADMM_ITER round=0/0 iteration=24525/30000 objective=0.00055025393444058449 r=8.49269e-09/1.10675e-08 s=0.391554/0.000303046 projection_inf=8.05117e-17 rho=1e+08 support=414/12248
ADMM_ITER round=0/0 iteration=24550/30000 objective=0.00055066248097831744 r=8.48386e-09/1.10675e-08 s=0.391679/0.000303184 projection_inf=8.38036e-17 rho=1e+08 support=414/12248
ADMM_ITER round=0/0 iteration=24575/30000 objective=0.000551022864089411 r=8.42215e-09/1.10675e-08 s=0.403179/0.000303321 projection_inf=9.4902e-17 rho=1e+08 support=414/12248
ADMM_ITER round=0/0 iteration=24600/30000 objective=0.00055134558417912496 r=8.36269e-09/1.10675e-08 s=0.41382/0.000303458 projection_inf=8.94322e-17 rho=1e+08 support=414/12248
ADMM_ITER round=0/0 iteration=24625/30000 objective=0.00055166243452798734 r=8.3327e-09/1.10675e-08 s=0.418017/0.000303595 projection_inf=9.56505e-17 rho=1e+08 support=413/12248
ADMM_ITER round=0/0 iteration=24650/30000 objective=0.00055201289546108619 r=8.29795e-09/1.10675e-08 s=0.422906/0.000303731 projection_inf=8.78766e-17 rho=1e+08 support=412/12248
ADMM_ITER round=0/0 iteration=24675/30000 objective=0.00055240259029820053 r=8.26202e-09/1.10675e-08 s=0.428417/0.000303867 projection_inf=7.84033e-17 rho=1e+08 support=413/12248
ADMM_ITER round=0/0 iteration=24700/30000 objective=0.00055282034902507889 r=8.2583e-09/1.10675e-08 s=0.427542/0.000304003 projection_inf=8.65764e-17 rho=1e+08 support=412/12248
ADMM_ITER round=0/0 iteration=24725/30000 objective=0.00055326234369919671 r=8.27568e-09/1.10675e-08 s=0.422836/0.000304139 projection_inf=8.94475e-17 rho=1e+08 support=411/12248
ADMM_ITER round=0/0 iteration=24750/30000 objective=0.00055372776213306061 r=8.26547e-09/1.10675e-08 s=0.42346/0.000304274 projection_inf=8.42176e-17 rho=1e+08 support=413/12248
ADMM_ITER round=0/0 iteration=24775/30000 objective=0.00055420007661887501 r=8.19546e-09/1.10675e-08 s=0.435317/0.000304409 projection_inf=9.7789e-17 rho=1e+08 support=416/12248
ADMM_ITER round=0/0 iteration=24800/30000 objective=0.0005546815702030752 r=8.12216e-09/1.10675e-08 s=0.447413/0.000304544 projection_inf=8.70983e-17 rho=1e+08 support=414/12248
ADMM_ITER round=0/0 iteration=24825/30000 objective=0.00055518039048329409 r=8.09418e-09/1.10675e-08 s=0.451096/0.000304678 projection_inf=8.82026e-17 rho=1e+08 support=414/12248
ADMM_ITER round=0/0 iteration=24850/30000 objective=0.00055569985965999737 r=8.09889e-09/1.10675e-08 s=0.449074/0.000304812 projection_inf=8.45135e-17 rho=1e+08 support=414/12248
ADMM_ITER round=0/0 iteration=24875/30000 objective=0.00055625180245642326 r=8.10219e-09/1.10675e-08 s=0.447321/0.000304945 projection_inf=8.27084e-17 rho=1e+08 support=413/12248
ADMM_ITER round=0/0 iteration=24900/30000 objective=0.00055682333970408194 r=8.11637e-09/1.10675e-08 s=0.443635/0.000305078 projection_inf=7.97771e-17 rho=1e+08 support=413/12248
ADMM_ITER round=0/0 iteration=24925/30000 objective=0.00055739827380880036 r=8.15153e-09/1.10675e-08 s=0.435705/0.000305211 projection_inf=9.32285e-17 rho=1e+08 support=411/12248
ADMM_ITER round=0/0 iteration=24950/30000 objective=0.00055797535152616424 r=8.19866e-09/1.10675e-08 s=0.425464/0.000305343 projection_inf=9.70709e-17 rho=1e+08 support=412/12248
ADMM_ITER round=0/0 iteration=24975/30000 objective=0.00055853518354533744 r=8.25152e-09/1.10675e-08 s=0.412937/0.000305474 projection_inf=8.23979e-17 rho=1e+08 support=410/12248
ADMM_ITER round=0/0 iteration=25000/30000 objective=0.00055907231281531323 r=8.27595e-09/1.10675e-08 s=0.40624/0.000305606 projection_inf=9.56057e-17 rho=1e+08 support=411/12248
ADMM_ITER round=0/0 iteration=25025/30000 objective=0.00055958656011970717 r=8.27446e-09/1.10675e-08 s=0.401328/0.000305737 projection_inf=8.61861e-17 rho=1e+08 support=411/12248
ADMM_ITER round=0/0 iteration=25050/30000 objective=0.00056005189919795275 r=8.23933e-09/1.10675e-08 s=0.405866/0.000305867 projection_inf=8.46074e-17 rho=1e+08 support=413/12248
ADMM_ITER round=0/0 iteration=25075/30000 objective=0.00056050328382401384 r=8.15565e-09/1.10675e-08 s=0.420161/0.000305998 projection_inf=9.0373e-17 rho=1e+08 support=413/12248
ADMM_ITER round=0/0 iteration=25100/30000 objective=0.00056094533486283568 r=8.07872e-09/1.10675e-08 s=0.432864/0.000306127 projection_inf=8.43936e-17 rho=1e+08 support=413/12248
ADMM_ITER round=0/0 iteration=25125/30000 objective=0.00056137830424298309 r=8.03393e-09/1.10675e-08 s=0.439369/0.000306257 projection_inf=8.10916e-17 rho=1e+08 support=414/12248
ADMM_ITER round=0/0 iteration=25150/30000 objective=0.00056182202397692419 r=8.02385e-09/1.10675e-08 s=0.439454/0.000306386 projection_inf=8.74378e-17 rho=1e+08 support=413/12248
ADMM_ITER round=0/0 iteration=25175/30000 objective=0.00056227413560532436 r=8.02454e-09/1.10675e-08 s=0.437759/0.000306515 projection_inf=9.21525e-17 rho=1e+08 support=413/12248
ADMM_ITER round=0/0 iteration=25200/30000 objective=0.00056274741733353866 r=8.04866e-09/1.10675e-08 s=0.431832/0.000306644 projection_inf=1.00056e-16 rho=1e+08 support=413/12248
ADMM_ITER round=0/0 iteration=25225/30000 objective=0.00056324242843929406 r=8.07557e-09/1.10675e-08 s=0.423977/0.000306772 projection_inf=8.84959e-17 rho=1e+08 support=412/12248
ADMM_ITER round=0/0 iteration=25250/30000 objective=0.0005637377187157175 r=8.10237e-09/1.10675e-08 s=0.417209/0.0003069 projection_inf=9.07293e-17 rho=1e+08 support=412/12248
ADMM_ITER round=0/0 iteration=25275/30000 objective=0.00056425110610564639 r=8.13418e-09/1.10675e-08 s=0.408805/0.000307028 projection_inf=9.37686e-17 rho=1e+08 support=413/12248
ADMM_ITER round=0/0 iteration=25300/30000 objective=0.0005647934638192951 r=8.17741e-09/1.10675e-08 s=0.398281/0.000307155 projection_inf=8.58829e-17 rho=1e+08 support=413/12248
ADMM_ITER round=0/0 iteration=25325/30000 objective=0.00056533795640674456 r=8.19703e-09/1.10675e-08 s=0.389364/0.000307282 projection_inf=9.172e-17 rho=1e+08 support=413/12248
ADMM_ITER round=0/0 iteration=25350/30000 objective=0.00056583456790572947 r=8.16665e-09/1.10675e-08 s=0.393365/0.000307408 projection_inf=8.14559e-17 rho=1e+08 support=414/12248
ADMM_ITER round=0/0 iteration=25375/30000 objective=0.00056629669231423913 r=8.11848e-09/1.10675e-08 s=0.401296/0.000307534 projection_inf=7.82982e-17 rho=1e+08 support=414/12248
ADMM_ITER round=0/0 iteration=25400/30000 objective=0.00056673019110756943 r=8.06642e-09/1.10675e-08 s=0.409392/0.00030766 projection_inf=8.54939e-17 rho=1e+08 support=413/12248
ADMM_ITER round=0/0 iteration=25425/30000 objective=0.00056713394909398954 r=8.03807e-09/1.10675e-08 s=0.413099/0.000307785 projection_inf=8.77234e-17 rho=1e+08 support=413/12248
ADMM_ITER round=0/0 iteration=25450/30000 objective=0.00056752359780199606 r=8.0555e-09/1.10675e-08 s=0.407989/0.000307911 projection_inf=8.92934e-17 rho=1e+08 support=413/12248
ADMM_ITER round=0/0 iteration=25475/30000 objective=0.00056792045218566464 r=8.06774e-09/1.10675e-08 s=0.40396/0.000308036 projection_inf=8.60762e-17 rho=1e+08 support=413/12248
ADMM_ITER round=0/0 iteration=25500/30000 objective=0.00056834646173123643 r=8.03512e-09/1.10675e-08 s=0.408856/0.00030816 projection_inf=1.04534e-16 rho=1e+08 support=412/12248
ADMM_ITER round=0/0 iteration=25525/30000 objective=0.00056877741415301301 r=7.97856e-09/1.10675e-08 s=0.418198/0.000308284 projection_inf=8.38818e-17 rho=1e+08 support=412/12248
ADMM_ITER round=0/0 iteration=25550/30000 objective=0.00056919299052664806 r=7.90119e-09/1.10675e-08 s=0.427869/0.000308408 projection_inf=8.88464e-17 rho=1e+08 support=412/12248
ADMM_ITER round=0/0 iteration=25575/30000 objective=0.00056960161447576951 r=7.87102e-09/1.10675e-08 s=0.426153/0.000308532 projection_inf=8.85801e-17 rho=1e+08 support=411/12248
ADMM_ITER round=0/0 iteration=25600/30000 objective=0.00056999875715996043 r=7.87777e-09/1.10675e-08 s=0.419522/0.000308656 projection_inf=1.01888e-16 rho=1e+08 support=410/12248
ADMM_ITER round=0/0 iteration=25625/30000 objective=0.00057038963247618897 r=7.87994e-09/1.10675e-08 s=0.415098/0.000308779 projection_inf=8.41235e-17 rho=1e+08 support=409/12248
ADMM_ITER round=0/0 iteration=25650/30000 objective=0.00057081140972084607 r=7.86743e-09/1.10675e-08 s=0.414474/0.000308902 projection_inf=9.24514e-17 rho=1e+08 support=410/12248
ADMM_ITER round=0/0 iteration=25675/30000 objective=0.00057121459234903702 r=7.86804e-09/1.10675e-08 s=0.41162/0.000309024 projection_inf=9.10175e-17 rho=1e+08 support=409/12248
ADMM_ITER round=0/0 iteration=25700/30000 objective=0.00057158481666397698 r=7.84716e-09/1.10675e-08 s=0.413108/0.000309147 projection_inf=8.35125e-17 rho=1e+08 support=409/12248
ADMM_ITER round=0/0 iteration=25725/30000 objective=0.00057195439131323567 r=7.80817e-09/1.10675e-08 s=0.417653/0.000309269 projection_inf=1.02394e-16 rho=1e+08 support=410/12248
ADMM_ITER round=0/0 iteration=25750/30000 objective=0.00057231560017842844 r=7.80704e-09/1.10675e-08 s=0.415542/0.000309391 projection_inf=8.82531e-17 rho=1e+08 support=409/12248
ADMM_ITER round=0/0 iteration=25775/30000 objective=0.00057265449168776377 r=7.83093e-09/1.10675e-08 s=0.409013/0.000309512 projection_inf=8.37666e-17 rho=1e+08 support=409/12248
ADMM_ITER round=0/0 iteration=25800/30000 objective=0.00057298083034659992 r=7.88809e-09/1.10675e-08 s=0.395986/0.000309633 projection_inf=7.97228e-17 rho=1e+08 support=409/12248
ADMM_ITER round=0/0 iteration=25825/30000 objective=0.00057329237538095471 r=7.97264e-09/1.10675e-08 s=0.376692/0.000309755 projection_inf=8.72539e-17 rho=1e+08 support=410/12248
ADMM_ITER round=0/0 iteration=25850/30000 objective=0.00057358988785937782 r=8.01549e-09/1.10675e-08 s=0.365273/0.000309875 projection_inf=9.25829e-17 rho=1e+08 support=411/12248
ADMM_ITER round=0/0 iteration=25875/30000 objective=0.00057382893489909203 r=7.98871e-09/1.10675e-08 s=0.369103/0.000309996 projection_inf=9.00689e-17 rho=1e+08 support=411/12248
ADMM_ITER round=0/0 iteration=25900/30000 objective=0.00057407377680742647 r=7.95326e-09/1.10675e-08 s=0.371926/0.000310117 projection_inf=9.38772e-17 rho=1e+08 support=410/12248
ADMM_ITER round=0/0 iteration=25925/30000 objective=0.00057435719352218954 r=7.94381e-09/1.10675e-08 s=0.371375/0.000310237 projection_inf=8.98354e-17 rho=1e+08 support=410/12248
ADMM_ITER round=0/0 iteration=25950/30000 objective=0.00057469212298554354 r=7.95779e-09/1.10675e-08 s=0.361635/0.000310358 projection_inf=8.83017e-17 rho=1e+08 support=409/12248
ADMM_ITER round=0/0 iteration=25975/30000 objective=0.00057507774411569691 r=7.92502e-09/1.10675e-08 s=0.365587/0.000310478 projection_inf=8.8493e-17 rho=1e+08 support=408/12248
ADMM_ITER round=0/0 iteration=26000/30000 objective=0.00057549031543483408 r=7.89955e-09/1.10675e-08 s=0.368503/0.000310597 projection_inf=9.00186e-17 rho=1e+08 support=409/12248
ADMM_ITER round=0/0 iteration=26025/30000 objective=0.00057589376884589457 r=7.88986e-09/1.10675e-08 s=0.368441/0.000310717 projection_inf=8.90351e-17 rho=1e+08 support=409/12248
ADMM_ITER round=0/0 iteration=26050/30000 objective=0.00057627085897016316 r=7.85978e-09/1.10675e-08 s=0.372932/0.000310836 projection_inf=8.03968e-17 rho=1e+08 support=409/12248
ADMM_ITER round=0/0 iteration=26075/30000 objective=0.00057662458652708046 r=7.83787e-09/1.10675e-08 s=0.375796/0.000310955 projection_inf=8.72323e-17 rho=1e+08 support=409/12248
ADMM_ITER round=0/0 iteration=26100/30000 objective=0.00057697609007792135 r=7.86721e-09/1.10675e-08 s=0.367967/0.000311074 projection_inf=9.17121e-17 rho=1e+08 support=409/12248
ADMM_ITER round=0/0 iteration=26125/30000 objective=0.00057731990145087962 r=7.90457e-09/1.10675e-08 s=0.358268/0.000311192 projection_inf=9.82884e-17 rho=1e+08 support=409/12248
ADMM_ITER round=0/0 iteration=26150/30000 objective=0.00057767216375748294 r=7.94377e-09/1.10675e-08 s=0.34792/0.000311311 projection_inf=8.70444e-17 rho=1e+08 support=409/12248
ADMM_ITER round=0/0 iteration=26175/30000 objective=0.00057805409834275293 r=7.94445e-09/1.10675e-08 s=0.346252/0.000311429 projection_inf=8.25235e-17 rho=1e+08 support=409/12248
ADMM_ITER round=0/0 iteration=26200/30000 objective=0.00057844717378577413 r=7.93133e-09/1.10675e-08 s=0.3478/0.000311547 projection_inf=9.77169e-17 rho=1e+08 support=409/12248
ADMM_ITER round=0/0 iteration=26225/30000 objective=0.00057882410186651861 r=7.93414e-09/1.10675e-08 s=0.345755/0.000311664 projection_inf=8.89426e-17 rho=1e+08 support=409/12248
ADMM_ITER round=0/0 iteration=26250/30000 objective=0.00057918023480249927 r=7.955e-09/1.10675e-08 s=0.339544/0.000311782 projection_inf=9.2194e-17 rho=1e+08 support=409/12248
ADMM_ITER round=0/0 iteration=26275/30000 objective=0.00057953578440140781 r=7.95892e-09/1.10675e-08 s=0.337277/0.000311899 projection_inf=8.6125e-17 rho=1e+08 support=409/12248
ADMM_ITER round=0/0 iteration=26300/30000 objective=0.00057990325663576049 r=7.94396e-09/1.10675e-08 s=0.339484/0.000312016 projection_inf=8.41074e-17 rho=1e+08 support=409/12248
ADMM_ITER round=0/0 iteration=26325/30000 objective=0.00058025712458257834 r=7.92593e-09/1.10675e-08 s=0.342421/0.000312132 projection_inf=8.61948e-17 rho=1e+08 support=409/12248
ADMM_ITER round=0/0 iteration=26350/30000 objective=0.00058056904546890313 r=7.90066e-09/1.10675e-08 s=0.346976/0.000312249 projection_inf=9.55392e-17 rho=1e+08 support=410/12248
ADMM_ITER round=0/0 iteration=26375/30000 objective=0.00058085861504568025 r=7.86014e-09/1.10675e-08 s=0.354883/0.000312365 projection_inf=8.23583e-17 rho=1e+08 support=410/12248
ADMM_ITER round=0/0 iteration=26400/30000 objective=0.00058115317255289401 r=7.81402e-09/1.10675e-08 s=0.36381/0.000312481 projection_inf=8.95885e-17 rho=1e+08 support=410/12248
ADMM_ITER round=0/0 iteration=26425/30000 objective=0.00058146512871540062 r=7.79358e-09/1.10675e-08 s=0.367091/0.000312597 projection_inf=9.13472e-17 rho=1e+08 support=410/12248
ADMM_ITER round=0/0 iteration=26450/30000 objective=0.00058178046223058113 r=7.80656e-09/1.10675e-08 s=0.363258/0.000312712 projection_inf=8.80205e-17 rho=1e+08 support=410/12248
ADMM_ITER round=0/0 iteration=26475/30000 objective=0.00058207637572330344 r=7.82744e-09/1.10675e-08 s=0.357682/0.000312828 projection_inf=8.90076e-17 rho=1e+08 support=410/12248
ADMM_ITER round=0/0 iteration=26500/30000 objective=0.00058235396698109402 r=7.85056e-09/1.10675e-08 s=0.351528/0.000312943 projection_inf=9.21918e-17 rho=1e+08 support=410/12248
ADMM_ITER round=0/0 iteration=26525/30000 objective=0.0005826340755261557 r=7.87014e-09/1.10675e-08 s=0.346045/0.000313058 projection_inf=8.35989e-17 rho=1e+08 support=411/12248
ADMM_ITER round=0/0 iteration=26550/30000 objective=0.0005829306264642243 r=7.86797e-09/1.10675e-08 s=0.345467/0.000313173 projection_inf=8.20912e-17 rho=1e+08 support=411/12248
ADMM_ITER round=0/0 iteration=26575/30000 objective=0.00058323835680748495 r=7.86432e-09/1.10675e-08 s=0.345256/0.000313288 projection_inf=8.64623e-17 rho=1e+08 support=411/12248
ADMM_ITER round=0/0 iteration=26600/30000 objective=0.00058355189096144988 r=7.86869e-09/1.10675e-08 s=0.343231/0.000313403 projection_inf=8.61848e-17 rho=1e+08 support=411/12248
ADMM_ITER round=0/0 iteration=26625/30000 objective=0.00058387112921697351 r=7.87379e-09/1.10675e-08 s=0.341046/0.000313517 projection_inf=9.22729e-17 rho=1e+08 support=411/12248
ADMM_ITER round=0/0 iteration=26650/30000 objective=0.00058419782890290438 r=7.86879e-09/1.10675e-08 s=0.341203/0.000313631 projection_inf=8.79077e-17 rho=1e+08 support=412/12248
ADMM_ITER round=0/0 iteration=26675/30000 objective=0.00058453182512430721 r=7.85486e-09/1.10675e-08 s=0.34222/0.000313745 projection_inf=8.88667e-17 rho=1e+08 support=411/12248
ADMM_ITER round=0/0 iteration=26700/30000 objective=0.00058487403333631969 r=7.85532e-09/1.10675e-08 s=0.34026/0.000313859 projection_inf=8.1658e-17 rho=1e+08 support=411/12248
ADMM_ITER round=0/0 iteration=26725/30000 objective=0.00058520559003656788 r=7.84319e-09/1.10675e-08 s=0.341433/0.000313973 projection_inf=8.63461e-17 rho=1e+08 support=411/12248
ADMM_ITER round=0/0 iteration=26750/30000 objective=0.00058552197213753462 r=7.84766e-09/1.10675e-08 s=0.338919/0.000314086 projection_inf=9.78309e-17 rho=1e+08 support=412/12248
ADMM_ITER round=0/0 iteration=26775/30000 objective=0.00058583395849913413 r=7.85655e-09/1.10675e-08 s=0.335297/0.000314199 projection_inf=8.5173e-17 rho=1e+08 support=413/12248
ADMM_ITER round=0/0 iteration=26800/30000 objective=0.0005861397972812631 r=7.86207e-09/1.10675e-08 s=0.332584/0.000314312 projection_inf=9.81375e-17 rho=1e+08 support=413/12248
ADMM_ITER round=0/0 iteration=26825/30000 objective=0.00058643775366382892 r=7.86317e-09/1.10675e-08 s=0.330981/0.000314425 projection_inf=8.79337e-17 rho=1e+08 support=413/12248
ADMM_ITER round=0/0 iteration=26850/30000 objective=0.00058671183409072809 r=7.84539e-09/1.10675e-08 s=0.333902/0.000314538 projection_inf=8.52959e-17 rho=1e+08 support=413/12248
ADMM_ITER round=0/0 iteration=26875/30000 objective=0.00058696379145066133 r=7.80069e-09/1.10675e-08 s=0.343025/0.00031465 projection_inf=9.47253e-17 rho=1e+08 support=413/12248
ADMM_ITER round=0/0 iteration=26900/30000 objective=0.00058717907184782962 r=7.75341e-09/1.10675e-08 s=0.35246/0.000314763 projection_inf=8.32112e-17 rho=1e+08 support=413/12248
ADMM_ITER round=0/0 iteration=26925/30000 objective=0.00058736347828985394 r=7.74531e-09/1.10675e-08 s=0.352307/0.000314875 projection_inf=9.73524e-17 rho=1e+08 support=412/12248
ADMM_ITER round=0/0 iteration=26950/30000 objective=0.00058752252069584098 r=7.75188e-09/1.10675e-08 s=0.349593/0.000314987 projection_inf=8.97515e-17 rho=1e+08 support=412/12248
ADMM_ITER round=0/0 iteration=26975/30000 objective=0.0005876466748363933 r=7.75369e-09/1.10675e-08 s=0.34802/0.000315099 projection_inf=9.55419e-17 rho=1e+08 support=412/12248
ADMM_ITER round=0/0 iteration=27000/30000 objective=0.000587735609052025 r=7.78397e-09/1.10675e-08 s=0.340058/0.000315212 projection_inf=8.57203e-17 rho=1e+08 support=412/12248
ADMM_ITER round=0/0 iteration=27025/30000 objective=0.00058782638349585059 r=7.81362e-09/1.10675e-08 s=0.328862/0.000315324 projection_inf=8.54963e-17 rho=1e+08 support=411/12248
ADMM_ITER round=0/0 iteration=27050/30000 objective=0.00058791322453939036 r=7.78856e-09/1.10675e-08 s=0.33306/0.000315436 projection_inf=9.70973e-17 rho=1e+08 support=412/12248
ADMM_ITER round=0/0 iteration=27075/30000 objective=0.0005880040479384291 r=7.71853e-09/1.10675e-08 s=0.347522/0.000315548 projection_inf=1.01848e-16 rho=1e+08 support=412/12248
ADMM_ITER round=0/0 iteration=27100/30000 objective=0.00058807374616527057 r=7.63884e-09/1.10675e-08 s=0.363487/0.00031566 projection_inf=9.20768e-17 rho=1e+08 support=412/12248
ADMM_ITER round=0/0 iteration=27125/30000 objective=0.00058811087553729379 r=7.57482e-09/1.10675e-08 s=0.375548/0.000315772 projection_inf=9.30488e-17 rho=1e+08 support=412/12248
ADMM_ITER round=0/0 iteration=27150/30000 objective=0.00058810127715692572 r=7.54192e-09/1.10675e-08 s=0.381082/0.000315884 projection_inf=8.98559e-17 rho=1e+08 support=412/12248
ADMM_ITER round=0/0 iteration=27175/30000 objective=0.00058804604381941332 r=7.53873e-09/1.10675e-08 s=0.380724/0.000315996 projection_inf=8.41505e-17 rho=1e+08 support=412/12248
ADMM_ITER round=0/0 iteration=27200/30000 objective=0.00058795694108334867 r=7.53426e-09/1.10675e-08 s=0.380654/0.000316109 projection_inf=9.39488e-17 rho=1e+08 support=412/12248
ADMM_ITER round=0/0 iteration=27225/30000 objective=0.00058785128543926946 r=7.52202e-09/1.10675e-08 s=0.382145/0.000316221 projection_inf=1.00042e-16 rho=1e+08 support=412/12248
ADMM_ITER round=0/0 iteration=27250/30000 objective=0.00058774917170747207 r=7.50255e-09/1.10675e-08 s=0.385038/0.000316333 projection_inf=1.00567e-16 rho=1e+08 support=413/12248
ADMM_ITER round=0/0 iteration=27275/30000 objective=0.00058766624432594623 r=7.48868e-09/1.10675e-08 s=0.385261/0.000316446 projection_inf=9.89414e-17 rho=1e+08 support=412/12248
ADMM_ITER round=0/0 iteration=27300/30000 objective=0.00058758358884326975 r=7.50347e-09/1.10675e-08 s=0.381238/0.000316559 projection_inf=9.38669e-17 rho=1e+08 support=412/12248
ADMM_ITER round=0/0 iteration=27325/30000 objective=0.00058751252650236655 r=7.53187e-09/1.10675e-08 s=0.374556/0.000316672 projection_inf=8.52968e-17 rho=1e+08 support=412/12248
ADMM_ITER round=0/0 iteration=27350/30000 objective=0.00058748183991981528 r=7.53483e-09/1.10675e-08 s=0.372784/0.000316785 projection_inf=8.53559e-17 rho=1e+08 support=414/12248
ADMM_ITER round=0/0 iteration=27375/30000 objective=0.00058750825727956466 r=7.49913e-09/1.10675e-08 s=0.378856/0.000316898 projection_inf=9.53092e-17 rho=1e+08 support=414/12248
ADMM_ITER round=0/0 iteration=27400/30000 objective=0.00058760331344824524 r=7.42723e-09/1.10675e-08 s=0.391789/0.000317011 projection_inf=8.16584e-17 rho=1e+08 support=414/12248
ADMM_ITER round=0/0 iteration=27425/30000 objective=0.0005877448981415059 r=7.35828e-09/1.10675e-08 s=0.403676/0.000317124 projection_inf=8.84941e-17 rho=1e+08 support=414/12248
ADMM_ITER round=0/0 iteration=27450/30000 objective=0.00058791439259333722 r=7.32305e-09/1.10675e-08 s=0.408659/0.000317236 projection_inf=8.09785e-17 rho=1e+08 support=413/12248
ADMM_ITER round=0/0 iteration=27475/30000 objective=0.00058809186064954231 r=7.31919e-09/1.10675e-08 s=0.408394/0.000317349 projection_inf=9.88618e-17 rho=1e+08 support=413/12248
ADMM_ITER round=0/0 iteration=27500/30000 objective=0.00058826242905856351 r=7.33891e-09/1.10675e-08 s=0.403937/0.000317462 projection_inf=9.54716e-17 rho=1e+08 support=413/12248
ADMM_ITER round=0/0 iteration=27525/30000 objective=0.00058842304791603412 r=7.35712e-09/1.10675e-08 s=0.399571/0.000317574 projection_inf=9.35382e-17 rho=1e+08 support=414/12248
ADMM_ITER round=0/0 iteration=27550/30000 objective=0.0005885695682980262 r=7.3616e-09/1.10675e-08 s=0.397716/0.000317687 projection_inf=9.76329e-17 rho=1e+08 support=414/12248
ADMM_ITER round=0/0 iteration=27575/30000 objective=0.00058869131929229737 r=7.37696e-09/1.10675e-08 s=0.392262/0.000317799 projection_inf=9.69015e-17 rho=1e+08 support=414/12248
ADMM_ITER round=0/0 iteration=27600/30000 objective=0.00058877669946453062 r=7.39334e-09/1.10675e-08 s=0.388037/0.000317911 projection_inf=9.22458e-17 rho=1e+08 support=414/12248
ADMM_ITER round=0/0 iteration=27625/30000 objective=0.00058884067437767987 r=7.39008e-09/1.10675e-08 s=0.387445/0.000318024 projection_inf=1.03757e-16 rho=1e+08 support=414/12248
ADMM_ITER round=0/0 iteration=27650/30000 objective=0.00058890631095299072 r=7.33936e-09/1.10675e-08 s=0.395767/0.000318136 projection_inf=8.84141e-17 rho=1e+08 support=415/12248
ADMM_ITER round=0/0 iteration=27675/30000 objective=0.00058897121727852133 r=7.25748e-09/1.10675e-08 s=0.409374/0.000318248 projection_inf=8.91936e-17 rho=1e+08 support=416/12248
ADMM_ITER round=0/0 iteration=27700/30000 objective=0.00058903732581529178 r=7.18692e-09/1.10675e-08 s=0.420438/0.000318361 projection_inf=8.8273e-17 rho=1e+08 support=416/12248
ADMM_ITER round=0/0 iteration=27725/30000 objective=0.000589124806659408 r=7.1451e-09/1.10675e-08 s=0.426413/0.000318473 projection_inf=9.10242e-17 rho=1e+08 support=416/12248
ADMM_ITER round=0/0 iteration=27750/30000 objective=0.00058922827765193423 r=7.12503e-09/1.10675e-08 s=0.428722/0.000318585 projection_inf=8.1203e-17 rho=1e+08 support=416/12248
ADMM_ITER round=0/0 iteration=27775/30000 objective=0.00058935444855789671 r=7.12289e-09/1.10675e-08 s=0.428081/0.000318697 projection_inf=8.63603e-17 rho=1e+08 support=416/12248
ADMM_ITER round=0/0 iteration=27800/30000 objective=0.00058950712597597148 r=7.14209e-09/1.10675e-08 s=0.42321/0.000318809 projection_inf=8.74729e-17 rho=1e+08 support=415/12248
ADMM_ITER round=0/0 iteration=27825/30000 objective=0.0005896651411802788 r=7.15442e-09/1.10675e-08 s=0.419783/0.000318921 projection_inf=9.30368e-17 rho=1e+08 support=415/12248
ADMM_ITER round=0/0 iteration=27850/30000 objective=0.00058979136366206085 r=7.11324e-09/1.10675e-08 s=0.425646/0.000319033 projection_inf=8.64629e-17 rho=1e+08 support=415/12248
ADMM_ITER round=0/0 iteration=27875/30000 objective=0.00058987990093549761 r=7.02687e-09/1.10675e-08 s=0.438789/0.000319145 projection_inf=9.13153e-17 rho=1e+08 support=415/12248
ADMM_ITER round=0/0 iteration=27900/30000 objective=0.00058995544673677222 r=6.94713e-09/1.10675e-08 s=0.449833/0.000319256 projection_inf=8.40965e-17 rho=1e+08 support=415/12248
ADMM_ITER round=0/0 iteration=27925/30000 objective=0.00059003504120215457 r=6.89713e-09/1.10675e-08 s=0.456517/0.000319368 projection_inf=8.9617e-17 rho=1e+08 support=415/12248
ADMM_ITER round=0/0 iteration=27950/30000 objective=0.00059011753085330503 r=6.86319e-09/1.10675e-08 s=0.460715/0.00031948 projection_inf=9.8021e-17 rho=1e+08 support=415/12248
ADMM_ITER round=0/0 iteration=27975/30000 objective=0.0005902048876858609 r=6.8577e-09/1.10675e-08 s=0.460079/0.000319591 projection_inf=9.15445e-17 rho=1e+08 support=414/12248
ADMM_ITER round=0/0 iteration=28000/30000 objective=0.00059028816324731357 r=6.87431e-09/1.10675e-08 s=0.456542/0.000319703 projection_inf=8.60481e-17 rho=1e+08 support=414/12248
ADMM_ITER round=0/0 iteration=28025/30000 objective=0.00059035659225788076 r=6.88489e-09/1.10675e-08 s=0.453986/0.000319814 projection_inf=1.04444e-16 rho=1e+08 support=414/12248
ADMM_ITER round=0/0 iteration=28050/30000 objective=0.00059041539960397161 r=6.89898e-09/1.10675e-08 s=0.450905/0.000319926 projection_inf=8.89111e-17 rho=1e+08 support=415/12248
ADMM_ITER round=0/0 iteration=28075/30000 objective=0.00059048084964050248 r=6.89886e-09/1.10675e-08 s=0.449871/0.000320037 projection_inf=9.05809e-17 rho=1e+08 support=415/12248
ADMM_ITER round=0/0 iteration=28100/30000 objective=0.00059056547229402782 r=6.89603e-09/1.10675e-08 s=0.449318/0.000320149 projection_inf=8.55086e-17 rho=1e+08 support=415/12248
ADMM_ITER round=0/0 iteration=28125/30000 objective=0.0005906605374253808 r=6.89125e-09/1.10675e-08 s=0.449103/0.00032026 projection_inf=9.09915e-17 rho=1e+08 support=415/12248
ADMM_ITER round=0/0 iteration=28150/30000 objective=0.000590748697973404 r=6.88411e-09/1.10675e-08 s=0.449284/0.000320371 projection_inf=8.29271e-17 rho=1e+08 support=414/12248
ADMM_ITER round=0/0 iteration=28175/30000 objective=0.00059082056447215439 r=6.89702e-09/1.10675e-08 s=0.445992/0.000320482 projection_inf=1.0798e-16 rho=1e+08 support=413/12248
ADMM_ITER round=0/0 iteration=28200/30000 objective=0.00059086282161862041 r=6.9027e-09/1.10675e-08 s=0.444125/0.000320594 projection_inf=8.67351e-17 rho=1e+08 support=412/12248
ADMM_ITER round=0/0 iteration=28225/30000 objective=0.00059089368099474366 r=6.90745e-09/1.10675e-08 s=0.442458/0.000320705 projection_inf=9.01875e-17 rho=1e+08 support=412/12248
ADMM_ITER round=0/0 iteration=28250/30000 objective=0.00059092904911507607 r=6.92673e-09/1.10675e-08 s=0.438533/0.000320816 projection_inf=9.24949e-17 rho=1e+08 support=413/12248
ADMM_ITER round=0/0 iteration=28275/30000 objective=0.00059098575761819413 r=6.93438e-09/1.10675e-08 s=0.436441/0.000320927 projection_inf=8.56852e-17 rho=1e+08 support=413/12248
ADMM_ITER round=0/0 iteration=28300/30000 objective=0.00059106285783194963 r=6.92065e-09/1.10675e-08 s=0.437765/0.000321038 projection_inf=1.08009e-16 rho=1e+08 support=413/12248
ADMM_ITER round=0/0 iteration=28325/30000 objective=0.00059114351256822672 r=6.90298e-09/1.10675e-08 s=0.439721/0.000321149 projection_inf=8.65931e-17 rho=1e+08 support=413/12248
ADMM_ITER round=0/0 iteration=28350/30000 objective=0.00059119914139307513 r=6.87857e-09/1.10675e-08 s=0.44269/0.00032126 projection_inf=9.53142e-17 rho=1e+08 support=413/12248
ADMM_ITER round=0/0 iteration=28375/30000 objective=0.00059121797076522179 r=6.84578e-09/1.10675e-08 s=0.446812/0.000321371 projection_inf=9.8372e-17 rho=1e+08 support=415/12248
ADMM_ITER round=0/0 iteration=28400/30000 objective=0.00059122879590828162 r=6.82265e-09/1.10675e-08 s=0.449367/0.000321482 projection_inf=8.20748e-17 rho=1e+08 support=416/12248
ADMM_ITER round=0/0 iteration=28425/30000 objective=0.00059125190294516622 r=6.82484e-09/1.10675e-08 s=0.4481/0.000321593 projection_inf=9.85768e-17 rho=1e+08 support=416/12248
ADMM_ITER round=0/0 iteration=28450/30000 objective=0.00059131105215357342 r=6.8477e-09/1.10675e-08 s=0.443702/0.000321704 projection_inf=1.00321e-16 rho=1e+08 support=416/12248
ADMM_ITER round=0/0 iteration=28475/30000 objective=0.00059139193475462194 r=6.86902e-09/1.10675e-08 s=0.437075/0.000321815 projection_inf=8.39949e-17 rho=1e+08 support=415/12248
ADMM_ITER round=0/0 iteration=28500/30000 objective=0.00059147102985181827 r=6.90626e-09/1.10675e-08 s=0.429637/0.000321926 projection_inf=9.94457e-17 rho=1e+08 support=415/12248
ADMM_ITER round=0/0 iteration=28525/30000 objective=0.00059152640931443195 r=6.93369e-09/1.10675e-08 s=0.423835/0.000322037 projection_inf=1.01133e-16 rho=1e+08 support=415/12248
ADMM_ITER round=0/0 iteration=28550/30000 objective=0.00059154837740032086 r=6.95952e-09/1.10675e-08 s=0.418316/0.000322148 projection_inf=8.98872e-17 rho=1e+08 support=415/12248
ADMM_ITER round=0/0 iteration=28575/30000 objective=0.00059156903694961298 r=6.99906e-09/1.10675e-08 s=0.410462/0.000322259 projection_inf=9.83752e-17 rho=1e+08 support=415/12248
ADMM_ITER round=0/0 iteration=28600/30000 objective=0.00059159609466921757 r=7.02172e-09/1.10675e-08 s=0.405416/0.00032237 projection_inf=9.50237e-17 rho=1e+08 support=415/12248
ADMM_ITER round=0/0 iteration=28625/30000 objective=0.00059162091434715664 r=6.99891e-09/1.10675e-08 s=0.407504/0.000322481 projection_inf=8.83474e-17 rho=1e+08 support=414/12248
ADMM_ITER round=0/0 iteration=28650/30000 objective=0.00059164960380431229 r=6.93171e-09/1.10675e-08 s=0.417305/0.000322592 projection_inf=8.88067e-17 rho=1e+08 support=415/12248
ADMM_ITER round=0/0 iteration=28675/30000 objective=0.00059169683062327367 r=6.95502e-09/1.10675e-08 s=0.406024/0.000322702 projection_inf=9.38608e-17 rho=1e+08 support=414/12248
ADMM_ITER round=0/0 iteration=28700/30000 objective=0.00059174350150153414 r=6.9941e-09/1.10675e-08 s=0.396712/0.000322813 projection_inf=9.93333e-17 rho=1e+08 support=414/12248
ADMM_ITER round=0/0 iteration=28725/30000 objective=0.00059179926354722837 r=7.0109e-09/1.10675e-08 s=0.391687/0.000322924 projection_inf=8.17609e-17 rho=1e+08 support=414/12248
ADMM_ITER round=0/0 iteration=28750/30000 objective=0.00059186689243579326 r=6.98731e-09/1.10675e-08 s=0.394094/0.000323035 projection_inf=8.22492e-17 rho=1e+08 support=414/12248
ADMM_ITER round=0/0 iteration=28775/30000 objective=0.00059194687811612288 r=6.98925e-09/1.10675e-08 s=0.392117/0.000323146 projection_inf=9.37024e-17 rho=1e+08 support=414/12248
ADMM_ITER round=0/0 iteration=28800/30000 objective=0.00059204768664452428 r=6.98469e-09/1.10675e-08 s=0.39141/0.000323257 projection_inf=8.46659e-17 rho=1e+08 support=414/12248
ADMM_ITER round=0/0 iteration=28825/30000 objective=0.00059217834429807872 r=6.93605e-09/1.10675e-08 s=0.398568/0.000323367 projection_inf=9.10276e-17 rho=1e+08 support=414/12248
ADMM_ITER round=0/0 iteration=28850/30000 objective=0.00059232771767764867 r=6.87525e-09/1.10675e-08 s=0.407672/0.000323478 projection_inf=1.00809e-16 rho=1e+08 support=414/12248
ADMM_ITER round=0/0 iteration=28875/30000 objective=0.00059249105805095586 r=6.85591e-09/1.10675e-08 s=0.40346/0.000323588 projection_inf=9.19743e-17 rho=1e+08 support=413/12248
ADMM_ITER round=0/0 iteration=28900/30000 objective=0.00059266072390364737 r=6.87334e-09/1.10675e-08 s=0.397035/0.000323699 projection_inf=9.19341e-17 rho=1e+08 support=413/12248
ADMM_ITER round=0/0 iteration=28925/30000 objective=0.00059284930774678108 r=6.94888e-09/1.10675e-08 s=0.381468/0.000323809 projection_inf=9.17103e-17 rho=1e+08 support=413/12248
ADMM_ITER round=0/0 iteration=28950/30000 objective=0.00059304796597359254 r=6.97925e-09/1.10675e-08 s=0.374077/0.000323919 projection_inf=9.67916e-17 rho=1e+08 support=413/12248
ADMM_ITER round=0/0 iteration=28975/30000 objective=0.00059325214041007794 r=6.99169e-09/1.10675e-08 s=0.370155/0.000324029 projection_inf=8.95169e-17 rho=1e+08 support=413/12248
ADMM_ITER round=0/0 iteration=29000/30000 objective=0.00059348650687694206 r=6.99571e-09/1.10675e-08 s=0.367949/0.000324139 projection_inf=8.98821e-17 rho=1e+08 support=413/12248
ADMM_ITER round=0/0 iteration=29025/30000 objective=0.00059372793132919557 r=6.99987e-09/1.10675e-08 s=0.365815/0.000324249 projection_inf=9.40816e-17 rho=1e+08 support=413/12248
ADMM_ITER round=0/0 iteration=29050/30000 objective=0.00059396964530650806 r=6.94497e-09/1.10675e-08 s=0.37468/0.000324359 projection_inf=8.51616e-17 rho=1e+08 support=414/12248
ADMM_ITER round=0/0 iteration=29075/30000 objective=0.00059421870559594559 r=6.8566e-09/1.10675e-08 s=0.389351/0.000324468 projection_inf=9.79144e-17 rho=1e+08 support=415/12248
ADMM_ITER round=0/0 iteration=29100/30000 objective=0.000594464061673931 r=6.8017e-09/1.10675e-08 s=0.397699/0.000324577 projection_inf=1.04343e-16 rho=1e+08 support=415/12248
ADMM_ITER round=0/0 iteration=29125/30000 objective=0.00059468491192922143 r=6.7726e-09/1.10675e-08 s=0.40154/0.000324686 projection_inf=8.46131e-17 rho=1e+08 support=415/12248
ADMM_ITER round=0/0 iteration=29150/30000 objective=0.00059488028849482926 r=6.75761e-09/1.10675e-08 s=0.403013/0.000324795 projection_inf=9.45285e-17 rho=1e+08 support=415/12248
ADMM_ITER round=0/0 iteration=29175/30000 objective=0.0005950522149269392 r=6.7783e-09/1.10675e-08 s=0.398507/0.000324904 projection_inf=8.53051e-17 rho=1e+08 support=415/12248
ADMM_ITER round=0/0 iteration=29200/30000 objective=0.00059519926936152628 r=6.78809e-09/1.10675e-08 s=0.395544/0.000325013 projection_inf=9.33542e-17 rho=1e+08 support=416/12248
ADMM_ITER round=0/0 iteration=29225/30000 objective=0.00059532574023200705 r=6.73606e-09/1.10675e-08 s=0.403078/0.000325122 projection_inf=9.57712e-17 rho=1e+08 support=416/12248
ADMM_ITER round=0/0 iteration=29250/30000 objective=0.00059541763996493185 r=6.64223e-09/1.10675e-08 s=0.416953/0.00032523 projection_inf=9.03343e-17 rho=1e+08 support=416/12248
ADMM_ITER round=0/0 iteration=29275/30000 objective=0.00059549078219563959 r=6.56615e-09/1.10675e-08 s=0.427618/0.000325339 projection_inf=8.77317e-17 rho=1e+08 support=416/12248
ADMM_ITER round=0/0 iteration=29300/30000 objective=0.00059556034729493117 r=6.54888e-09/1.10675e-08 s=0.429189/0.000325447 projection_inf=9.05681e-17 rho=1e+08 support=416/12248
ADMM_ITER round=0/0 iteration=29325/30000 objective=0.00059562692505051658 r=6.58005e-09/1.10675e-08 s=0.423371/0.000325556 projection_inf=1.15076e-16 rho=1e+08 support=416/12248
ADMM_ITER round=0/0 iteration=29350/30000 objective=0.00059569663060033253 r=6.6373e-09/1.10675e-08 s=0.413338/0.000325664 projection_inf=1.00691e-16 rho=1e+08 support=416/12248
ADMM_ITER round=0/0 iteration=29375/30000 objective=0.00059575978092360536 r=6.6937e-09/1.10675e-08 s=0.401884/0.000325773 projection_inf=9.23218e-17 rho=1e+08 support=415/12248
ADMM_ITER round=0/0 iteration=29400/30000 objective=0.00059579915704458344 r=6.707e-09/1.10675e-08 s=0.397717/0.000325881 projection_inf=8.95917e-17 rho=1e+08 support=415/12248
ADMM_ITER round=0/0 iteration=29425/30000 objective=0.00059584458645495111 r=6.6638e-09/1.10675e-08 s=0.403472/0.000325989 projection_inf=9.85205e-17 rho=1e+08 support=415/12248
ADMM_ITER round=0/0 iteration=29450/30000 objective=0.00059589947449188209 r=6.59819e-09/1.10675e-08 s=0.412927/0.000326098 projection_inf=8.50852e-17 rho=1e+08 support=415/12248
ADMM_ITER round=0/0 iteration=29475/30000 objective=0.00059596545809310832 r=6.54207e-09/1.10675e-08 s=0.420688/0.000326206 projection_inf=1.17544e-16 rho=1e+08 support=415/12248
ADMM_ITER round=0/0 iteration=29500/30000 objective=0.00059601120159265817 r=6.52749e-09/1.10675e-08 s=0.421754/0.000326314 projection_inf=8.61722e-17 rho=1e+08 support=414/12248
ADMM_ITER round=0/0 iteration=29525/30000 objective=0.00059603918078437535 r=6.53347e-09/1.10675e-08 s=0.419576/0.000326423 projection_inf=8.47234e-17 rho=1e+08 support=413/12248
ADMM_ITER round=0/0 iteration=29550/30000 objective=0.00059605509549453346 r=6.55702e-09/1.10675e-08 s=0.414631/0.000326531 projection_inf=8.57822e-17 rho=1e+08 support=412/12248
ADMM_ITER round=0/0 iteration=29575/30000 objective=0.00059607370458290073 r=6.54493e-09/1.10675e-08 s=0.415511/0.000326639 projection_inf=9.54107e-17 rho=1e+08 support=412/12248
ADMM_ITER round=0/0 iteration=29600/30000 objective=0.00059611175572532409 r=6.49866e-09/1.10675e-08 s=0.421762/0.000326747 projection_inf=1.00583e-16 rho=1e+08 support=413/12248
ADMM_ITER round=0/0 iteration=29625/30000 objective=0.00059616864820667941 r=6.44323e-09/1.10675e-08 s=0.42911/0.000326856 projection_inf=9.09356e-17 rho=1e+08 support=414/12248
ADMM_ITER round=0/0 iteration=29650/30000 objective=0.00059623275175809971 r=6.40895e-09/1.10675e-08 s=0.429216/0.000326964 projection_inf=8.89345e-17 rho=1e+08 support=413/12248
ADMM_ITER round=0/0 iteration=29675/30000 objective=0.00059631020921732637 r=6.42956e-09/1.10675e-08 s=0.423864/0.000327072 projection_inf=8.64459e-17 rho=1e+08 support=413/12248
ADMM_ITER round=0/0 iteration=29700/30000 objective=0.0005964240542027648 r=6.43073e-09/1.10675e-08 s=0.42195/0.00032718 projection_inf=9.48357e-17 rho=1e+08 support=414/12248
ADMM_ITER round=0/0 iteration=29725/30000 objective=0.00059659170282590343 r=6.39649e-09/1.10675e-08 s=0.424642/0.000327288 projection_inf=9.58218e-17 rho=1e+08 support=415/12248
ADMM_ITER round=0/0 iteration=29750/30000 objective=0.00059677639714055355 r=6.44577e-09/1.10675e-08 s=0.414769/0.000327396 projection_inf=9.56631e-17 rho=1e+08 support=415/12248
ADMM_ITER round=0/0 iteration=29775/30000 objective=0.00059699946913415749 r=6.46278e-09/1.10675e-08 s=0.40986/0.000327504 projection_inf=8.40049e-17 rho=1e+08 support=415/12248
ADMM_ITER round=0/0 iteration=29800/30000 objective=0.00059724861999847507 r=6.46121e-09/1.10675e-08 s=0.408179/0.000327611 projection_inf=8.76522e-17 rho=1e+08 support=415/12248
ADMM_ITER round=0/0 iteration=29825/30000 objective=0.00059749238174567677 r=6.4492e-09/1.10675e-08 s=0.408085/0.000327718 projection_inf=8.40557e-17 rho=1e+08 support=415/12248
ADMM_ITER round=0/0 iteration=29850/30000 objective=0.00059772761851752229 r=6.44286e-09/1.10675e-08 s=0.406893/0.000327826 projection_inf=9.82223e-17 rho=1e+08 support=413/12248
ADMM_ITER round=0/0 iteration=29875/30000 objective=0.00059793444680916329 r=6.43621e-09/1.10675e-08 s=0.406205/0.000327933 projection_inf=1.0092e-16 rho=1e+08 support=413/12248
ADMM_ITER round=0/0 iteration=29900/30000 objective=0.00059811103690676532 r=6.4365e-09/1.10675e-08 s=0.404592/0.00032804 projection_inf=8.51256e-17 rho=1e+08 support=413/12248
ADMM_ITER round=0/0 iteration=29925/30000 objective=0.00059828099919586437 r=6.42924e-09/1.10675e-08 s=0.404289/0.000328146 projection_inf=8.91042e-17 rho=1e+08 support=413/12248
ADMM_ITER round=0/0 iteration=29950/30000 objective=0.00059841965744362492 r=6.4058e-09/1.10675e-08 s=0.406636/0.000328253 projection_inf=9.45369e-17 rho=1e+08 support=413/12248
ADMM_ITER round=0/0 iteration=29975/30000 objective=0.00059851489241013567 r=6.3586e-09/1.10675e-08 s=0.412714/0.00032836 projection_inf=1.03593e-16 rho=1e+08 support=413/12248
ADMM_ITER round=0/0 iteration=30000/30000 objective=0.00059857578381103491 r=6.27237e-09/1.10675e-08 s=0.424536/0.000328466 projection_inf=8.82069e-17 rho=1e+08 support=413/12248
