ADMM_START rows=743 columns=12248 nnz=5605870 rounds=1 max_iterations=100000 rho=100000000.0
ADMM_ITER round=0/0 iteration=1/100000 objective=1.9891794066596097e-07 r=4.34636e-07/1.10671e-08 s=3.84556/4.45703e-07 projection_inf=7.17186e-19 rho=1e+08 support=51/12248
ADMM_ITER round=0/0 iteration=25/100000 objective=4.1494101645086492e-05 r=2.03344e-07/1.10671e-08 s=18.8359/5.07749e-06 projection_inf=3.5548e-18 rho=1e+08 support=350/12248
ADMM_ITER round=0/0 iteration=50/100000 objective=5.8726017643632581e-05 r=1.63003e-07/1.10671e-08 s=14.5914/7.04594e-06 projection_inf=4.68949e-18 rho=1e+08 support=356/12248
ADMM_ITER round=0/0 iteration=75/100000 objective=6.6813996360068248e-05 r=1.41386e-07/1.10671e-08 s=11.0024/8.85732e-06 projection_inf=6.0671e-18 rho=1e+08 support=360/12248
ADMM_ITER round=0/0 iteration=100/100000 objective=7.3380924037537342e-05 r=1.16966e-07/1.10671e-08 s=9.96085/1.06972e-05 projection_inf=6.59682e-18 rho=1e+08 support=370/12248
ADMM_ITER round=0/0 iteration=125/100000 objective=8.0508280017706826e-05 r=9.9355e-08/1.10671e-08 s=9.37509/1.23503e-05 projection_inf=7.51066e-18 rho=1e+08 support=370/12248
ADMM_ITER round=0/0 iteration=150/100000 objective=9.2518889116771673e-05 r=9.07624e-08/1.10671e-08 s=8.38709/1.36807e-05 projection_inf=7.79133e-18 rho=1e+08 support=375/12248
ADMM_ITER round=0/0 iteration=175/100000 objective=0.0001033089224955662 r=7.92191e-08/1.10672e-08 s=8.02567/1.47322e-05 projection_inf=7.40701e-18 rho=1e+08 support=375/12248
ADMM_ITER round=0/0 iteration=200/100000 objective=0.00011396057425379884 r=7.20188e-08/1.10672e-08 s=7.62859/1.55345e-05 projection_inf=7.82813e-18 rho=1e+08 support=376/12248
ADMM_ITER round=0/0 iteration=225/100000 objective=0.00012244658763586617 r=7.33119e-08/1.10672e-08 s=6.45861/1.61362e-05 projection_inf=6.9972e-18 rho=1e+08 support=369/12248
ADMM_ITER round=0/0 iteration=250/100000 objective=0.00012823699403966435 r=7.03096e-08/1.10672e-08 s=6.02942/1.66512e-05 projection_inf=7.84053e-18 rho=1e+08 support=363/12248
ADMM_ITER round=0/0 iteration=275/100000 objective=0.00013148555860851413 r=6.75243e-08/1.10672e-08 s=5.68097/1.71327e-05 projection_inf=7.07373e-18 rho=1e+08 support=373/12248
ADMM_ITER round=0/0 iteration=300/100000 objective=0.00013333585270823391 r=6.7573e-08/1.10672e-08 s=5.01949/1.76136e-05 projection_inf=7.92956e-18 rho=1e+08 support=374/12248
ADMM_ITER round=0/0 iteration=325/100000 objective=0.00013241306158300596 r=6.34236e-08/1.10672e-08 s=5.07823/1.81375e-05 projection_inf=8.88074e-18 rho=1e+08 support=373/12248
ADMM_ITER round=0/0 iteration=350/100000 objective=0.0001305328332661854 r=6.04123e-08/1.10672e-08 s=4.87763/1.8719e-05 projection_inf=8.6439e-18 rho=1e+08 support=370/12248
ADMM_ITER round=0/0 iteration=375/100000 objective=0.00012858841203518558 r=6.06863e-08/1.10672e-08 s=4.24514/1.93529e-05 projection_inf=8.10079e-18 rho=1e+08 support=369/12248
ADMM_ITER round=0/0 iteration=400/100000 objective=0.0001263897086897925 r=5.89659e-08/1.10672e-08 s=3.95693/2.00512e-05 projection_inf=8.81883e-18 rho=1e+08 support=368/12248
ADMM_ITER round=0/0 iteration=425/100000 objective=0.00012538112840117902 r=5.56576e-08/1.10672e-08 s=3.94465/2.07998e-05 projection_inf=8.64989e-18 rho=1e+08 support=379/12248
ADMM_ITER round=0/0 iteration=450/100000 objective=0.00012547037640646411 r=5.45216e-08/1.10672e-08 s=3.55149/2.15728e-05 projection_inf=8.67301e-18 rho=1e+08 support=377/12248
ADMM_ITER round=0/0 iteration=475/100000 objective=0.00012607792391697298 r=5.25496e-08/1.10672e-08 s=3.28372/2.23602e-05 projection_inf=9.56988e-18 rho=1e+08 support=380/12248
ADMM_ITER round=0/0 iteration=500/100000 objective=0.00012715712662843043 r=5.21675e-08/1.10672e-08 s=2.96209/2.31583e-05 projection_inf=9.24931e-18 rho=1e+08 support=374/12248
ADMM_ITER round=0/0 iteration=525/100000 objective=0.00012877043936239613 r=5.08226e-08/1.10672e-08 s=2.82234/2.39638e-05 projection_inf=1.04806e-17 rho=1e+08 support=377/12248
ADMM_ITER round=0/0 iteration=550/100000 objective=0.00013126974404896555 r=4.82322e-08/1.10672e-08 s=2.99066/2.47665e-05 projection_inf=9.89115e-18 rho=1e+08 support=377/12248
ADMM_ITER round=0/0 iteration=575/100000 objective=0.00013348479285675406 r=4.66706e-08/1.10672e-08 s=2.91822/2.55547e-05 projection_inf=9.65112e-18 rho=1e+08 support=371/12248
ADMM_ITER round=0/0 iteration=600/100000 objective=0.00013522428947325277 r=4.49925e-08/1.10672e-08 s=2.93558/2.63336e-05 projection_inf=1.07046e-17 rho=1e+08 support=375/12248
ADMM_ITER round=0/0 iteration=625/100000 objective=0.00013688573045614981 r=4.28057e-08/1.10672e-08 s=3.04007/2.70998e-05 projection_inf=9.76256e-18 rho=1e+08 support=376/12248
ADMM_ITER round=0/0 iteration=650/100000 objective=0.00013813567526294688 r=4.41955e-08/1.10672e-08 s=2.62172/2.78554e-05 projection_inf=9.69173e-18 rho=1e+08 support=372/12248
ADMM_ITER round=0/0 iteration=675/100000 objective=0.00013902049766444379 r=4.19285e-08/1.10672e-08 s=2.7115/2.86078e-05 projection_inf=1.12797e-17 rho=1e+08 support=369/12248
ADMM_ITER round=0/0 iteration=700/100000 objective=0.00013938925208816224 r=4.11183e-08/1.10672e-08 s=2.68512/2.93583e-05 projection_inf=1.06369e-17 rho=1e+08 support=377/12248
ADMM_ITER round=0/0 iteration=725/100000 objective=0.00014011438926888836 r=3.97127e-08/1.10672e-08 s=2.68046/3.01067e-05 projection_inf=9.86184e-18 rho=1e+08 support=375/12248
ADMM_ITER round=0/0 iteration=750/100000 objective=0.00014140453533605229 r=3.98778e-08/1.10672e-08 s=2.44442/3.08462e-05 projection_inf=1.10938e-17 rho=1e+08 support=378/12248
ADMM_ITER round=0/0 iteration=775/100000 objective=0.00014240497527011686 r=3.96138e-08/1.10672e-08 s=2.27721/3.1579e-05 projection_inf=1.17748e-17 rho=1e+08 support=377/12248
ADMM_ITER round=0/0 iteration=800/100000 objective=0.00014343477629760862 r=3.87436e-08/1.10672e-08 s=2.22666/3.23071e-05 projection_inf=1.04262e-17 rho=1e+08 support=375/12248
ADMM_ITER round=0/0 iteration=825/100000 objective=0.00014415607238259622 r=3.83205e-08/1.10672e-08 s=2.14357/3.30315e-05 projection_inf=1.07952e-17 rho=1e+08 support=381/12248
ADMM_ITER round=0/0 iteration=850/100000 objective=0.00014518623011232704 r=3.81158e-08/1.10672e-08 s=1.98478/3.37533e-05 projection_inf=1.21547e-17 rho=1e+08 support=382/12248
ADMM_ITER round=0/0 iteration=875/100000 objective=0.000146113269946806 r=3.77152e-08/1.10672e-08 s=1.90726/3.44721e-05 projection_inf=1.20531e-17 rho=1e+08 support=382/12248
ADMM_ITER round=0/0 iteration=900/100000 objective=0.00014682767155897131 r=3.73667e-08/1.10672e-08 s=1.83266/3.51892e-05 projection_inf=1.15819e-17 rho=1e+08 support=385/12248
ADMM_ITER round=0/0 iteration=925/100000 objective=0.00014707268459851884 r=3.61353e-08/1.10672e-08 s=1.93572/3.59068e-05 projection_inf=1.09976e-17 rho=1e+08 support=380/12248
ADMM_ITER round=0/0 iteration=950/100000 objective=0.00014742738359110834 r=3.63833e-08/1.10672e-08 s=1.77851/3.66249e-05 projection_inf=1.2057e-17 rho=1e+08 support=383/12248
ADMM_ITER round=0/0 iteration=975/100000 objective=0.00014819615613232196 r=3.57051e-08/1.10672e-08 s=1.80923/3.73423e-05 projection_inf=1.0736e-17 rho=1e+08 support=383/12248
ADMM_ITER round=0/0 iteration=1000/100000 objective=0.00014937361370397865 r=3.48993e-08/1.10672e-08 s=1.87745/3.80551e-05 projection_inf=1.26639e-17 rho=1e+08 support=386/12248
ADMM_ITER round=0/0 iteration=1025/100000 objective=0.00015091814081457335 r=3.49756e-08/1.10672e-08 s=1.77468/3.87603e-05 projection_inf=1.14344e-17 rho=1e+08 support=383/12248
ADMM_ITER round=0/0 iteration=1050/100000 objective=0.00015285290410998391 r=3.45079e-08/1.10672e-08 s=1.76154/3.94561e-05 projection_inf=1.16762e-17 rho=1e+08 support=383/12248
ADMM_ITER round=0/0 iteration=1075/100000 objective=0.00015534002958090252 r=3.35488e-08/1.10672e-08 s=1.81941/4.01397e-05 projection_inf=1.30354e-17 rho=1e+08 support=388/12248
ADMM_ITER round=0/0 iteration=1100/100000 objective=0.00015808591028056756 r=3.23913e-08/1.10672e-08 s=1.92347/4.08074e-05 projection_inf=1.27875e-17 rho=1e+08 support=388/12248
ADMM_ITER round=0/0 iteration=1125/100000 objective=0.0001606967192755029 r=3.29143e-08/1.10672e-08 s=1.71789/4.1459e-05 projection_inf=1.37857e-17 rho=1e+08 support=381/12248
ADMM_ITER round=0/0 iteration=1150/100000 objective=0.00016307698970243571 r=3.24583e-08/1.10672e-08 s=1.70134/4.2097e-05 projection_inf=1.3603e-17 rho=1e+08 support=381/12248
ADMM_ITER round=0/0 iteration=1175/100000 objective=0.00016552203836668264 r=3.17497e-08/1.10672e-08 s=1.7654/4.27228e-05 projection_inf=1.20322e-17 rho=1e+08 support=382/12248
ADMM_ITER round=0/0 iteration=1200/100000 objective=0.00016789546648095398 r=3.1651e-08/1.10672e-08 s=1.71873/4.33356e-05 projection_inf=1.32708e-17 rho=1e+08 support=385/12248
ADMM_ITER round=0/0 iteration=1225/100000 objective=0.0001698652824191494 r=3.11421e-08/1.10672e-08 s=1.74519/4.39374e-05 projection_inf=1.31675e-17 rho=1e+08 support=383/12248
ADMM_ITER round=0/0 iteration=1250/100000 objective=0.00017126822898241127 r=3.07879e-08/1.10672e-08 s=1.71561/4.45311e-05 projection_inf=1.36592e-17 rho=1e+08 support=385/12248
ADMM_ITER round=0/0 iteration=1275/100000 objective=0.00017252845960468536 r=3.09912e-08/1.10672e-08 s=1.59233/4.51188e-05 projection_inf=1.30061e-17 rho=1e+08 support=381/12248
ADMM_ITER round=0/0 iteration=1300/100000 objective=0.00017378331863804911 r=3.07784e-08/1.10672e-08 s=1.53698/4.57018e-05 projection_inf=1.2656e-17 rho=1e+08 support=380/12248
ADMM_ITER round=0/0 iteration=1325/100000 objective=0.00017539571698552456 r=3.04128e-08/1.10672e-08 s=1.52335/4.62791e-05 projection_inf=1.30066e-17 rho=1e+08 support=382/12248
ADMM_ITER round=0/0 iteration=1350/100000 objective=0.00017680591589657677 r=3.05706e-08/1.10672e-08 s=1.42374/4.68506e-05 projection_inf=1.35015e-17 rho=1e+08 support=388/12248
ADMM_ITER round=0/0 iteration=1375/100000 objective=0.00017797586276460992 r=3.02679e-08/1.10672e-08 s=1.41135/4.74178e-05 projection_inf=1.48872e-17 rho=1e+08 support=386/12248
ADMM_ITER round=0/0 iteration=1400/100000 objective=0.00017917004503689197 r=2.96675e-08/1.10672e-08 s=1.46713/4.79818e-05 projection_inf=1.29233e-17 rho=1e+08 support=388/12248
ADMM_ITER round=0/0 iteration=1425/100000 objective=0.00018040631959420809 r=2.94382e-08/1.10672e-08 s=1.46313/4.85412e-05 projection_inf=1.35938e-17 rho=1e+08 support=386/12248
ADMM_ITER round=0/0 iteration=1450/100000 objective=0.00018134429633432389 r=2.91658e-08/1.10672e-08 s=1.46416/4.90971e-05 projection_inf=1.50433e-17 rho=1e+08 support=385/12248
ADMM_ITER round=0/0 iteration=1475/100000 objective=0.00018205694452725835 r=2.87879e-08/1.10672e-08 s=1.48799/4.96507e-05 projection_inf=1.31335e-17 rho=1e+08 support=392/12248
ADMM_ITER round=0/0 iteration=1500/100000 objective=0.00018281644509224871 r=2.87121e-08/1.10672e-08 s=1.45328/5.02021e-05 projection_inf=1.35859e-17 rho=1e+08 support=390/12248
ADMM_ITER round=0/0 iteration=1525/100000 objective=0.00018395795489560768 r=2.84775e-08/1.10672e-08 s=1.40715/5.07507e-05 projection_inf=1.38312e-17 rho=1e+08 support=391/12248
ADMM_ITER round=0/0 iteration=1550/100000 objective=0.000185418753142796 r=2.8167e-08/1.10672e-08 s=1.4198/5.1294e-05 projection_inf=1.36875e-17 rho=1e+08 support=391/12248
ADMM_ITER round=0/0 iteration=1575/100000 objective=0.00018657614972331934 r=2.81846e-08/1.10672e-08 s=1.3566/5.18326e-05 projection_inf=1.38613e-17 rho=1e+08 support=393/12248
ADMM_ITER round=0/0 iteration=1600/100000 objective=0.00018793796221750123 r=2.77505e-08/1.10672e-08 s=1.36609/5.2367e-05 projection_inf=1.42117e-17 rho=1e+08 support=392/12248
ADMM_ITER round=0/0 iteration=1625/100000 objective=0.00018921579389497077 r=2.75275e-08/1.10672e-08 s=1.33739/5.28966e-05 projection_inf=1.48309e-17 rho=1e+08 support=387/12248
ADMM_ITER round=0/0 iteration=1650/100000 objective=0.00019029183879956684 r=2.79238e-08/1.10672e-08 s=1.20394/5.34222e-05 projection_inf=1.4227e-17 rho=1e+08 support=389/12248
ADMM_ITER round=0/0 iteration=1675/100000 objective=0.00019140232060838139 r=2.75733e-08/1.10672e-08 s=1.18801/5.39451e-05 projection_inf=1.48262e-17 rho=1e+08 support=386/12248
ADMM_ITER round=0/0 iteration=1700/100000 objective=0.00019260294195966879 r=2.73477e-08/1.10672e-08 s=1.1778/5.44647e-05 projection_inf=1.52645e-17 rho=1e+08 support=388/12248
ADMM_ITER round=0/0 iteration=1725/100000 objective=0.00019408176446237399 r=2.69594e-08/1.10672e-08 s=1.21582/5.49803e-05 projection_inf=1.63556e-17 rho=1e+08 support=389/12248
ADMM_ITER round=0/0 iteration=1750/100000 objective=0.00019558606452947663 r=2.68267e-08/1.10672e-08 s=1.20623/5.54907e-05 projection_inf=1.67133e-17 rho=1e+08 support=390/12248
ADMM_ITER round=0/0 iteration=1775/100000 objective=0.00019690650255879764 r=2.69095e-08/1.10672e-08 s=1.14365/5.59967e-05 projection_inf=1.43939e-17 rho=1e+08 support=390/12248
ADMM_ITER round=0/0 iteration=1800/100000 objective=0.00019825887001515165 r=2.67344e-08/1.10672e-08 s=1.15209/5.64988e-05 projection_inf=1.46733e-17 rho=1e+08 support=389/12248
ADMM_ITER round=0/0 iteration=1825/100000 objective=0.00019954831827566163 r=2.65608e-08/1.10672e-08 s=1.16145/5.6997e-05 projection_inf=1.55445e-17 rho=1e+08 support=390/12248
ADMM_ITER round=0/0 iteration=1850/100000 objective=0.00020063552815140386 r=2.64568e-08/1.10672e-08 s=1.14572/5.7492e-05 projection_inf=1.52792e-17 rho=1e+08 support=393/12248
ADMM_ITER round=0/0 iteration=1875/100000 objective=0.00020165056815505303 r=2.64261e-08/1.10672e-08 s=1.12474/5.79844e-05 projection_inf=1.47702e-17 rho=1e+08 support=397/12248
ADMM_ITER round=0/0 iteration=1900/100000 objective=0.00020274424830280758 r=2.62128e-08/1.10672e-08 s=1.13625/5.84743e-05 projection_inf=1.54342e-17 rho=1e+08 support=395/12248
ADMM_ITER round=0/0 iteration=1925/100000 objective=0.00020384773684956232 r=2.59099e-08/1.10672e-08 s=1.17574/5.89612e-05 projection_inf=1.43922e-17 rho=1e+08 support=396/12248
ADMM_ITER round=0/0 iteration=1950/100000 objective=0.00020477005775881805 r=2.58418e-08/1.10672e-08 s=1.16673/5.94455e-05 projection_inf=1.5314e-17 rho=1e+08 support=397/12248
ADMM_ITER round=0/0 iteration=1975/100000 objective=0.0002057220007306709 r=2.57182e-08/1.10672e-08 s=1.17197/5.99276e-05 projection_inf=1.7194e-17 rho=1e+08 support=397/12248
ADMM_ITER round=0/0 iteration=2000/100000 objective=0.00020669169417062417 r=2.53253e-08/1.10672e-08 s=1.23533/6.04072e-05 projection_inf=1.61101e-17 rho=1e+08 support=395/12248
ADMM_ITER round=0/0 iteration=2025/100000 objective=0.00020743947672101045 r=2.52877e-08/1.10672e-08 s=1.21987/6.08846e-05 projection_inf=1.54637e-17 rho=1e+08 support=392/12248
ADMM_ITER round=0/0 iteration=2050/100000 objective=0.00020805439726653095 r=2.53531e-08/1.10672e-08 s=1.16725/6.13605e-05 projection_inf=1.60644e-17 rho=1e+08 support=391/12248
ADMM_ITER round=0/0 iteration=2075/100000 objective=0.00020855047839533273 r=2.55798e-08/1.10672e-08 s=1.08818/6.18357e-05 projection_inf=1.78488e-17 rho=1e+08 support=388/12248
ADMM_ITER round=0/0 iteration=2100/100000 objective=0.0002089259602506608 r=2.5485e-08/1.10672e-08 s=1.09022/6.23108e-05 projection_inf=1.71113e-17 rho=1e+08 support=388/12248
ADMM_ITER round=0/0 iteration=2125/100000 objective=0.00020918788897105882 r=2.53365e-08/1.10672e-08 s=1.10214/6.27864e-05 projection_inf=1.80803e-17 rho=1e+08 support=388/12248
ADMM_ITER round=0/0 iteration=2150/100000 objective=0.00020962939204946309 r=2.53449e-08/1.10672e-08 s=1.0662/6.32623e-05 projection_inf=1.63568e-17 rho=1e+08 support=390/12248
ADMM_ITER round=0/0 iteration=2175/100000 objective=0.00021015133174224519 r=2.52526e-08/1.10672e-08 s=1.06319/6.37377e-05 projection_inf=1.58139e-17 rho=1e+08 support=388/12248
ADMM_ITER round=0/0 iteration=2200/100000 objective=0.00021065720118954503 r=2.49573e-08/1.10672e-08 s=1.10869/6.42128e-05 projection_inf=1.77706e-17 rho=1e+08 support=389/12248
ADMM_ITER round=0/0 iteration=2225/100000 objective=0.00021104495871039419 r=2.49054e-08/1.10672e-08 s=1.097/6.46874e-05 projection_inf=1.82152e-17 rho=1e+08 support=388/12248
ADMM_ITER round=0/0 iteration=2250/100000 objective=0.00021146650911452278 r=2.51574e-08/1.10672e-08 s=0.992394/6.5162e-05 projection_inf=1.82418e-17 rho=1e+08 support=385/12248
ADMM_ITER round=0/0 iteration=2275/100000 objective=0.00021188132024691791 r=2.52746e-08/1.10672e-08 s=0.932055/6.56365e-05 projection_inf=1.87495e-17 rho=1e+08 support=391/12248
ADMM_ITER round=0/0 iteration=2300/100000 objective=0.0002122791575403462 r=2.51862e-08/1.10672e-08 s=0.932198/6.61113e-05 projection_inf=2.10033e-17 rho=1e+08 support=396/12248
ADMM_ITER round=0/0 iteration=2325/100000 objective=0.00021271418179160339 r=2.48916e-08/1.10672e-08 s=0.987067/6.65862e-05 projection_inf=1.74808e-17 rho=1e+08 support=395/12248
ADMM_ITER round=0/0 iteration=2350/100000 objective=0.00021306903221360546 r=2.49276e-08/1.10672e-08 s=0.952527/6.70613e-05 projection_inf=1.62991e-17 rho=1e+08 support=395/12248
ADMM_ITER round=0/0 iteration=2375/100000 objective=0.00021341205044695064 r=2.49005e-08/1.10672e-08 s=0.934083/6.75365e-05 projection_inf=1.69349e-17 rho=1e+08 support=395/12248
ADMM_ITER round=0/0 iteration=2400/100000 objective=0.00021383396054142344 r=2.46612e-08/1.10672e-08 s=0.975026/6.80121e-05 projection_inf=1.99225e-17 rho=1e+08 support=395/12248
ADMM_ITER round=0/0 iteration=2425/100000 objective=0.00021441994525256763 r=2.44321e-08/1.10672e-08 s=1.00305/6.8487e-05 projection_inf=1.9702e-17 rho=1e+08 support=395/12248
ADMM_ITER round=0/0 iteration=2450/100000 objective=0.00021501979652712477 r=2.41226e-08/1.10672e-08 s=1.04759/6.89611e-05 projection_inf=2.18669e-17 rho=1e+08 support=395/12248
ADMM_ITER round=0/0 iteration=2475/100000 objective=0.00021570625366897631 r=2.3895e-08/1.10672e-08 s=1.07574/6.94339e-05 projection_inf=1.79487e-17 rho=1e+08 support=395/12248
ADMM_ITER round=0/0 iteration=2500/100000 objective=0.0002165466511407312 r=2.35555e-08/1.10672e-08 s=1.12896/6.99048e-05 projection_inf=1.96464e-17 rho=1e+08 support=393/12248
ADMM_ITER round=0/0 iteration=2525/100000 objective=0.00021746768527807254 r=2.35037e-08/1.10672e-08 s=1.11426/7.03732e-05 projection_inf=1.86354e-17 rho=1e+08 support=393/12248
ADMM_ITER round=0/0 iteration=2550/100000 objective=0.00021836588703453278 r=2.34528e-08/1.10672e-08 s=1.10507/7.0839e-05 projection_inf=2.14074e-17 rho=1e+08 support=394/12248
ADMM_ITER round=0/0 iteration=2575/100000 objective=0.00021933549786404868 r=2.35724e-08/1.10672e-08 s=1.05394/7.13023e-05 projection_inf=1.95714e-17 rho=1e+08 support=397/12248
ADMM_ITER round=0/0 iteration=2600/100000 objective=0.00022023754735225136 r=2.35956e-08/1.10672e-08 s=1.02556/7.17632e-05 projection_inf=1.83154e-17 rho=1e+08 support=398/12248
ADMM_ITER round=0/0 iteration=2625/100000 objective=0.00022100871805179423 r=2.35435e-08/1.10672e-08 s=1.01637/7.22222e-05 projection_inf=1.9084e-17 rho=1e+08 support=397/12248
ADMM_ITER round=0/0 iteration=2650/100000 objective=0.0002217982577994733 r=2.36562e-08/1.10672e-08 s=0.959824/7.26795e-05 projection_inf=1.8137e-17 rho=1e+08 support=395/12248
ADMM_ITER round=0/0 iteration=2675/100000 objective=0.00022260774741740538 r=2.35703e-08/1.10672e-08 s=0.959641/7.31351e-05 projection_inf=2.18514e-17 rho=1e+08 support=393/12248
ADMM_ITER round=0/0 iteration=2700/100000 objective=0.0002233264194803382 r=2.35261e-08/1.10672e-08 s=0.945764/7.35893e-05 projection_inf=1.96823e-17 rho=1e+08 support=391/12248
ADMM_ITER round=0/0 iteration=2725/100000 objective=0.00022427255425254536 r=2.34717e-08/1.10672e-08 s=0.942472/7.4042e-05 projection_inf=2.18123e-17 rho=1e+08 support=393/12248
ADMM_ITER round=0/0 iteration=2750/100000 objective=0.00022555454896606568 r=2.33769e-08/1.10672e-08 s=0.941224/7.44919e-05 projection_inf=1.99777e-17 rho=1e+08 support=392/12248
ADMM_ITER round=0/0 iteration=2775/100000 objective=0.00022687151264321297 r=2.33367e-08/1.10672e-08 s=0.926181/7.49386e-05 projection_inf=2.22989e-17 rho=1e+08 support=393/12248
ADMM_ITER round=0/0 iteration=2800/100000 objective=0.00022807256869775963 r=2.31223e-08/1.10672e-08 s=0.959964/7.53822e-05 projection_inf=2.37154e-17 rho=1e+08 support=394/12248
ADMM_ITER round=0/0 iteration=2825/100000 objective=0.00022925839868435396 r=2.31048e-08/1.10672e-08 s=0.94623/7.5823e-05 projection_inf=2.1607e-17 rho=1e+08 support=391/12248
ADMM_ITER round=0/0 iteration=2850/100000 objective=0.00023048794876284851 r=2.3328e-08/1.10672e-08 s=0.8606/7.62609e-05 projection_inf=2.02806e-17 rho=1e+08 support=392/12248
ADMM_ITER round=0/0 iteration=2875/100000 objective=0.00023171727453925547 r=2.31247e-08/1.10673e-08 s=0.895893/7.66961e-05 projection_inf=2.48588e-17 rho=1e+08 support=393/12248
ADMM_ITER round=0/0 iteration=2900/100000 objective=0.00023291626760728296 r=2.29347e-08/1.10673e-08 s=0.896494/7.71286e-05 projection_inf=2.62381e-17 rho=1e+08 support=390/12248
ADMM_ITER round=0/0 iteration=2925/100000 objective=0.00023389359565856906 r=2.2792e-08/1.10673e-08 s=0.909596/7.75588e-05 projection_inf=1.95862e-17 rho=1e+08 support=390/12248
ADMM_ITER round=0/0 iteration=2950/100000 objective=0.00023473326517430297 r=2.29217e-08/1.10673e-08 s=0.85793/7.79872e-05 projection_inf=2.2565e-17 rho=1e+08 support=391/12248
ADMM_ITER round=0/0 iteration=2975/100000 objective=0.00023545900855710805 r=2.3022e-08/1.10673e-08 s=0.810069/7.84144e-05 projection_inf=2.30345e-17 rho=1e+08 support=390/12248
ADMM_ITER round=0/0 iteration=3000/100000 objective=0.00023607143615104749 r=2.29686e-08/1.10673e-08 s=0.796125/7.88409e-05 projection_inf=2.09973e-17 rho=1e+08 support=391/12248
ADMM_ITER round=0/0 iteration=3025/100000 objective=0.00023654717415987569 r=2.29752e-08/1.10673e-08 s=0.773219/7.9267e-05 projection_inf=2.68717e-17 rho=1e+08 support=391/12248
ADMM_ITER round=0/0 iteration=3050/100000 objective=0.00023674324797233899 r=2.29729e-08/1.10673e-08 s=0.754695/7.96934e-05 projection_inf=2.28057e-17 rho=1e+08 support=391/12248
ADMM_ITER round=0/0 iteration=3075/100000 objective=0.00023679763635787982 r=2.28555e-08/1.10673e-08 s=0.761419/8.01209e-05 projection_inf=2.27177e-17 rho=1e+08 support=390/12248
ADMM_ITER round=0/0 iteration=3100/100000 objective=0.00023683811827476852 r=2.28452e-08/1.10673e-08 s=0.732046/8.05496e-05 projection_inf=2.51071e-17 rho=1e+08 support=391/12248
ADMM_ITER round=0/0 iteration=3125/100000 objective=0.00023668945335103154 r=2.26627e-08/1.10673e-08 s=0.763935/8.09798e-05 projection_inf=2.38232e-17 rho=1e+08 support=395/12248
ADMM_ITER round=0/0 iteration=3150/100000 objective=0.00023640422690058286 r=2.26612e-08/1.10673e-08 s=0.735153/8.14119e-05 projection_inf=2.24451e-17 rho=1e+08 support=396/12248
ADMM_ITER round=0/0 iteration=3175/100000 objective=0.00023605055178912304 r=2.24854e-08/1.10673e-08 s=0.763143/8.18463e-05 projection_inf=2.46152e-17 rho=1e+08 support=396/12248
ADMM_ITER round=0/0 iteration=3200/100000 objective=0.00023558349132462002 r=2.24001e-08/1.10673e-08 s=0.76474/8.22829e-05 projection_inf=2.4941e-17 rho=1e+08 support=397/12248
ADMM_ITER round=0/0 iteration=3225/100000 objective=0.00023501151505472091 r=2.22907e-08/1.10673e-08 s=0.774082/8.27223e-05 projection_inf=2.34759e-17 rho=1e+08 support=397/12248
ADMM_ITER round=0/0 iteration=3250/100000 objective=0.0002345518098067217 r=2.21728e-08/1.10673e-08 s=0.787294/8.31641e-05 projection_inf=2.62797e-17 rho=1e+08 support=397/12248
ADMM_ITER round=0/0 iteration=3275/100000 objective=0.00023419520207651554 r=2.21438e-08/1.10673e-08 s=0.763454/8.36081e-05 projection_inf=2.58767e-17 rho=1e+08 support=398/12248
ADMM_ITER round=0/0 iteration=3300/100000 objective=0.00023396665389129148 r=2.20216e-08/1.10673e-08 s=0.772204/8.40538e-05 projection_inf=2.57339e-17 rho=1e+08 support=398/12248
ADMM_ITER round=0/0 iteration=3325/100000 objective=0.00023389609629646794 r=2.19605e-08/1.10673e-08 s=0.769043/8.45007e-05 projection_inf=2.81931e-17 rho=1e+08 support=398/12248
ADMM_ITER round=0/0 iteration=3350/100000 objective=0.00023396586447341474 r=2.19633e-08/1.10673e-08 s=0.749987/8.49483e-05 projection_inf=2.50663e-17 rho=1e+08 support=399/12248
ADMM_ITER round=0/0 iteration=3375/100000 objective=0.00023402641215690702 r=2.21189e-08/1.10673e-08 s=0.684574/8.53966e-05 projection_inf=2.29369e-17 rho=1e+08 support=399/12248
ADMM_ITER round=0/0 iteration=3400/100000 objective=0.00023413102665775578 r=2.20997e-08/1.10673e-08 s=0.644274/8.58455e-05 projection_inf=2.31307e-17 rho=1e+08 support=396/12248
ADMM_ITER round=0/0 iteration=3425/100000 objective=0.0002342106888467435 r=2.19728e-08/1.10673e-08 s=0.660908/8.62949e-05 projection_inf=2.55456e-17 rho=1e+08 support=396/12248
ADMM_ITER round=0/0 iteration=3450/100000 objective=0.00023431073183263626 r=2.17969e-08/1.10673e-08 s=0.694867/8.6745e-05 projection_inf=2.27386e-17 rho=1e+08 support=396/12248
ADMM_ITER round=0/0 iteration=3475/100000 objective=0.00023441267028407348 r=2.18643e-08/1.10673e-08 s=0.655821/8.71955e-05 projection_inf=2.70765e-17 rho=1e+08 support=396/12248
ADMM_ITER round=0/0 iteration=3500/100000 objective=0.00023442280131610684 r=2.18814e-08/1.10673e-08 s=0.630312/8.76466e-05 projection_inf=2.63232e-17 rho=1e+08 support=396/12248
ADMM_ITER round=0/0 iteration=3525/100000 objective=0.0002346427500510273 r=2.17965e-08/1.10673e-08 s=0.644815/8.80983e-05 projection_inf=2.4878e-17 rho=1e+08 support=397/12248
ADMM_ITER round=0/0 iteration=3550/100000 objective=0.00023501539790277159 r=2.18198e-08/1.10673e-08 s=0.623035/8.85498e-05 projection_inf=2.60639e-17 rho=1e+08 support=397/12248
ADMM_ITER round=0/0 iteration=3575/100000 objective=0.00023533648399082067 r=2.19045e-08/1.10673e-08 s=0.579259/8.90011e-05 projection_inf=2.52096e-17 rho=1e+08 support=398/12248
ADMM_ITER round=0/0 iteration=3600/100000 objective=0.00023556775169952622 r=2.1831e-08/1.10673e-08 s=0.586001/8.94525e-05 projection_inf=2.38563e-17 rho=1e+08 support=400/12248
ADMM_ITER round=0/0 iteration=3625/100000 objective=0.00023574906993325422 r=2.16829e-08/1.10673e-08 s=0.621914/8.99041e-05 projection_inf=2.58036e-17 rho=1e+08 support=399/12248
ADMM_ITER round=0/0 iteration=3650/100000 objective=0.00023596950686378913 r=2.15585e-08/1.10673e-08 s=0.644904/9.0356e-05 projection_inf=2.61324e-17 rho=1e+08 support=397/12248
ADMM_ITER round=0/0 iteration=3675/100000 objective=0.00023628579259039618 r=2.15406e-08/1.10673e-08 s=0.63608/9.08077e-05 projection_inf=2.52067e-17 rho=1e+08 support=401/12248
ADMM_ITER round=0/0 iteration=3700/100000 objective=0.00023665354984630323 r=2.15073e-08/1.10673e-08 s=0.634125/9.12592e-05 projection_inf=2.59828e-17 rho=1e+08 support=401/12248
ADMM_ITER round=0/0 iteration=3725/100000 objective=0.00023694986089899025 r=2.14401e-08/1.10673e-08 s=0.645084/9.17103e-05 projection_inf=2.70414e-17 rho=1e+08 support=403/12248
ADMM_ITER round=0/0 iteration=3750/100000 objective=0.00023712530471897185 r=2.13229e-08/1.10673e-08 s=0.673339/9.21615e-05 projection_inf=2.98187e-17 rho=1e+08 support=403/12248
ADMM_ITER round=0/0 iteration=3775/100000 objective=0.00023718075738227758 r=2.12723e-08/1.10673e-08 s=0.680699/9.26129e-05 projection_inf=2.72636e-17 rho=1e+08 support=404/12248
ADMM_ITER round=0/0 iteration=3800/100000 objective=0.00023730602001239366 r=2.12517e-08/1.10673e-08 s=0.678338/9.30647e-05 projection_inf=2.68191e-17 rho=1e+08 support=403/12248
ADMM_ITER round=0/0 iteration=3825/100000 objective=0.00023760716529412591 r=2.11871e-08/1.10673e-08 s=0.686334/9.35165e-05 projection_inf=2.9535e-17 rho=1e+08 support=404/12248
ADMM_ITER round=0/0 iteration=3850/100000 objective=0.0002380453290534908 r=2.11424e-08/1.10673e-08 s=0.688932/9.39677e-05 projection_inf=2.74542e-17 rho=1e+08 support=403/12248
ADMM_ITER round=0/0 iteration=3875/100000 objective=0.00023845270812259539 r=2.10342e-08/1.10673e-08 s=0.712858/9.44182e-05 projection_inf=2.97834e-17 rho=1e+08 support=404/12248
ADMM_ITER round=0/0 iteration=3900/100000 objective=0.00023876213174337931 r=2.08382e-08/1.10673e-08 s=0.760751/9.48683e-05 projection_inf=2.52647e-17 rho=1e+08 support=406/12248
ADMM_ITER round=0/0 iteration=3925/100000 objective=0.00023911157507702218 r=2.07749e-08/1.10673e-08 s=0.770835/9.53178e-05 projection_inf=3.05582e-17 rho=1e+08 support=407/12248
ADMM_ITER round=0/0 iteration=3950/100000 objective=0.00023957222597297462 r=2.06471e-08/1.10673e-08 s=0.798263/9.57667e-05 projection_inf=2.67435e-17 rho=1e+08 support=408/12248
ADMM_ITER round=0/0 iteration=3975/100000 objective=0.00024022434177424197 r=2.04917e-08/1.10673e-08 s=0.827984/9.62143e-05 projection_inf=2.83079e-17 rho=1e+08 support=406/12248
ADMM_ITER round=0/0 iteration=4000/100000 objective=0.00024098769706136708 r=2.05595e-08/1.10673e-08 s=0.799704/9.66603e-05 projection_inf=2.70914e-17 rho=1e+08 support=406/12248
ADMM_ITER round=0/0 iteration=4025/100000 objective=0.00024181516414142803 r=2.05216e-08/1.10673e-08 s=0.791492/9.71045e-05 projection_inf=2.76558e-17 rho=1e+08 support=406/12248
ADMM_ITER round=0/0 iteration=4050/100000 objective=0.00024265550385637089 r=2.03558e-08/1.10673e-08 s=0.806141/9.75468e-05 projection_inf=2.84753e-17 rho=1e+08 support=404/12248
ADMM_ITER round=0/0 iteration=4075/100000 objective=0.00024356254605962323 r=2.02596e-08/1.10673e-08 s=0.81586/9.79872e-05 projection_inf=2.74316e-17 rho=1e+08 support=401/12248
ADMM_ITER round=0/0 iteration=4100/100000 objective=0.00024456643365914038 r=2.02906e-08/1.10673e-08 s=0.795976/9.84253e-05 projection_inf=2.887e-17 rho=1e+08 support=398/12248
ADMM_ITER round=0/0 iteration=4125/100000 objective=0.00024562355299351653 r=2.03635e-08/1.10673e-08 s=0.767454/9.8861e-05 projection_inf=3.14911e-17 rho=1e+08 support=399/12248
ADMM_ITER round=0/0 iteration=4150/100000 objective=0.00024660351337639681 r=2.03616e-08/1.10673e-08 s=0.759183/9.92945e-05 projection_inf=2.9613e-17 rho=1e+08 support=400/12248
ADMM_ITER round=0/0 iteration=4175/100000 objective=0.0002475490142182228 r=2.02715e-08/1.10673e-08 s=0.762387/9.9726e-05 projection_inf=2.83729e-17 rho=1e+08 support=397/12248
ADMM_ITER round=0/0 iteration=4200/100000 objective=0.00024847413795308238 r=2.02066e-08/1.10673e-08 s=0.764664/0.000100155 projection_inf=2.93387e-17 rho=1e+08 support=399/12248
ADMM_ITER round=0/0 iteration=4225/100000 objective=0.00024931009739886858 r=2.0214e-08/1.10673e-08 s=0.748747/0.000100583 projection_inf=3.08081e-17 rho=1e+08 support=399/12248
ADMM_ITER round=0/0 iteration=4250/100000 objective=0.00025011383790219212 r=2.0034e-08/1.10673e-08 s=0.786372/0.000101009 projection_inf=3.11175e-17 rho=1e+08 support=400/12248
ADMM_ITER round=0/0 iteration=4275/100000 objective=0.00025086126910011351 r=1.98279e-08/1.10673e-08 s=0.816326/0.000101433 projection_inf=3.31873e-17 rho=1e+08 support=401/12248
ADMM_ITER round=0/0 iteration=4300/100000 objective=0.00025151073846098619 r=1.96991e-08/1.10673e-08 s=0.835897/0.000101856 projection_inf=3.07538e-17 rho=1e+08 support=402/12248
ADMM_ITER round=0/0 iteration=4325/100000 objective=0.00025209988961395616 r=1.97613e-08/1.10673e-08 s=0.811955/0.000102278 projection_inf=2.99125e-17 rho=1e+08 support=401/12248
ADMM_ITER round=0/0 iteration=4350/100000 objective=0.00025269325499348457 r=1.985e-08/1.10673e-08 s=0.780616/0.000102698 projection_inf=3.17256e-17 rho=1e+08 support=400/12248
ADMM_ITER round=0/0 iteration=4375/100000 objective=0.00025322639022607813 r=1.9863e-08/1.10673e-08 s=0.765639/0.000103117 projection_inf=2.82635e-17 rho=1e+08 support=399/12248
ADMM_ITER round=0/0 iteration=4400/100000 objective=0.00025369514619785202 r=1.99715e-08/1.10673e-08 s=0.717045/0.000103536 projection_inf=3.07141e-17 rho=1e+08 support=396/12248
ADMM_ITER round=0/0 iteration=4425/100000 objective=0.00025414374139669216 r=2.00805e-08/1.10673e-08 s=0.674342/0.000103954 projection_inf=3.09272e-17 rho=1e+08 support=397/12248
ADMM_ITER round=0/0 iteration=4450/100000 objective=0.00025453946632227303 r=2.00361e-08/1.10673e-08 s=0.670027/0.000104371 projection_inf=3.41283e-17 rho=1e+08 support=401/12248
ADMM_ITER round=0/0 iteration=4475/100000 objective=0.00025501598346204502 r=1.99828e-08/1.10673e-08 s=0.675362/0.000104788 projection_inf=2.94985e-17 rho=1e+08 support=400/12248
ADMM_ITER round=0/0 iteration=4500/100000 objective=0.00025561221844490513 r=2.00477e-08/1.10673e-08 s=0.645949/0.000105203 projection_inf=3.04476e-17 rho=1e+08 support=401/12248
ADMM_ITER round=0/0 iteration=4525/100000 objective=0.00025623235974711291 r=2.00554e-08/1.10673e-08 s=0.632164/0.000105618 projection_inf=3.06047e-17 rho=1e+08 support=401/12248
ADMM_ITER round=0/0 iteration=4550/100000 objective=0.00025684595970516734 r=1.99035e-08/1.10673e-08 s=0.66982/0.000106032 projection_inf=3.46072e-17 rho=1e+08 support=401/12248
ADMM_ITER round=0/0 iteration=4575/100000 objective=0.00025742206011841718 r=1.96823e-08/1.10673e-08 s=0.7257/0.000106445 projection_inf=2.86438e-17 rho=1e+08 support=401/12248
ADMM_ITER round=0/0 iteration=4600/100000 objective=0.00025793821107456541 r=1.94491e-08/1.10673e-08 s=0.78061/0.000106857 projection_inf=2.77398e-17 rho=1e+08 support=401/12248
ADMM_ITER round=0/0 iteration=4625/100000 objective=0.00025843485460866979 r=1.94442e-08/1.10673e-08 s=0.77247/0.000107268 projection_inf=2.81086e-17 rho=1e+08 support=401/12248
ADMM_ITER round=0/0 iteration=4650/100000 objective=0.000258929904545153 r=1.93594e-08/1.10673e-08 s=0.785718/0.000107679 projection_inf=3.4078e-17 rho=1e+08 support=403/12248
ADMM_ITER round=0/0 iteration=4675/100000 objective=0.00025937963425921639 r=1.92774e-08/1.10673e-08 s=0.798169/0.000108088 projection_inf=3.38212e-17 rho=1e+08 support=403/12248
ADMM_ITER round=0/0 iteration=4700/100000 objective=0.00025981379051282568 r=1.92624e-08/1.10673e-08 s=0.794568/0.000108497 projection_inf=3.41171e-17 rho=1e+08 support=402/12248
ADMM_ITER round=0/0 iteration=4725/100000 objective=0.00026034023318027421 r=1.93678e-08/1.10673e-08 s=0.755934/0.000108904 projection_inf=3.67892e-17 rho=1e+08 support=400/12248
ADMM_ITER round=0/0 iteration=4750/100000 objective=0.00026091538677160267 r=1.94114e-08/1.10673e-08 s=0.724801/0.000109311 projection_inf=2.85843e-17 rho=1e+08 support=401/12248
ADMM_ITER round=0/0 iteration=4775/100000 objective=0.00026141066734026785 r=1.94025e-08/1.10673e-08 s=0.716575/0.000109717 projection_inf=4.00376e-17 rho=1e+08 support=403/12248
ADMM_ITER round=0/0 iteration=4800/100000 objective=0.00026183802032766639 r=1.93821e-08/1.10673e-08 s=0.706834/0.000110122 projection_inf=3.48233e-17 rho=1e+08 support=399/12248
ADMM_ITER round=0/0 iteration=4825/100000 objective=0.00026222618778849342 r=1.94201e-08/1.10673e-08 s=0.684154/0.000110527 projection_inf=3.07899e-17 rho=1e+08 support=399/12248
ADMM_ITER round=0/0 iteration=4850/100000 objective=0.00026266826998452023 r=1.9394e-08/1.10673e-08 s=0.681584/0.000110931 projection_inf=3.48671e-17 rho=1e+08 support=399/12248
ADMM_ITER round=0/0 iteration=4875/100000 objective=0.00026314135440582001 r=1.9339e-08/1.10673e-08 s=0.688674/0.000111335 projection_inf=3.67532e-17 rho=1e+08 support=402/12248
ADMM_ITER round=0/0 iteration=4900/100000 objective=0.00026369234417593791 r=1.93265e-08/1.10673e-08 s=0.682968/0.000111737 projection_inf=3.22459e-17 rho=1e+08 support=401/12248
ADMM_ITER round=0/0 iteration=4925/100000 objective=0.00026429187565365424 r=1.92048e-08/1.10673e-08 s=0.707102/0.000112139 projection_inf=3.45003e-17 rho=1e+08 support=398/12248
ADMM_ITER round=0/0 iteration=4950/100000 objective=0.00026490068612533346 r=1.91242e-08/1.10673e-08 s=0.718808/0.00011254 projection_inf=3.86398e-17 rho=1e+08 support=400/12248
ADMM_ITER round=0/0 iteration=4975/100000 objective=0.00026551459923038147 r=1.89414e-08/1.10673e-08 s=0.751709/0.00011294 projection_inf=3.51253e-17 rho=1e+08 support=397/12248
ADMM_ITER round=0/0 iteration=5000/100000 objective=0.00026613406749494383 r=1.88269e-08/1.10673e-08 s=0.77223/0.000113338 projection_inf=4.02335e-17 rho=1e+08 support=398/12248
ADMM_ITER round=0/0 iteration=5025/100000 objective=0.00026676739445973457 r=1.88027e-08/1.10673e-08 s=0.77186/0.000113736 projection_inf=3.36174e-17 rho=1e+08 support=401/12248
ADMM_ITER round=0/0 iteration=5050/100000 objective=0.00026744429392889163 r=1.88737e-08/1.10673e-08 s=0.73587/0.000114132 projection_inf=3.44838e-17 rho=1e+08 support=400/12248
ADMM_ITER round=0/0 iteration=5075/100000 objective=0.00026812836846103942 r=1.88559e-08/1.10673e-08 s=0.732696/0.000114527 projection_inf=3.19785e-17 rho=1e+08 support=403/12248
ADMM_ITER round=0/0 iteration=5100/100000 objective=0.00026897955173876652 r=1.88715e-08/1.10673e-08 s=0.721425/0.000114921 projection_inf=3.16911e-17 rho=1e+08 support=402/12248
ADMM_ITER round=0/0 iteration=5125/100000 objective=0.00026997902722997825 r=1.88376e-08/1.10673e-08 s=0.724041/0.000115313 projection_inf=3.38625e-17 rho=1e+08 support=402/12248
ADMM_ITER round=0/0 iteration=5150/100000 objective=0.00027100296439218623 r=1.87329e-08/1.10673e-08 s=0.744789/0.000115703 projection_inf=3.31601e-17 rho=1e+08 support=404/12248
ADMM_ITER round=0/0 iteration=5175/100000 objective=0.00027196593852116041 r=1.86076e-08/1.10673e-08 s=0.7706/0.000116091 projection_inf=3.94534e-17 rho=1e+08 support=404/12248
ADMM_ITER round=0/0 iteration=5200/100000 objective=0.00027284405328759879 r=1.85808e-08/1.10673e-08 s=0.770476/0.000116478 projection_inf=3.66206e-17 rho=1e+08 support=403/12248
ADMM_ITER round=0/0 iteration=5225/100000 objective=0.00027367464243551295 r=1.86029e-08/1.10673e-08 s=0.753772/0.000116863 projection_inf=3.52053e-17 rho=1e+08 support=403/12248
ADMM_ITER round=0/0 iteration=5250/100000 objective=0.00027451451876362468 r=1.8616e-08/1.10673e-08 s=0.736076/0.000117246 projection_inf=3.2092e-17 rho=1e+08 support=400/12248
ADMM_ITER round=0/0 iteration=5275/100000 objective=0.00027542482452392252 r=1.85881e-08/1.10673e-08 s=0.733899/0.000117628 projection_inf=3.40675e-17 rho=1e+08 support=398/12248
ADMM_ITER round=0/0 iteration=5300/100000 objective=0.00027637754422977123 r=1.85708e-08/1.10673e-08 s=0.718759/0.000118008 projection_inf=3.50139e-17 rho=1e+08 support=396/12248
ADMM_ITER round=0/0 iteration=5325/100000 objective=0.00027730476426542653 r=1.85819e-08/1.10673e-08 s=0.704621/0.000118387 projection_inf=3.30135e-17 rho=1e+08 support=397/12248
ADMM_ITER round=0/0 iteration=5350/100000 objective=0.00027822176917387541 r=1.8425e-08/1.10673e-08 s=0.732734/0.000118764 projection_inf=3.66205e-17 rho=1e+08 support=397/12248
ADMM_ITER round=0/0 iteration=5375/100000 objective=0.00027908865185341655 r=1.84056e-08/1.10673e-08 s=0.727497/0.000119139 projection_inf=3.343e-17 rho=1e+08 support=397/12248
ADMM_ITER round=0/0 iteration=5400/100000 objective=0.00027996327553261201 r=1.84687e-08/1.10673e-08 s=0.699523/0.000119513 projection_inf=3.6838e-17 rho=1e+08 support=398/12248
ADMM_ITER round=0/0 iteration=5425/100000 objective=0.00028093006670582645 r=1.85092e-08/1.10673e-08 s=0.679486/0.000119885 projection_inf=3.98287e-17 rho=1e+08 support=397/12248
ADMM_ITER round=0/0 iteration=5450/100000 objective=0.00028193213495426937 r=1.84951e-08/1.10673e-08 s=0.675162/0.000120256 projection_inf=3.60405e-17 rho=1e+08 support=397/12248
ADMM_ITER round=0/0 iteration=5475/100000 objective=0.00028285579128317526 r=1.84065e-08/1.10673e-08 s=0.69182/0.000120625 projection_inf=3.92951e-17 rho=1e+08 support=398/12248
ADMM_ITER round=0/0 iteration=5500/100000 objective=0.00028366984559769442 r=1.84675e-08/1.10673e-08 s=0.667738/0.000120992 projection_inf=3.33183e-17 rho=1e+08 support=397/12248
ADMM_ITER round=0/0 iteration=5525/100000 objective=0.00028436003233485918 r=1.85934e-08/1.10673e-08 s=0.624889/0.000121359 projection_inf=3.77814e-17 rho=1e+08 support=397/12248
ADMM_ITER round=0/0 iteration=5550/100000 objective=0.00028495721357234781 r=1.86225e-08/1.10673e-08 s=0.608682/0.000121725 projection_inf=3.88152e-17 rho=1e+08 support=398/12248
ADMM_ITER round=0/0 iteration=5575/100000 objective=0.00028550281442135509 r=1.84766e-08/1.10673e-08 s=0.643655/0.000122089 projection_inf=3.33772e-17 rho=1e+08 support=398/12248
ADMM_ITER round=0/0 iteration=5600/100000 objective=0.00028606825611322481 r=1.83442e-08/1.10673e-08 s=0.668848/0.000122454 projection_inf=3.66667e-17 rho=1e+08 support=397/12248
ADMM_ITER round=0/0 iteration=5625/100000 objective=0.00028669733194521463 r=1.82317e-08/1.10673e-08 s=0.692095/0.000122817 projection_inf=4.25621e-17 rho=1e+08 support=397/12248
ADMM_ITER round=0/0 iteration=5650/100000 objective=0.00028735912679487939 r=1.82335e-08/1.10673e-08 s=0.682901/0.00012318 projection_inf=3.72442e-17 rho=1e+08 support=398/12248
ADMM_ITER round=0/0 iteration=5675/100000 objective=0.00028802833039754744 r=1.82469e-08/1.10673e-08 s=0.669332/0.000123541 projection_inf=3.69263e-17 rho=1e+08 support=397/12248
ADMM_ITER round=0/0 iteration=5700/100000 objective=0.00028864657663186025 r=1.82158e-08/1.10673e-08 s=0.669994/0.000123902 projection_inf=4.13511e-17 rho=1e+08 support=398/12248
ADMM_ITER round=0/0 iteration=5725/100000 objective=0.00028921230371245423 r=1.82219e-08/1.10673e-08 s=0.659254/0.000124262 projection_inf=3.82255e-17 rho=1e+08 support=400/12248
ADMM_ITER round=0/0 iteration=5750/100000 objective=0.00028969918301588893 r=1.81663e-08/1.10673e-08 s=0.665976/0.000124621 projection_inf=3.64113e-17 rho=1e+08 support=401/12248
ADMM_ITER round=0/0 iteration=5775/100000 objective=0.00029009892201808707 r=1.81838e-08/1.10673e-08 s=0.651339/0.00012498 projection_inf=3.5024e-17 rho=1e+08 support=401/12248
ADMM_ITER round=0/0 iteration=5800/100000 objective=0.00029044253722697229 r=1.82938e-08/1.10673e-08 s=0.6107/0.000125338 projection_inf=3.53507e-17 rho=1e+08 support=400/12248
ADMM_ITER round=0/0 iteration=5825/100000 objective=0.00029074490974717392 r=1.8251e-08/1.10673e-08 s=0.598538/0.000125697 projection_inf=3.74731e-17 rho=1e+08 support=396/12248
ADMM_ITER round=0/0 iteration=5850/100000 objective=0.00029101698462727631 r=1.80944e-08/1.10673e-08 s=0.626905/0.000126055 projection_inf=3.73964e-17 rho=1e+08 support=397/12248
ADMM_ITER round=0/0 iteration=5875/100000 objective=0.00029122256244651693 r=1.79101e-08/1.10673e-08 s=0.665801/0.000126413 projection_inf=3.81635e-17 rho=1e+08 support=397/12248
ADMM_ITER round=0/0 iteration=5900/100000 objective=0.00029139442236221036 r=1.78518e-08/1.10673e-08 s=0.670274/0.000126771 projection_inf=3.67159e-17 rho=1e+08 support=399/12248
ADMM_ITER round=0/0 iteration=5925/100000 objective=0.00029152541196084949 r=1.77296e-08/1.10673e-08 s=0.693214/0.000127129 projection_inf=3.65665e-17 rho=1e+08 support=401/12248
ADMM_ITER round=0/0 iteration=5950/100000 objective=0.00029157047496048555 r=1.7733e-08/1.10673e-08 s=0.683032/0.000127487 projection_inf=3.98625e-17 rho=1e+08 support=404/12248
ADMM_ITER round=0/0 iteration=5975/100000 objective=0.00029151593742841349 r=1.76707e-08/1.10673e-08 s=0.68941/0.000127845 projection_inf=3.97099e-17 rho=1e+08 support=404/12248
ADMM_ITER round=0/0 iteration=6000/100000 objective=0.00029147092211672965 r=1.75054e-08/1.10673e-08 s=0.722256/0.000128204 projection_inf=3.84616e-17 rho=1e+08 support=404/12248
ADMM_ITER round=0/0 iteration=6025/100000 objective=0.00029151003450602513 r=1.74843e-08/1.10673e-08 s=0.716356/0.000128564 projection_inf=4.00075e-17 rho=1e+08 support=403/12248
ADMM_ITER round=0/0 iteration=6050/100000 objective=0.00029160427670909389 r=1.74494e-08/1.10673e-08 s=0.71404/0.000128923 projection_inf=3.67958e-17 rho=1e+08 support=401/12248
ADMM_ITER round=0/0 iteration=6075/100000 objective=0.00029177378702813662 r=1.748e-08/1.10673e-08 s=0.697973/0.000129282 projection_inf=4.10712e-17 rho=1e+08 support=400/12248
ADMM_ITER round=0/0 iteration=6100/100000 objective=0.0002919744062546892 r=1.74598e-08/1.10673e-08 s=0.694638/0.000129641 projection_inf=4.05078e-17 rho=1e+08 support=401/12248
ADMM_ITER round=0/0 iteration=6125/100000 objective=0.00029232704897277071 r=1.72383e-08/1.10673e-08 s=0.739982/0.00013 projection_inf=3.81645e-17 rho=1e+08 support=400/12248
ADMM_ITER round=0/0 iteration=6150/100000 objective=0.00029283136377066953 r=1.72292e-08/1.10673e-08 s=0.72208/0.000130358 projection_inf=3.85521e-17 rho=1e+08 support=398/12248
ADMM_ITER round=0/0 iteration=6175/100000 objective=0.00029350270739086215 r=1.72067e-08/1.10673e-08 s=0.711389/0.000130715 projection_inf=4.11921e-17 rho=1e+08 support=398/12248
ADMM_ITER round=0/0 iteration=6200/100000 objective=0.00029434828057310169 r=1.72968e-08/1.10673e-08 s=0.677882/0.000131071 projection_inf=3.84419e-17 rho=1e+08 support=398/12248
ADMM_ITER round=0/0 iteration=6225/100000 objective=0.00029521885482292342 r=1.72835e-08/1.10673e-08 s=0.671146/0.000131426 projection_inf=3.85507e-17 rho=1e+08 support=398/12248
ADMM_ITER round=0/0 iteration=6250/100000 objective=0.00029601463476431337 r=1.7381e-08/1.10673e-08 s=0.628286/0.000131779 projection_inf=3.87848e-17 rho=1e+08 support=396/12248
ADMM_ITER round=0/0 iteration=6275/100000 objective=0.00029688979811040014 r=1.74561e-08/1.10673e-08 s=0.582669/0.000132131 projection_inf=3.75647e-17 rho=1e+08 support=396/12248
ADMM_ITER round=0/0 iteration=6300/100000 objective=0.00029770488418819242 r=1.73379e-08/1.10673e-08 s=0.605719/0.000132482 projection_inf=4.38849e-17 rho=1e+08 support=396/12248
ADMM_ITER round=0/0 iteration=6325/100000 objective=0.00029849480544888956 r=1.72648e-08/1.10673e-08 s=0.608886/0.000132831 projection_inf=4.21022e-17 rho=1e+08 support=395/12248
ADMM_ITER round=0/0 iteration=6350/100000 objective=0.00029912255483791419 r=1.72271e-08/1.10673e-08 s=0.608309/0.00013318 projection_inf=3.76226e-17 rho=1e+08 support=395/12248
ADMM_ITER round=0/0 iteration=6375/100000 objective=0.00029965411379579988 r=1.72067e-08/1.10673e-08 s=0.602265/0.000133528 projection_inf=4.38605e-17 rho=1e+08 support=396/12248
ADMM_ITER round=0/0 iteration=6400/100000 objective=0.0003001762792800781 r=1.72754e-08/1.10673e-08 s=0.572435/0.000133875 projection_inf=4.43023e-17 rho=1e+08 support=397/12248
ADMM_ITER round=0/0 iteration=6425/100000 objective=0.00030071516320678984 r=1.73698e-08/1.10673e-08 s=0.532486/0.000134221 projection_inf=3.88257e-17 rho=1e+08 support=396/12248
ADMM_ITER round=0/0 iteration=6450/100000 objective=0.00030116242976680873 r=1.7459e-08/1.10673e-08 s=0.493034/0.000134567 projection_inf=4.14974e-17 rho=1e+08 support=396/12248
ADMM_ITER round=0/0 iteration=6475/100000 objective=0.00030157908879583159 r=1.73863e-08/1.10673e-08 s=0.507701/0.000134912 projection_inf=4.06063e-17 rho=1e+08 support=396/12248
ADMM_ITER round=0/0 iteration=6500/100000 objective=0.00030201104841231564 r=1.72258e-08/1.10673e-08 s=0.54978/0.000135257 projection_inf=4.35182e-17 rho=1e+08 support=396/12248
ADMM_ITER round=0/0 iteration=6525/100000 objective=0.00030240346036554535 r=1.70848e-08/1.10673e-08 s=0.58258/0.000135602 projection_inf=4.37154e-17 rho=1e+08 support=395/12248
ADMM_ITER round=0/0 iteration=6550/100000 objective=0.00030274523181495795 r=1.70133e-08/1.10673e-08 s=0.593986/0.000135946 projection_inf=4.29112e-17 rho=1e+08 support=397/12248
ADMM_ITER round=0/0 iteration=6575/100000 objective=0.00030310146049183901 r=1.70242e-08/1.10673e-08 s=0.580989/0.00013629 projection_inf=4.14517e-17 rho=1e+08 support=399/12248
ADMM_ITER round=0/0 iteration=6600/100000 objective=0.00030353112642105153 r=1.7045e-08/1.10673e-08 s=0.560782/0.000136634 projection_inf=4.10102e-17 rho=1e+08 support=397/12248
ADMM_ITER round=0/0 iteration=6625/100000 objective=0.00030397956416036123 r=1.69877e-08/1.10673e-08 s=0.569548/0.000136977 projection_inf=3.90979e-17 rho=1e+08 support=399/12248
ADMM_ITER round=0/0 iteration=6650/100000 objective=0.00030436497975097523 r=1.68748e-08/1.10673e-08 s=0.59448/0.00013732 projection_inf=4.33747e-17 rho=1e+08 support=400/12248
ADMM_ITER round=0/0 iteration=6675/100000 objective=0.00030472497831557729 r=1.68179e-08/1.10673e-08 s=0.603071/0.000137662 projection_inf=3.94126e-17 rho=1e+08 support=401/12248
ADMM_ITER round=0/0 iteration=6700/100000 objective=0.00030513026467117021 r=1.68133e-08/1.10673e-08 s=0.59768/0.000138004 projection_inf=4.06883e-17 rho=1e+08 support=401/12248
ADMM_ITER round=0/0 iteration=6725/100000 objective=0.00030558613125428375 r=1.68985e-08/1.10673e-08 s=0.566084/0.000138345 projection_inf=4.27142e-17 rho=1e+08 support=402/12248
ADMM_ITER round=0/0 iteration=6750/100000 objective=0.00030606530500389411 r=1.68931e-08/1.10673e-08 s=0.560299/0.000138686 projection_inf=3.93601e-17 rho=1e+08 support=404/12248
ADMM_ITER round=0/0 iteration=6775/100000 objective=0.00030656015870741575 r=1.68117e-08/1.10673e-08 s=0.576566/0.000139026 projection_inf=4.13756e-17 rho=1e+08 support=405/12248
ADMM_ITER round=0/0 iteration=6800/100000 objective=0.00030709052867822554 r=1.6698e-08/1.10673e-08 s=0.601918/0.000139365 projection_inf=3.77895e-17 rho=1e+08 support=406/12248
ADMM_ITER round=0/0 iteration=6825/100000 objective=0.00030768714251584245 r=1.65301e-08/1.10673e-08 s=0.63776/0.000139704 projection_inf=3.63229e-17 rho=1e+08 support=405/12248
ADMM_ITER round=0/0 iteration=6850/100000 objective=0.00030829517867924625 r=1.64213e-08/1.10673e-08 s=0.658664/0.000140042 projection_inf=4.36336e-17 rho=1e+08 support=405/12248
ADMM_ITER round=0/0 iteration=6875/100000 objective=0.0003089086223817729 r=1.64794e-08/1.10673e-08 s=0.637573/0.000140379 projection_inf=4.27618e-17 rho=1e+08 support=405/12248
ADMM_ITER round=0/0 iteration=6900/100000 objective=0.00030955693197198835 r=1.6574e-08/1.10673e-08 s=0.604092/0.000140715 projection_inf=4.06313e-17 rho=1e+08 support=403/12248
ADMM_ITER round=0/0 iteration=6925/100000 objective=0.00031023078230908756 r=1.65041e-08/1.10673e-08 s=0.61646/0.000141051 projection_inf=3.69266e-17 rho=1e+08 support=401/12248
ADMM_ITER round=0/0 iteration=6950/100000 objective=0.00031094816944483654 r=1.63545e-08/1.10673e-08 s=0.648457/0.000141385 projection_inf=3.8883e-17 rho=1e+08 support=401/12248
ADMM_ITER round=0/0 iteration=6975/100000 objective=0.00031167484404482883 r=1.62901e-08/1.10673e-08 s=0.654524/0.000141718 projection_inf=4.20995e-17 rho=1e+08 support=402/12248
ADMM_ITER round=0/0 iteration=7000/100000 objective=0.00031235403700547338 r=1.6314e-08/1.10673e-08 s=0.641984/0.00014205 projection_inf=3.8788e-17 rho=1e+08 support=403/12248
ADMM_ITER round=0/0 iteration=7025/100000 objective=0.00031303329602385451 r=1.63445e-08/1.10673e-08 s=0.627446/0.000142381 projection_inf=5.03082e-17 rho=1e+08 support=402/12248
ADMM_ITER round=0/0 iteration=7050/100000 objective=0.00031373266900536694 r=1.63423e-08/1.10673e-08 s=0.622515/0.000142711 projection_inf=3.78433e-17 rho=1e+08 support=403/12248
ADMM_ITER round=0/0 iteration=7075/100000 objective=0.00031444217859826341 r=1.63706e-08/1.10673e-08 s=0.609768/0.000143041 projection_inf=4.34449e-17 rho=1e+08 support=404/12248
ADMM_ITER round=0/0 iteration=7100/100000 objective=0.00031511738097308745 r=1.63398e-08/1.10673e-08 s=0.612322/0.000143369 projection_inf=4.11329e-17 rho=1e+08 support=405/12248
ADMM_ITER round=0/0 iteration=7125/100000 objective=0.00031575791010983602 r=1.62809e-08/1.10673e-08 s=0.622815/0.000143696 projection_inf=4.36482e-17 rho=1e+08 support=404/12248
ADMM_ITER round=0/0 iteration=7150/100000 objective=0.00031638503035966273 r=1.62334e-08/1.10673e-08 s=0.629212/0.000144023 projection_inf=3.92406e-17 rho=1e+08 support=404/12248
ADMM_ITER round=0/0 iteration=7175/100000 objective=0.00031697419307529504 r=1.62647e-08/1.10673e-08 s=0.615695/0.000144348 projection_inf=4.73586e-17 rho=1e+08 support=404/12248
ADMM_ITER round=0/0 iteration=7200/100000 objective=0.00031746010735669465 r=1.6277e-08/1.10673e-08 s=0.606312/0.000144673 projection_inf=4.63954e-17 rho=1e+08 support=403/12248
ADMM_ITER round=0/0 iteration=7225/100000 objective=0.00031788324231276998 r=1.6202e-08/1.10673e-08 s=0.620912/0.000144998 projection_inf=4.17911e-17 rho=1e+08 support=405/12248
ADMM_ITER round=0/0 iteration=7250/100000 objective=0.00031832420888323762 r=1.60969e-08/1.10673e-08 s=0.643015/0.000145322 projection_inf=4.44875e-17 rho=1e+08 support=406/12248
ADMM_ITER round=0/0 iteration=7275/100000 objective=0.00031883373916863117 r=1.60454e-08/1.10673e-08 s=0.651511/0.000145645 projection_inf=4.28722e-17 rho=1e+08 support=406/12248
ADMM_ITER round=0/0 iteration=7300/100000 objective=0.00031948611067716943 r=1.60782e-08/1.10673e-08 s=0.638914/0.000145967 projection_inf=4.93483e-17 rho=1e+08 support=405/12248
ADMM_ITER round=0/0 iteration=7325/100000 objective=0.00032028478022772276 r=1.61142e-08/1.10673e-08 s=0.625796/0.000146289 projection_inf=4.32526e-17 rho=1e+08 support=404/12248
ADMM_ITER round=0/0 iteration=7350/100000 objective=0.00032113328706690874 r=1.61538e-08/1.10673e-08 s=0.594562/0.000146609 projection_inf=4.38057e-17 rho=1e+08 support=403/12248
ADMM_ITER round=0/0 iteration=7375/100000 objective=0.00032197771061779251 r=1.61161e-08/1.10673e-08 s=0.58914/0.000146928 projection_inf=4.63722e-17 rho=1e+08 support=404/12248
ADMM_ITER round=0/0 iteration=7400/100000 objective=0.00032284362535975146 r=1.59571e-08/1.10673e-08 s=0.622958/0.000147246 projection_inf=4.22835e-17 rho=1e+08 support=405/12248
ADMM_ITER round=0/0 iteration=7425/100000 objective=0.00032370119774433802 r=1.58685e-08/1.10673e-08 s=0.638455/0.000147563 projection_inf=4.40856e-17 rho=1e+08 support=403/12248
ADMM_ITER round=0/0 iteration=7450/100000 objective=0.00032452768344760566 r=1.58853e-08/1.10673e-08 s=0.628066/0.000147879 projection_inf=4.1186e-17 rho=1e+08 support=402/12248
ADMM_ITER round=0/0 iteration=7475/100000 objective=0.00032538225356840866 r=1.58415e-08/1.10673e-08 s=0.631636/0.000148193 projection_inf=4.12094e-17 rho=1e+08 support=402/12248
ADMM_ITER round=0/0 iteration=7500/100000 objective=0.00032622398101191487 r=1.57885e-08/1.10673e-08 s=0.633336/0.000148506 projection_inf=4.40632e-17 rho=1e+08 support=402/12248
ADMM_ITER round=0/0 iteration=7525/100000 objective=0.00032700881680545834 r=1.57601e-08/1.10673e-08 s=0.634167/0.000148818 projection_inf=4.21368e-17 rho=1e+08 support=403/12248
ADMM_ITER round=0/0 iteration=7550/100000 objective=0.00032772205315675316 r=1.56722e-08/1.10673e-08 s=0.650377/0.000149129 projection_inf=4.22327e-17 rho=1e+08 support=403/12248
ADMM_ITER round=0/0 iteration=7575/100000 objective=0.00032840972748030787 r=1.55624e-08/1.10673e-08 s=0.671547/0.000149439 projection_inf=4.93819e-17 rho=1e+08 support=404/12248
ADMM_ITER round=0/0 iteration=7600/100000 objective=0.00032911961825202 r=1.55263e-08/1.10673e-08 s=0.67487/0.000149748 projection_inf=4.36813e-17 rho=1e+08 support=402/12248
ADMM_ITER round=0/0 iteration=7625/100000 objective=0.00032981507105307468 r=1.55647e-08/1.10673e-08 s=0.658935/0.000150056 projection_inf=4.41725e-17 rho=1e+08 support=401/12248
ADMM_ITER round=0/0 iteration=7650/100000 objective=0.00033048826044794141 r=1.56014e-08/1.10673e-08 s=0.644815/0.000150363 projection_inf=4.52072e-17 rho=1e+08 support=404/12248
ADMM_ITER round=0/0 iteration=7675/100000 objective=0.00033114308685387169 r=1.56354e-08/1.10673e-08 s=0.631271/0.000150669 projection_inf=4.50939e-17 rho=1e+08 support=405/12248
ADMM_ITER round=0/0 iteration=7700/100000 objective=0.00033172667660907499 r=1.56272e-08/1.10673e-08 s=0.628726/0.000150975 projection_inf=4.51047e-17 rho=1e+08 support=404/12248
ADMM_ITER round=0/0 iteration=7725/100000 objective=0.00033222879974739619 r=1.56161e-08/1.10673e-08 s=0.627049/0.000151279 projection_inf=4.47849e-17 rho=1e+08 support=407/12248
ADMM_ITER round=0/0 iteration=7750/100000 objective=0.00033276404368935887 r=1.56377e-08/1.10673e-08 s=0.615005/0.000151583 projection_inf=4.5614e-17 rho=1e+08 support=405/12248
ADMM_ITER round=0/0 iteration=7775/100000 objective=0.00033328891525987565 r=1.5679e-08/1.10673e-08 s=0.599071/0.000151887 projection_inf=4.17101e-17 rho=1e+08 support=406/12248
ADMM_ITER round=0/0 iteration=7800/100000 objective=0.00033380737342508484 r=1.57039e-08/1.10673e-08 s=0.585887/0.00015219 projection_inf=4.56049e-17 rho=1e+08 support=405/12248
ADMM_ITER round=0/0 iteration=7825/100000 objective=0.0003343602766296934 r=1.56773e-08/1.10673e-08 s=0.584986/0.000152492 projection_inf=4.5107e-17 rho=1e+08 support=405/12248
ADMM_ITER round=0/0 iteration=7850/100000 objective=0.00033490323838412966 r=1.56937e-08/1.10673e-08 s=0.574531/0.000152793 projection_inf=4.43344e-17 rho=1e+08 support=405/12248
ADMM_ITER round=0/0 iteration=7875/100000 objective=0.0003354450928475939 r=1.56751e-08/1.10673e-08 s=0.574763/0.000153094 projection_inf=4.08525e-17 rho=1e+08 support=405/12248
ADMM_ITER round=0/0 iteration=7900/100000 objective=0.00033601047526013092 r=1.56346e-08/1.10673e-08 s=0.580123/0.000153395 projection_inf=4.10444e-17 rho=1e+08 support=406/12248
ADMM_ITER round=0/0 iteration=7925/100000 objective=0.0003365966471564088 r=1.56743e-08/1.10673e-08 s=0.556841/0.000153695 projection_inf=4.62901e-17 rho=1e+08 support=406/12248
ADMM_ITER round=0/0 iteration=7950/100000 objective=0.00033724314938986044 r=1.57154e-08/1.10673e-08 s=0.538172/0.000153994 projection_inf=4.49973e-17 rho=1e+08 support=406/12248
ADMM_ITER round=0/0 iteration=7975/100000 objective=0.0003379071924230543 r=1.56165e-08/1.10673e-08 s=0.561028/0.000154292 projection_inf=4.04275e-17 rho=1e+08 support=406/12248
ADMM_ITER round=0/0 iteration=8000/100000 objective=0.00033850907636828016 r=1.5459e-08/1.10673e-08 s=0.59875/0.000154589 projection_inf=4.89044e-17 rho=1e+08 support=407/12248
ADMM_ITER round=0/0 iteration=8025/100000 objective=0.00033900334679057861 r=1.53105e-08/1.10673e-08 s=0.631864/0.000154886 projection_inf=4.06869e-17 rho=1e+08 support=406/12248
ADMM_ITER round=0/0 iteration=8050/100000 objective=0.00033942795694585741 r=1.52322e-08/1.10673e-08 s=0.646657/0.000155182 projection_inf=4.41817e-17 rho=1e+08 support=406/12248
ADMM_ITER round=0/0 iteration=8075/100000 objective=0.00033981115718086888 r=1.52373e-08/1.10673e-08 s=0.642018/0.000155478 projection_inf=4.40793e-17 rho=1e+08 support=406/12248
ADMM_ITER round=0/0 iteration=8100/100000 objective=0.000340089787913387 r=1.52795e-08/1.10673e-08 s=0.628577/0.000155774 projection_inf=4.50301e-17 rho=1e+08 support=405/12248
ADMM_ITER round=0/0 iteration=8125/100000 objective=0.00034027442705406404 r=1.53004e-08/1.10673e-08 s=0.61615/0.000156069 projection_inf=4.67289e-17 rho=1e+08 support=403/12248
ADMM_ITER round=0/0 iteration=8150/100000 objective=0.00034043094284069681 r=1.52343e-08/1.10673e-08 s=0.62872/0.000156365 projection_inf=4.28111e-17 rho=1e+08 support=403/12248
ADMM_ITER round=0/0 iteration=8175/100000 objective=0.00034060600085113798 r=1.51723e-08/1.10673e-08 s=0.639879/0.00015666 projection_inf=4.51247e-17 rho=1e+08 support=405/12248
ADMM_ITER round=0/0 iteration=8200/100000 objective=0.00034079894705684035 r=1.52739e-08/1.10673e-08 s=0.598767/0.000156955 projection_inf=4.31691e-17 rho=1e+08 support=404/12248
ADMM_ITER round=0/0 iteration=8225/100000 objective=0.00034092178547001493 r=1.52927e-08/1.10673e-08 s=0.579034/0.00015725 projection_inf=4.53768e-17 rho=1e+08 support=403/12248
ADMM_ITER round=0/0 iteration=8250/100000 objective=0.00034104015295878282 r=1.52202e-08/1.10673e-08 s=0.586297/0.000157546 projection_inf=5.07766e-17 rho=1e+08 support=404/12248
ADMM_ITER round=0/0 iteration=8275/100000 objective=0.00034121012793099674 r=1.52033e-08/1.10673e-08 s=0.571569/0.000157841 projection_inf=4.86058e-17 rho=1e+08 support=404/12248
ADMM_ITER round=0/0 iteration=8300/100000 objective=0.0003414394103906451 r=1.51327e-08/1.10673e-08 s=0.580215/0.000158136 projection_inf=4.173e-17 rho=1e+08 support=403/12248
ADMM_ITER round=0/0 iteration=8325/100000 objective=0.00034177560634468187 r=1.50464e-08/1.10673e-08 s=0.593196/0.000158431 projection_inf=4.43133e-17 rho=1e+08 support=403/12248
ADMM_ITER round=0/0 iteration=8350/100000 objective=0.00034211641235130648 r=1.50602e-08/1.10673e-08 s=0.579817/0.000158726 projection_inf=4.95149e-17 rho=1e+08 support=404/12248
ADMM_ITER round=0/0 iteration=8375/100000 objective=0.00034241697230478601 r=1.51356e-08/1.10673e-08 s=0.552033/0.00015902 projection_inf=4.26247e-17 rho=1e+08 support=404/12248
ADMM_ITER round=0/0 iteration=8400/100000 objective=0.00034269240849463782 r=1.51161e-08/1.10673e-08 s=0.548707/0.000159314 projection_inf=5.23125e-17 rho=1e+08 support=404/12248
ADMM_ITER round=0/0 iteration=8425/100000 objective=0.00034292705320219192 r=1.50987e-08/1.10673e-08 s=0.547037/0.000159608 projection_inf=4.28652e-17 rho=1e+08 support=404/12248
ADMM_ITER round=0/0 iteration=8450/100000 objective=0.00034310241482255448 r=1.49968e-08/1.10673e-08 s=0.568957/0.000159902 projection_inf=4.90974e-17 rho=1e+08 support=405/12248
ADMM_ITER round=0/0 iteration=8475/100000 objective=0.00034326136811742037 r=1.48473e-08/1.10673e-08 s=0.597239/0.000160196 projection_inf=5.18912e-17 rho=1e+08 support=403/12248
ADMM_ITER round=0/0 iteration=8500/100000 objective=0.00034343368457397994 r=1.48016e-08/1.10673e-08 s=0.598718/0.000160489 projection_inf=4.44408e-17 rho=1e+08 support=403/12248
ADMM_ITER round=0/0 iteration=8525/100000 objective=0.000343463037318432 r=1.47952e-08/1.10673e-08 s=0.592005/0.000160783 projection_inf=4.64615e-17 rho=1e+08 support=402/12248
ADMM_ITER round=0/0 iteration=8550/100000 objective=0.00034339385329464403 r=1.49255e-08/1.10673e-08 s=0.541849/0.000161077 projection_inf=4.97285e-17 rho=1e+08 support=403/12248
ADMM_ITER round=0/0 iteration=8575/100000 objective=0.00034338776977769602 r=1.49389e-08/1.10673e-08 s=0.528067/0.000161371 projection_inf=5.13987e-17 rho=1e+08 support=403/12248
ADMM_ITER round=0/0 iteration=8600/100000 objective=0.00034338056388492677 r=1.48698e-08/1.10673e-08 s=0.533556/0.000161666 projection_inf=5.01936e-17 rho=1e+08 support=401/12248
ADMM_ITER round=0/0 iteration=8625/100000 objective=0.0003434759735363842 r=1.47302e-08/1.10673e-08 s=0.56073/0.00016196 projection_inf=4.63142e-17 rho=1e+08 support=402/12248
ADMM_ITER round=0/0 iteration=8650/100000 objective=0.00034373194134841285 r=1.462e-08/1.10673e-08 s=0.58221/0.000162255 projection_inf=5.34682e-17 rho=1e+08 support=402/12248
ADMM_ITER round=0/0 iteration=8675/100000 objective=0.00034409134166878683 r=1.45395e-08/1.10673e-08 s=0.595637/0.000162549 projection_inf=4.99314e-17 rho=1e+08 support=401/12248
ADMM_ITER round=0/0 iteration=8700/100000 objective=0.00034451483797794217 r=1.44701e-08/1.10673e-08 s=0.606016/0.000162843 projection_inf=4.81571e-17 rho=1e+08 support=402/12248
ADMM_ITER round=0/0 iteration=8725/100000 objective=0.000345071160115723 r=1.44355e-08/1.10673e-08 s=0.608881/0.000163136 projection_inf=4.81407e-17 rho=1e+08 support=400/12248
ADMM_ITER round=0/0 iteration=8750/100000 objective=0.00034569746067210919 r=1.44479e-08/1.10673e-08 s=0.600612/0.000163428 projection_inf=4.93667e-17 rho=1e+08 support=402/12248
ADMM_ITER round=0/0 iteration=8775/100000 objective=0.0003462980887663571 r=1.44912e-08/1.10673e-08 s=0.585031/0.00016372 projection_inf=4.73739e-17 rho=1e+08 support=402/12248
ADMM_ITER round=0/0 iteration=8800/100000 objective=0.00034685797419568506 r=1.45603e-08/1.10673e-08 s=0.562777/0.000164011 projection_inf=4.38637e-17 rho=1e+08 support=402/12248
ADMM_ITER round=0/0 iteration=8825/100000 objective=0.00034738683874238776 r=1.45684e-08/1.10673e-08 s=0.555792/0.000164301 projection_inf=4.82516e-17 rho=1e+08 support=402/12248
ADMM_ITER round=0/0 iteration=8850/100000 objective=0.00034787586303918817 r=1.45351e-08/1.10673e-08 s=0.559531/0.00016459 projection_inf=4.28988e-17 rho=1e+08 support=403/12248
ADMM_ITER round=0/0 iteration=8875/100000 objective=0.00034830203716289596 r=1.45628e-08/1.10673e-08 s=0.537091/0.000164879 projection_inf=4.61846e-17 rho=1e+08 support=401/12248
ADMM_ITER round=0/0 iteration=8900/100000 objective=0.0003487570937609184 r=1.45096e-08/1.10673e-08 s=0.541198/0.000165168 projection_inf=4.73407e-17 rho=1e+08 support=402/12248
ADMM_ITER round=0/0 iteration=8925/100000 objective=0.00034916786367375529 r=1.45203e-08/1.10673e-08 s=0.531244/0.000165456 projection_inf=5.11366e-17 rho=1e+08 support=401/12248
ADMM_ITER round=0/0 iteration=8950/100000 objective=0.00034953524425804195 r=1.45533e-08/1.10673e-08 s=0.515056/0.000165744 projection_inf=5.61107e-17 rho=1e+08 support=400/12248
ADMM_ITER round=0/0 iteration=8975/100000 objective=0.00034979482856020537 r=1.44288e-08/1.10673e-08 s=0.539222/0.000166031 projection_inf=5.05904e-17 rho=1e+08 support=401/12248
ADMM_ITER round=0/0 iteration=9000/100000 objective=0.00034998595159564552 r=1.42884e-08/1.10673e-08 s=0.568759/0.000166318 projection_inf=4.84862e-17 rho=1e+08 support=402/12248
ADMM_ITER round=0/0 iteration=9025/100000 objective=0.00035018488793656772 r=1.42268e-08/1.10673e-08 s=0.574865/0.000166605 projection_inf=5.07481e-17 rho=1e+08 support=400/12248
ADMM_ITER round=0/0 iteration=9050/100000 objective=0.00035033685780970687 r=1.42554e-08/1.10673e-08 s=0.560301/0.000166892 projection_inf=4.39456e-17 rho=1e+08 support=399/12248
ADMM_ITER round=0/0 iteration=9075/100000 objective=0.00035041473568041444 r=1.42372e-08/1.10673e-08 s=0.558739/0.000167179 projection_inf=4.44315e-17 rho=1e+08 support=400/12248
ADMM_ITER round=0/0 iteration=9100/100000 objective=0.00035055084179445829 r=1.42232e-08/1.10673e-08 s=0.552369/0.000167466 projection_inf=4.65594e-17 rho=1e+08 support=401/12248
ADMM_ITER round=0/0 iteration=9125/100000 objective=0.0003507217270291338 r=1.42976e-08/1.10673e-08 s=0.524811/0.000167753 projection_inf=5.27003e-17 rho=1e+08 support=404/12248
ADMM_ITER round=0/0 iteration=9150/100000 objective=0.00035087545591738539 r=1.43119e-08/1.10673e-08 s=0.506836/0.00016804 projection_inf=5.3114e-17 rho=1e+08 support=403/12248
ADMM_ITER round=0/0 iteration=9175/100000 objective=0.00035106180463125659 r=1.42699e-08/1.10673e-08 s=0.510892/0.000168327 projection_inf=5.02104e-17 rho=1e+08 support=404/12248
ADMM_ITER round=0/0 iteration=9200/100000 objective=0.0003512457538005879 r=1.42369e-08/1.10673e-08 s=0.513453/0.000168613 projection_inf=5.36146e-17 rho=1e+08 support=406/12248
ADMM_ITER round=0/0 iteration=9225/100000 objective=0.00035153663356362133 r=1.40867e-08/1.10673e-08 s=0.54622/0.0001689 projection_inf=5.30314e-17 rho=1e+08 support=404/12248
ADMM_ITER round=0/0 iteration=9250/100000 objective=0.00035195555965515147 r=1.39687e-08/1.10673e-08 s=0.569836/0.000169186 projection_inf=4.87084e-17 rho=1e+08 support=402/12248
ADMM_ITER round=0/0 iteration=9275/100000 objective=0.00035250788832390077 r=1.39482e-08/1.10673e-08 s=0.569625/0.000169471 projection_inf=5.05379e-17 rho=1e+08 support=403/12248
ADMM_ITER round=0/0 iteration=9300/100000 objective=0.00035309867311240732 r=1.39946e-08/1.10673e-08 s=0.550713/0.000169756 projection_inf=5.06095e-17 rho=1e+08 support=400/12248
ADMM_ITER round=0/0 iteration=9325/100000 objective=0.00035365224491763119 r=1.39816e-08/1.10673e-08 s=0.547564/0.00017004 projection_inf=5.23381e-17 rho=1e+08 support=401/12248
ADMM_ITER round=0/0 iteration=9350/100000 objective=0.00035410063972069633 r=1.39815e-08/1.10673e-08 s=0.542301/0.000170323 projection_inf=4.93143e-17 rho=1e+08 support=402/12248
ADMM_ITER round=0/0 iteration=9375/100000 objective=0.00035446484057337558 r=1.40135e-08/1.10673e-08 s=0.529244/0.000170606 projection_inf=4.91944e-17 rho=1e+08 support=402/12248
ADMM_ITER round=0/0 iteration=9400/100000 objective=0.00035478847754941075 r=1.39715e-08/1.10673e-08 s=0.53077/0.000170889 projection_inf=5.38035e-17 rho=1e+08 support=400/12248
ADMM_ITER round=0/0 iteration=9425/100000 objective=0.0003549929625701585 r=1.39432e-08/1.10673e-08 s=0.53309/0.000171171 projection_inf=5.47002e-17 rho=1e+08 support=400/12248
ADMM_ITER round=0/0 iteration=9450/100000 objective=0.00035510474408500625 r=1.39868e-08/1.10673e-08 s=0.517071/0.000171453 projection_inf=5.24376e-17 rho=1e+08 support=400/12248
ADMM_ITER round=0/0 iteration=9475/100000 objective=0.00035516143687378037 r=1.39234e-08/1.10673e-08 s=0.52993/0.000171736 projection_inf=4.84142e-17 rho=1e+08 support=400/12248
ADMM_ITER round=0/0 iteration=9500/100000 objective=0.00035521778385505434 r=1.38928e-08/1.10673e-08 s=0.534196/0.000172018 projection_inf=4.83614e-17 rho=1e+08 support=401/12248
ADMM_ITER round=0/0 iteration=9525/100000 objective=0.00035534432537706563 r=1.39438e-08/1.10673e-08 s=0.509103/0.0001723 projection_inf=4.7159e-17 rho=1e+08 support=402/12248
ADMM_ITER round=0/0 iteration=9550/100000 objective=0.00035561394923607024 r=1.39734e-08/1.10673e-08 s=0.488392/0.000172583 projection_inf=4.46394e-17 rho=1e+08 support=399/12248
ADMM_ITER round=0/0 iteration=9575/100000 objective=0.00035599772340342802 r=1.40572e-08/1.10673e-08 s=0.455504/0.000172865 projection_inf=4.57506e-17 rho=1e+08 support=400/12248
ADMM_ITER round=0/0 iteration=9600/100000 objective=0.00035644337045090554 r=1.41448e-08/1.10673e-08 s=0.420324/0.000173146 projection_inf=5.1128e-17 rho=1e+08 support=399/12248
ADMM_ITER round=0/0 iteration=9625/100000 objective=0.00035690787490492228 r=1.41561e-08/1.10673e-08 s=0.408611/0.000173427 projection_inf=4.91345e-17 rho=1e+08 support=399/12248
ADMM_ITER round=0/0 iteration=9650/100000 objective=0.00035736789561132331 r=1.41273e-08/1.10673e-08 s=0.412228/0.000173708 projection_inf=4.92057e-17 rho=1e+08 support=398/12248
ADMM_ITER round=0/0 iteration=9675/100000 objective=0.00035784859643830485 r=1.40754e-08/1.10673e-08 s=0.423225/0.000173988 projection_inf=4.97312e-17 rho=1e+08 support=399/12248
ADMM_ITER round=0/0 iteration=9700/100000 objective=0.00035837005051505389 r=1.40056e-08/1.10673e-08 s=0.439741/0.000174267 projection_inf=5.16884e-17 rho=1e+08 support=399/12248
ADMM_ITER round=0/0 iteration=9725/100000 objective=0.00035891941947869275 r=1.3925e-08/1.10673e-08 s=0.460169/0.000174546 projection_inf=4.62614e-17 rho=1e+08 support=400/12248
ADMM_ITER round=0/0 iteration=9750/100000 objective=0.00035942204466337052 r=1.38854e-08/1.10673e-08 s=0.465318/0.000174825 projection_inf=5.07176e-17 rho=1e+08 support=398/12248
ADMM_ITER round=0/0 iteration=9775/100000 objective=0.00035979775787297724 r=1.387e-08/1.10673e-08 s=0.464264/0.000175103 projection_inf=4.77053e-17 rho=1e+08 support=400/12248
ADMM_ITER round=0/0 iteration=9800/100000 objective=0.00036008585205226339 r=1.38296e-08/1.10673e-08 s=0.468617/0.00017538 projection_inf=5.22882e-17 rho=1e+08 support=398/12248
ADMM_ITER round=0/0 iteration=9825/100000 objective=0.0003603491580133094 r=1.37765e-08/1.10673e-08 s=0.478894/0.000175658 projection_inf=4.93369e-17 rho=1e+08 support=399/12248
ADMM_ITER round=0/0 iteration=9850/100000 objective=0.0003605848723462219 r=1.36829e-08/1.10673e-08 s=0.50068/0.000175935 projection_inf=4.96855e-17 rho=1e+08 support=399/12248
ADMM_ITER round=0/0 iteration=9875/100000 objective=0.00036074143318201053 r=1.36273e-08/1.10673e-08 s=0.511716/0.000176212 projection_inf=4.81316e-17 rho=1e+08 support=402/12248
ADMM_ITER round=0/0 iteration=9900/100000 objective=0.00036082710582095766 r=1.3621e-08/1.10673e-08 s=0.509793/0.000176489 projection_inf=4.94951e-17 rho=1e+08 support=401/12248
ADMM_ITER round=0/0 iteration=9925/100000 objective=0.00036084888400281738 r=1.36315e-08/1.10673e-08 s=0.503594/0.000176766 projection_inf=4.85741e-17 rho=1e+08 support=402/12248
ADMM_ITER round=0/0 iteration=9950/100000 objective=0.00036084443413922991 r=1.37192e-08/1.10673e-08 s=0.475846/0.000177043 projection_inf=5.1816e-17 rho=1e+08 support=402/12248
ADMM_ITER round=0/0 iteration=9975/100000 objective=0.00036087820140303197 r=1.38218e-08/1.10673e-08 s=0.441694/0.000177321 projection_inf=4.71661e-17 rho=1e+08 support=401/12248
ADMM_ITER round=0/0 iteration=10000/100000 objective=0.00036098249042118867 r=1.38759e-08/1.10673e-08 s=0.418872/0.000177598 projection_inf=5.02645e-17 rho=1e+08 support=400/12248
ADMM_ITER round=0/0 iteration=10025/100000 objective=0.00036120050230254358 r=1.38693e-08/1.10673e-08 s=0.412983/0.000177875 projection_inf=5.09918e-17 rho=1e+08 support=399/12248
ADMM_ITER round=0/0 iteration=10050/100000 objective=0.00036152980037906335 r=1.38117e-08/1.10673e-08 s=0.427748/0.000178152 projection_inf=5.477e-17 rho=1e+08 support=400/12248
ADMM_ITER round=0/0 iteration=10075/100000 objective=0.0003619556616366507 r=1.37277e-08/1.10673e-08 s=0.44909/0.000178429 projection_inf=4.73031e-17 rho=1e+08 support=400/12248
ADMM_ITER round=0/0 iteration=10100/100000 objective=0.00036247015163558011 r=1.37381e-08/1.10673e-08 s=0.439319/0.000178706 projection_inf=4.83864e-17 rho=1e+08 support=401/12248
ADMM_ITER round=0/0 iteration=10125/100000 objective=0.00036303879818978157 r=1.37792e-08/1.10673e-08 s=0.419676/0.000178981 projection_inf=5.02534e-17 rho=1e+08 support=401/12248
ADMM_ITER round=0/0 iteration=10150/100000 objective=0.00036371646752745331 r=1.37003e-08/1.10673e-08 s=0.439896/0.000179256 projection_inf=5.49904e-17 rho=1e+08 support=400/12248
ADMM_ITER round=0/0 iteration=10175/100000 objective=0.00036445257777827154 r=1.36422e-08/1.10673e-08 s=0.453482/0.000179531 projection_inf=5.67208e-17 rho=1e+08 support=399/12248
ADMM_ITER round=0/0 iteration=10200/100000 objective=0.00036517917402588716 r=1.36677e-08/1.10673e-08 s=0.44198/0.000179804 projection_inf=5.13834e-17 rho=1e+08 support=399/12248
ADMM_ITER round=0/0 iteration=10225/100000 objective=0.00036588386451906761 r=1.36676e-08/1.10673e-08 s=0.438505/0.000180076 projection_inf=4.91997e-17 rho=1e+08 support=399/12248
ADMM_ITER round=0/0 iteration=10250/100000 objective=0.00036653250359403885 r=1.36559e-08/1.10673e-08 s=0.438871/0.000180348 projection_inf=5.20608e-17 rho=1e+08 support=399/12248
ADMM_ITER round=0/0 iteration=10275/100000 objective=0.00036704693063036535 r=1.37059e-08/1.10673e-08 s=0.419772/0.000180619 projection_inf=5.20788e-17 rho=1e+08 support=399/12248
ADMM_ITER round=0/0 iteration=10300/100000 objective=0.00036741932998983891 r=1.37683e-08/1.10673e-08 s=0.394494/0.00018089 projection_inf=5.32637e-17 rho=1e+08 support=399/12248
ADMM_ITER round=0/0 iteration=10325/100000 objective=0.00036767162196580554 r=1.37815e-08/1.10673e-08 s=0.381057/0.00018116 projection_inf=5.16227e-17 rho=1e+08 support=398/12248
ADMM_ITER round=0/0 iteration=10350/100000 objective=0.00036787747115165454 r=1.37297e-08/1.10673e-08 s=0.392658/0.000181431 projection_inf=5.06884e-17 rho=1e+08 support=400/12248
ADMM_ITER round=0/0 iteration=10375/100000 objective=0.00036806251893533009 r=1.37139e-08/1.10673e-08 s=0.393036/0.000181701 projection_inf=6.19877e-17 rho=1e+08 support=401/12248
ADMM_ITER round=0/0 iteration=10400/100000 objective=0.00036820654127586364 r=1.37021e-08/1.10673e-08 s=0.392792/0.000181971 projection_inf=5.0277e-17 rho=1e+08 support=400/12248
ADMM_ITER round=0/0 iteration=10425/100000 objective=0.00036835324775059481 r=1.36679e-08/1.10673e-08 s=0.39942/0.000182241 projection_inf=5.05052e-17 rho=1e+08 support=399/12248
ADMM_ITER round=0/0 iteration=10450/100000 objective=0.0003685079381432378 r=1.36487e-08/1.10673e-08 s=0.40163/0.000182512 projection_inf=5.55662e-17 rho=1e+08 support=399/12248
ADMM_ITER round=0/0 iteration=10475/100000 objective=0.00036862880183336779 r=1.36639e-08/1.10673e-08 s=0.392316/0.000182782 projection_inf=5.62973e-17 rho=1e+08 support=400/12248
ADMM_ITER round=0/0 iteration=10500/100000 objective=0.00036870324191271361 r=1.36551e-08/1.10673e-08 s=0.390662/0.000183052 projection_inf=5.24286e-17 rho=1e+08 support=401/12248
ADMM_ITER round=0/0 iteration=10525/100000 objective=0.00036873862746251843 r=1.35992e-08/1.10673e-08 s=0.404422/0.000183322 projection_inf=4.99265e-17 rho=1e+08 support=401/12248
ADMM_ITER round=0/0 iteration=10550/100000 objective=0.00036875895492049729 r=1.35931e-08/1.10673e-08 s=0.40178/0.000183593 projection_inf=5.31969e-17 rho=1e+08 support=400/12248
ADMM_ITER round=0/0 iteration=10575/100000 objective=0.00036882916347924977 r=1.36193e-08/1.10673e-08 s=0.388648/0.000183863 projection_inf=5.87475e-17 rho=1e+08 support=401/12248
ADMM_ITER round=0/0 iteration=10600/100000 objective=0.00036894167756292413 r=1.36739e-08/1.10673e-08 s=0.364876/0.000184134 projection_inf=4.82729e-17 rho=1e+08 support=401/12248
ADMM_ITER round=0/0 iteration=10625/100000 objective=0.00036908509577186934 r=1.37164e-08/1.10673e-08 s=0.34139/0.000184405 projection_inf=5.40441e-17 rho=1e+08 support=399/12248
ADMM_ITER round=0/0 iteration=10650/100000 objective=0.0003692841041546183 r=1.37122e-08/1.10673e-08 s=0.336642/0.000184675 projection_inf=5.13305e-17 rho=1e+08 support=401/12248
ADMM_ITER round=0/0 iteration=10675/100000 objective=0.00036950575796657655 r=1.37051e-08/1.10673e-08 s=0.333804/0.000184946 projection_inf=5.20762e-17 rho=1e+08 support=403/12248
ADMM_ITER round=0/0 iteration=10700/100000 objective=0.00036977652987630125 r=1.36608e-08/1.10673e-08 s=0.345901/0.000185216 projection_inf=5.60167e-17 rho=1e+08 support=403/12248
ADMM_ITER round=0/0 iteration=10725/100000 objective=0.00037008767681675792 r=1.3595e-08/1.10673e-08 s=0.366671/0.000185487 projection_inf=5.25798e-17 rho=1e+08 support=403/12248
ADMM_ITER round=0/0 iteration=10750/100000 objective=0.00037039884512806906 r=1.35761e-08/1.10673e-08 s=0.36812/0.000185757 projection_inf=5.17196e-17 rho=1e+08 support=402/12248
ADMM_ITER round=0/0 iteration=10775/100000 objective=0.00037072398053557807 r=1.35639e-08/1.10673e-08 s=0.367715/0.000186026 projection_inf=6.12272e-17 rho=1e+08 support=399/12248
ADMM_ITER round=0/0 iteration=10800/100000 objective=0.0003710645838492896 r=1.35211e-08/1.10673e-08 s=0.379042/0.000186296 projection_inf=5.72005e-17 rho=1e+08 support=399/12248
ADMM_ITER round=0/0 iteration=10825/100000 objective=0.0003713683889234179 r=1.34732e-08/1.10673e-08 s=0.392323/0.000186565 projection_inf=5.42701e-17 rho=1e+08 support=399/12248
ADMM_ITER round=0/0 iteration=10850/100000 objective=0.00037159024210779463 r=1.34642e-08/1.10673e-08 s=0.392089/0.000186834 projection_inf=5.49515e-17 rho=1e+08 support=400/12248
ADMM_ITER round=0/0 iteration=10875/100000 objective=0.00037170057990827449 r=1.34809e-08/1.10673e-08 s=0.383213/0.000187103 projection_inf=5.78824e-17 rho=1e+08 support=401/12248
ADMM_ITER round=0/0 iteration=10900/100000 objective=0.00037172149194673258 r=1.3511e-08/1.10673e-08 s=0.369215/0.000187372 projection_inf=5.22034e-17 rho=1e+08 support=403/12248
ADMM_ITER round=0/0 iteration=10925/100000 objective=0.00037168101988858449 r=1.35485e-08/1.10673e-08 s=0.352037/0.000187641 projection_inf=6.14989e-17 rho=1e+08 support=403/12248
ADMM_ITER round=0/0 iteration=10950/100000 objective=0.00037161953808400607 r=1.35809e-08/1.10673e-08 s=0.336215/0.000187911 projection_inf=4.79089e-17 rho=1e+08 support=403/12248
ADMM_ITER round=0/0 iteration=10975/100000 objective=0.00037154657564740279 r=1.36181e-08/1.10673e-08 s=0.317667/0.000188181 projection_inf=5.6118e-17 rho=1e+08 support=403/12248
ADMM_ITER round=0/0 iteration=11000/100000 objective=0.0003714881492112465 r=1.35868e-08/1.10673e-08 s=0.326743/0.000188451 projection_inf=5.14641e-17 rho=1e+08 support=404/12248
ADMM_ITER round=0/0 iteration=11025/100000 objective=0.00037144668900869856 r=1.3519e-08/1.10673e-08 s=0.350296/0.000188721 projection_inf=5.09285e-17 rho=1e+08 support=404/12248
ADMM_ITER round=0/0 iteration=11050/100000 objective=0.00037140188439721409 r=1.34862e-08/1.10673e-08 s=0.355031/0.000188992 projection_inf=5.40667e-17 rho=1e+08 support=404/12248
ADMM_ITER round=0/0 iteration=11075/100000 objective=0.00037134872437684179 r=1.34729e-08/1.10673e-08 s=0.354259/0.000189263 projection_inf=5.41752e-17 rho=1e+08 support=405/12248
ADMM_ITER round=0/0 iteration=11100/100000 objective=0.00037121847202766298 r=1.34512e-08/1.10673e-08 s=0.358208/0.000189534 projection_inf=5.3468e-17 rho=1e+08 support=406/12248
ADMM_ITER round=0/0 iteration=11125/100000 objective=0.00037101645292537657 r=1.34254e-08/1.10673e-08 s=0.363438/0.000189805 projection_inf=5.47486e-17 rho=1e+08 support=407/12248
ADMM_ITER round=0/0 iteration=11150/100000 objective=0.00037080702065973875 r=1.34033e-08/1.10673e-08 s=0.367162/0.000190077 projection_inf=5.05609e-17 rho=1e+08 support=405/12248
ADMM_ITER round=0/0 iteration=11175/100000 objective=0.00037055948532747327 r=1.33617e-08/1.10673e-08 s=0.378763/0.000190349 projection_inf=5.43219e-17 rho=1e+08 support=405/12248
ADMM_ITER round=0/0 iteration=11200/100000 objective=0.00037028225908003763 r=1.33866e-08/1.10673e-08 s=0.363318/0.000190622 projection_inf=5.29221e-17 rho=1e+08 support=404/12248
ADMM_ITER round=0/0 iteration=11225/100000 objective=0.00037003200771582143 r=1.34132e-08/1.10673e-08 s=0.340956/0.000190896 projection_inf=5.42221e-17 rho=1e+08 support=402/12248
ADMM_ITER round=0/0 iteration=11250/100000 objective=0.00036978915526978908 r=1.34164e-08/1.10673e-08 s=0.333115/0.00019117 projection_inf=4.75839e-17 rho=1e+08 support=401/12248
ADMM_ITER round=0/0 iteration=11275/100000 objective=0.00036963900140652925 r=1.33762e-08/1.10673e-08 s=0.344027/0.000191444 projection_inf=5.33679e-17 rho=1e+08 support=400/12248
ADMM_ITER round=0/0 iteration=11300/100000 objective=0.00036954502042943867 r=1.33125e-08/1.10673e-08 s=0.363426/0.000191718 projection_inf=5.16295e-17 rho=1e+08 support=401/12248
ADMM_ITER round=0/0 iteration=11325/100000 objective=0.00036944490445939694 r=1.32708e-08/1.10673e-08 s=0.373871/0.000191993 projection_inf=5.19563e-17 rho=1e+08 support=403/12248
ADMM_ITER round=0/0 iteration=11350/100000 objective=0.00036933191451954563 r=1.32623e-08/1.10673e-08 s=0.370652/0.000192268 projection_inf=5.21626e-17 rho=1e+08 support=403/12248
ADMM_ITER round=0/0 iteration=11375/100000 objective=0.00036924418360660438 r=1.32538e-08/1.10673e-08 s=0.369562/0.000192544 projection_inf=5.40779e-17 rho=1e+08 support=404/12248
ADMM_ITER round=0/0 iteration=11400/100000 objective=0.00036921359252988726 r=1.32437e-08/1.10673e-08 s=0.369703/0.000192819 projection_inf=5.37259e-17 rho=1e+08 support=404/12248
ADMM_ITER round=0/0 iteration=11425/100000 objective=0.00036925449170379016 r=1.32225e-08/1.10673e-08 s=0.374172/0.000193095 projection_inf=6.61796e-17 rho=1e+08 support=404/12248
ADMM_ITER round=0/0 iteration=11450/100000 objective=0.0003693224369760151 r=1.32012e-08/1.10673e-08 s=0.378803/0.000193371 projection_inf=5.52316e-17 rho=1e+08 support=405/12248
ADMM_ITER round=0/0 iteration=11475/100000 objective=0.00036935301566943412 r=1.31926e-08/1.10673e-08 s=0.378933/0.000193647 projection_inf=5.37687e-17 rho=1e+08 support=405/12248
ADMM_ITER round=0/0 iteration=11500/100000 objective=0.00036935371347212865 r=1.31942e-08/1.10673e-08 s=0.374436/0.000193923 projection_inf=5.63237e-17 rho=1e+08 support=405/12248
ADMM_ITER round=0/0 iteration=11525/100000 objective=0.0003693442216785057 r=1.31856e-08/1.10673e-08 s=0.373121/0.000194199 projection_inf=5.54463e-17 rho=1e+08 support=408/12248
ADMM_ITER round=0/0 iteration=11550/100000 objective=0.00036930245375561198 r=1.31454e-08/1.10673e-08 s=0.38351/0.000194475 projection_inf=6.22629e-17 rho=1e+08 support=408/12248
ADMM_ITER round=0/0 iteration=11575/100000 objective=0.00036925397739002666 r=1.31224e-08/1.10673e-08 s=0.388435/0.000194751 projection_inf=5.16419e-17 rho=1e+08 support=408/12248
ADMM_ITER round=0/0 iteration=11600/100000 objective=0.00036916359226521727 r=1.31298e-08/1.10673e-08 s=0.383277/0.000195028 projection_inf=5.66051e-17 rho=1e+08 support=409/12248
ADMM_ITER round=0/0 iteration=11625/100000 objective=0.00036900139946774576 r=1.31641e-08/1.10673e-08 s=0.368764/0.000195305 projection_inf=5.37925e-17 rho=1e+08 support=409/12248
ADMM_ITER round=0/0 iteration=11650/100000 objective=0.00036878036007485668 r=1.31774e-08/1.10673e-08 s=0.36156/0.000195582 projection_inf=5.78106e-17 rho=1e+08 support=410/12248
ADMM_ITER round=0/0 iteration=11675/100000 objective=0.00036849183512174859 r=1.31677e-08/1.10673e-08 s=0.36257/0.00019586 projection_inf=5.63298e-17 rho=1e+08 support=409/12248
ADMM_ITER round=0/0 iteration=11700/100000 objective=0.00036814097678726884 r=1.31651e-08/1.10673e-08 s=0.361256/0.000196138 projection_inf=5.17618e-17 rho=1e+08 support=409/12248
ADMM_ITER round=0/0 iteration=11725/100000 objective=0.000367756862313803 r=1.3147e-08/1.10673e-08 s=0.364207/0.000196417 projection_inf=5.51607e-17 rho=1e+08 support=410/12248
ADMM_ITER round=0/0 iteration=11750/100000 objective=0.00036736760480885053 r=1.30854e-08/1.10673e-08 s=0.383356/0.000196696 projection_inf=5.26829e-17 rho=1e+08 support=410/12248
ADMM_ITER round=0/0 iteration=11775/100000 objective=0.00036700818312165824 r=1.30199e-08/1.10673e-08 s=0.402251/0.000196976 projection_inf=5.57024e-17 rho=1e+08 support=409/12248
ADMM_ITER round=0/0 iteration=11800/100000 objective=0.00036665968420617899 r=1.29945e-08/1.10673e-08 s=0.408168/0.000197256 projection_inf=5.1069e-17 rho=1e+08 support=409/12248
ADMM_ITER round=0/0 iteration=11825/100000 objective=0.00036631149245278875 r=1.30102e-08/1.10673e-08 s=0.401059/0.000197538 projection_inf=6.04336e-17 rho=1e+08 support=410/12248
ADMM_ITER round=0/0 iteration=11850/100000 objective=0.00036598916455667552 r=1.30556e-08/1.10673e-08 s=0.383718/0.000197819 projection_inf=7.00966e-17 rho=1e+08 support=409/12248
ADMM_ITER round=0/0 iteration=11875/100000 objective=0.00036572464610515993 r=1.30941e-08/1.10673e-08 s=0.368246/0.000198101 projection_inf=6.51205e-17 rho=1e+08 support=409/12248
ADMM_ITER round=0/0 iteration=11900/100000 objective=0.00036550802977442886 r=1.30996e-08/1.10673e-08 s=0.364271/0.000198383 projection_inf=5.09285e-17 rho=1e+08 support=409/12248
ADMM_ITER round=0/0 iteration=11925/100000 objective=0.00036534113464529956 r=1.30964e-08/1.10673e-08 s=0.363134/0.000198666 projection_inf=6.43333e-17 rho=1e+08 support=409/12248
ADMM_ITER round=0/0 iteration=11950/100000 objective=0.00036520351917948302 r=1.309e-08/1.10673e-08 s=0.358576/0.000198949 projection_inf=6.00041e-17 rho=1e+08 support=408/12248
ADMM_ITER round=0/0 iteration=11975/100000 objective=0.00036509714746683252 r=1.30576e-08/1.10673e-08 s=0.366807/0.000199232 projection_inf=6.09082e-17 rho=1e+08 support=409/12248
ADMM_ITER round=0/0 iteration=12000/100000 objective=0.00036500981636566015 r=1.30748e-08/1.10673e-08 s=0.357554/0.000199516 projection_inf=5.56392e-17 rho=1e+08 support=407/12248
ADMM_ITER round=0/0 iteration=12025/100000 objective=0.00036493501162950225 r=1.31527e-08/1.10673e-08 s=0.320538/0.0001998 projection_inf=5.91331e-17 rho=1e+08 support=405/12248
ADMM_ITER round=0/0 iteration=12050/100000 objective=0.00036483660164533859 r=1.31719e-08/1.10673e-08 s=0.30749/0.000200084 projection_inf=6.04317e-17 rho=1e+08 support=407/12248
ADMM_ITER round=0/0 iteration=12075/100000 objective=0.00036468976583164036 r=1.31558e-08/1.10673e-08 s=0.310113/0.000200368 projection_inf=5.43573e-17 rho=1e+08 support=407/12248
ADMM_ITER round=0/0 iteration=12100/100000 objective=0.00036453145416413498 r=1.31215e-08/1.10673e-08 s=0.320067/0.000200652 projection_inf=5.41589e-17 rho=1e+08 support=407/12248
ADMM_ITER round=0/0 iteration=12125/100000 objective=0.00036440682720797232 r=1.30884e-08/1.10673e-08 s=0.329891/0.000200937 projection_inf=6.59651e-17 rho=1e+08 support=407/12248
ADMM_ITER round=0/0 iteration=12150/100000 objective=0.00036429960789682999 r=1.30872e-08/1.10673e-08 s=0.323845/0.000201222 projection_inf=5.07323e-17 rho=1e+08 support=406/12248
ADMM_ITER round=0/0 iteration=12175/100000 objective=0.00036415400357108478 r=1.30879e-08/1.10673e-08 s=0.319067/0.000201507 projection_inf=6.1802e-17 rho=1e+08 support=404/12248
ADMM_ITER round=0/0 iteration=12200/100000 objective=0.00036405144991331619 r=1.30795e-08/1.10673e-08 s=0.319025/0.000201792 projection_inf=5.53671e-17 rho=1e+08 support=404/12248
ADMM_ITER round=0/0 iteration=12225/100000 objective=0.00036401553897648641 r=1.30597e-08/1.10673e-08 s=0.323416/0.000202078 projection_inf=5.6515e-17 rho=1e+08 support=406/12248
ADMM_ITER round=0/0 iteration=12250/100000 objective=0.00036401495618141743 r=1.30432e-08/1.10673e-08 s=0.325349/0.000202364 projection_inf=5.65773e-17 rho=1e+08 support=405/12248
ADMM_ITER round=0/0 iteration=12275/100000 objective=0.00036402054885124082 r=1.30195e-08/1.10673e-08 s=0.331496/0.00020265 projection_inf=5.46383e-17 rho=1e+08 support=405/12248
ADMM_ITER round=0/0 iteration=12300/100000 objective=0.00036406599127507635 r=1.29898e-08/1.10673e-08 s=0.339901/0.000202936 projection_inf=5.97299e-17 rho=1e+08 support=407/12248
ADMM_ITER round=0/0 iteration=12325/100000 objective=0.00036414847419960895 r=1.29704e-08/1.10673e-08 s=0.344512/0.000203222 projection_inf=5.64444e-17 rho=1e+08 support=407/12248
ADMM_ITER round=0/0 iteration=12350/100000 objective=0.00036425681586001012 r=1.29875e-08/1.10673e-08 s=0.335484/0.000203507 projection_inf=5.40128e-17 rho=1e+08 support=407/12248
ADMM_ITER round=0/0 iteration=12375/100000 objective=0.00036438675241441898 r=1.30017e-08/1.10673e-08 s=0.324158/0.000203793 projection_inf=5.67127e-17 rho=1e+08 support=406/12248
ADMM_ITER round=0/0 iteration=12400/100000 objective=0.00036449436191425251 r=1.30159e-08/1.10673e-08 s=0.313891/0.000204079 projection_inf=5.73317e-17 rho=1e+08 support=408/12248
ADMM_ITER round=0/0 iteration=12425/100000 objective=0.00036463027440771293 r=1.30356e-08/1.10673e-08 s=0.301952/0.000204365 projection_inf=6.37074e-17 rho=1e+08 support=408/12248
ADMM_ITER round=0/0 iteration=12450/100000 objective=0.00036483338977169138 r=1.30377e-08/1.10673e-08 s=0.297845/0.00020465 projection_inf=7.09021e-17 rho=1e+08 support=409/12248
ADMM_ITER round=0/0 iteration=12475/100000 objective=0.00036509656872430493 r=1.30243e-08/1.10673e-08 s=0.2999/0.000204936 projection_inf=5.4902e-17 rho=1e+08 support=409/12248
ADMM_ITER round=0/0 iteration=12500/100000 objective=0.00036537201145757522 r=1.30286e-08/1.10673e-08 s=0.29443/0.000205221 projection_inf=6.67678e-17 rho=1e+08 support=408/12248
ADMM_ITER round=0/0 iteration=12525/100000 objective=0.00036561739668708161 r=1.30298e-08/1.10673e-08 s=0.289695/0.000205506 projection_inf=5.34699e-17 rho=1e+08 support=409/12248
ADMM_ITER round=0/0 iteration=12550/100000 objective=0.00036586945262011164 r=1.29855e-08/1.10673e-08 s=0.30551/0.00020579 projection_inf=5.37775e-17 rho=1e+08 support=410/12248
ADMM_ITER round=0/0 iteration=12575/100000 objective=0.00036613829614808935 r=1.29564e-08/1.10673e-08 s=0.314504/0.000206075 projection_inf=5.83163e-17 rho=1e+08 support=411/12248
ADMM_ITER round=0/0 iteration=12600/100000 objective=0.00036641097939887337 r=1.29452e-08/1.10673e-08 s=0.316393/0.000206359 projection_inf=5.26403e-17 rho=1e+08 support=410/12248
ADMM_ITER round=0/0 iteration=12625/100000 objective=0.00036670491485016625 r=1.29191e-08/1.10673e-08 s=0.324291/0.000206643 projection_inf=6.47299e-17 rho=1e+08 support=409/12248
ADMM_ITER round=0/0 iteration=12650/100000 objective=0.00036705076813926905 r=1.28932e-08/1.10673e-08 s=0.329267/0.000206927 projection_inf=5.59687e-17 rho=1e+08 support=409/12248
ADMM_ITER round=0/0 iteration=12675/100000 objective=0.00036740823792653471 r=1.28618e-08/1.10673e-08 s=0.33664/0.00020721 projection_inf=6.50672e-17 rho=1e+08 support=409/12248
ADMM_ITER round=0/0 iteration=12700/100000 objective=0.00036778695620089916 r=1.28289e-08/1.10673e-08 s=0.345375/0.000207493 projection_inf=6.40804e-17 rho=1e+08 support=409/12248
ADMM_ITER round=0/0 iteration=12725/100000 objective=0.00036814562036913937 r=1.28005e-08/1.10673e-08 s=0.352721/0.000207775 projection_inf=5.40607e-17 rho=1e+08 support=409/12248
ADMM_ITER round=0/0 iteration=12750/100000 objective=0.00036853562706794289 r=1.27939e-08/1.10673e-08 s=0.352362/0.000208058 projection_inf=6.06151e-17 rho=1e+08 support=409/12248
ADMM_ITER round=0/0 iteration=12775/100000 objective=0.00036897944836702517 r=1.27938e-08/1.10673e-08 s=0.349692/0.000208339 projection_inf=6.97822e-17 rho=1e+08 support=408/12248
ADMM_ITER round=0/0 iteration=12800/100000 objective=0.00036943462539161526 r=1.28239e-08/1.10673e-08 s=0.33576/0.000208621 projection_inf=5.69032e-17 rho=1e+08 support=407/12248
ADMM_ITER round=0/0 iteration=12825/100000 objective=0.00036988060814970264 r=1.28372e-08/1.10673e-08 s=0.328142/0.000208902 projection_inf=5.86775e-17 rho=1e+08 support=408/12248
ADMM_ITER round=0/0 iteration=12850/100000 objective=0.00037032442464203237 r=1.28448e-08/1.10673e-08 s=0.322892/0.000209182 projection_inf=5.69863e-17 rho=1e+08 support=408/12248
ADMM_ITER round=0/0 iteration=12875/100000 objective=0.00037077683821436675 r=1.28694e-08/1.10673e-08 s=0.310698/0.000209462 projection_inf=6.18008e-17 rho=1e+08 support=409/12248
ADMM_ITER round=0/0 iteration=12900/100000 objective=0.00037122014531992852 r=1.28917e-08/1.10673e-08 s=0.299169/0.000209741 projection_inf=6.06072e-17 rho=1e+08 support=409/12248
ADMM_ITER round=0/0 iteration=12925/100000 objective=0.00037163462247971981 r=1.2927e-08/1.10673e-08 s=0.281323/0.000210021 projection_inf=6.29827e-17 rho=1e+08 support=409/12248
ADMM_ITER round=0/0 iteration=12950/100000 objective=0.00037201655164118485 r=1.29325e-08/1.10673e-08 s=0.275941/0.000210299 projection_inf=5.45166e-17 rho=1e+08 support=412/12248
ADMM_ITER round=0/0 iteration=12975/100000 objective=0.00037238593402111342 r=1.29014e-08/1.10673e-08 s=0.287732/0.000210578 projection_inf=5.93148e-17 rho=1e+08 support=413/12248
ADMM_ITER round=0/0 iteration=13000/100000 objective=0.00037277641529389737 r=1.28831e-08/1.10673e-08 s=0.29367/0.000210856 projection_inf=5.9906e-17 rho=1e+08 support=413/12248
ADMM_ITER round=0/0 iteration=13025/100000 objective=0.00037321391112437658 r=1.28736e-08/1.10673e-08 s=0.294884/0.000211133 projection_inf=5.7344e-17 rho=1e+08 support=411/12248
ADMM_ITER round=0/0 iteration=13050/100000 objective=0.00037370261674895015 r=1.28581e-08/1.10673e-08 s=0.299219/0.000211411 projection_inf=6.33603e-17 rho=1e+08 support=411/12248
ADMM_ITER round=0/0 iteration=13075/100000 objective=0.00037419468236677501 r=1.28331e-08/1.10673e-08 s=0.307547/0.000211687 projection_inf=5.72799e-17 rho=1e+08 support=410/12248
ADMM_ITER round=0/0 iteration=13100/100000 objective=0.00037465932533320212 r=1.27938e-08/1.10673e-08 s=0.320845/0.000211964 projection_inf=5.40371e-17 rho=1e+08 support=412/12248
ADMM_ITER round=0/0 iteration=13125/100000 objective=0.00037510163154019083 r=1.27522e-08/1.10673e-08 s=0.334794/0.000212239 projection_inf=5.59083e-17 rho=1e+08 support=412/12248
ADMM_ITER round=0/0 iteration=13150/100000 objective=0.0003755291019634894 r=1.27328e-08/1.10673e-08 s=0.340076/0.000212515 projection_inf=6.76628e-17 rho=1e+08 support=412/12248
ADMM_ITER round=0/0 iteration=13175/100000 objective=0.00037595126749368992 r=1.2731e-08/1.10673e-08 s=0.33885/0.00021279 projection_inf=5.67709e-17 rho=1e+08 support=412/12248
ADMM_ITER round=0/0 iteration=13200/100000 objective=0.0003763581422072858 r=1.27484e-08/1.10673e-08 s=0.330226/0.000213064 projection_inf=5.5384e-17 rho=1e+08 support=411/12248
ADMM_ITER round=0/0 iteration=13225/100000 objective=0.00037673762144841051 r=1.27621e-08/1.10673e-08 s=0.322674/0.000213338 projection_inf=5.83131e-17 rho=1e+08 support=412/12248
ADMM_ITER round=0/0 iteration=13250/100000 objective=0.00037708886553334848 r=1.27318e-08/1.10673e-08 s=0.328455/0.000213612 projection_inf=6.42866e-17 rho=1e+08 support=412/12248
ADMM_ITER round=0/0 iteration=13275/100000 objective=0.0003773897089473604 r=1.27176e-08/1.10673e-08 s=0.330393/0.000213886 projection_inf=6.33655e-17 rho=1e+08 support=411/12248
ADMM_ITER round=0/0 iteration=13300/100000 objective=0.00037765600336729828 r=1.2706e-08/1.10673e-08 s=0.331719/0.000214159 projection_inf=5.39565e-17 rho=1e+08 support=411/12248
ADMM_ITER round=0/0 iteration=13325/100000 objective=0.0003778892451590239 r=1.2661e-08/1.10673e-08 s=0.345942/0.000214432 projection_inf=6.26955e-17 rho=1e+08 support=411/12248
ADMM_ITER round=0/0 iteration=13350/100000 objective=0.00037811229227153331 r=1.26292e-08/1.10673e-08 s=0.355093/0.000214705 projection_inf=5.52145e-17 rho=1e+08 support=411/12248
ADMM_ITER round=0/0 iteration=13375/100000 objective=0.00037836359718739128 r=1.26237e-08/1.10673e-08 s=0.354447/0.000214978 projection_inf=6.8253e-17 rho=1e+08 support=410/12248
ADMM_ITER round=0/0 iteration=13400/100000 objective=0.00037864695378289848 r=1.26162e-08/1.10673e-08 s=0.355054/0.000215251 projection_inf=6.34495e-17 rho=1e+08 support=411/12248
ADMM_ITER round=0/0 iteration=13425/100000 objective=0.00037894626215007797 r=1.25944e-08/1.10673e-08 s=0.360782/0.000215523 projection_inf=5.91498e-17 rho=1e+08 support=410/12248
ADMM_ITER round=0/0 iteration=13450/100000 objective=0.00037930055538287527 r=1.2566e-08/1.10673e-08 s=0.367263/0.000215795 projection_inf=6.67044e-17 rho=1e+08 support=411/12248
ADMM_ITER round=0/0 iteration=13475/100000 objective=0.0003797075184648023 r=1.25645e-08/1.10673e-08 s=0.365068/0.000216066 projection_inf=5.84191e-17 rho=1e+08 support=410/12248
ADMM_ITER round=0/0 iteration=13500/100000 objective=0.00038014828537946081 r=1.25547e-08/1.10673e-08 s=0.366336/0.000216338 projection_inf=6.32447e-17 rho=1e+08 support=410/12248
ADMM_ITER round=0/0 iteration=13525/100000 objective=0.00038064257653225167 r=1.25087e-08/1.10673e-08 s=0.378481/0.000216608 projection_inf=6.06572e-17 rho=1e+08 support=409/12248
ADMM_ITER round=0/0 iteration=13550/100000 objective=0.00038116983175006693 r=1.24703e-08/1.10673e-08 s=0.388912/0.000216879 projection_inf=5.6744e-17 rho=1e+08 support=409/12248
ADMM_ITER round=0/0 iteration=13575/100000 objective=0.00038170667037602313 r=1.24626e-08/1.10673e-08 s=0.389563/0.000217148 projection_inf=6.3851e-17 rho=1e+08 support=409/12248
ADMM_ITER round=0/0 iteration=13600/100000 objective=0.00038221892407617569 r=1.24663e-08/1.10673e-08 s=0.386668/0.000217417 projection_inf=6.32422e-17 rho=1e+08 support=410/12248
ADMM_ITER round=0/0 iteration=13625/100000 objective=0.00038273956038813303 r=1.24721e-08/1.10673e-08 s=0.381306/0.000217686 projection_inf=6.21414e-17 rho=1e+08 support=409/12248
ADMM_ITER round=0/0 iteration=13650/100000 objective=0.00038327316928309687 r=1.2453e-08/1.10673e-08 s=0.385383/0.000217954 projection_inf=5.70143e-17 rho=1e+08 support=409/12248
ADMM_ITER round=0/0 iteration=13675/100000 objective=0.00038380502094408281 r=1.24582e-08/1.10673e-08 s=0.377279/0.000218222 projection_inf=6.13345e-17 rho=1e+08 support=409/12248
ADMM_ITER round=0/0 iteration=13700/100000 objective=0.0003843166944944582 r=1.24884e-08/1.10673e-08 s=0.360859/0.000218489 projection_inf=5.69567e-17 rho=1e+08 support=409/12248
ADMM_ITER round=0/0 iteration=13725/100000 objective=0.00038483904490035903 r=1.24555e-08/1.10673e-08 s=0.367054/0.000218755 projection_inf=5.97505e-17 rho=1e+08 support=408/12248
ADMM_ITER round=0/0 iteration=13750/100000 objective=0.00038536063776053081 r=1.24173e-08/1.10674e-08 s=0.376051/0.000219021 projection_inf=6.22349e-17 rho=1e+08 support=409/12248
ADMM_ITER round=0/0 iteration=13775/100000 objective=0.00038588545497223847 r=1.23934e-08/1.10674e-08 s=0.380656/0.000219287 projection_inf=5.86927e-17 rho=1e+08 support=411/12248
ADMM_ITER round=0/0 iteration=13800/100000 objective=0.00038641843581647869 r=1.23523e-08/1.10674e-08 s=0.390842/0.000219552 projection_inf=6.26177e-17 rho=1e+08 support=409/12248
ADMM_ITER round=0/0 iteration=13825/100000 objective=0.00038690287590782604 r=1.23227e-08/1.10674e-08 s=0.397547/0.000219816 projection_inf=6.13476e-17 rho=1e+08 support=409/12248
ADMM_ITER round=0/0 iteration=13850/100000 objective=0.0003873697435327995 r=1.23177e-08/1.10674e-08 s=0.3969/0.00022008 projection_inf=6.2444e-17 rho=1e+08 support=409/12248
ADMM_ITER round=0/0 iteration=13875/100000 objective=0.00038782044033795754 r=1.234e-08/1.10674e-08 s=0.387867/0.000220343 projection_inf=6.87386e-17 rho=1e+08 support=409/12248
ADMM_ITER round=0/0 iteration=13900/100000 objective=0.00038825495089100893 r=1.23779e-08/1.10674e-08 s=0.373612/0.000220607 projection_inf=6.81927e-17 rho=1e+08 support=410/12248
ADMM_ITER round=0/0 iteration=13925/100000 objective=0.00038871520260609621 r=1.23932e-08/1.10674e-08 s=0.366234/0.000220869 projection_inf=6.32248e-17 rho=1e+08 support=410/12248
ADMM_ITER round=0/0 iteration=13950/100000 objective=0.00038919155765382117 r=1.23734e-08/1.10674e-08 s=0.370869/0.000221131 projection_inf=6.80384e-17 rho=1e+08 support=410/12248
ADMM_ITER round=0/0 iteration=13975/100000 objective=0.00038967769757005402 r=1.23421e-08/1.10674e-08 s=0.379407/0.000221393 projection_inf=6.77353e-17 rho=1e+08 support=410/12248
ADMM_ITER round=0/0 iteration=14000/100000 objective=0.00039019806835563161 r=1.23159e-08/1.10674e-08 s=0.385967/0.000221654 projection_inf=6.19458e-17 rho=1e+08 support=410/12248
ADMM_ITER round=0/0 iteration=14025/100000 objective=0.00039077860352115562 r=1.23039e-08/1.10674e-08 s=0.388031/0.000221915 projection_inf=6.63539e-17 rho=1e+08 support=409/12248
ADMM_ITER round=0/0 iteration=14050/100000 objective=0.0003913891235026852 r=1.23234e-08/1.10674e-08 s=0.368337/0.000222175 projection_inf=6.11797e-17 rho=1e+08 support=408/12248
ADMM_ITER round=0/0 iteration=14075/100000 objective=0.00039192566151757715 r=1.23255e-08/1.10674e-08 s=0.361795/0.000222435 projection_inf=7.17773e-17 rho=1e+08 support=409/12248
ADMM_ITER round=0/0 iteration=14100/100000 objective=0.00039241476370335896 r=1.22999e-08/1.10674e-08 s=0.366549/0.000222694 projection_inf=6.20111e-17 rho=1e+08 support=407/12248
ADMM_ITER round=0/0 iteration=14125/100000 objective=0.0003928900737128543 r=1.22672e-08/1.10674e-08 s=0.374479/0.000222953 projection_inf=6.27814e-17 rho=1e+08 support=407/12248
ADMM_ITER round=0/0 iteration=14150/100000 objective=0.0003933734254621446 r=1.22619e-08/1.10674e-08 s=0.373017/0.000223211 projection_inf=6.55663e-17 rho=1e+08 support=406/12248
ADMM_ITER round=0/0 iteration=14175/100000 objective=0.00039387666480630808 r=1.2283e-08/1.10674e-08 s=0.363569/0.000223468 projection_inf=6.08991e-17 rho=1e+08 support=405/12248
ADMM_ITER round=0/0 iteration=14200/100000 objective=0.0003943934959088005 r=1.22812e-08/1.10674e-08 s=0.362038/0.000223726 projection_inf=6.12049e-17 rho=1e+08 support=405/12248
ADMM_ITER round=0/0 iteration=14225/100000 objective=0.00039493424473384386 r=1.2249e-08/1.10674e-08 s=0.370919/0.000223982 projection_inf=6.32364e-17 rho=1e+08 support=405/12248
ADMM_ITER round=0/0 iteration=14250/100000 objective=0.00039548626770892687 r=1.22199e-08/1.10674e-08 s=0.378649/0.000224239 projection_inf=6.29366e-17 rho=1e+08 support=405/12248
ADMM_ITER round=0/0 iteration=14275/100000 objective=0.00039603242485513289 r=1.22035e-08/1.10674e-08 s=0.382169/0.000224494 projection_inf=6.29254e-17 rho=1e+08 support=406/12248
ADMM_ITER round=0/0 iteration=14300/100000 objective=0.00039655326689629056 r=1.21677e-08/1.10674e-08 s=0.391769/0.000224749 projection_inf=6.51275e-17 rho=1e+08 support=405/12248
ADMM_ITER round=0/0 iteration=14325/100000 objective=0.00039706379621362668 r=1.21371e-08/1.10674e-08 s=0.399077/0.000225004 projection_inf=6.12703e-17 rho=1e+08 support=405/12248
ADMM_ITER round=0/0 iteration=14350/100000 objective=0.00039755821690032702 r=1.21402e-08/1.10674e-08 s=0.396593/0.000225258 projection_inf=6.07999e-17 rho=1e+08 support=405/12248
ADMM_ITER round=0/0 iteration=14375/100000 objective=0.00039802702227439659 r=1.21653e-08/1.10674e-08 s=0.387389/0.000225512 projection_inf=6.05944e-17 rho=1e+08 support=405/12248
ADMM_ITER round=0/0 iteration=14400/100000 objective=0.0003985048149292719 r=1.21721e-08/1.10674e-08 s=0.383741/0.000225765 projection_inf=6.42841e-17 rho=1e+08 support=406/12248
ADMM_ITER round=0/0 iteration=14425/100000 objective=0.00039903323924886852 r=1.2166e-08/1.10674e-08 s=0.38349/0.000226018 projection_inf=6.4474e-17 rho=1e+08 support=406/12248
ADMM_ITER round=0/0 iteration=14450/100000 objective=0.00039960237172616134 r=1.21518e-08/1.10674e-08 s=0.385003/0.00022627 projection_inf=6.2205e-17 rho=1e+08 support=407/12248
ADMM_ITER round=0/0 iteration=14475/100000 objective=0.00040015867452300235 r=1.21335e-08/1.10674e-08 s=0.387568/0.000226522 projection_inf=6.17545e-17 rho=1e+08 support=406/12248
ADMM_ITER round=0/0 iteration=14500/100000 objective=0.00040071943632674184 r=1.20803e-08/1.10674e-08 s=0.401372/0.000226773 projection_inf=6.01639e-17 rho=1e+08 support=408/12248
ADMM_ITER round=0/0 iteration=14525/100000 objective=0.00040128940655969253 r=1.20405e-08/1.10674e-08 s=0.410912/0.000227024 projection_inf=6.08204e-17 rho=1e+08 support=407/12248
ADMM_ITER round=0/0 iteration=14550/100000 objective=0.0004018654398221126 r=1.20476e-08/1.10674e-08 s=0.406804/0.000227274 projection_inf=6.30928e-17 rho=1e+08 support=407/12248
ADMM_ITER round=0/0 iteration=14575/100000 objective=0.00040244353815026789 r=1.20656e-08/1.10674e-08 s=0.399611/0.000227524 projection_inf=6.33005e-17 rho=1e+08 support=407/12248
ADMM_ITER round=0/0 iteration=14600/100000 objective=0.0004030694062505139 r=1.20845e-08/1.10674e-08 s=0.384867/0.000227773 projection_inf=6.70185e-17 rho=1e+08 support=407/12248
ADMM_ITER round=0/0 iteration=14625/100000 objective=0.00040374542361779043 r=1.20845e-08/1.10674e-08 s=0.381807/0.000228021 projection_inf=6.28665e-17 rho=1e+08 support=406/12248
ADMM_ITER round=0/0 iteration=14650/100000 objective=0.00040443665523934779 r=1.20815e-08/1.10674e-08 s=0.37994/0.000228269 projection_inf=7.01686e-17 rho=1e+08 support=403/12248
ADMM_ITER round=0/0 iteration=14675/100000 objective=0.00040510874846979498 r=1.20885e-08/1.10674e-08 s=0.375525/0.000228516 projection_inf=7.23096e-17 rho=1e+08 support=404/12248
ADMM_ITER round=0/0 iteration=14700/100000 objective=0.00040574086577356197 r=1.20734e-08/1.10674e-08 s=0.376893/0.000228762 projection_inf=6.30203e-17 rho=1e+08 support=404/12248
ADMM_ITER round=0/0 iteration=14725/100000 objective=0.0004063535033758225 r=1.19964e-08/1.10674e-08 s=0.398539/0.000229008 projection_inf=7.08649e-17 rho=1e+08 support=405/12248
ADMM_ITER round=0/0 iteration=14750/100000 objective=0.00040692319339254488 r=1.19298e-08/1.10674e-08 s=0.416354/0.000229254 projection_inf=6.49518e-17 rho=1e+08 support=405/12248
ADMM_ITER round=0/0 iteration=14775/100000 objective=0.00040746526805317295 r=1.19123e-08/1.10674e-08 s=0.419815/0.000229498 projection_inf=7.81026e-17 rho=1e+08 support=405/12248
ADMM_ITER round=0/0 iteration=14800/100000 objective=0.00040797335535099852 r=1.19083e-08/1.10674e-08 s=0.41953/0.000229743 projection_inf=6.52721e-17 rho=1e+08 support=405/12248
ADMM_ITER round=0/0 iteration=14825/100000 objective=0.00040846045783681862 r=1.1913e-08/1.10674e-08 s=0.416385/0.000229986 projection_inf=6.86416e-17 rho=1e+08 support=406/12248
ADMM_ITER round=0/0 iteration=14850/100000 objective=0.00040893552938721324 r=1.193e-08/1.10674e-08 s=0.409424/0.00023023 projection_inf=6.69068e-17 rho=1e+08 support=407/12248
ADMM_ITER round=0/0 iteration=14875/100000 objective=0.00040940354701735006 r=1.19681e-08/1.10674e-08 s=0.39507/0.000230473 projection_inf=5.89866e-17 rho=1e+08 support=406/12248
ADMM_ITER round=0/0 iteration=14900/100000 objective=0.00040988441563957317 r=1.19841e-08/1.10674e-08 s=0.387487/0.000230715 projection_inf=6.54059e-17 rho=1e+08 support=406/12248
ADMM_ITER round=0/0 iteration=14925/100000 objective=0.00041034771497821328 r=1.19765e-08/1.10674e-08 s=0.387897/0.000230957 projection_inf=6.29664e-17 rho=1e+08 support=406/12248
ADMM_ITER round=0/0 iteration=14950/100000 objective=0.00041083005665989102 r=1.19743e-08/1.10674e-08 s=0.386845/0.000231199 projection_inf=7.55079e-17 rho=1e+08 support=407/12248
ADMM_ITER round=0/0 iteration=14975/100000 objective=0.00041136314983713861 r=1.19735e-08/1.10674e-08 s=0.38526/0.00023144 projection_inf=6.27584e-17 rho=1e+08 support=407/12248
ADMM_ITER round=0/0 iteration=15000/100000 objective=0.00041195142925371626 r=1.19451e-08/1.10674e-08 s=0.392148/0.000231681 projection_inf=6.18893e-17 rho=1e+08 support=407/12248
ADMM_ITER round=0/0 iteration=15025/100000 objective=0.00041260177409847701 r=1.18856e-08/1.10674e-08 s=0.408013/0.000231921 projection_inf=7.03922e-17 rho=1e+08 support=407/12248
ADMM_ITER round=0/0 iteration=15050/100000 objective=0.00041325964868905264 r=1.18552e-08/1.10674e-08 s=0.415166/0.000232161 projection_inf=6.23762e-17 rho=1e+08 support=407/12248
ADMM_ITER round=0/0 iteration=15075/100000 objective=0.00041387118418914463 r=1.18632e-08/1.10674e-08 s=0.411052/0.000232399 projection_inf=6.13859e-17 rho=1e+08 support=409/12248
ADMM_ITER round=0/0 iteration=15100/100000 objective=0.00041442990049114266 r=1.18592e-08/1.10674e-08 s=0.409935/0.000232638 projection_inf=6.03246e-17 rho=1e+08 support=409/12248
ADMM_ITER round=0/0 iteration=15125/100000 objective=0.00041490586934284681 r=1.18269e-08/1.10674e-08 s=0.417393/0.000232876 projection_inf=6.12722e-17 rho=1e+08 support=409/12248
ADMM_ITER round=0/0 iteration=15150/100000 objective=0.00041532388797579039 r=1.17784e-08/1.10674e-08 s=0.429339/0.000233113 projection_inf=6.60468e-17 rho=1e+08 support=410/12248
ADMM_ITER round=0/0 iteration=15175/100000 objective=0.0004157223497010789 r=1.17178e-08/1.10674e-08 s=0.444191/0.00023335 projection_inf=6.61348e-17 rho=1e+08 support=409/12248
ADMM_ITER round=0/0 iteration=15200/100000 objective=0.00041609908551814103 r=1.16821e-08/1.10674e-08 s=0.452168/0.000233587 projection_inf=7.05142e-17 rho=1e+08 support=409/12248
ADMM_ITER round=0/0 iteration=15225/100000 objective=0.00041645052536370578 r=1.16652e-08/1.10674e-08 s=0.455086/0.000233824 projection_inf=6.92493e-17 rho=1e+08 support=408/12248
ADMM_ITER round=0/0 iteration=15250/100000 objective=0.00041679230865100951 r=1.16448e-08/1.10674e-08 s=0.457445/0.00023406 projection_inf=6.41467e-17 rho=1e+08 support=407/12248
ADMM_ITER round=0/0 iteration=15275/100000 objective=0.0004171436341711342 r=1.16262e-08/1.10674e-08 s=0.458207/0.000234296 projection_inf=6.34468e-17 rho=1e+08 support=407/12248
ADMM_ITER round=0/0 iteration=15300/100000 objective=0.0004174816608924125 r=1.16207e-08/1.10674e-08 s=0.456585/0.000234532 projection_inf=7.77732e-17 rho=1e+08 support=409/12248
ADMM_ITER round=0/0 iteration=15325/100000 objective=0.00041777272597127659 r=1.16029e-08/1.10674e-08 s=0.458642/0.000234767 projection_inf=6.52128e-17 rho=1e+08 support=409/12248
ADMM_ITER round=0/0 iteration=15350/100000 objective=0.00041804115166067416 r=1.15937e-08/1.10674e-08 s=0.456743/0.000235002 projection_inf=6.78512e-17 rho=1e+08 support=406/12248
ADMM_ITER round=0/0 iteration=15375/100000 objective=0.00041829828563275405 r=1.15841e-08/1.10674e-08 s=0.456835/0.000235237 projection_inf=7.11576e-17 rho=1e+08 support=406/12248
ADMM_ITER round=0/0 iteration=15400/100000 objective=0.00041849559712810142 r=1.15746e-08/1.10674e-08 s=0.456063/0.000235472 projection_inf=6.77285e-17 rho=1e+08 support=406/12248
ADMM_ITER round=0/0 iteration=15425/100000 objective=0.00041869021480682049 r=1.15569e-08/1.10674e-08 s=0.458053/0.000235706 projection_inf=5.86754e-17 rho=1e+08 support=407/12248
ADMM_ITER round=0/0 iteration=15450/100000 objective=0.00041892357470721896 r=1.15532e-08/1.10674e-08 s=0.456967/0.000235941 projection_inf=6.97314e-17 rho=1e+08 support=407/12248
ADMM_ITER round=0/0 iteration=15475/100000 objective=0.00041918021620840703 r=1.15339e-08/1.10674e-08 s=0.459647/0.000236175 projection_inf=6.39395e-17 rho=1e+08 support=406/12248
ADMM_ITER round=0/0 iteration=15500/100000 objective=0.00041946118220863727 r=1.15391e-08/1.10674e-08 s=0.453556/0.000236409 projection_inf=6.49282e-17 rho=1e+08 support=405/12248
ADMM_ITER round=0/0 iteration=15525/100000 objective=0.00041973327073289491 r=1.15499e-08/1.10674e-08 s=0.446504/0.000236643 projection_inf=7.53837e-17 rho=1e+08 support=407/12248
ADMM_ITER round=0/0 iteration=15550/100000 objective=0.00041998609176767203 r=1.1571e-08/1.10674e-08 s=0.437861/0.000236876 projection_inf=6.53093e-17 rho=1e+08 support=408/12248
ADMM_ITER round=0/0 iteration=15575/100000 objective=0.00042023068175467491 r=1.15935e-08/1.10674e-08 s=0.428447/0.00023711 projection_inf=6.96682e-17 rho=1e+08 support=408/12248
ADMM_ITER round=0/0 iteration=15600/100000 objective=0.00042045419200650077 r=1.16229e-08/1.10674e-08 s=0.417705/0.000237343 projection_inf=6.44235e-17 rho=1e+08 support=407/12248
ADMM_ITER round=0/0 iteration=15625/100000 objective=0.00042066410911928209 r=1.16237e-08/1.10674e-08 s=0.414938/0.000237576 projection_inf=6.89815e-17 rho=1e+08 support=407/12248
ADMM_ITER round=0/0 iteration=15650/100000 objective=0.00042090565093946109 r=1.15834e-08/1.10674e-08 s=0.422282/0.000237809 projection_inf=6.61335e-17 rho=1e+08 support=405/12248
ADMM_ITER round=0/0 iteration=15675/100000 objective=0.00042119982059078443 r=1.15301e-08/1.10674e-08 s=0.434236/0.000238041 projection_inf=7.14162e-17 rho=1e+08 support=404/12248
ADMM_ITER round=0/0 iteration=15700/100000 objective=0.00042155904077330179 r=1.15037e-08/1.10674e-08 s=0.438657/0.000238274 projection_inf=7.35357e-17 rho=1e+08 support=406/12248
ADMM_ITER round=0/0 iteration=15725/100000 objective=0.00042194499510052059 r=1.14881e-08/1.10674e-08 s=0.438449/0.000238506 projection_inf=6.72197e-17 rho=1e+08 support=406/12248
ADMM_ITER round=0/0 iteration=15750/100000 objective=0.00042233858727304966 r=1.14916e-08/1.10674e-08 s=0.433498/0.000238738 projection_inf=6.58647e-17 rho=1e+08 support=406/12248
ADMM_ITER round=0/0 iteration=15775/100000 objective=0.00042274659706183996 r=1.1496e-08/1.10674e-08 s=0.429749/0.000238969 projection_inf=7.47039e-17 rho=1e+08 support=406/12248
ADMM_ITER round=0/0 iteration=15800/100000 objective=0.00042317683195903518 r=1.14765e-08/1.10674e-08 s=0.432074/0.0002392 projection_inf=7.49944e-17 rho=1e+08 support=407/12248
ADMM_ITER round=0/0 iteration=15825/100000 objective=0.00042360338716840459 r=1.14433e-08/1.10674e-08 s=0.438028/0.000239431 projection_inf=7.32478e-17 rho=1e+08 support=408/12248
ADMM_ITER round=0/0 iteration=15850/100000 objective=0.00042407121173198962 r=1.14135e-08/1.10674e-08 s=0.442097/0.000239661 projection_inf=7.24638e-17 rho=1e+08 support=408/12248
ADMM_ITER round=0/0 iteration=15875/100000 objective=0.00042456939079779914 r=1.1412e-08/1.10674e-08 s=0.440007/0.000239891 projection_inf=6.84724e-17 rho=1e+08 support=408/12248
ADMM_ITER round=0/0 iteration=15900/100000 objective=0.00042510482385916355 r=1.14398e-08/1.10674e-08 s=0.430232/0.00024012 projection_inf=6.37352e-17 rho=1e+08 support=408/12248
ADMM_ITER round=0/0 iteration=15925/100000 objective=0.00042568989764581535 r=1.14763e-08/1.10674e-08 s=0.417435/0.000240349 projection_inf=6.89569e-17 rho=1e+08 support=407/12248
ADMM_ITER round=0/0 iteration=15950/100000 objective=0.00042634817985430084 r=1.14462e-08/1.10674e-08 s=0.422101/0.000240578 projection_inf=6.36244e-17 rho=1e+08 support=405/12248
ADMM_ITER round=0/0 iteration=15975/100000 objective=0.0004270685735625854 r=1.14405e-08/1.10674e-08 s=0.419314/0.000240805 projection_inf=6.76641e-17 rho=1e+08 support=405/12248
ADMM_ITER round=0/0 iteration=16000/100000 objective=0.00042781669669028177 r=1.14503e-08/1.10674e-08 s=0.410408/0.000241032 projection_inf=6.62392e-17 rho=1e+08 support=404/12248
ADMM_ITER round=0/0 iteration=16025/100000 objective=0.00042857510833778774 r=1.14146e-08/1.10674e-08 s=0.416923/0.000241258 projection_inf=6.54797e-17 rho=1e+08 support=404/12248
ADMM_ITER round=0/0 iteration=16050/100000 objective=0.00042932727847547143 r=1.13895e-08/1.10674e-08 s=0.421039/0.000241484 projection_inf=6.07848e-17 rho=1e+08 support=404/12248
ADMM_ITER round=0/0 iteration=16075/100000 objective=0.00043007432560056042 r=1.13866e-08/1.10674e-08 s=0.419453/0.000241709 projection_inf=6.47186e-17 rho=1e+08 support=405/12248
ADMM_ITER round=0/0 iteration=16100/100000 objective=0.00043081802796996632 r=1.13746e-08/1.10674e-08 s=0.420317/0.000241933 projection_inf=7.39459e-17 rho=1e+08 support=405/12248
ADMM_ITER round=0/0 iteration=16125/100000 objective=0.00043156767237067248 r=1.14019e-08/1.10674e-08 s=0.409902/0.000242157 projection_inf=6.26244e-17 rho=1e+08 support=404/12248
ADMM_ITER round=0/0 iteration=16150/100000 objective=0.00043231434579865945 r=1.14257e-08/1.10674e-08 s=0.401085/0.000242379 projection_inf=6.74049e-17 rho=1e+08 support=404/12248
ADMM_ITER round=0/0 iteration=16175/100000 objective=0.00043305392123138759 r=1.14123e-08/1.10674e-08 s=0.402904/0.000242602 projection_inf=6.70494e-17 rho=1e+08 support=405/12248
ADMM_ITER round=0/0 iteration=16200/100000 objective=0.00043376460466800816 r=1.1408e-08/1.10674e-08 s=0.40228/0.000242823 projection_inf=6.48959e-17 rho=1e+08 support=405/12248
ADMM_ITER round=0/0 iteration=16225/100000 objective=0.0004344580121855536 r=1.14126e-08/1.10674e-08 s=0.399217/0.000243044 projection_inf=7.22493e-17 rho=1e+08 support=406/12248
ADMM_ITER round=0/0 iteration=16250/100000 objective=0.00043510197830388953 r=1.13745e-08/1.10674e-08 s=0.408311/0.000243264 projection_inf=6.74492e-17 rho=1e+08 support=405/12248
ADMM_ITER round=0/0 iteration=16275/100000 objective=0.00043567648422480567 r=1.13101e-08/1.10674e-08 s=0.424299/0.000243484 projection_inf=7.18662e-17 rho=1e+08 support=404/12248
ADMM_ITER round=0/0 iteration=16300/100000 objective=0.00043622783385328386 r=1.12394e-08/1.10674e-08 s=0.437257/0.000243703 projection_inf=6.94492e-17 rho=1e+08 support=405/12248
ADMM_ITER round=0/0 iteration=16325/100000 objective=0.00043675988941379798 r=1.11782e-08/1.10674e-08 s=0.450819/0.000243922 projection_inf=7.38642e-17 rho=1e+08 support=406/12248
ADMM_ITER round=0/0 iteration=16350/100000 objective=0.00043728800576436119 r=1.11572e-08/1.10674e-08 s=0.454468/0.00024414 projection_inf=6.94818e-17 rho=1e+08 support=406/12248
ADMM_ITER round=0/0 iteration=16375/100000 objective=0.00043782598861233921 r=1.11667e-08/1.10674e-08 s=0.450703/0.000244358 projection_inf=6.34018e-17 rho=1e+08 support=406/12248
ADMM_ITER round=0/0 iteration=16400/100000 objective=0.00043837291556549524 r=1.1172e-08/1.10674e-08 s=0.443586/0.000244575 projection_inf=7.6304e-17 rho=1e+08 support=403/12248
ADMM_ITER round=0/0 iteration=16425/100000 objective=0.0004389359934247086 r=1.11842e-08/1.10674e-08 s=0.438093/0.000244792 projection_inf=6.57833e-17 rho=1e+08 support=404/12248
ADMM_ITER round=0/0 iteration=16450/100000 objective=0.00043951314903613661 r=1.12155e-08/1.10674e-08 s=0.428136/0.000245008 projection_inf=7.10016e-17 rho=1e+08 support=404/12248
ADMM_ITER round=0/0 iteration=16475/100000 objective=0.00044008844445023155 r=1.12191e-08/1.10674e-08 s=0.425082/0.000245224 projection_inf=7.66216e-17 rho=1e+08 support=405/12248
ADMM_ITER round=0/0 iteration=16500/100000 objective=0.00044063624655234565 r=1.11972e-08/1.10674e-08 s=0.425492/0.00024544 projection_inf=7.4132e-17 rho=1e+08 support=403/12248
ADMM_ITER round=0/0 iteration=16525/100000 objective=0.00044115362183593995 r=1.11486e-08/1.10674e-08 s=0.434622/0.000245654 projection_inf=6.64231e-17 rho=1e+08 support=402/12248
ADMM_ITER round=0/0 iteration=16550/100000 objective=0.00044160937559603651 r=1.11044e-08/1.10674e-08 s=0.443518/0.000245869 projection_inf=7.04329e-17 rho=1e+08 support=402/12248
ADMM_ITER round=0/0 iteration=16575/100000 objective=0.00044200768120626383 r=1.10817e-08/1.10674e-08 s=0.447258/0.000246083 projection_inf=7.14836e-17 rho=1e+08 support=402/12248
ADMM_ITER round=0/0 iteration=16600/100000 objective=0.00044241292296497853 r=1.10905e-08/1.10674e-08 s=0.442608/0.000246297 projection_inf=7.4508e-17 rho=1e+08 support=401/12248
ADMM_ITER round=0/0 iteration=16625/100000 objective=0.00044283067844555675 r=1.1137e-08/1.10674e-08 s=0.427415/0.00024651 projection_inf=7.54377e-17 rho=1e+08 support=400/12248
ADMM_ITER round=0/0 iteration=16650/100000 objective=0.00044329005957341482 r=1.11705e-08/1.10674e-08 s=0.4164/0.000246723 projection_inf=6.68396e-17 rho=1e+08 support=400/12248
ADMM_ITER round=0/0 iteration=16675/100000 objective=0.0004437750756934638 r=1.11685e-08/1.10674e-08 s=0.414599/0.000246936 projection_inf=7.05322e-17 rho=1e+08 support=400/12248
ADMM_ITER round=0/0 iteration=16700/100000 objective=0.00044428764735725235 r=1.11535e-08/1.10674e-08 s=0.416317/0.000247148 projection_inf=7.18987e-17 rho=1e+08 support=401/12248
ADMM_ITER round=0/0 iteration=16725/100000 objective=0.00044482028576580226 r=1.11524e-08/1.10674e-08 s=0.412848/0.00024736 projection_inf=6.98311e-17 rho=1e+08 support=400/12248
ADMM_ITER round=0/0 iteration=16750/100000 objective=0.00044536353276117578 r=1.11556e-08/1.10674e-08 s=0.409696/0.000247571 projection_inf=7.32137e-17 rho=1e+08 support=400/12248
ADMM_ITER round=0/0 iteration=16775/100000 objective=0.0004459036194453695 r=1.11711e-08/1.10674e-08 s=0.403444/0.000247782 projection_inf=7.29592e-17 rho=1e+08 support=400/12248
ADMM_ITER round=0/0 iteration=16800/100000 objective=0.00044643431636338422 r=1.11814e-08/1.10674e-08 s=0.398582/0.000247993 projection_inf=6.59678e-17 rho=1e+08 support=399/12248
ADMM_ITER round=0/0 iteration=16825/100000 objective=0.00044695599345279997 r=1.11871e-08/1.10674e-08 s=0.395092/0.000248203 projection_inf=6.36985e-17 rho=1e+08 support=399/12248
ADMM_ITER round=0/0 iteration=16850/100000 objective=0.000447479600159224 r=1.12069e-08/1.10674e-08 s=0.387586/0.000248412 projection_inf=6.45787e-17 rho=1e+08 support=400/12248
ADMM_ITER round=0/0 iteration=16875/100000 objective=0.00044803030550657206 r=1.12241e-08/1.10674e-08 s=0.379277/0.000248622 projection_inf=7.02492e-17 rho=1e+08 support=399/12248
ADMM_ITER round=0/0 iteration=16900/100000 objective=0.00044864465381643469 r=1.12323e-08/1.10674e-08 s=0.374067/0.00024883 projection_inf=7.92542e-17 rho=1e+08 support=400/12248
ADMM_ITER round=0/0 iteration=16925/100000 objective=0.00044925847469498087 r=1.12411e-08/1.10674e-08 s=0.368623/0.000249039 projection_inf=7.74505e-17 rho=1e+08 support=401/12248
ADMM_ITER round=0/0 iteration=16950/100000 objective=0.00044983202877306206 r=1.12748e-08/1.10674e-08 s=0.354616/0.000249246 projection_inf=6.85749e-17 rho=1e+08 support=399/12248
ADMM_ITER round=0/0 iteration=16975/100000 objective=0.0004503852868968731 r=1.1294e-08/1.10674e-08 s=0.345659/0.000249453 projection_inf=6.96255e-17 rho=1e+08 support=399/12248
ADMM_ITER round=0/0 iteration=17000/100000 objective=0.00045088655219545153 r=1.12534e-08/1.10674e-08 s=0.356053/0.00024966 projection_inf=6.94004e-17 rho=1e+08 support=400/12248
ADMM_ITER round=0/0 iteration=17025/100000 objective=0.00045131779938342698 r=1.11854e-08/1.10674e-08 s=0.374608/0.000249867 projection_inf=6.97974e-17 rho=1e+08 support=400/12248
ADMM_ITER round=0/0 iteration=17050/100000 objective=0.00045169253860786096 r=1.11748e-08/1.10674e-08 s=0.375301/0.000250073 projection_inf=7.94148e-17 rho=1e+08 support=401/12248
ADMM_ITER round=0/0 iteration=17075/100000 objective=0.00045204028004200214 r=1.12494e-08/1.10674e-08 s=0.349594/0.000250279 projection_inf=6.89792e-17 rho=1e+08 support=400/12248
ADMM_ITER round=0/0 iteration=17100/100000 objective=0.00045241613025904641 r=1.13271e-08/1.10674e-08 s=0.319648/0.000250485 projection_inf=7.17691e-17 rho=1e+08 support=400/12248
ADMM_ITER round=0/0 iteration=17125/100000 objective=0.00045280083900047646 r=1.13423e-08/1.10674e-08 s=0.311388/0.00025069 projection_inf=6.99196e-17 rho=1e+08 support=400/12248
ADMM_ITER round=0/0 iteration=17150/100000 objective=0.00045316695844462604 r=1.13347e-08/1.10674e-08 s=0.310958/0.000250895 projection_inf=7.95182e-17 rho=1e+08 support=399/12248
ADMM_ITER round=0/0 iteration=17175/100000 objective=0.0004535210180198074 r=1.13585e-08/1.10674e-08 s=0.29877/0.0002511 projection_inf=6.76826e-17 rho=1e+08 support=399/12248
ADMM_ITER round=0/0 iteration=17200/100000 objective=0.00045385923107395156 r=1.14025e-08/1.10674e-08 s=0.278444/0.000251305 projection_inf=7.15049e-17 rho=1e+08 support=400/12248
ADMM_ITER round=0/0 iteration=17225/100000 objective=0.00045417773981658446 r=1.1393e-08/1.10674e-08 s=0.27944/0.000251509 projection_inf=7.92516e-17 rho=1e+08 support=400/12248
ADMM_ITER round=0/0 iteration=17250/100000 objective=0.00045445865452002572 r=1.13332e-08/1.10674e-08 s=0.3003/0.000251714 projection_inf=7.33086e-17 rho=1e+08 support=400/12248
ADMM_ITER round=0/0 iteration=17275/100000 objective=0.00045469099897230689 r=1.12254e-08/1.10674e-08 s=0.335693/0.000251918 projection_inf=7.01156e-17 rho=1e+08 support=402/12248
ADMM_ITER round=0/0 iteration=17300/100000 objective=0.00045488302906002116 r=1.11334e-08/1.10674e-08 s=0.362293/0.000252122 projection_inf=6.83515e-17 rho=1e+08 support=402/12248
ADMM_ITER round=0/0 iteration=17325/100000 objective=0.0004550431798265989 r=1.11056e-08/1.10674e-08 s=0.368348/0.000252326 projection_inf=6.79016e-17 rho=1e+08 support=402/12248
ADMM_ITER round=0/0 iteration=17350/100000 objective=0.0004551809205415415 r=1.11129e-08/1.10674e-08 s=0.363952/0.000252531 projection_inf=6.57078e-17 rho=1e+08 support=401/12248
ADMM_ITER round=0/0 iteration=17375/100000 objective=0.0004553005749526061 r=1.11127e-08/1.10674e-08 s=0.361627/0.000252735 projection_inf=6.9887e-17 rho=1e+08 support=403/12248
ADMM_ITER round=0/0 iteration=17400/100000 objective=0.00045542205471703042 r=1.10989e-08/1.10674e-08 s=0.363515/0.000252939 projection_inf=8.10965e-17 rho=1e+08 support=404/12248
ADMM_ITER round=0/0 iteration=17425/100000 objective=0.00045556955962645028 r=1.10975e-08/1.10674e-08 s=0.361646/0.000253143 projection_inf=7.48427e-17 rho=1e+08 support=402/12248
ADMM_ITER round=0/0 iteration=17450/100000 objective=0.00045571041035398258 r=1.11216e-08/1.10674e-08 s=0.351039/0.000253347 projection_inf=6.81203e-17 rho=1e+08 support=401/12248
ADMM_ITER round=0/0 iteration=17475/100000 objective=0.00045584191899796411 r=1.1119e-08/1.10674e-08 s=0.349392/0.000253551 projection_inf=7.81077e-17 rho=1e+08 support=401/12248
ADMM_ITER round=0/0 iteration=17500/100000 objective=0.000455975949097824 r=1.10603e-08/1.10674e-08 s=0.365024/0.000253755 projection_inf=7.252e-17 rho=1e+08 support=404/12248
ADMM_ITER round=0/0 iteration=17525/100000 objective=0.00045613033190743975 r=1.09931e-08/1.10674e-08 s=0.382458/0.000253958 projection_inf=7.14089e-17 rho=1e+08 support=404/12248
ADMM_ITER round=0/0 iteration=17550/100000 objective=0.00045629895562426857 r=1.09586e-08/1.10674e-08 s=0.390152/0.000254162 projection_inf=7.70856e-17 rho=1e+08 support=404/12248
ADMM_ITER round=0/0 iteration=17575/100000 objective=0.00045645191371824931 r=1.09273e-08/1.10674e-08 s=0.396218/0.000254366 projection_inf=7.49563e-17 rho=1e+08 support=404/12248
ADMM_ITER round=0/0 iteration=17600/100000 objective=0.00045662227924295505 r=1.09465e-08/1.10674e-08 s=0.386687/0.00025457 projection_inf=7.74038e-17 rho=1e+08 support=405/12248
ADMM_ITER round=0/0 iteration=17625/100000 objective=0.00045683200737810302 r=1.09638e-08/1.10674e-08 s=0.378951/0.000254773 projection_inf=7.0583e-17 rho=1e+08 support=406/12248
ADMM_ITER round=0/0 iteration=17650/100000 objective=0.00045706026869192778 r=1.09534e-08/1.10674e-08 s=0.37948/0.000254977 projection_inf=7.8435e-17 rho=1e+08 support=406/12248
ADMM_ITER round=0/0 iteration=17675/100000 objective=0.00045730359350235766 r=1.09423e-08/1.10674e-08 s=0.380447/0.00025518 projection_inf=7.1693e-17 rho=1e+08 support=407/12248
ADMM_ITER round=0/0 iteration=17700/100000 objective=0.00045752008744606325 r=1.09128e-08/1.10674e-08 s=0.386751/0.000255384 projection_inf=6.9608e-17 rho=1e+08 support=406/12248
ADMM_ITER round=0/0 iteration=17725/100000 objective=0.00045768874095433065 r=1.08664e-08/1.10674e-08 s=0.397595/0.000255587 projection_inf=7.70226e-17 rho=1e+08 support=406/12248
ADMM_ITER round=0/0 iteration=17750/100000 objective=0.00045783667234436089 r=1.08916e-08/1.10674e-08 s=0.385289/0.00025579 projection_inf=6.98284e-17 rho=1e+08 support=408/12248
ADMM_ITER round=0/0 iteration=17775/100000 objective=0.00045798418426350098 r=1.09367e-08/1.10674e-08 s=0.369181/0.000255993 projection_inf=6.52885e-17 rho=1e+08 support=409/12248
ADMM_ITER round=0/0 iteration=17800/100000 objective=0.00045811337259200115 r=1.09158e-08/1.10674e-08 s=0.371298/0.000256196 projection_inf=7.62776e-17 rho=1e+08 support=408/12248
ADMM_ITER round=0/0 iteration=17825/100000 objective=0.00045822938950465861 r=1.08544e-08/1.10674e-08 s=0.385674/0.000256399 projection_inf=7.08561e-17 rho=1e+08 support=408/12248
ADMM_ITER round=0/0 iteration=17850/100000 objective=0.0004582953856283436 r=1.0815e-08/1.10674e-08 s=0.393697/0.000256602 projection_inf=7.66702e-17 rho=1e+08 support=406/12248
ADMM_ITER round=0/0 iteration=17875/100000 objective=0.00045836183758353938 r=1.07803e-08/1.10674e-08 s=0.400682/0.000256805 projection_inf=7.00315e-17 rho=1e+08 support=407/12248
ADMM_ITER round=0/0 iteration=17900/100000 objective=0.00045843551617089903 r=1.07465e-08/1.10674e-08 s=0.407431/0.000257008 projection_inf=8.14175e-17 rho=1e+08 support=407/12248
ADMM_ITER round=0/0 iteration=17925/100000 objective=0.00045849932854604266 r=1.07387e-08/1.10674e-08 s=0.407409/0.000257211 projection_inf=7.78554e-17 rho=1e+08 support=408/12248
ADMM_ITER round=0/0 iteration=17950/100000 objective=0.00045853165968018079 r=1.07557e-08/1.10674e-08 s=0.400515/0.000257414 projection_inf=7.9338e-17 rho=1e+08 support=407/12248
ADMM_ITER round=0/0 iteration=17975/100000 objective=0.00045854270005787917 r=1.0753e-08/1.10674e-08 s=0.398365/0.000257617 projection_inf=6.60924e-17 rho=1e+08 support=405/12248
ADMM_ITER round=0/0 iteration=18000/100000 objective=0.00045852929872291663 r=1.07205e-08/1.10674e-08 s=0.404899/0.00025782 projection_inf=6.96165e-17 rho=1e+08 support=405/12248
ADMM_ITER round=0/0 iteration=18025/100000 objective=0.00045853126119960392 r=1.07109e-08/1.10674e-08 s=0.405557/0.000258023 projection_inf=7.03097e-17 rho=1e+08 support=405/12248
ADMM_ITER round=0/0 iteration=18050/100000 objective=0.00045855564935185568 r=1.072e-08/1.10674e-08 s=0.401367/0.000258227 projection_inf=7.2101e-17 rho=1e+08 support=405/12248
ADMM_ITER round=0/0 iteration=18075/100000 objective=0.00045860111491779652 r=1.07073e-08/1.10674e-08 s=0.403095/0.00025843 projection_inf=6.65321e-17 rho=1e+08 support=406/12248
ADMM_ITER round=0/0 iteration=18100/100000 objective=0.0004586733794076676 r=1.06874e-08/1.10674e-08 s=0.406706/0.000258633 projection_inf=7.41114e-17 rho=1e+08 support=407/12248
ADMM_ITER round=0/0 iteration=18125/100000 objective=0.00045875287835899409 r=1.06885e-08/1.10674e-08 s=0.404746/0.000258837 projection_inf=7.67644e-17 rho=1e+08 support=407/12248
ADMM_ITER round=0/0 iteration=18150/100000 objective=0.00045881144010375433 r=1.06872e-08/1.10674e-08 s=0.403216/0.00025904 projection_inf=6.93194e-17 rho=1e+08 support=406/12248
ADMM_ITER round=0/0 iteration=18175/100000 objective=0.0004588732649395146 r=1.06777e-08/1.10674e-08 s=0.40336/0.000259244 projection_inf=7.1241e-17 rho=1e+08 support=406/12248
ADMM_ITER round=0/0 iteration=18200/100000 objective=0.00045895870756306042 r=1.06644e-08/1.10674e-08 s=0.405137/0.000259447 projection_inf=6.80482e-17 rho=1e+08 support=406/12248
ADMM_ITER round=0/0 iteration=18225/100000 objective=0.00045906713151610922 r=1.06207e-08/1.10674e-08 s=0.414121/0.000259651 projection_inf=7.04703e-17 rho=1e+08 support=407/12248
ADMM_ITER round=0/0 iteration=18250/100000 objective=0.00045918830924490797 r=1.05792e-08/1.10674e-08 s=0.42198/0.000259854 projection_inf=8.10974e-17 rho=1e+08 support=409/12248
ADMM_ITER round=0/0 iteration=18275/100000 objective=0.00045933476750477018 r=1.05874e-08/1.10674e-08 s=0.417393/0.000260057 projection_inf=7.0472e-17 rho=1e+08 support=410/12248
ADMM_ITER round=0/0 iteration=18300/100000 objective=0.00045946933661886939 r=1.06624e-08/1.10674e-08 s=0.395455/0.000260261 projection_inf=7.10702e-17 rho=1e+08 support=410/12248
ADMM_ITER round=0/0 iteration=18325/100000 objective=0.00045957736156310868 r=1.07029e-08/1.10674e-08 s=0.382098/0.000260464 projection_inf=7.08431e-17 rho=1e+08 support=410/12248
ADMM_ITER round=0/0 iteration=18350/100000 objective=0.00045966691871651569 r=1.07195e-08/1.10674e-08 s=0.375241/0.000260667 projection_inf=6.99708e-17 rho=1e+08 support=410/12248
ADMM_ITER round=0/0 iteration=18375/100000 objective=0.00045977197278714889 r=1.07192e-08/1.10674e-08 s=0.372234/0.00026087 projection_inf=7.06641e-17 rho=1e+08 support=409/12248
ADMM_ITER round=0/0 iteration=18400/100000 objective=0.00045990570765249095 r=1.06709e-08/1.10674e-08 s=0.383255/0.000261073 projection_inf=6.61621e-17 rho=1e+08 support=409/12248
ADMM_ITER round=0/0 iteration=18425/100000 objective=0.00046005629149019887 r=1.06004e-08/1.10674e-08 s=0.400086/0.000261277 projection_inf=7.03656e-17 rho=1e+08 support=408/12248
ADMM_ITER round=0/0 iteration=18450/100000 objective=0.00046021561438891554 r=1.05177e-08/1.10674e-08 s=0.419436/0.00026148 projection_inf=7.54428e-17 rho=1e+08 support=408/12248
ADMM_ITER round=0/0 iteration=18475/100000 objective=0.00046038966209433537 r=1.04264e-08/1.10674e-08 s=0.439092/0.000261682 projection_inf=6.8525e-17 rho=1e+08 support=410/12248
ADMM_ITER round=0/0 iteration=18500/100000 objective=0.00046058807532721425 r=1.03816e-08/1.10674e-08 s=0.447423/0.000261885 projection_inf=7.50943e-17 rho=1e+08 support=410/12248
ADMM_ITER round=0/0 iteration=18525/100000 objective=0.00046079621802709299 r=1.03777e-08/1.10674e-08 s=0.446413/0.000262088 projection_inf=7.38288e-17 rho=1e+08 support=410/12248
ADMM_ITER round=0/0 iteration=18550/100000 objective=0.00046099093384380642 r=1.03821e-08/1.10674e-08 s=0.442428/0.000262291 projection_inf=7.17877e-17 rho=1e+08 support=409/12248
ADMM_ITER round=0/0 iteration=18575/100000 objective=0.00046114721734546109 r=1.0406e-08/1.10674e-08 s=0.434708/0.000262493 projection_inf=7.50847e-17 rho=1e+08 support=409/12248
ADMM_ITER round=0/0 iteration=18600/100000 objective=0.00046128749901638296 r=1.04141e-08/1.10674e-08 s=0.430157/0.000262695 projection_inf=8.53106e-17 rho=1e+08 support=407/12248
ADMM_ITER round=0/0 iteration=18625/100000 objective=0.00046138879518154867 r=1.04087e-08/1.10674e-08 s=0.429307/0.000262898 projection_inf=6.97578e-17 rho=1e+08 support=407/12248
ADMM_ITER round=0/0 iteration=18650/100000 objective=0.00046145285099667038 r=1.03788e-08/1.10674e-08 s=0.434594/0.0002631 projection_inf=7.7145e-17 rho=1e+08 support=407/12248
ADMM_ITER round=0/0 iteration=18675/100000 objective=0.00046147879055139315 r=1.03563e-08/1.10674e-08 s=0.437799/0.000263302 projection_inf=7.15347e-17 rho=1e+08 support=406/12248
ADMM_ITER round=0/0 iteration=18700/100000 objective=0.00046146732474815536 r=1.03811e-08/1.10674e-08 s=0.430003/0.000263504 projection_inf=7.34126e-17 rho=1e+08 support=407/12248
ADMM_ITER round=0/0 iteration=18725/100000 objective=0.0004614596272951537 r=1.04264e-08/1.10674e-08 s=0.417076/0.000263707 projection_inf=7.69335e-17 rho=1e+08 support=407/12248
ADMM_ITER round=0/0 iteration=18750/100000 objective=0.00046151384257079236 r=1.04261e-08/1.10674e-08 s=0.41545/0.000263909 projection_inf=6.90193e-17 rho=1e+08 support=407/12248
ADMM_ITER round=0/0 iteration=18775/100000 objective=0.0004616325060074148 r=1.04199e-08/1.10674e-08 s=0.415437/0.000264112 projection_inf=7.09122e-17 rho=1e+08 support=407/12248
ADMM_ITER round=0/0 iteration=18800/100000 objective=0.00046181449797918307 r=1.04413e-08/1.10674e-08 s=0.40802/0.000264314 projection_inf=7.0708e-17 rho=1e+08 support=409/12248
ADMM_ITER round=0/0 iteration=18825/100000 objective=0.00046206063195942341 r=1.04324e-08/1.10674e-08 s=0.408557/0.000264516 projection_inf=8.25446e-17 rho=1e+08 support=409/12248
ADMM_ITER round=0/0 iteration=18850/100000 objective=0.00046235794562326458 r=1.04186e-08/1.10674e-08 s=0.410187/0.000264718 projection_inf=6.99828e-17 rho=1e+08 support=410/12248
ADMM_ITER round=0/0 iteration=18875/100000 objective=0.00046269474597163162 r=1.04174e-08/1.10674e-08 s=0.408293/0.00026492 projection_inf=7.59796e-17 rho=1e+08 support=409/12248
ADMM_ITER round=0/0 iteration=18900/100000 objective=0.0004630588986752434 r=1.04135e-08/1.10674e-08 s=0.407397/0.000265121 projection_inf=7.92104e-17 rho=1e+08 support=409/12248
ADMM_ITER round=0/0 iteration=18925/100000 objective=0.00046343116019376352 r=1.04059e-08/1.10674e-08 s=0.40764/0.000265323 projection_inf=7.26928e-17 rho=1e+08 support=409/12248
ADMM_ITER round=0/0 iteration=18950/100000 objective=0.00046381706795886222 r=1.0392e-08/1.10674e-08 s=0.406169/0.000265523 projection_inf=7.22681e-17 rho=1e+08 support=407/12248
ADMM_ITER round=0/0 iteration=18975/100000 objective=0.00046421880620170286 r=1.03928e-08/1.10674e-08 s=0.403171/0.000265724 projection_inf=7.20391e-17 rho=1e+08 support=407/12248
ADMM_ITER round=0/0 iteration=19000/100000 objective=0.00046460850359553808 r=1.03679e-08/1.10674e-08 s=0.406691/0.000265924 projection_inf=7.22365e-17 rho=1e+08 support=406/12248
ADMM_ITER round=0/0 iteration=19025/100000 objective=0.00046499356349454863 r=1.03358e-08/1.10674e-08 s=0.412794/0.000266124 projection_inf=7.71689e-17 rho=1e+08 support=406/12248
ADMM_ITER round=0/0 iteration=19050/100000 objective=0.00046539719336087548 r=1.03512e-08/1.10674e-08 s=0.407025/0.000266324 projection_inf=7.17531e-17 rho=1e+08 support=407/12248
ADMM_ITER round=0/0 iteration=19075/100000 objective=0.00046578231940889569 r=1.03701e-08/1.10674e-08 s=0.400405/0.000266523 projection_inf=7.65702e-17 rho=1e+08 support=407/12248
ADMM_ITER round=0/0 iteration=19100/100000 objective=0.00046614793631138333 r=1.03778e-08/1.10674e-08 s=0.396731/0.000266722 projection_inf=7.81383e-17 rho=1e+08 support=407/12248
ADMM_ITER round=0/0 iteration=19125/100000 objective=0.00046649433174728087 r=1.03688e-08/1.10674e-08 s=0.397496/0.000266921 projection_inf=6.69491e-17 rho=1e+08 support=407/12248
ADMM_ITER round=0/0 iteration=19150/100000 objective=0.00046682816784027594 r=1.03325e-08/1.10674e-08 s=0.405334/0.00026712 projection_inf=7.77246e-17 rho=1e+08 support=407/12248
ADMM_ITER round=0/0 iteration=19175/100000 objective=0.00046714862817707608 r=1.03021e-08/1.10674e-08 s=0.411611/0.000267318 projection_inf=7.51041e-17 rho=1e+08 support=407/12248
ADMM_ITER round=0/0 iteration=19200/100000 objective=0.00046746234707605575 r=1.02768e-08/1.10674e-08 s=0.41653/0.000267516 projection_inf=7.24572e-17 rho=1e+08 support=408/12248
ADMM_ITER round=0/0 iteration=19225/100000 objective=0.00046778071919684341 r=1.02279e-08/1.10674e-08 s=0.427084/0.000267714 projection_inf=7.25678e-17 rho=1e+08 support=408/12248
ADMM_ITER round=0/0 iteration=19250/100000 objective=0.00046809688566218019 r=1.01912e-08/1.10674e-08 s=0.434476/0.000267912 projection_inf=8.46764e-17 rho=1e+08 support=407/12248
ADMM_ITER round=0/0 iteration=19275/100000 objective=0.00046841749295789211 r=1.0159e-08/1.10674e-08 s=0.440749/0.000268109 projection_inf=8.30842e-17 rho=1e+08 support=407/12248
ADMM_ITER round=0/0 iteration=19300/100000 objective=0.00046876333139328296 r=1.01108e-08/1.10674e-08 s=0.449576/0.000268306 projection_inf=7.43337e-17 rho=1e+08 support=406/12248
ADMM_ITER round=0/0 iteration=19325/100000 objective=0.00046914410928313463 r=1.0096e-08/1.10674e-08 s=0.451173/0.000268503 projection_inf=7.41877e-17 rho=1e+08 support=406/12248
ADMM_ITER round=0/0 iteration=19350/100000 objective=0.00046957219591492206 r=1.0133e-08/1.10674e-08 s=0.43673/0.0002687 projection_inf=7.63719e-17 rho=1e+08 support=405/12248
ADMM_ITER round=0/0 iteration=19375/100000 objective=0.00047004322509324646 r=1.01582e-08/1.10674e-08 s=0.428457/0.000268896 projection_inf=7.114e-17 rho=1e+08 support=405/12248
ADMM_ITER round=0/0 iteration=19400/100000 objective=0.0004705701437193433 r=1.0184e-08/1.10674e-08 s=0.419855/0.000269091 projection_inf=7.41908e-17 rho=1e+08 support=406/12248
ADMM_ITER round=0/0 iteration=19425/100000 objective=0.00047113605608585518 r=1.01899e-08/1.10674e-08 s=0.416253/0.000269287 projection_inf=7.54482e-17 rho=1e+08 support=406/12248
ADMM_ITER round=0/0 iteration=19450/100000 objective=0.00047170510126992154 r=1.01906e-08/1.10674e-08 s=0.414268/0.000269481 projection_inf=7.83462e-17 rho=1e+08 support=406/12248
ADMM_ITER round=0/0 iteration=19475/100000 objective=0.00047224867933000076 r=1.01822e-08/1.10674e-08 s=0.414465/0.000269676 projection_inf=8.15935e-17 rho=1e+08 support=407/12248
ADMM_ITER round=0/0 iteration=19500/100000 objective=0.00047275805616476196 r=1.01501e-08/1.10674e-08 s=0.420546/0.00026987 projection_inf=7.80313e-17 rho=1e+08 support=408/12248
ADMM_ITER round=0/0 iteration=19525/100000 objective=0.00047324988457648809 r=1.01057e-08/1.10674e-08 s=0.428916/0.000270063 projection_inf=6.99133e-17 rho=1e+08 support=408/12248
ADMM_ITER round=0/0 iteration=19550/100000 objective=0.00047372715135996825 r=1.01094e-08/1.10674e-08 s=0.425981/0.000270256 projection_inf=7.45632e-17 rho=1e+08 support=407/12248
ADMM_ITER round=0/0 iteration=19575/100000 objective=0.00047416385903404696 r=1.01217e-08/1.10674e-08 s=0.421229/0.000270449 projection_inf=7.4848e-17 rho=1e+08 support=407/12248
ADMM_ITER round=0/0 iteration=19600/100000 objective=0.00047457840187767016 r=1.0132e-08/1.10674e-08 s=0.416883/0.000270641 projection_inf=6.99385e-17 rho=1e+08 support=408/12248
ADMM_ITER round=0/0 iteration=19625/100000 objective=0.00047499202295073938 r=1.01529e-08/1.10674e-08 s=0.41007/0.000270833 projection_inf=7.36321e-17 rho=1e+08 support=408/12248
ADMM_ITER round=0/0 iteration=19650/100000 objective=0.00047537915562547486 r=1.01629e-08/1.10674e-08 s=0.405964/0.000271025 projection_inf=7.7708e-17 rho=1e+08 support=408/12248
ADMM_ITER round=0/0 iteration=19675/100000 objective=0.00047574695266545806 r=1.01755e-08/1.10674e-08 s=0.400433/0.000271217 projection_inf=8.29736e-17 rho=1e+08 support=408/12248
ADMM_ITER round=0/0 iteration=19700/100000 objective=0.00047610929189034984 r=1.01729e-08/1.10674e-08 s=0.399088/0.000271408 projection_inf=7.17015e-17 rho=1e+08 support=408/12248
ADMM_ITER round=0/0 iteration=19725/100000 objective=0.00047648285195816989 r=1.01628e-08/1.10674e-08 s=0.400049/0.000271599 projection_inf=7.97806e-17 rho=1e+08 support=408/12248
ADMM_ITER round=0/0 iteration=19750/100000 objective=0.00047689464562024081 r=1.0151e-08/1.10674e-08 s=0.401524/0.00027179 projection_inf=6.83162e-17 rho=1e+08 support=408/12248
ADMM_ITER round=0/0 iteration=19775/100000 objective=0.00047733630646952762 r=1.0142e-08/1.10674e-08 s=0.402343/0.00027198 projection_inf=7.68976e-17 rho=1e+08 support=408/12248
ADMM_ITER round=0/0 iteration=19800/100000 objective=0.00047778574443354345 r=1.01258e-08/1.10674e-08 s=0.404501/0.00027217 projection_inf=8.64192e-17 rho=1e+08 support=408/12248
ADMM_ITER round=0/0 iteration=19825/100000 objective=0.00047823010263172685 r=1.00987e-08/1.10674e-08 s=0.409709/0.00027236 projection_inf=7.88302e-17 rho=1e+08 support=409/12248
ADMM_ITER round=0/0 iteration=19850/100000 objective=0.00047868686861530173 r=1.00757e-08/1.10674e-08 s=0.413799/0.000272549 projection_inf=7.21004e-17 rho=1e+08 support=411/12248
ADMM_ITER round=0/0 iteration=19875/100000 objective=0.00047916942808521272 r=1.00817e-08/1.10674e-08 s=0.410867/0.000272738 projection_inf=7.78544e-17 rho=1e+08 support=411/12248
ADMM_ITER round=0/0 iteration=19900/100000 objective=0.00047967729418866336 r=1.01215e-08/1.10674e-08 s=0.399523/0.000272926 projection_inf=8.44967e-17 rho=1e+08 support=411/12248
ADMM_ITER round=0/0 iteration=19925/100000 objective=0.00048020967875988499 r=1.01792e-08/1.10674e-08 s=0.383168/0.000273114 projection_inf=7.25168e-17 rho=1e+08 support=411/12248
ADMM_ITER round=0/0 iteration=19950/100000 objective=0.00048074492917900562 r=1.02094e-08/1.10674e-08 s=0.373634/0.000273302 projection_inf=7.59643e-17 rho=1e+08 support=411/12248
ADMM_ITER round=0/0 iteration=19975/100000 objective=0.00048124811815268516 r=1.01855e-08/1.10674e-08 s=0.378549/0.000273489 projection_inf=7.58032e-17 rho=1e+08 support=410/12248
ADMM_ITER round=0/0 iteration=20000/100000 objective=0.00048172378112150405 r=1.01327e-08/1.10674e-08 s=0.38968/0.000273676 projection_inf=7.3583e-17 rho=1e+08 support=409/12248
ADMM_ITER round=0/0 iteration=20025/100000 objective=0.00048219587722649635 r=1.00906e-08/1.10674e-08 s=0.398905/0.000273863 projection_inf=8.74576e-17 rho=1e+08 support=409/12248
ADMM_ITER round=0/0 iteration=20050/100000 objective=0.00048268243493781006 r=1.00731e-08/1.10674e-08 s=0.401889/0.000274049 projection_inf=7.20892e-17 rho=1e+08 support=410/12248
ADMM_ITER round=0/0 iteration=20075/100000 objective=0.00048318991854778089 r=1.00376e-08/1.10674e-08 s=0.409331/0.000274235 projection_inf=8.82146e-17 rho=1e+08 support=411/12248
ADMM_ITER round=0/0 iteration=20100/100000 objective=0.00048372906231238942 r=9.99411e-09/1.10674e-08 s=0.418597/0.00027442 projection_inf=8.67183e-17 rho=1e+08 support=411/12248
ADMM_ITER round=0/0 iteration=20125/100000 objective=0.00048432080407774167 r=9.98934e-09/1.10674e-08 s=0.415691/0.000274605 projection_inf=7.81583e-17 rho=1e+08 support=409/12248
ADMM_ITER round=0/0 iteration=20150/100000 objective=0.00048498409570995785 r=9.99752e-09/1.10674e-08 s=0.411943/0.00027479 projection_inf=7.77912e-17 rho=1e+08 support=409/12248
ADMM_ITER round=0/0 iteration=20175/100000 objective=0.0004856898806311582 r=1.00184e-08/1.10674e-08 s=0.405315/0.000274974 projection_inf=7.97793e-17 rho=1e+08 support=409/12248
ADMM_ITER round=0/0 iteration=20200/100000 objective=0.00048642351035327634 r=1.00254e-08/1.10674e-08 s=0.400851/0.000275157 projection_inf=7.287e-17 rho=1e+08 support=408/12248
ADMM_ITER round=0/0 iteration=20225/100000 objective=0.0004871580430802057 r=1.00265e-08/1.10674e-08 s=0.398362/0.00027534 projection_inf=8.32244e-17 rho=1e+08 support=408/12248
ADMM_ITER round=0/0 iteration=20250/100000 objective=0.00048788670005334172 r=1.0024e-08/1.10674e-08 s=0.397201/0.000275522 projection_inf=7.28926e-17 rho=1e+08 support=407/12248
ADMM_ITER round=0/0 iteration=20275/100000 objective=0.00048860328541336286 r=1.00302e-08/1.10674e-08 s=0.394045/0.000275704 projection_inf=7.84275e-17 rho=1e+08 support=407/12248
ADMM_ITER round=0/0 iteration=20300/100000 objective=0.00048926854404901673 r=1.00425e-08/1.10674e-08 s=0.38942/0.000275884 projection_inf=7.92009e-17 rho=1e+08 support=407/12248
ADMM_ITER round=0/0 iteration=20325/100000 objective=0.0004898675510404992 r=1.00583e-08/1.10674e-08 s=0.383887/0.000276065 projection_inf=8.57895e-17 rho=1e+08 support=406/12248
ADMM_ITER round=0/0 iteration=20350/100000 objective=0.00049039987538574 r=1.00633e-08/1.10674e-08 s=0.381236/0.000276245 projection_inf=7.78461e-17 rho=1e+08 support=406/12248
ADMM_ITER round=0/0 iteration=20375/100000 objective=0.00049087582185090156 r=1.00462e-08/1.10674e-08 s=0.384396/0.000276425 projection_inf=7.2101e-17 rho=1e+08 support=407/12248
ADMM_ITER round=0/0 iteration=20400/100000 objective=0.00049129689357362396 r=1.00195e-08/1.10674e-08 s=0.390011/0.000276604 projection_inf=7.97354e-17 rho=1e+08 support=408/12248
ADMM_ITER round=0/0 iteration=20425/100000 objective=0.00049168115375148973 r=9.97709e-09/1.10674e-08 s=0.399496/0.000276783 projection_inf=8.40033e-17 rho=1e+08 support=407/12248
ADMM_ITER round=0/0 iteration=20450/100000 objective=0.00049204975466856868 r=9.92329e-09/1.10674e-08 s=0.411502/0.000276962 projection_inf=7.17076e-17 rho=1e+08 support=407/12248
ADMM_ITER round=0/0 iteration=20475/100000 objective=0.00049241123578724942 r=9.86892e-09/1.10674e-08 s=0.423289/0.00027714 projection_inf=7.36908e-17 rho=1e+08 support=407/12248
ADMM_ITER round=0/0 iteration=20500/100000 objective=0.00049279000696118868 r=9.83015e-09/1.10674e-08 s=0.431035/0.000277319 projection_inf=7.85464e-17 rho=1e+08 support=405/12248
ADMM_ITER round=0/0 iteration=20525/100000 objective=0.00049321006887434178 r=9.82695e-09/1.10674e-08 s=0.430708/0.000277497 projection_inf=8.589e-17 rho=1e+08 support=405/12248
ADMM_ITER round=0/0 iteration=20550/100000 objective=0.00049366268677959464 r=9.83378e-09/1.10674e-08 s=0.427866/0.000277674 projection_inf=7.60485e-17 rho=1e+08 support=407/12248
ADMM_ITER round=0/0 iteration=20575/100000 objective=0.0004941897316266537 r=9.86484e-09/1.10674e-08 s=0.40925/0.000277852 projection_inf=7.73528e-17 rho=1e+08 support=408/12248
ADMM_ITER round=0/0 iteration=20600/100000 objective=0.00049475938299499477 r=9.8486e-09/1.10674e-08 s=0.409474/0.000278028 projection_inf=7.31472e-17 rho=1e+08 support=409/12248
ADMM_ITER round=0/0 iteration=20625/100000 objective=0.00049530376864547572 r=9.8393e-09/1.10674e-08 s=0.408824/0.000278205 projection_inf=8.51811e-17 rho=1e+08 support=409/12248
ADMM_ITER round=0/0 iteration=20650/100000 objective=0.00049583086810409702 r=9.84093e-09/1.10674e-08 s=0.406089/0.000278381 projection_inf=8.05148e-17 rho=1e+08 support=409/12248
ADMM_ITER round=0/0 iteration=20675/100000 objective=0.00049636037601699895 r=9.85638e-09/1.10674e-08 s=0.400247/0.000278556 projection_inf=9.04191e-17 rho=1e+08 support=409/12248
ADMM_ITER round=0/0 iteration=20700/100000 objective=0.0004969069894490833 r=9.88421e-09/1.10674e-08 s=0.391376/0.000278732 projection_inf=7.95179e-17 rho=1e+08 support=410/12248
ADMM_ITER round=0/0 iteration=20725/100000 objective=0.00049745839622678673 r=9.90527e-09/1.10674e-08 s=0.384139/0.000278906 projection_inf=7.74823e-17 rho=1e+08 support=411/12248
ADMM_ITER round=0/0 iteration=20750/100000 objective=0.00049797134435882156 r=9.90057e-09/1.10674e-08 s=0.383586/0.000279081 projection_inf=7.40664e-17 rho=1e+08 support=411/12248
ADMM_ITER round=0/0 iteration=20775/100000 objective=0.00049843227376368451 r=9.89121e-09/1.10674e-08 s=0.384345/0.000279255 projection_inf=8.78382e-17 rho=1e+08 support=411/12248
ADMM_ITER round=0/0 iteration=20800/100000 objective=0.00049884590972284842 r=9.90879e-09/1.10674e-08 s=0.378147/0.000279428 projection_inf=7.85502e-17 rho=1e+08 support=410/12248
ADMM_ITER round=0/0 iteration=20825/100000 objective=0.00049924490885218376 r=9.91828e-09/1.10674e-08 s=0.374085/0.000279602 projection_inf=7.52977e-17 rho=1e+08 support=410/12248
ADMM_ITER round=0/0 iteration=20850/100000 objective=0.00049964997342592213 r=9.87467e-09/1.10674e-08 s=0.383417/0.000279775 projection_inf=7.67922e-17 rho=1e+08 support=409/12248
ADMM_ITER round=0/0 iteration=20875/100000 objective=0.00050004637409432581 r=9.85577e-09/1.10674e-08 s=0.385477/0.000279948 projection_inf=8.25045e-17 rho=1e+08 support=409/12248
ADMM_ITER round=0/0 iteration=20900/100000 objective=0.000500447908423417 r=9.86374e-09/1.10674e-08 s=0.381066/0.00028012 projection_inf=7.21181e-17 rho=1e+08 support=408/12248
ADMM_ITER round=0/0 iteration=20925/100000 objective=0.00050086598165961652 r=9.86038e-09/1.10674e-08 s=0.380018/0.000280293 projection_inf=8.21641e-17 rho=1e+08 support=408/12248
ADMM_ITER round=0/0 iteration=20950/100000 objective=0.00050129310278015048 r=9.85265e-09/1.10674e-08 s=0.378643/0.000280465 projection_inf=7.97242e-17 rho=1e+08 support=408/12248
ADMM_ITER round=0/0 iteration=20975/100000 objective=0.00050173808912152011 r=9.83663e-09/1.10674e-08 s=0.380657/0.000280636 projection_inf=7.22699e-17 rho=1e+08 support=408/12248
ADMM_ITER round=0/0 iteration=21000/100000 objective=0.00050217571701212382 r=9.82823e-09/1.10674e-08 s=0.380947/0.000280808 projection_inf=7.77044e-17 rho=1e+08 support=408/12248
ADMM_ITER round=0/0 iteration=21025/100000 objective=0.00050258551374449351 r=9.82045e-09/1.10674e-08 s=0.381213/0.000280979 projection_inf=8.37382e-17 rho=1e+08 support=408/12248
ADMM_ITER round=0/0 iteration=21050/100000 objective=0.00050295513143492666 r=9.80016e-09/1.10674e-08 s=0.384774/0.000281149 projection_inf=7.39866e-17 rho=1e+08 support=408/12248
ADMM_ITER round=0/0 iteration=21075/100000 objective=0.00050326251674015238 r=9.75804e-09/1.10674e-08 s=0.393823/0.00028132 projection_inf=7.60138e-17 rho=1e+08 support=408/12248
ADMM_ITER round=0/0 iteration=21100/100000 objective=0.00050352610377877715 r=9.71205e-09/1.10674e-08 s=0.40362/0.00028149 projection_inf=9.50753e-17 rho=1e+08 support=408/12248
ADMM_ITER round=0/0 iteration=21125/100000 objective=0.00050377468014687536 r=9.68542e-09/1.10674e-08 s=0.40859/0.000281661 projection_inf=8.32134e-17 rho=1e+08 support=409/12248
ADMM_ITER round=0/0 iteration=21150/100000 objective=0.00050403101658944417 r=9.68257e-09/1.10674e-08 s=0.407906/0.000281831 projection_inf=8.13596e-17 rho=1e+08 support=409/12248
ADMM_ITER round=0/0 iteration=21175/100000 objective=0.0005043257549813007 r=9.7081e-09/1.10674e-08 s=0.400463/0.000282001 projection_inf=8.47525e-17 rho=1e+08 support=409/12248
ADMM_ITER round=0/0 iteration=21200/100000 objective=0.00050465471417526699 r=9.72991e-09/1.10674e-08 s=0.393825/0.00028217 projection_inf=7.67712e-17 rho=1e+08 support=409/12248
ADMM_ITER round=0/0 iteration=21225/100000 objective=0.00050499909400240255 r=9.72591e-09/1.10674e-08 s=0.39354/0.00028234 projection_inf=8.73722e-17 rho=1e+08 support=409/12248
ADMM_ITER round=0/0 iteration=21250/100000 objective=0.00050532942700009598 r=9.71356e-09/1.10674e-08 s=0.395349/0.000282509 projection_inf=7.93837e-17 rho=1e+08 support=409/12248
ADMM_ITER round=0/0 iteration=21275/100000 objective=0.00050562810445822011 r=9.70104e-09/1.10674e-08 s=0.397218/0.000282678 projection_inf=8.13332e-17 rho=1e+08 support=409/12248
ADMM_ITER round=0/0 iteration=21300/100000 objective=0.00050590913930864808 r=9.68268e-09/1.10674e-08 s=0.400511/0.000282847 projection_inf=8.52945e-17 rho=1e+08 support=410/12248
ADMM_ITER round=0/0 iteration=21325/100000 objective=0.00050617978456163858 r=9.67007e-09/1.10674e-08 s=0.402354/0.000283016 projection_inf=8.83376e-17 rho=1e+08 support=409/12248
ADMM_ITER round=0/0 iteration=21350/100000 objective=0.00050642853578514993 r=9.65068e-09/1.10674e-08 s=0.40589/0.000283184 projection_inf=8.5347e-17 rho=1e+08 support=409/12248
ADMM_ITER round=0/0 iteration=21375/100000 objective=0.0005066556483970812 r=9.63107e-09/1.10674e-08 s=0.40887/0.000283352 projection_inf=8.33203e-17 rho=1e+08 support=409/12248
ADMM_ITER round=0/0 iteration=21400/100000 objective=0.00050687477140850645 r=9.64211e-09/1.10674e-08 s=0.404575/0.000283521 projection_inf=8.57463e-17 rho=1e+08 support=409/12248
ADMM_ITER round=0/0 iteration=21425/100000 objective=0.00050712127065354962 r=9.6692e-09/1.10674e-08 s=0.395757/0.000283689 projection_inf=7.9318e-17 rho=1e+08 support=408/12248
ADMM_ITER round=0/0 iteration=21450/100000 objective=0.00050739172989854996 r=9.69661e-09/1.10674e-08 s=0.387183/0.000283857 projection_inf=7.85947e-17 rho=1e+08 support=410/12248
ADMM_ITER round=0/0 iteration=21475/100000 objective=0.00050768783838126431 r=9.69599e-09/1.10674e-08 s=0.384279/0.000284025 projection_inf=8.62917e-17 rho=1e+08 support=410/12248
ADMM_ITER round=0/0 iteration=21500/100000 objective=0.00050802847454210667 r=9.66591e-09/1.10674e-08 s=0.390056/0.000284192 projection_inf=8.49745e-17 rho=1e+08 support=410/12248
ADMM_ITER round=0/0 iteration=21525/100000 objective=0.00050838222499095754 r=9.65781e-09/1.10674e-08 s=0.390531/0.000284359 projection_inf=8.02648e-17 rho=1e+08 support=411/12248
ADMM_ITER round=0/0 iteration=21550/100000 objective=0.00050874644544092777 r=9.64173e-09/1.10674e-08 s=0.392802/0.000284527 projection_inf=7.88113e-17 rho=1e+08 support=410/12248
ADMM_ITER round=0/0 iteration=21575/100000 objective=0.00050909099923201323 r=9.61634e-09/1.10674e-08 s=0.397594/0.000284693 projection_inf=7.78658e-17 rho=1e+08 support=410/12248
ADMM_ITER round=0/0 iteration=21600/100000 objective=0.00050938901384978185 r=9.58673e-09/1.10674e-08 s=0.401552/0.00028486 projection_inf=8.05728e-17 rho=1e+08 support=410/12248
ADMM_ITER round=0/0 iteration=21625/100000 objective=0.00050963611394410485 r=9.54244e-09/1.10674e-08 s=0.410284/0.000285027 projection_inf=7.83866e-17 rho=1e+08 support=410/12248
ADMM_ITER round=0/0 iteration=21650/100000 objective=0.00050982977875656645 r=9.49084e-09/1.10674e-08 s=0.419968/0.000285193 projection_inf=7.72746e-17 rho=1e+08 support=411/12248
ADMM_ITER round=0/0 iteration=21675/100000 objective=0.00050999893516120141 r=9.47151e-09/1.10674e-08 s=0.422104/0.000285359 projection_inf=7.7415e-17 rho=1e+08 support=412/12248
ADMM_ITER round=0/0 iteration=21700/100000 objective=0.00051013868450071592 r=9.47607e-09/1.10674e-08 s=0.419337/0.000285525 projection_inf=9.06392e-17 rho=1e+08 support=412/12248
ADMM_ITER round=0/0 iteration=21725/100000 objective=0.00051028928964675898 r=9.47922e-09/1.10674e-08 s=0.41708/0.000285692 projection_inf=7.92257e-17 rho=1e+08 support=412/12248
ADMM_ITER round=0/0 iteration=21750/100000 objective=0.00051045216765620847 r=9.48118e-09/1.10674e-08 s=0.415214/0.000285858 projection_inf=7.69562e-17 rho=1e+08 support=412/12248
ADMM_ITER round=0/0 iteration=21775/100000 objective=0.00051060562681274431 r=9.48928e-09/1.10674e-08 s=0.410188/0.000286024 projection_inf=7.89595e-17 rho=1e+08 support=410/12248
ADMM_ITER round=0/0 iteration=21800/100000 objective=0.00051075910445436015 r=9.50135e-09/1.10674e-08 s=0.405859/0.000286189 projection_inf=7.8792e-17 rho=1e+08 support=410/12248
ADMM_ITER round=0/0 iteration=21825/100000 objective=0.0005109094729522269 r=9.49779e-09/1.10674e-08 s=0.40529/0.000286355 projection_inf=8.56179e-17 rho=1e+08 support=410/12248
ADMM_ITER round=0/0 iteration=21850/100000 objective=0.00051105942107990783 r=9.47989e-09/1.10674e-08 s=0.405017/0.000286521 projection_inf=8.50563e-17 rho=1e+08 support=410/12248
ADMM_ITER round=0/0 iteration=21875/100000 objective=0.00051120603384191999 r=9.44094e-09/1.10674e-08 s=0.411838/0.000286687 projection_inf=8.61492e-17 rho=1e+08 support=410/12248
ADMM_ITER round=0/0 iteration=21900/100000 objective=0.00051134699214131038 r=9.37797e-09/1.10674e-08 s=0.42439/0.000286852 projection_inf=8.0331e-17 rho=1e+08 support=410/12248
ADMM_ITER round=0/0 iteration=21925/100000 objective=0.00051147010398674996 r=9.33679e-09/1.10674e-08 s=0.431939/0.000287018 projection_inf=8.06885e-17 rho=1e+08 support=411/12248
ADMM_ITER round=0/0 iteration=21950/100000 objective=0.00051159315880737021 r=9.32271e-09/1.10674e-08 s=0.433625/0.000287183 projection_inf=8.11363e-17 rho=1e+08 support=411/12248
ADMM_ITER round=0/0 iteration=21975/100000 objective=0.00051174403001823297 r=9.29369e-09/1.10674e-08 s=0.438526/0.000287349 projection_inf=7.69925e-17 rho=1e+08 support=412/12248
ADMM_ITER round=0/0 iteration=22000/100000 objective=0.00051193895497177221 r=9.25808e-09/1.10674e-08 s=0.444773/0.000287514 projection_inf=8.42691e-17 rho=1e+08 support=412/12248
ADMM_ITER round=0/0 iteration=22025/100000 objective=0.00051218507135953651 r=9.26308e-09/1.10674e-08 s=0.441216/0.000287679 projection_inf=8.49749e-17 rho=1e+08 support=411/12248
ADMM_ITER round=0/0 iteration=22050/100000 objective=0.00051246070020541032 r=9.29059e-09/1.10674e-08 s=0.433139/0.000287845 projection_inf=8.68101e-17 rho=1e+08 support=410/12248
ADMM_ITER round=0/0 iteration=22075/100000 objective=0.0005127418890771738 r=9.33826e-09/1.10674e-08 s=0.421102/0.000288009 projection_inf=8.84711e-17 rho=1e+08 support=410/12248
ADMM_ITER round=0/0 iteration=22100/100000 objective=0.0005130181299128645 r=9.34098e-09/1.10674e-08 s=0.419008/0.000288174 projection_inf=8.16651e-17 rho=1e+08 support=411/12248
ADMM_ITER round=0/0 iteration=22125/100000 objective=0.00051329142657139857 r=9.30002e-09/1.10674e-08 s=0.426609/0.000288338 projection_inf=8.32434e-17 rho=1e+08 support=412/12248
ADMM_ITER round=0/0 iteration=22150/100000 objective=0.00051359261579711599 r=9.27809e-09/1.10674e-08 s=0.428279/0.000288503 projection_inf=7.72813e-17 rho=1e+08 support=413/12248
ADMM_ITER round=0/0 iteration=22175/100000 objective=0.00051386760581640192 r=9.29882e-09/1.10674e-08 s=0.4222/0.000288667 projection_inf=7.89032e-17 rho=1e+08 support=413/12248
ADMM_ITER round=0/0 iteration=22200/100000 objective=0.00051409590116062844 r=9.31589e-09/1.10674e-08 s=0.416955/0.000288831 projection_inf=8.81021e-17 rho=1e+08 support=413/12248
ADMM_ITER round=0/0 iteration=22225/100000 objective=0.0005142874335816659 r=9.29562e-09/1.10674e-08 s=0.419776/0.000288995 projection_inf=7.49444e-17 rho=1e+08 support=414/12248
ADMM_ITER round=0/0 iteration=22250/100000 objective=0.0005144736368565189 r=9.24533e-09/1.10674e-08 s=0.429183/0.000289158 projection_inf=8.41221e-17 rho=1e+08 support=414/12248
ADMM_ITER round=0/0 iteration=22275/100000 objective=0.0005146723544961722 r=9.20116e-09/1.10674e-08 s=0.437152/0.000289322 projection_inf=7.41706e-17 rho=1e+08 support=414/12248
ADMM_ITER round=0/0 iteration=22300/100000 objective=0.00051489188804794742 r=9.18582e-09/1.10674e-08 s=0.439024/0.000289485 projection_inf=7.53017e-17 rho=1e+08 support=414/12248
ADMM_ITER round=0/0 iteration=22325/100000 objective=0.00051512725075715765 r=9.1718e-09/1.10674e-08 s=0.440663/0.000289649 projection_inf=8.52834e-17 rho=1e+08 support=414/12248
ADMM_ITER round=0/0 iteration=22350/100000 objective=0.00051536534779077691 r=9.12774e-09/1.10674e-08 s=0.44843/0.000289812 projection_inf=9.09056e-17 rho=1e+08 support=416/12248
ADMM_ITER round=0/0 iteration=22375/100000 objective=0.00051560124809763594 r=9.10766e-09/1.10674e-08 s=0.449871/0.000289975 projection_inf=8.41689e-17 rho=1e+08 support=416/12248
ADMM_ITER round=0/0 iteration=22400/100000 objective=0.00051587630673632034 r=9.16853e-09/1.10674e-08 s=0.42275/0.000290138 projection_inf=8.05306e-17 rho=1e+08 support=415/12248
ADMM_ITER round=0/0 iteration=22425/100000 objective=0.0005161579602243737 r=9.20997e-09/1.10674e-08 s=0.406404/0.0002903 projection_inf=8.40192e-17 rho=1e+08 support=414/12248
ADMM_ITER round=0/0 iteration=22450/100000 objective=0.00051647102660692208 r=9.20847e-09/1.10674e-08 s=0.401809/0.000290463 projection_inf=8.84219e-17 rho=1e+08 support=413/12248
ADMM_ITER round=0/0 iteration=22475/100000 objective=0.00051680521271599018 r=9.19734e-09/1.10674e-08 s=0.401066/0.000290625 projection_inf=7.52057e-17 rho=1e+08 support=413/12248
ADMM_ITER round=0/0 iteration=22500/100000 objective=0.00051709793313971394 r=9.16787e-09/1.10674e-08 s=0.40508/0.000290787 projection_inf=7.69944e-17 rho=1e+08 support=414/12248
ADMM_ITER round=0/0 iteration=22525/100000 objective=0.00051735804634824977 r=9.11999e-09/1.10674e-08 s=0.413484/0.000290949 projection_inf=9.81374e-17 rho=1e+08 support=414/12248
ADMM_ITER round=0/0 iteration=22550/100000 objective=0.00051757960413074088 r=9.08238e-09/1.10674e-08 s=0.419402/0.00029111 projection_inf=8.6136e-17 rho=1e+08 support=413/12248
ADMM_ITER round=0/0 iteration=22575/100000 objective=0.00051778261695451043 r=9.06813e-09/1.10674e-08 s=0.420636/0.000291272 projection_inf=8.11821e-17 rho=1e+08 support=413/12248
ADMM_ITER round=0/0 iteration=22600/100000 objective=0.00051796366749467084 r=9.05985e-09/1.10674e-08 s=0.420646/0.000291433 projection_inf=7.97028e-17 rho=1e+08 support=415/12248
ADMM_ITER round=0/0 iteration=22625/100000 objective=0.00051816009251078737 r=9.04409e-09/1.10674e-08 s=0.422361/0.000291594 projection_inf=8.36693e-17 rho=1e+08 support=415/12248
ADMM_ITER round=0/0 iteration=22650/100000 objective=0.00051836473486157849 r=9.01252e-09/1.10674e-08 s=0.427516/0.000291756 projection_inf=8.16245e-17 rho=1e+08 support=415/12248
ADMM_ITER round=0/0 iteration=22675/100000 objective=0.00051857961025535972 r=8.97716e-09/1.10674e-08 s=0.433459/0.000291917 projection_inf=8.45548e-17 rho=1e+08 support=415/12248
ADMM_ITER round=0/0 iteration=22700/100000 objective=0.00051884470381034146 r=8.99072e-09/1.10674e-08 s=0.420094/0.000292077 projection_inf=7.93917e-17 rho=1e+08 support=414/12248
ADMM_ITER round=0/0 iteration=22725/100000 objective=0.00051918113270599925 r=8.9813e-09/1.10674e-08 s=0.419667/0.000292238 projection_inf=8.97692e-17 rho=1e+08 support=414/12248
ADMM_ITER round=0/0 iteration=22750/100000 objective=0.00051958692205641564 r=8.9389e-09/1.10674e-08 s=0.426449/0.000292399 projection_inf=8.38694e-17 rho=1e+08 support=415/12248
ADMM_ITER round=0/0 iteration=22775/100000 objective=0.00052003591242347214 r=8.88462e-09/1.10674e-08 s=0.435558/0.000292559 projection_inf=8.59384e-17 rho=1e+08 support=415/12248
ADMM_ITER round=0/0 iteration=22800/100000 objective=0.00052050768346903443 r=8.82787e-09/1.10674e-08 s=0.445104/0.000292718 projection_inf=9.58614e-17 rho=1e+08 support=416/12248
ADMM_ITER round=0/0 iteration=22825/100000 objective=0.00052097910191713627 r=8.82193e-09/1.10674e-08 s=0.444556/0.000292878 projection_inf=8.1543e-17 rho=1e+08 support=416/12248
ADMM_ITER round=0/0 iteration=22850/100000 objective=0.00052145537513633995 r=8.87397e-09/1.10674e-08 s=0.432412/0.000293037 projection_inf=8.33323e-17 rho=1e+08 support=416/12248
ADMM_ITER round=0/0 iteration=22875/100000 objective=0.00052193035110581747 r=8.89259e-09/1.10674e-08 s=0.425834/0.000293195 projection_inf=7.91358e-17 rho=1e+08 support=414/12248
ADMM_ITER round=0/0 iteration=22900/100000 objective=0.00052236325065809928 r=8.8428e-09/1.10674e-08 s=0.43391/0.000293353 projection_inf=7.98312e-17 rho=1e+08 support=414/12248
ADMM_ITER round=0/0 iteration=22925/100000 objective=0.00052272946827612023 r=8.78515e-09/1.10674e-08 s=0.443812/0.000293511 projection_inf=8.69609e-17 rho=1e+08 support=414/12248
ADMM_ITER round=0/0 iteration=22950/100000 objective=0.00052305765861422127 r=8.78129e-09/1.10674e-08 s=0.440608/0.000293669 projection_inf=7.71153e-17 rho=1e+08 support=413/12248
ADMM_ITER round=0/0 iteration=22975/100000 objective=0.00052335576503389851 r=8.78385e-09/1.10674e-08 s=0.437346/0.000293827 projection_inf=8.22731e-17 rho=1e+08 support=414/12248
ADMM_ITER round=0/0 iteration=23000/100000 objective=0.00052363558689096047 r=8.73687e-09/1.10674e-08 s=0.443371/0.000293984 projection_inf=9.13582e-17 rho=1e+08 support=413/12248
ADMM_ITER round=0/0 iteration=23025/100000 objective=0.0005239287241647541 r=8.65829e-09/1.10674e-08 s=0.456681/0.000294141 projection_inf=8.41914e-17 rho=1e+08 support=413/12248
ADMM_ITER round=0/0 iteration=23050/100000 objective=0.00052425374538038721 r=8.59576e-09/1.10674e-08 s=0.46679/0.000294298 projection_inf=8.24217e-17 rho=1e+08 support=413/12248
ADMM_ITER round=0/0 iteration=23075/100000 objective=0.00052461236958297884 r=8.58895e-09/1.10674e-08 s=0.466617/0.000294454 projection_inf=8.38144e-17 rho=1e+08 support=413/12248
ADMM_ITER round=0/0 iteration=23100/100000 objective=0.00052498044897546345 r=8.62359e-09/1.10674e-08 s=0.458829/0.000294611 projection_inf=8.53057e-17 rho=1e+08 support=413/12248
ADMM_ITER round=0/0 iteration=23125/100000 objective=0.00052532566246662343 r=8.65844e-09/1.10674e-08 s=0.450871/0.000294767 projection_inf=9.24952e-17 rho=1e+08 support=414/12248
ADMM_ITER round=0/0 iteration=23150/100000 objective=0.00052564976963756038 r=8.70339e-09/1.10675e-08 s=0.439744/0.000294923 projection_inf=8.98039e-17 rho=1e+08 support=413/12248
ADMM_ITER round=0/0 iteration=23175/100000 objective=0.00052596768816016016 r=8.71863e-09/1.10675e-08 s=0.432796/0.000295078 projection_inf=8.18908e-17 rho=1e+08 support=412/12248
ADMM_ITER round=0/0 iteration=23200/100000 objective=0.00052629040387235451 r=8.69812e-09/1.10675e-08 s=0.435197/0.000295233 projection_inf=8.55173e-17 rho=1e+08 support=412/12248
ADMM_ITER round=0/0 iteration=23225/100000 objective=0.00052660407498017557 r=8.69745e-09/1.10675e-08 s=0.433844/0.000295388 projection_inf=7.93251e-17 rho=1e+08 support=412/12248
ADMM_ITER round=0/0 iteration=23250/100000 objective=0.00052690015762575594 r=8.70331e-09/1.10675e-08 s=0.431293/0.000295543 projection_inf=8.89287e-17 rho=1e+08 support=412/12248
ADMM_ITER round=0/0 iteration=23275/100000 objective=0.00052720796408172951 r=8.69295e-09/1.10675e-08 s=0.432063/0.000295698 projection_inf=8.28604e-17 rho=1e+08 support=413/12248
ADMM_ITER round=0/0 iteration=23300/100000 objective=0.00052755944826158858 r=8.62548e-09/1.10675e-08 s=0.444167/0.000295852 projection_inf=8.01362e-17 rho=1e+08 support=413/12248
ADMM_ITER round=0/0 iteration=23325/100000 objective=0.00052795636657587545 r=8.54429e-09/1.10675e-08 s=0.457372/0.000296006 projection_inf=8.23881e-17 rho=1e+08 support=411/12248
ADMM_ITER round=0/0 iteration=23350/100000 objective=0.00052838777548423093 r=8.5091e-09/1.10675e-08 s=0.460315/0.00029616 projection_inf=8.5529e-17 rho=1e+08 support=410/12248
ADMM_ITER round=0/0 iteration=23375/100000 objective=0.00052881221845252444 r=8.5208e-09/1.10675e-08 s=0.456073/0.000296314 projection_inf=8.48317e-17 rho=1e+08 support=410/12248
ADMM_ITER round=0/0 iteration=23400/100000 objective=0.00052918796647307526 r=8.53345e-09/1.10675e-08 s=0.451991/0.000296467 projection_inf=8.48202e-17 rho=1e+08 support=410/12248
ADMM_ITER round=0/0 iteration=23425/100000 objective=0.00052949926856677636 r=8.52259e-09/1.10675e-08 s=0.452505/0.00029662 projection_inf=9.1386e-17 rho=1e+08 support=410/12248
ADMM_ITER round=0/0 iteration=23450/100000 objective=0.00052978661382561986 r=8.53559e-09/1.10675e-08 s=0.44862/0.000296772 projection_inf=8.43363e-17 rho=1e+08 support=410/12248
ADMM_ITER round=0/0 iteration=23475/100000 objective=0.00053006408343699094 r=8.59079e-09/1.10675e-08 s=0.436579/0.000296925 projection_inf=8.07947e-17 rho=1e+08 support=410/12248
ADMM_ITER round=0/0 iteration=23500/100000 objective=0.00053036025823916379 r=8.68057e-09/1.10675e-08 s=0.417074/0.000297077 projection_inf=8.44639e-17 rho=1e+08 support=411/12248
ADMM_ITER round=0/0 iteration=23525/100000 objective=0.00053068387274731734 r=8.76269e-09/1.10675e-08 s=0.397336/0.000297229 projection_inf=8.48301e-17 rho=1e+08 support=411/12248
ADMM_ITER round=0/0 iteration=23550/100000 objective=0.00053105309475171068 r=8.76641e-09/1.10675e-08 s=0.394687/0.000297381 projection_inf=7.98968e-17 rho=1e+08 support=412/12248
ADMM_ITER round=0/0 iteration=23575/100000 objective=0.00053147268701268736 r=8.74213e-09/1.10675e-08 s=0.398364/0.000297533 projection_inf=8.33923e-17 rho=1e+08 support=412/12248
ADMM_ITER round=0/0 iteration=23600/100000 objective=0.00053193722919643311 r=8.74176e-09/1.10675e-08 s=0.396866/0.000297684 projection_inf=8.13895e-17 rho=1e+08 support=414/12248
ADMM_ITER round=0/0 iteration=23625/100000 objective=0.0005324357173676651 r=8.75737e-09/1.10675e-08 s=0.391893/0.000297835 projection_inf=7.939e-17 rho=1e+08 support=414/12248
ADMM_ITER round=0/0 iteration=23650/100000 objective=0.00053292023981259587 r=8.77347e-09/1.10675e-08 s=0.386837/0.000297985 projection_inf=9.91263e-17 rho=1e+08 support=414/12248
ADMM_ITER round=0/0 iteration=23675/100000 objective=0.00053335343103880889 r=8.76135e-09/1.10675e-08 s=0.388216/0.000298135 projection_inf=8.90599e-17 rho=1e+08 support=414/12248
ADMM_ITER round=0/0 iteration=23700/100000 objective=0.00053373731243060315 r=8.72512e-09/1.10675e-08 s=0.395014/0.000298285 projection_inf=8.80502e-17 rho=1e+08 support=414/12248
ADMM_ITER round=0/0 iteration=23725/100000 objective=0.00053409225661316768 r=8.69609e-09/1.10675e-08 s=0.400154/0.000298435 projection_inf=8.31117e-17 rho=1e+08 support=414/12248
ADMM_ITER round=0/0 iteration=23750/100000 objective=0.00053442331647436789 r=8.66326e-09/1.10675e-08 s=0.405747/0.000298584 projection_inf=9.54341e-17 rho=1e+08 support=413/12248
ADMM_ITER round=0/0 iteration=23775/100000 objective=0.00053473784917852098 r=8.62943e-09/1.10675e-08 s=0.411669/0.000298733 projection_inf=7.44089e-17 rho=1e+08 support=413/12248
ADMM_ITER round=0/0 iteration=23800/100000 objective=0.00053506496354037935 r=8.57474e-09/1.10675e-08 s=0.421831/0.000298882 projection_inf=1.03549e-16 rho=1e+08 support=413/12248
ADMM_ITER round=0/0 iteration=23825/100000 objective=0.00053541907750376629 r=8.50087e-09/1.10675e-08 s=0.4355/0.000299031 projection_inf=8.20239e-17 rho=1e+08 support=413/12248
ADMM_ITER round=0/0 iteration=23850/100000 objective=0.00053578808602005711 r=8.46709e-09/1.10675e-08 s=0.441055/0.000299179 projection_inf=9.09757e-17 rho=1e+08 support=413/12248
ADMM_ITER round=0/0 iteration=23875/100000 objective=0.00053616795545244876 r=8.48844e-09/1.10675e-08 s=0.435842/0.000299328 projection_inf=8.84349e-17 rho=1e+08 support=414/12248
ADMM_ITER round=0/0 iteration=23900/100000 objective=0.00053655610308494649 r=8.51527e-09/1.10675e-08 s=0.429433/0.000299475 projection_inf=8.80753e-17 rho=1e+08 support=414/12248
ADMM_ITER round=0/0 iteration=23925/100000 objective=0.00053694434863143072 r=8.50293e-09/1.10675e-08 s=0.430808/0.000299623 projection_inf=8.9143e-17 rho=1e+08 support=414/12248
ADMM_ITER round=0/0 iteration=23950/100000 objective=0.0005373390461606755 r=8.47441e-09/1.10675e-08 s=0.435384/0.00029977 projection_inf=8.38782e-17 rho=1e+08 support=414/12248
ADMM_ITER round=0/0 iteration=23975/100000 objective=0.00053776248696779704 r=8.45189e-09/1.10675e-08 s=0.438773/0.000299917 projection_inf=8.03423e-17 rho=1e+08 support=414/12248
ADMM_ITER round=0/0 iteration=24000/100000 objective=0.0005382154195813177 r=8.45095e-09/1.10675e-08 s=0.438012/0.000300064 projection_inf=8.73745e-17 rho=1e+08 support=414/12248
ADMM_ITER round=0/0 iteration=24025/100000 objective=0.0005386975127142069 r=8.46578e-09/1.10675e-08 s=0.434145/0.00030021 projection_inf=9.13032e-17 rho=1e+08 support=413/12248
ADMM_ITER round=0/0 iteration=24050/100000 objective=0.00053922056943643592 r=8.50392e-09/1.10675e-08 s=0.42486/0.000300356 projection_inf=8.05135e-17 rho=1e+08 support=411/12248
ADMM_ITER round=0/0 iteration=24075/100000 objective=0.00053977970878286768 r=8.56113e-09/1.10675e-08 s=0.411948/0.000300502 projection_inf=8.11259e-17 rho=1e+08 support=411/12248
ADMM_ITER round=0/0 iteration=24100/100000 objective=0.00054036263125206794 r=8.59779e-09/1.10675e-08 s=0.403031/0.000300647 projection_inf=8.12928e-17 rho=1e+08 support=411/12248
ADMM_ITER round=0/0 iteration=24125/100000 objective=0.00054094900994725145 r=8.60394e-09/1.10675e-08 s=0.400555/0.000300792 projection_inf=8.95747e-17 rho=1e+08 support=411/12248
ADMM_ITER round=0/0 iteration=24150/100000 objective=0.00054153016619681361 r=8.59635e-09/1.10675e-08 s=0.40106/0.000300936 projection_inf=9.66265e-17 rho=1e+08 support=411/12248
ADMM_ITER round=0/0 iteration=24175/100000 objective=0.00054211035901738846 r=8.59617e-09/1.10675e-08 s=0.400011/0.00030108 projection_inf=7.9262e-17 rho=1e+08 support=411/12248
ADMM_ITER round=0/0 iteration=24200/100000 objective=0.00054268509501688498 r=8.60179e-09/1.10675e-08 s=0.397737/0.000301223 projection_inf=8.52745e-17 rho=1e+08 support=411/12248
ADMM_ITER round=0/0 iteration=24225/100000 objective=0.000543258722480045 r=8.58725e-09/1.10675e-08 s=0.399346/0.000301366 projection_inf=8.99396e-17 rho=1e+08 support=411/12248
ADMM_ITER round=0/0 iteration=24250/100000 objective=0.00054383400901200423 r=8.53788e-09/1.10675e-08 s=0.408106/0.000301508 projection_inf=7.84612e-17 rho=1e+08 support=410/12248
ADMM_ITER round=0/0 iteration=24275/100000 objective=0.00054441799805854895 r=8.47517e-09/1.10675e-08 s=0.418837/0.00030165 projection_inf=9.11998e-17 rho=1e+08 support=411/12248
ADMM_ITER round=0/0 iteration=24300/100000 objective=0.00054502092240918507 r=8.46148e-09/1.10675e-08 s=0.41969/0.000301792 projection_inf=8.66969e-17 rho=1e+08 support=411/12248
ADMM_ITER round=0/0 iteration=24325/100000 objective=0.00054563336191062171 r=8.46895e-09/1.10675e-08 s=0.416574/0.000301933 projection_inf=8.26961e-17 rho=1e+08 support=412/12248
ADMM_ITER round=0/0 iteration=24350/100000 objective=0.00054625183838846812 r=8.46355e-09/1.10675e-08 s=0.416189/0.000302074 projection_inf=8.04922e-17 rho=1e+08 support=412/12248
ADMM_ITER round=0/0 iteration=24375/100000 objective=0.00054687050961607306 r=8.46027e-09/1.10675e-08 s=0.4155/0.000302214 projection_inf=8.95212e-17 rho=1e+08 support=412/12248
ADMM_ITER round=0/0 iteration=24400/100000 objective=0.00054749318971991569 r=8.49281e-09/1.10675e-08 s=0.407499/0.000302354 projection_inf=8.16265e-17 rho=1e+08 support=411/12248
ADMM_ITER round=0/0 iteration=24425/100000 objective=0.00054812887004500451 r=8.54129e-09/1.10675e-08 s=0.395754/0.000302493 projection_inf=1.0164e-16 rho=1e+08 support=413/12248
ADMM_ITER round=0/0 iteration=24450/100000 objective=0.000548740227128373 r=8.55845e-09/1.10675e-08 s=0.386594/0.000302632 projection_inf=9.46943e-17 rho=1e+08 support=414/12248
ADMM_ITER round=0/0 iteration=24475/100000 objective=0.00054930859273701277 r=8.52107e-09/1.10675e-08 s=0.389759/0.000302771 projection_inf=9.32827e-17 rho=1e+08 support=414/12248
ADMM_ITER round=0/0 iteration=24500/100000 objective=0.00054980497823301736 r=8.48005e-09/1.10675e-08 s=0.396263/0.000302909 projection_inf=8.42824e-17 rho=1e+08 support=414/12248
ADMM_ITER round=0/0 iteration=24525/100000 objective=0.00055025393444058449 r=8.49269e-09/1.10675e-08 s=0.391554/0.000303046 projection_inf=8.05117e-17 rho=1e+08 support=414/12248
ADMM_ITER round=0/0 iteration=24550/100000 objective=0.00055066248097831744 r=8.48386e-09/1.10675e-08 s=0.391679/0.000303184 projection_inf=8.38036e-17 rho=1e+08 support=414/12248
ADMM_ITER round=0/0 iteration=24575/100000 objective=0.000551022864089411 r=8.42215e-09/1.10675e-08 s=0.403179/0.000303321 projection_inf=9.4902e-17 rho=1e+08 support=414/12248
ADMM_ITER round=0/0 iteration=24600/100000 objective=0.00055134558417912496 r=8.36269e-09/1.10675e-08 s=0.41382/0.000303458 projection_inf=8.94322e-17 rho=1e+08 support=414/12248
ADMM_ITER round=0/0 iteration=24625/100000 objective=0.00055166243452798734 r=8.3327e-09/1.10675e-08 s=0.418017/0.000303595 projection_inf=9.56505e-17 rho=1e+08 support=413/12248
ADMM_ITER round=0/0 iteration=24650/100000 objective=0.00055201289546108619 r=8.29795e-09/1.10675e-08 s=0.422906/0.000303731 projection_inf=8.78766e-17 rho=1e+08 support=412/12248
ADMM_ITER round=0/0 iteration=24675/100000 objective=0.00055240259029820053 r=8.26202e-09/1.10675e-08 s=0.428417/0.000303867 projection_inf=7.84033e-17 rho=1e+08 support=413/12248
ADMM_ITER round=0/0 iteration=24700/100000 objective=0.00055282034902507889 r=8.2583e-09/1.10675e-08 s=0.427542/0.000304003 projection_inf=8.65764e-17 rho=1e+08 support=412/12248
ADMM_ITER round=0/0 iteration=24725/100000 objective=0.00055326234369919671 r=8.27568e-09/1.10675e-08 s=0.422836/0.000304139 projection_inf=8.94475e-17 rho=1e+08 support=411/12248
ADMM_ITER round=0/0 iteration=24750/100000 objective=0.00055372776213306061 r=8.26547e-09/1.10675e-08 s=0.42346/0.000304274 projection_inf=8.42176e-17 rho=1e+08 support=413/12248
ADMM_ITER round=0/0 iteration=24775/100000 objective=0.00055420007661887501 r=8.19546e-09/1.10675e-08 s=0.435317/0.000304409 projection_inf=9.7789e-17 rho=1e+08 support=416/12248
ADMM_ITER round=0/0 iteration=24800/100000 objective=0.0005546815702030752 r=8.12216e-09/1.10675e-08 s=0.447413/0.000304544 projection_inf=8.70983e-17 rho=1e+08 support=414/12248
ADMM_ITER round=0/0 iteration=24825/100000 objective=0.00055518039048329409 r=8.09418e-09/1.10675e-08 s=0.451096/0.000304678 projection_inf=8.82026e-17 rho=1e+08 support=414/12248
ADMM_ITER round=0/0 iteration=24850/100000 objective=0.00055569985965999737 r=8.09889e-09/1.10675e-08 s=0.449074/0.000304812 projection_inf=8.45135e-17 rho=1e+08 support=414/12248
ADMM_ITER round=0/0 iteration=24875/100000 objective=0.00055625180245642326 r=8.10219e-09/1.10675e-08 s=0.447321/0.000304945 projection_inf=8.27084e-17 rho=1e+08 support=413/12248
ADMM_ITER round=0/0 iteration=24900/100000 objective=0.00055682333970408194 r=8.11637e-09/1.10675e-08 s=0.443635/0.000305078 projection_inf=7.97771e-17 rho=1e+08 support=413/12248
ADMM_ITER round=0/0 iteration=24925/100000 objective=0.00055739827380880036 r=8.15153e-09/1.10675e-08 s=0.435705/0.000305211 projection_inf=9.32285e-17 rho=1e+08 support=411/12248
ADMM_ITER round=0/0 iteration=24950/100000 objective=0.00055797535152616424 r=8.19866e-09/1.10675e-08 s=0.425464/0.000305343 projection_inf=9.70709e-17 rho=1e+08 support=412/12248
ADMM_ITER round=0/0 iteration=24975/100000 objective=0.00055853518354533744 r=8.25152e-09/1.10675e-08 s=0.412937/0.000305474 projection_inf=8.23979e-17 rho=1e+08 support=410/12248
ADMM_ITER round=0/0 iteration=25000/100000 objective=0.00055907231281531323 r=8.27595e-09/1.10675e-08 s=0.40624/0.000305606 projection_inf=9.56057e-17 rho=1e+08 support=411/12248
ADMM_ITER round=0/0 iteration=25025/100000 objective=0.00055958656011970717 r=8.27446e-09/1.10675e-08 s=0.401328/0.000305737 projection_inf=8.61861e-17 rho=1e+08 support=411/12248
ADMM_ITER round=0/0 iteration=25050/100000 objective=0.00056005189919795275 r=8.23933e-09/1.10675e-08 s=0.405866/0.000305867 projection_inf=8.46074e-17 rho=1e+08 support=413/12248
ADMM_ITER round=0/0 iteration=25075/100000 objective=0.00056050328382401384 r=8.15565e-09/1.10675e-08 s=0.420161/0.000305998 projection_inf=9.0373e-17 rho=1e+08 support=413/12248
ADMM_ITER round=0/0 iteration=25100/100000 objective=0.00056094533486283568 r=8.07872e-09/1.10675e-08 s=0.432864/0.000306127 projection_inf=8.43936e-17 rho=1e+08 support=413/12248
ADMM_ITER round=0/0 iteration=25125/100000 objective=0.00056137830424298309 r=8.03393e-09/1.10675e-08 s=0.439369/0.000306257 projection_inf=8.10916e-17 rho=1e+08 support=414/12248
ADMM_ITER round=0/0 iteration=25150/100000 objective=0.00056182202397692419 r=8.02385e-09/1.10675e-08 s=0.439454/0.000306386 projection_inf=8.74378e-17 rho=1e+08 support=413/12248
ADMM_ITER round=0/0 iteration=25175/100000 objective=0.00056227413560532436 r=8.02454e-09/1.10675e-08 s=0.437759/0.000306515 projection_inf=9.21525e-17 rho=1e+08 support=413/12248
ADMM_ITER round=0/0 iteration=25200/100000 objective=0.00056274741733353866 r=8.04866e-09/1.10675e-08 s=0.431832/0.000306644 projection_inf=1.00056e-16 rho=1e+08 support=413/12248
ADMM_ITER round=0/0 iteration=25225/100000 objective=0.00056324242843929406 r=8.07557e-09/1.10675e-08 s=0.423977/0.000306772 projection_inf=8.84959e-17 rho=1e+08 support=412/12248
ADMM_ITER round=0/0 iteration=25250/100000 objective=0.0005637377187157175 r=8.10237e-09/1.10675e-08 s=0.417209/0.0003069 projection_inf=9.07293e-17 rho=1e+08 support=412/12248
ADMM_ITER round=0/0 iteration=25275/100000 objective=0.00056425110610564639 r=8.13418e-09/1.10675e-08 s=0.408805/0.000307028 projection_inf=9.37686e-17 rho=1e+08 support=413/12248
ADMM_ITER round=0/0 iteration=25300/100000 objective=0.0005647934638192951 r=8.17741e-09/1.10675e-08 s=0.398281/0.000307155 projection_inf=8.58829e-17 rho=1e+08 support=413/12248
ADMM_ITER round=0/0 iteration=25325/100000 objective=0.00056533795640674456 r=8.19703e-09/1.10675e-08 s=0.389364/0.000307282 projection_inf=9.172e-17 rho=1e+08 support=413/12248
ADMM_ITER round=0/0 iteration=25350/100000 objective=0.00056583456790572947 r=8.16665e-09/1.10675e-08 s=0.393365/0.000307408 projection_inf=8.14559e-17 rho=1e+08 support=414/12248
ADMM_ITER round=0/0 iteration=25375/100000 objective=0.00056629669231423913 r=8.11848e-09/1.10675e-08 s=0.401296/0.000307534 projection_inf=7.82982e-17 rho=1e+08 support=414/12248
ADMM_ITER round=0/0 iteration=25400/100000 objective=0.00056673019110756943 r=8.06642e-09/1.10675e-08 s=0.409392/0.00030766 projection_inf=8.54939e-17 rho=1e+08 support=413/12248
ADMM_ITER round=0/0 iteration=25425/100000 objective=0.00056713394909398954 r=8.03807e-09/1.10675e-08 s=0.413099/0.000307785 projection_inf=8.77234e-17 rho=1e+08 support=413/12248
ADMM_ITER round=0/0 iteration=25450/100000 objective=0.00056752359780199606 r=8.0555e-09/1.10675e-08 s=0.407989/0.000307911 projection_inf=8.92934e-17 rho=1e+08 support=413/12248
ADMM_ITER round=0/0 iteration=25475/100000 objective=0.00056792045218566464 r=8.06774e-09/1.10675e-08 s=0.40396/0.000308036 projection_inf=8.60762e-17 rho=1e+08 support=413/12248
ADMM_ITER round=0/0 iteration=25500/100000 objective=0.00056834646173123643 r=8.03512e-09/1.10675e-08 s=0.408856/0.00030816 projection_inf=1.04534e-16 rho=1e+08 support=412/12248
ADMM_ITER round=0/0 iteration=25525/100000 objective=0.00056877741415301301 r=7.97856e-09/1.10675e-08 s=0.418198/0.000308284 projection_inf=8.38818e-17 rho=1e+08 support=412/12248
ADMM_ITER round=0/0 iteration=25550/100000 objective=0.00056919299052664806 r=7.90119e-09/1.10675e-08 s=0.427869/0.000308408 projection_inf=8.88464e-17 rho=1e+08 support=412/12248
ADMM_ITER round=0/0 iteration=25575/100000 objective=0.00056960161447576951 r=7.87102e-09/1.10675e-08 s=0.426153/0.000308532 projection_inf=8.85801e-17 rho=1e+08 support=411/12248
ADMM_ITER round=0/0 iteration=25600/100000 objective=0.00056999875715996043 r=7.87777e-09/1.10675e-08 s=0.419522/0.000308656 projection_inf=1.01888e-16 rho=1e+08 support=410/12248
ADMM_ITER round=0/0 iteration=25625/100000 objective=0.00057038963247618897 r=7.87994e-09/1.10675e-08 s=0.415098/0.000308779 projection_inf=8.41235e-17 rho=1e+08 support=409/12248
ADMM_ITER round=0/0 iteration=25650/100000 objective=0.00057081140972084607 r=7.86743e-09/1.10675e-08 s=0.414474/0.000308902 projection_inf=9.24514e-17 rho=1e+08 support=410/12248
ADMM_ITER round=0/0 iteration=25675/100000 objective=0.00057121459234903702 r=7.86804e-09/1.10675e-08 s=0.41162/0.000309024 projection_inf=9.10175e-17 rho=1e+08 support=409/12248
ADMM_ITER round=0/0 iteration=25700/100000 objective=0.00057158481666397698 r=7.84716e-09/1.10675e-08 s=0.413108/0.000309147 projection_inf=8.35125e-17 rho=1e+08 support=409/12248
ADMM_ITER round=0/0 iteration=25725/100000 objective=0.00057195439131323567 r=7.80817e-09/1.10675e-08 s=0.417653/0.000309269 projection_inf=1.02394e-16 rho=1e+08 support=410/12248
ADMM_ITER round=0/0 iteration=25750/100000 objective=0.00057231560017842844 r=7.80704e-09/1.10675e-08 s=0.415542/0.000309391 projection_inf=8.82531e-17 rho=1e+08 support=409/12248
ADMM_ITER round=0/0 iteration=25775/100000 objective=0.00057265449168776377 r=7.83093e-09/1.10675e-08 s=0.409013/0.000309512 projection_inf=8.37666e-17 rho=1e+08 support=409/12248
ADMM_ITER round=0/0 iteration=25800/100000 objective=0.00057298083034659992 r=7.88809e-09/1.10675e-08 s=0.395986/0.000309633 projection_inf=7.97228e-17 rho=1e+08 support=409/12248
ADMM_ITER round=0/0 iteration=25825/100000 objective=0.00057329237538095471 r=7.97264e-09/1.10675e-08 s=0.376692/0.000309755 projection_inf=8.72539e-17 rho=1e+08 support=410/12248
ADMM_ITER round=0/0 iteration=25850/100000 objective=0.00057358988785937782 r=8.01549e-09/1.10675e-08 s=0.365273/0.000309875 projection_inf=9.25829e-17 rho=1e+08 support=411/12248
ADMM_ITER round=0/0 iteration=25875/100000 objective=0.00057382893489909203 r=7.98871e-09/1.10675e-08 s=0.369103/0.000309996 projection_inf=9.00689e-17 rho=1e+08 support=411/12248
ADMM_ITER round=0/0 iteration=25900/100000 objective=0.00057407377680742647 r=7.95326e-09/1.10675e-08 s=0.371926/0.000310117 projection_inf=9.38772e-17 rho=1e+08 support=410/12248
ADMM_ITER round=0/0 iteration=25925/100000 objective=0.00057435719352218954 r=7.94381e-09/1.10675e-08 s=0.371375/0.000310237 projection_inf=8.98354e-17 rho=1e+08 support=410/12248
ADMM_ITER round=0/0 iteration=25950/100000 objective=0.00057469212298554354 r=7.95779e-09/1.10675e-08 s=0.361635/0.000310358 projection_inf=8.83017e-17 rho=1e+08 support=409/12248
ADMM_ITER round=0/0 iteration=25975/100000 objective=0.00057507774411569691 r=7.92502e-09/1.10675e-08 s=0.365587/0.000310478 projection_inf=8.8493e-17 rho=1e+08 support=408/12248
ADMM_ITER round=0/0 iteration=26000/100000 objective=0.00057549031543483408 r=7.89955e-09/1.10675e-08 s=0.368503/0.000310597 projection_inf=9.00186e-17 rho=1e+08 support=409/12248
ADMM_ITER round=0/0 iteration=26025/100000 objective=0.00057589376884589457 r=7.88986e-09/1.10675e-08 s=0.368441/0.000310717 projection_inf=8.90351e-17 rho=1e+08 support=409/12248
ADMM_ITER round=0/0 iteration=26050/100000 objective=0.00057627085897016316 r=7.85978e-09/1.10675e-08 s=0.372932/0.000310836 projection_inf=8.03968e-17 rho=1e+08 support=409/12248
ADMM_ITER round=0/0 iteration=26075/100000 objective=0.00057662458652708046 r=7.83787e-09/1.10675e-08 s=0.375796/0.000310955 projection_inf=8.72323e-17 rho=1e+08 support=409/12248
ADMM_ITER round=0/0 iteration=26100/100000 objective=0.00057697609007792135 r=7.86721e-09/1.10675e-08 s=0.367967/0.000311074 projection_inf=9.17121e-17 rho=1e+08 support=409/12248
ADMM_ITER round=0/0 iteration=26125/100000 objective=0.00057731990145087962 r=7.90457e-09/1.10675e-08 s=0.358268/0.000311192 projection_inf=9.82884e-17 rho=1e+08 support=409/12248
ADMM_ITER round=0/0 iteration=26150/100000 objective=0.00057767216375748294 r=7.94377e-09/1.10675e-08 s=0.34792/0.000311311 projection_inf=8.70444e-17 rho=1e+08 support=409/12248
ADMM_ITER round=0/0 iteration=26175/100000 objective=0.00057805409834275293 r=7.94445e-09/1.10675e-08 s=0.346252/0.000311429 projection_inf=8.25235e-17 rho=1e+08 support=409/12248
ADMM_ITER round=0/0 iteration=26200/100000 objective=0.00057844717378577413 r=7.93133e-09/1.10675e-08 s=0.3478/0.000311547 projection_inf=9.77169e-17 rho=1e+08 support=409/12248
ADMM_ITER round=0/0 iteration=26225/100000 objective=0.00057882410186651861 r=7.93414e-09/1.10675e-08 s=0.345755/0.000311664 projection_inf=8.89426e-17 rho=1e+08 support=409/12248
ADMM_ITER round=0/0 iteration=26250/100000 objective=0.00057918023480249927 r=7.955e-09/1.10675e-08 s=0.339544/0.000311782 projection_inf=9.2194e-17 rho=1e+08 support=409/12248
ADMM_ITER round=0/0 iteration=26275/100000 objective=0.00057953578440140781 r=7.95892e-09/1.10675e-08 s=0.337277/0.000311899 projection_inf=8.6125e-17 rho=1e+08 support=409/12248
ADMM_ITER round=0/0 iteration=26300/100000 objective=0.00057990325663576049 r=7.94396e-09/1.10675e-08 s=0.339484/0.000312016 projection_inf=8.41074e-17 rho=1e+08 support=409/12248
ADMM_ITER round=0/0 iteration=26325/100000 objective=0.00058025712458257834 r=7.92593e-09/1.10675e-08 s=0.342421/0.000312132 projection_inf=8.61948e-17 rho=1e+08 support=409/12248
ADMM_ITER round=0/0 iteration=26350/100000 objective=0.00058056904546890313 r=7.90066e-09/1.10675e-08 s=0.346976/0.000312249 projection_inf=9.55392e-17 rho=1e+08 support=410/12248
ADMM_ITER round=0/0 iteration=26375/100000 objective=0.00058085861504568025 r=7.86014e-09/1.10675e-08 s=0.354883/0.000312365 projection_inf=8.23583e-17 rho=1e+08 support=410/12248
ADMM_ITER round=0/0 iteration=26400/100000 objective=0.00058115317255289401 r=7.81402e-09/1.10675e-08 s=0.36381/0.000312481 projection_inf=8.95885e-17 rho=1e+08 support=410/12248
ADMM_ITER round=0/0 iteration=26425/100000 objective=0.00058146512871540062 r=7.79358e-09/1.10675e-08 s=0.367091/0.000312597 projection_inf=9.13472e-17 rho=1e+08 support=410/12248
ADMM_ITER round=0/0 iteration=26450/100000 objective=0.00058178046223058113 r=7.80656e-09/1.10675e-08 s=0.363258/0.000312712 projection_inf=8.80205e-17 rho=1e+08 support=410/12248
ADMM_ITER round=0/0 iteration=26475/100000 objective=0.00058207637572330344 r=7.82744e-09/1.10675e-08 s=0.357682/0.000312828 projection_inf=8.90076e-17 rho=1e+08 support=410/12248
ADMM_ITER round=0/0 iteration=26500/100000 objective=0.00058235396698109402 r=7.85056e-09/1.10675e-08 s=0.351528/0.000312943 projection_inf=9.21918e-17 rho=1e+08 support=410/12248
ADMM_ITER round=0/0 iteration=26525/100000 objective=0.0005826340755261557 r=7.87014e-09/1.10675e-08 s=0.346045/0.000313058 projection_inf=8.35989e-17 rho=1e+08 support=411/12248
ADMM_ITER round=0/0 iteration=26550/100000 objective=0.0005829306264642243 r=7.86797e-09/1.10675e-08 s=0.345467/0.000313173 projection_inf=8.20912e-17 rho=1e+08 support=411/12248
ADMM_ITER round=0/0 iteration=26575/100000 objective=0.00058323835680748495 r=7.86432e-09/1.10675e-08 s=0.345256/0.000313288 projection_inf=8.64623e-17 rho=1e+08 support=411/12248
ADMM_ITER round=0/0 iteration=26600/100000 objective=0.00058355189096144988 r=7.86869e-09/1.10675e-08 s=0.343231/0.000313403 projection_inf=8.61848e-17 rho=1e+08 support=411/12248
ADMM_ITER round=0/0 iteration=26625/100000 objective=0.00058387112921697351 r=7.87379e-09/1.10675e-08 s=0.341046/0.000313517 projection_inf=9.22729e-17 rho=1e+08 support=411/12248
ADMM_ITER round=0/0 iteration=26650/100000 objective=0.00058419782890290438 r=7.86879e-09/1.10675e-08 s=0.341203/0.000313631 projection_inf=8.79077e-17 rho=1e+08 support=412/12248
ADMM_ITER round=0/0 iteration=26675/100000 objective=0.00058453182512430721 r=7.85486e-09/1.10675e-08 s=0.34222/0.000313745 projection_inf=8.88667e-17 rho=1e+08 support=411/12248
ADMM_ITER round=0/0 iteration=26700/100000 objective=0.00058487403333631969 r=7.85532e-09/1.10675e-08 s=0.34026/0.000313859 projection_inf=8.1658e-17 rho=1e+08 support=411/12248
ADMM_ITER round=0/0 iteration=26725/100000 objective=0.00058520559003656788 r=7.84319e-09/1.10675e-08 s=0.341433/0.000313973 projection_inf=8.63461e-17 rho=1e+08 support=411/12248
ADMM_ITER round=0/0 iteration=26750/100000 objective=0.00058552197213753462 r=7.84766e-09/1.10675e-08 s=0.338919/0.000314086 projection_inf=9.78309e-17 rho=1e+08 support=412/12248
ADMM_ITER round=0/0 iteration=26775/100000 objective=0.00058583395849913413 r=7.85655e-09/1.10675e-08 s=0.335297/0.000314199 projection_inf=8.5173e-17 rho=1e+08 support=413/12248
ADMM_ITER round=0/0 iteration=26800/100000 objective=0.0005861397972812631 r=7.86207e-09/1.10675e-08 s=0.332584/0.000314312 projection_inf=9.81375e-17 rho=1e+08 support=413/12248
ADMM_ITER round=0/0 iteration=26825/100000 objective=0.00058643775366382892 r=7.86317e-09/1.10675e-08 s=0.330981/0.000314425 projection_inf=8.79337e-17 rho=1e+08 support=413/12248
ADMM_ITER round=0/0 iteration=26850/100000 objective=0.00058671183409072809 r=7.84539e-09/1.10675e-08 s=0.333902/0.000314538 projection_inf=8.52959e-17 rho=1e+08 support=413/12248
ADMM_ITER round=0/0 iteration=26875/100000 objective=0.00058696379145066133 r=7.80069e-09/1.10675e-08 s=0.343025/0.00031465 projection_inf=9.47253e-17 rho=1e+08 support=413/12248
ADMM_ITER round=0/0 iteration=26900/100000 objective=0.00058717907184782962 r=7.75341e-09/1.10675e-08 s=0.35246/0.000314763 projection_inf=8.32112e-17 rho=1e+08 support=413/12248
ADMM_ITER round=0/0 iteration=26925/100000 objective=0.00058736347828985394 r=7.74531e-09/1.10675e-08 s=0.352307/0.000314875 projection_inf=9.73524e-17 rho=1e+08 support=412/12248
ADMM_ITER round=0/0 iteration=26950/100000 objective=0.00058752252069584098 r=7.75188e-09/1.10675e-08 s=0.349593/0.000314987 projection_inf=8.97515e-17 rho=1e+08 support=412/12248
ADMM_ITER round=0/0 iteration=26975/100000 objective=0.0005876466748363933 r=7.75369e-09/1.10675e-08 s=0.34802/0.000315099 projection_inf=9.55419e-17 rho=1e+08 support=412/12248
ADMM_ITER round=0/0 iteration=27000/100000 objective=0.000587735609052025 r=7.78397e-09/1.10675e-08 s=0.340058/0.000315212 projection_inf=8.57203e-17 rho=1e+08 support=412/12248
ADMM_ITER round=0/0 iteration=27025/100000 objective=0.00058782638349585059 r=7.81362e-09/1.10675e-08 s=0.328862/0.000315324 projection_inf=8.54963e-17 rho=1e+08 support=411/12248
ADMM_ITER round=0/0 iteration=27050/100000 objective=0.00058791322453939036 r=7.78856e-09/1.10675e-08 s=0.33306/0.000315436 projection_inf=9.70973e-17 rho=1e+08 support=412/12248
ADMM_ITER round=0/0 iteration=27075/100000 objective=0.0005880040479384291 r=7.71853e-09/1.10675e-08 s=0.347522/0.000315548 projection_inf=1.01848e-16 rho=1e+08 support=412/12248
ADMM_ITER round=0/0 iteration=27100/100000 objective=0.00058807374616527057 r=7.63884e-09/1.10675e-08 s=0.363487/0.00031566 projection_inf=9.20768e-17 rho=1e+08 support=412/12248
ADMM_ITER round=0/0 iteration=27125/100000 objective=0.00058811087553729379 r=7.57482e-09/1.10675e-08 s=0.375548/0.000315772 projection_inf=9.30488e-17 rho=1e+08 support=412/12248
ADMM_ITER round=0/0 iteration=27150/100000 objective=0.00058810127715692572 r=7.54192e-09/1.10675e-08 s=0.381082/0.000315884 projection_inf=8.98559e-17 rho=1e+08 support=412/12248
ADMM_ITER round=0/0 iteration=27175/100000 objective=0.00058804604381941332 r=7.53873e-09/1.10675e-08 s=0.380724/0.000315996 projection_inf=8.41505e-17 rho=1e+08 support=412/12248
ADMM_ITER round=0/0 iteration=27200/100000 objective=0.00058795694108334867 r=7.53426e-09/1.10675e-08 s=0.380654/0.000316109 projection_inf=9.39488e-17 rho=1e+08 support=412/12248
ADMM_ITER round=0/0 iteration=27225/100000 objective=0.00058785128543926946 r=7.52202e-09/1.10675e-08 s=0.382145/0.000316221 projection_inf=1.00042e-16 rho=1e+08 support=412/12248
ADMM_ITER round=0/0 iteration=27250/100000 objective=0.00058774917170747207 r=7.50255e-09/1.10675e-08 s=0.385038/0.000316333 projection_inf=1.00567e-16 rho=1e+08 support=413/12248
ADMM_ITER round=0/0 iteration=27275/100000 objective=0.00058766624432594623 r=7.48868e-09/1.10675e-08 s=0.385261/0.000316446 projection_inf=9.89414e-17 rho=1e+08 support=412/12248
ADMM_ITER round=0/0 iteration=27300/100000 objective=0.00058758358884326975 r=7.50347e-09/1.10675e-08 s=0.381238/0.000316559 projection_inf=9.38669e-17 rho=1e+08 support=412/12248
ADMM_ITER round=0/0 iteration=27325/100000 objective=0.00058751252650236655 r=7.53187e-09/1.10675e-08 s=0.374556/0.000316672 projection_inf=8.52968e-17 rho=1e+08 support=412/12248
ADMM_ITER round=0/0 iteration=27350/100000 objective=0.00058748183991981528 r=7.53483e-09/1.10675e-08 s=0.372784/0.000316785 projection_inf=8.53559e-17 rho=1e+08 support=414/12248
ADMM_ITER round=0/0 iteration=27375/100000 objective=0.00058750825727956466 r=7.49913e-09/1.10675e-08 s=0.378856/0.000316898 projection_inf=9.53092e-17 rho=1e+08 support=414/12248
ADMM_ITER round=0/0 iteration=27400/100000 objective=0.00058760331344824524 r=7.42723e-09/1.10675e-08 s=0.391789/0.000317011 projection_inf=8.16584e-17 rho=1e+08 support=414/12248
ADMM_ITER round=0/0 iteration=27425/100000 objective=0.0005877448981415059 r=7.35828e-09/1.10675e-08 s=0.403676/0.000317124 projection_inf=8.84941e-17 rho=1e+08 support=414/12248
ADMM_ITER round=0/0 iteration=27450/100000 objective=0.00058791439259333722 r=7.32305e-09/1.10675e-08 s=0.408659/0.000317236 projection_inf=8.09785e-17 rho=1e+08 support=413/12248
ADMM_ITER round=0/0 iteration=27475/100000 objective=0.00058809186064954231 r=7.31919e-09/1.10675e-08 s=0.408394/0.000317349 projection_inf=9.88618e-17 rho=1e+08 support=413/12248
ADMM_ITER round=0/0 iteration=27500/100000 objective=0.00058826242905856351 r=7.33891e-09/1.10675e-08 s=0.403937/0.000317462 projection_inf=9.54716e-17 rho=1e+08 support=413/12248
ADMM_ITER round=0/0 iteration=27525/100000 objective=0.00058842304791603412 r=7.35712e-09/1.10675e-08 s=0.399571/0.000317574 projection_inf=9.35382e-17 rho=1e+08 support=414/12248
ADMM_ITER round=0/0 iteration=27550/100000 objective=0.0005885695682980262 r=7.3616e-09/1.10675e-08 s=0.397716/0.000317687 projection_inf=9.76329e-17 rho=1e+08 support=414/12248
ADMM_ITER round=0/0 iteration=27575/100000 objective=0.00058869131929229737 r=7.37696e-09/1.10675e-08 s=0.392262/0.000317799 projection_inf=9.69015e-17 rho=1e+08 support=414/12248
ADMM_ITER round=0/0 iteration=27600/100000 objective=0.00058877669946453062 r=7.39334e-09/1.10675e-08 s=0.388037/0.000317911 projection_inf=9.22458e-17 rho=1e+08 support=414/12248
ADMM_ITER round=0/0 iteration=27625/100000 objective=0.00058884067437767987 r=7.39008e-09/1.10675e-08 s=0.387445/0.000318024 projection_inf=1.03757e-16 rho=1e+08 support=414/12248
ADMM_ITER round=0/0 iteration=27650/100000 objective=0.00058890631095299072 r=7.33936e-09/1.10675e-08 s=0.395767/0.000318136 projection_inf=8.84141e-17 rho=1e+08 support=415/12248
ADMM_ITER round=0/0 iteration=27675/100000 objective=0.00058897121727852133 r=7.25748e-09/1.10675e-08 s=0.409374/0.000318248 projection_inf=8.91936e-17 rho=1e+08 support=416/12248
ADMM_ITER round=0/0 iteration=27700/100000 objective=0.00058903732581529178 r=7.18692e-09/1.10675e-08 s=0.420438/0.000318361 projection_inf=8.8273e-17 rho=1e+08 support=416/12248
ADMM_ITER round=0/0 iteration=27725/100000 objective=0.000589124806659408 r=7.1451e-09/1.10675e-08 s=0.426413/0.000318473 projection_inf=9.10242e-17 rho=1e+08 support=416/12248
ADMM_ITER round=0/0 iteration=27750/100000 objective=0.00058922827765193423 r=7.12503e-09/1.10675e-08 s=0.428722/0.000318585 projection_inf=8.1203e-17 rho=1e+08 support=416/12248
ADMM_ITER round=0/0 iteration=27775/100000 objective=0.00058935444855789671 r=7.12289e-09/1.10675e-08 s=0.428081/0.000318697 projection_inf=8.63603e-17 rho=1e+08 support=416/12248
ADMM_ITER round=0/0 iteration=27800/100000 objective=0.00058950712597597148 r=7.14209e-09/1.10675e-08 s=0.42321/0.000318809 projection_inf=8.74729e-17 rho=1e+08 support=415/12248
ADMM_ITER round=0/0 iteration=27825/100000 objective=0.0005896651411802788 r=7.15442e-09/1.10675e-08 s=0.419783/0.000318921 projection_inf=9.30368e-17 rho=1e+08 support=415/12248
ADMM_ITER round=0/0 iteration=27850/100000 objective=0.00058979136366206085 r=7.11324e-09/1.10675e-08 s=0.425646/0.000319033 projection_inf=8.64629e-17 rho=1e+08 support=415/12248
ADMM_ITER round=0/0 iteration=27875/100000 objective=0.00058987990093549761 r=7.02687e-09/1.10675e-08 s=0.438789/0.000319145 projection_inf=9.13153e-17 rho=1e+08 support=415/12248
ADMM_ITER round=0/0 iteration=27900/100000 objective=0.00058995544673677222 r=6.94713e-09/1.10675e-08 s=0.449833/0.000319256 projection_inf=8.40965e-17 rho=1e+08 support=415/12248
ADMM_ITER round=0/0 iteration=27925/100000 objective=0.00059003504120215457 r=6.89713e-09/1.10675e-08 s=0.456517/0.000319368 projection_inf=8.9617e-17 rho=1e+08 support=415/12248
ADMM_ITER round=0/0 iteration=27950/100000 objective=0.00059011753085330503 r=6.86319e-09/1.10675e-08 s=0.460715/0.00031948 projection_inf=9.8021e-17 rho=1e+08 support=415/12248
ADMM_ITER round=0/0 iteration=27975/100000 objective=0.0005902048876858609 r=6.8577e-09/1.10675e-08 s=0.460079/0.000319591 projection_inf=9.15445e-17 rho=1e+08 support=414/12248
ADMM_ITER round=0/0 iteration=28000/100000 objective=0.00059028816324731357 r=6.87431e-09/1.10675e-08 s=0.456542/0.000319703 projection_inf=8.60481e-17 rho=1e+08 support=414/12248
ADMM_ITER round=0/0 iteration=28025/100000 objective=0.00059035659225788076 r=6.88489e-09/1.10675e-08 s=0.453986/0.000319814 projection_inf=1.04444e-16 rho=1e+08 support=414/12248
ADMM_ITER round=0/0 iteration=28050/100000 objective=0.00059041539960397161 r=6.89898e-09/1.10675e-08 s=0.450905/0.000319926 projection_inf=8.89111e-17 rho=1e+08 support=415/12248
ADMM_ITER round=0/0 iteration=28075/100000 objective=0.00059048084964050248 r=6.89886e-09/1.10675e-08 s=0.449871/0.000320037 projection_inf=9.05809e-17 rho=1e+08 support=415/12248
ADMM_ITER round=0/0 iteration=28100/100000 objective=0.00059056547229402782 r=6.89603e-09/1.10675e-08 s=0.449318/0.000320149 projection_inf=8.55086e-17 rho=1e+08 support=415/12248
ADMM_ITER round=0/0 iteration=28125/100000 objective=0.0005906605374253808 r=6.89125e-09/1.10675e-08 s=0.449103/0.00032026 projection_inf=9.09915e-17 rho=1e+08 support=415/12248
ADMM_ITER round=0/0 iteration=28150/100000 objective=0.000590748697973404 r=6.88411e-09/1.10675e-08 s=0.449284/0.000320371 projection_inf=8.29271e-17 rho=1e+08 support=414/12248
ADMM_ITER round=0/0 iteration=28175/100000 objective=0.00059082056447215439 r=6.89702e-09/1.10675e-08 s=0.445992/0.000320482 projection_inf=1.0798e-16 rho=1e+08 support=413/12248
ADMM_ITER round=0/0 iteration=28200/100000 objective=0.00059086282161862041 r=6.9027e-09/1.10675e-08 s=0.444125/0.000320594 projection_inf=8.67351e-17 rho=1e+08 support=412/12248
ADMM_ITER round=0/0 iteration=28225/100000 objective=0.00059089368099474366 r=6.90745e-09/1.10675e-08 s=0.442458/0.000320705 projection_inf=9.01875e-17 rho=1e+08 support=412/12248
ADMM_ITER round=0/0 iteration=28250/100000 objective=0.00059092904911507607 r=6.92673e-09/1.10675e-08 s=0.438533/0.000320816 projection_inf=9.24949e-17 rho=1e+08 support=413/12248
ADMM_ITER round=0/0 iteration=28275/100000 objective=0.00059098575761819413 r=6.93438e-09/1.10675e-08 s=0.436441/0.000320927 projection_inf=8.56852e-17 rho=1e+08 support=413/12248
ADMM_ITER round=0/0 iteration=28300/100000 objective=0.00059106285783194963 r=6.92065e-09/1.10675e-08 s=0.437765/0.000321038 projection_inf=1.08009e-16 rho=1e+08 support=413/12248
ADMM_ITER round=0/0 iteration=28325/100000 objective=0.00059114351256822672 r=6.90298e-09/1.10675e-08 s=0.439721/0.000321149 projection_inf=8.65931e-17 rho=1e+08 support=413/12248
ADMM_ITER round=0/0 iteration=28350/100000 objective=0.00059119914139307513 r=6.87857e-09/1.10675e-08 s=0.44269/0.00032126 projection_inf=9.53142e-17 rho=1e+08 support=413/12248
ADMM_ITER round=0/0 iteration=28375/100000 objective=0.00059121797076522179 r=6.84578e-09/1.10675e-08 s=0.446812/0.000321371 projection_inf=9.8372e-17 rho=1e+08 support=415/12248
ADMM_ITER round=0/0 iteration=28400/100000 objective=0.00059122879590828162 r=6.82265e-09/1.10675e-08 s=0.449367/0.000321482 projection_inf=8.20748e-17 rho=1e+08 support=416/12248
ADMM_ITER round=0/0 iteration=28425/100000 objective=0.00059125190294516622 r=6.82484e-09/1.10675e-08 s=0.4481/0.000321593 projection_inf=9.85768e-17 rho=1e+08 support=416/12248
ADMM_ITER round=0/0 iteration=28450/100000 objective=0.00059131105215357342 r=6.8477e-09/1.10675e-08 s=0.443702/0.000321704 projection_inf=1.00321e-16 rho=1e+08 support=416/12248
ADMM_ITER round=0/0 iteration=28475/100000 objective=0.00059139193475462194 r=6.86902e-09/1.10675e-08 s=0.437075/0.000321815 projection_inf=8.39949e-17 rho=1e+08 support=415/12248
ADMM_ITER round=0/0 iteration=28500/100000 objective=0.00059147102985181827 r=6.90626e-09/1.10675e-08 s=0.429637/0.000321926 projection_inf=9.94457e-17 rho=1e+08 support=415/12248
ADMM_ITER round=0/0 iteration=28525/100000 objective=0.00059152640931443195 r=6.93369e-09/1.10675e-08 s=0.423835/0.000322037 projection_inf=1.01133e-16 rho=1e+08 support=415/12248
ADMM_ITER round=0/0 iteration=28550/100000 objective=0.00059154837740032086 r=6.95952e-09/1.10675e-08 s=0.418316/0.000322148 projection_inf=8.98872e-17 rho=1e+08 support=415/12248
ADMM_ITER round=0/0 iteration=28575/100000 objective=0.00059156903694961298 r=6.99906e-09/1.10675e-08 s=0.410462/0.000322259 projection_inf=9.83752e-17 rho=1e+08 support=415/12248
ADMM_ITER round=0/0 iteration=28600/100000 objective=0.00059159609466921757 r=7.02172e-09/1.10675e-08 s=0.405416/0.00032237 projection_inf=9.50237e-17 rho=1e+08 support=415/12248
ADMM_ITER round=0/0 iteration=28625/100000 objective=0.00059162091434715664 r=6.99891e-09/1.10675e-08 s=0.407504/0.000322481 projection_inf=8.83474e-17 rho=1e+08 support=414/12248
ADMM_ITER round=0/0 iteration=28650/100000 objective=0.00059164960380431229 r=6.93171e-09/1.10675e-08 s=0.417305/0.000322592 projection_inf=8.88067e-17 rho=1e+08 support=415/12248
ADMM_ITER round=0/0 iteration=28675/100000 objective=0.00059169683062327367 r=6.95502e-09/1.10675e-08 s=0.406024/0.000322702 projection_inf=9.38608e-17 rho=1e+08 support=414/12248
ADMM_ITER round=0/0 iteration=28700/100000 objective=0.00059174350150153414 r=6.9941e-09/1.10675e-08 s=0.396712/0.000322813 projection_inf=9.93333e-17 rho=1e+08 support=414/12248
ADMM_ITER round=0/0 iteration=28725/100000 objective=0.00059179926354722837 r=7.0109e-09/1.10675e-08 s=0.391687/0.000322924 projection_inf=8.17609e-17 rho=1e+08 support=414/12248
ADMM_ITER round=0/0 iteration=28750/100000 objective=0.00059186689243579326 r=6.98731e-09/1.10675e-08 s=0.394094/0.000323035 projection_inf=8.22492e-17 rho=1e+08 support=414/12248
ADMM_ITER round=0/0 iteration=28775/100000 objective=0.00059194687811612288 r=6.98925e-09/1.10675e-08 s=0.392117/0.000323146 projection_inf=9.37024e-17 rho=1e+08 support=414/12248
ADMM_ITER round=0/0 iteration=28800/100000 objective=0.00059204768664452428 r=6.98469e-09/1.10675e-08 s=0.39141/0.000323257 projection_inf=8.46659e-17 rho=1e+08 support=414/12248
ADMM_ITER round=0/0 iteration=28825/100000 objective=0.00059217834429807872 r=6.93605e-09/1.10675e-08 s=0.398568/0.000323367 projection_inf=9.10276e-17 rho=1e+08 support=414/12248
ADMM_ITER round=0/0 iteration=28850/100000 objective=0.00059232771767764867 r=6.87525e-09/1.10675e-08 s=0.407672/0.000323478 projection_inf=1.00809e-16 rho=1e+08 support=414/12248
ADMM_ITER round=0/0 iteration=28875/100000 objective=0.00059249105805095586 r=6.85591e-09/1.10675e-08 s=0.40346/0.000323588 projection_inf=9.19743e-17 rho=1e+08 support=413/12248
ADMM_ITER round=0/0 iteration=28900/100000 objective=0.00059266072390364737 r=6.87334e-09/1.10675e-08 s=0.397035/0.000323699 projection_inf=9.19341e-17 rho=1e+08 support=413/12248
ADMM_ITER round=0/0 iteration=28925/100000 objective=0.00059284930774678108 r=6.94888e-09/1.10675e-08 s=0.381468/0.000323809 projection_inf=9.17103e-17 rho=1e+08 support=413/12248
ADMM_ITER round=0/0 iteration=28950/100000 objective=0.00059304796597359254 r=6.97925e-09/1.10675e-08 s=0.374077/0.000323919 projection_inf=9.67916e-17 rho=1e+08 support=413/12248
ADMM_ITER round=0/0 iteration=28975/100000 objective=0.00059325214041007794 r=6.99169e-09/1.10675e-08 s=0.370155/0.000324029 projection_inf=8.95169e-17 rho=1e+08 support=413/12248
ADMM_ITER round=0/0 iteration=29000/100000 objective=0.00059348650687694206 r=6.99571e-09/1.10675e-08 s=0.367949/0.000324139 projection_inf=8.98821e-17 rho=1e+08 support=413/12248
ADMM_ITER round=0/0 iteration=29025/100000 objective=0.00059372793132919557 r=6.99987e-09/1.10675e-08 s=0.365815/0.000324249 projection_inf=9.40816e-17 rho=1e+08 support=413/12248
ADMM_ITER round=0/0 iteration=29050/100000 objective=0.00059396964530650806 r=6.94497e-09/1.10675e-08 s=0.37468/0.000324359 projection_inf=8.51616e-17 rho=1e+08 support=414/12248
ADMM_ITER round=0/0 iteration=29075/100000 objective=0.00059421870559594559 r=6.8566e-09/1.10675e-08 s=0.389351/0.000324468 projection_inf=9.79144e-17 rho=1e+08 support=415/12248
ADMM_ITER round=0/0 iteration=29100/100000 objective=0.000594464061673931 r=6.8017e-09/1.10675e-08 s=0.397699/0.000324577 projection_inf=1.04343e-16 rho=1e+08 support=415/12248
ADMM_ITER round=0/0 iteration=29125/100000 objective=0.00059468491192922143 r=6.7726e-09/1.10675e-08 s=0.40154/0.000324686 projection_inf=8.46131e-17 rho=1e+08 support=415/12248
ADMM_ITER round=0/0 iteration=29150/100000 objective=0.00059488028849482926 r=6.75761e-09/1.10675e-08 s=0.403013/0.000324795 projection_inf=9.45285e-17 rho=1e+08 support=415/12248
ADMM_ITER round=0/0 iteration=29175/100000 objective=0.0005950522149269392 r=6.7783e-09/1.10675e-08 s=0.398507/0.000324904 projection_inf=8.53051e-17 rho=1e+08 support=415/12248
ADMM_ITER round=0/0 iteration=29200/100000 objective=0.00059519926936152628 r=6.78809e-09/1.10675e-08 s=0.395544/0.000325013 projection_inf=9.33542e-17 rho=1e+08 support=416/12248
ADMM_ITER round=0/0 iteration=29225/100000 objective=0.00059532574023200705 r=6.73606e-09/1.10675e-08 s=0.403078/0.000325122 projection_inf=9.57712e-17 rho=1e+08 support=416/12248
ADMM_ITER round=0/0 iteration=29250/100000 objective=0.00059541763996493185 r=6.64223e-09/1.10675e-08 s=0.416953/0.00032523 projection_inf=9.03343e-17 rho=1e+08 support=416/12248
ADMM_ITER round=0/0 iteration=29275/100000 objective=0.00059549078219563959 r=6.56615e-09/1.10675e-08 s=0.427618/0.000325339 projection_inf=8.77317e-17 rho=1e+08 support=416/12248
ADMM_ITER round=0/0 iteration=29300/100000 objective=0.00059556034729493117 r=6.54888e-09/1.10675e-08 s=0.429189/0.000325447 projection_inf=9.05681e-17 rho=1e+08 support=416/12248
ADMM_ITER round=0/0 iteration=29325/100000 objective=0.00059562692505051658 r=6.58005e-09/1.10675e-08 s=0.423371/0.000325556 projection_inf=1.15076e-16 rho=1e+08 support=416/12248
ADMM_ITER round=0/0 iteration=29350/100000 objective=0.00059569663060033253 r=6.6373e-09/1.10675e-08 s=0.413338/0.000325664 projection_inf=1.00691e-16 rho=1e+08 support=416/12248
ADMM_ITER round=0/0 iteration=29375/100000 objective=0.00059575978092360536 r=6.6937e-09/1.10675e-08 s=0.401884/0.000325773 projection_inf=9.23218e-17 rho=1e+08 support=415/12248
ADMM_ITER round=0/0 iteration=29400/100000 objective=0.00059579915704458344 r=6.707e-09/1.10675e-08 s=0.397717/0.000325881 projection_inf=8.95917e-17 rho=1e+08 support=415/12248
ADMM_ITER round=0/0 iteration=29425/100000 objective=0.00059584458645495111 r=6.6638e-09/1.10675e-08 s=0.403472/0.000325989 projection_inf=9.85205e-17 rho=1e+08 support=415/12248
ADMM_ITER round=0/0 iteration=29450/100000 objective=0.00059589947449188209 r=6.59819e-09/1.10675e-08 s=0.412927/0.000326098 projection_inf=8.50852e-17 rho=1e+08 support=415/12248
ADMM_ITER round=0/0 iteration=29475/100000 objective=0.00059596545809310832 r=6.54207e-09/1.10675e-08 s=0.420688/0.000326206 projection_inf=1.17544e-16 rho=1e+08 support=415/12248
ADMM_ITER round=0/0 iteration=29500/100000 objective=0.00059601120159265817 r=6.52749e-09/1.10675e-08 s=0.421754/0.000326314 projection_inf=8.61722e-17 rho=1e+08 support=414/12248
ADMM_ITER round=0/0 iteration=29525/100000 objective=0.00059603918078437535 r=6.53347e-09/1.10675e-08 s=0.419576/0.000326423 projection_inf=8.47234e-17 rho=1e+08 support=413/12248
ADMM_ITER round=0/0 iteration=29550/100000 objective=0.00059605509549453346 r=6.55702e-09/1.10675e-08 s=0.414631/0.000326531 projection_inf=8.57822e-17 rho=1e+08 support=412/12248
ADMM_ITER round=0/0 iteration=29575/100000 objective=0.00059607370458290073 r=6.54493e-09/1.10675e-08 s=0.415511/0.000326639 projection_inf=9.54107e-17 rho=1e+08 support=412/12248
ADMM_ITER round=0/0 iteration=29600/100000 objective=0.00059611175572532409 r=6.49866e-09/1.10675e-08 s=0.421762/0.000326747 projection_inf=1.00583e-16 rho=1e+08 support=413/12248
ADMM_ITER round=0/0 iteration=29625/100000 objective=0.00059616864820667941 r=6.44323e-09/1.10675e-08 s=0.42911/0.000326856 projection_inf=9.09356e-17 rho=1e+08 support=414/12248
ADMM_ITER round=0/0 iteration=29650/100000 objective=0.00059623275175809971 r=6.40895e-09/1.10675e-08 s=0.429216/0.000326964 projection_inf=8.89345e-17 rho=1e+08 support=413/12248
ADMM_ITER round=0/0 iteration=29675/100000 objective=0.00059631020921732637 r=6.42956e-09/1.10675e-08 s=0.423864/0.000327072 projection_inf=8.64459e-17 rho=1e+08 support=413/12248
ADMM_ITER round=0/0 iteration=29700/100000 objective=0.0005964240542027648 r=6.43073e-09/1.10675e-08 s=0.42195/0.00032718 projection_inf=9.48357e-17 rho=1e+08 support=414/12248
ADMM_ITER round=0/0 iteration=29725/100000 objective=0.00059659170282590343 r=6.39649e-09/1.10675e-08 s=0.424642/0.000327288 projection_inf=9.58218e-17 rho=1e+08 support=415/12248
ADMM_ITER round=0/0 iteration=29750/100000 objective=0.00059677639714055355 r=6.44577e-09/1.10675e-08 s=0.414769/0.000327396 projection_inf=9.56631e-17 rho=1e+08 support=415/12248
ADMM_ITER round=0/0 iteration=29775/100000 objective=0.00059699946913415749 r=6.46278e-09/1.10675e-08 s=0.40986/0.000327504 projection_inf=8.40049e-17 rho=1e+08 support=415/12248
ADMM_ITER round=0/0 iteration=29800/100000 objective=0.00059724861999847507 r=6.46121e-09/1.10675e-08 s=0.408179/0.000327611 projection_inf=8.76522e-17 rho=1e+08 support=415/12248
ADMM_ITER round=0/0 iteration=29825/100000 objective=0.00059749238174567677 r=6.4492e-09/1.10675e-08 s=0.408085/0.000327718 projection_inf=8.40557e-17 rho=1e+08 support=415/12248
ADMM_ITER round=0/0 iteration=29850/100000 objective=0.00059772761851752229 r=6.44286e-09/1.10675e-08 s=0.406893/0.000327826 projection_inf=9.82223e-17 rho=1e+08 support=413/12248
ADMM_ITER round=0/0 iteration=29875/100000 objective=0.00059793444680916329 r=6.43621e-09/1.10675e-08 s=0.406205/0.000327933 projection_inf=1.0092e-16 rho=1e+08 support=413/12248
ADMM_ITER round=0/0 iteration=29900/100000 objective=0.00059811103690676532 r=6.4365e-09/1.10675e-08 s=0.404592/0.00032804 projection_inf=8.51256e-17 rho=1e+08 support=413/12248
ADMM_ITER round=0/0 iteration=29925/100000 objective=0.00059828099919586437 r=6.42924e-09/1.10675e-08 s=0.404289/0.000328146 projection_inf=8.91042e-17 rho=1e+08 support=413/12248
ADMM_ITER round=0/0 iteration=29950/100000 objective=0.00059841965744362492 r=6.4058e-09/1.10675e-08 s=0.406636/0.000328253 projection_inf=9.45369e-17 rho=1e+08 support=413/12248
ADMM_ITER round=0/0 iteration=29975/100000 objective=0.00059851489241013567 r=6.3586e-09/1.10675e-08 s=0.412714/0.00032836 projection_inf=1.03593e-16 rho=1e+08 support=413/12248
ADMM_ITER round=0/0 iteration=30000/100000 objective=0.00059857578381103491 r=6.27237e-09/1.10675e-08 s=0.424536/0.000328466 projection_inf=8.82069e-17 rho=1e+08 support=413/12248
ADMM_ITER round=0/0 iteration=30025/100000 objective=0.00059864182065533212 r=6.20188e-09/1.10675e-08 s=0.433677/0.000328573 projection_inf=8.58287e-17 rho=1e+08 support=413/12248
ADMM_ITER round=0/0 iteration=30050/100000 objective=0.00059876242936903314 r=6.1761e-09/1.10675e-08 s=0.436299/0.000328679 projection_inf=1.00132e-16 rho=1e+08 support=413/12248
ADMM_ITER round=0/0 iteration=30075/100000 objective=0.00059893301143037374 r=6.17645e-09/1.10675e-08 s=0.435247/0.000328785 projection_inf=9.27767e-17 rho=1e+08 support=413/12248
ADMM_ITER round=0/0 iteration=30100/100000 objective=0.00059914192087706902 r=6.21009e-09/1.10675e-08 s=0.429455/0.000328892 projection_inf=1.04435e-16 rho=1e+08 support=413/12248
ADMM_ITER round=0/0 iteration=30125/100000 objective=0.0005993790860985798 r=6.25757e-09/1.10675e-08 s=0.421542/0.000328998 projection_inf=1.0036e-16 rho=1e+08 support=413/12248
ADMM_ITER round=0/0 iteration=30150/100000 objective=0.00059963503367218575 r=6.28365e-09/1.10675e-08 s=0.4167/0.000329104 projection_inf=8.4076e-17 rho=1e+08 support=413/12248
ADMM_ITER round=0/0 iteration=30175/100000 objective=0.00059992059486525709 r=6.26099e-09/1.10675e-08 s=0.419187/0.000329209 projection_inf=9.7024e-17 rho=1e+08 support=413/12248
ADMM_ITER round=0/0 iteration=30200/100000 objective=0.00060023588789839507 r=6.24767e-09/1.10675e-08 s=0.420287/0.000329315 projection_inf=9.78616e-17 rho=1e+08 support=413/12248
ADMM_ITER round=0/0 iteration=30225/100000 objective=0.0006005723697049386 r=6.27602e-09/1.10675e-08 s=0.415174/0.00032942 projection_inf=8.52573e-17 rho=1e+08 support=413/12248
ADMM_ITER round=0/0 iteration=30250/100000 objective=0.00060092475054104139 r=6.32363e-09/1.10675e-08 s=0.407024/0.000329525 projection_inf=9.05444e-17 rho=1e+08 support=413/12248
ADMM_ITER round=0/0 iteration=30275/100000 objective=0.0006012792153662135 r=6.39747e-09/1.10675e-08 s=0.394448/0.000329629 projection_inf=9.50979e-17 rho=1e+08 support=412/12248
ADMM_ITER round=0/0 iteration=30300/100000 objective=0.00060160645324956242 r=6.45989e-09/1.10675e-08 s=0.383266/0.000329734 projection_inf=8.77103e-17 rho=1e+08 support=412/12248
ADMM_ITER round=0/0 iteration=30325/100000 objective=0.00060186608851909987 r=6.46641e-09/1.10675e-08 s=0.381305/0.000329838 projection_inf=8.91019e-17 rho=1e+08 support=412/12248
ADMM_ITER round=0/0 iteration=30350/100000 objective=0.00060203966782113494 r=6.41067e-09/1.10675e-08 s=0.389649/0.000329942 projection_inf=9.79568e-17 rho=1e+08 support=413/12248
ADMM_ITER round=0/0 iteration=30375/100000 objective=0.0006021502763097911 r=6.3545e-09/1.10675e-08 s=0.397836/0.000330046 projection_inf=9.53814e-17 rho=1e+08 support=413/12248
ADMM_ITER round=0/0 iteration=30400/100000 objective=0.00060224362267877326 r=6.30721e-09/1.10675e-08 s=0.404418/0.00033015 projection_inf=8.63329e-17 rho=1e+08 support=414/12248
ADMM_ITER round=0/0 iteration=30425/100000 objective=0.00060233659756062303 r=6.27364e-09/1.10675e-08 s=0.408746/0.000330254 projection_inf=9.97326e-17 rho=1e+08 support=414/12248
ADMM_ITER round=0/0 iteration=30450/100000 objective=0.0006024033315344164 r=6.27684e-09/1.10675e-08 s=0.406931/0.000330358 projection_inf=9.1073e-17 rho=1e+08 support=414/12248
ADMM_ITER round=0/0 iteration=30475/100000 objective=0.00060243410841583588 r=6.29767e-09/1.10675e-08 s=0.402405/0.000330462 projection_inf=8.79147e-17 rho=1e+08 support=415/12248
ADMM_ITER round=0/0 iteration=30500/100000 objective=0.0006024445890698768 r=6.32882e-09/1.10675e-08 s=0.396523/0.000330565 projection_inf=8.87242e-17 rho=1e+08 support=415/12248
ADMM_ITER round=0/0 iteration=30525/100000 objective=0.00060242711012331986 r=6.36152e-09/1.10675e-08 s=0.389563/0.000330669 projection_inf=1.00181e-16 rho=1e+08 support=414/12248
ADMM_ITER round=0/0 iteration=30550/100000 objective=0.00060241240843552648 r=6.38153e-09/1.10675e-08 s=0.384947/0.000330773 projection_inf=9.90056e-17 rho=1e+08 support=414/12248
ADMM_ITER round=0/0 iteration=30575/100000 objective=0.00060242387910608712 r=6.37152e-09/1.10675e-08 s=0.385572/0.000330877 projection_inf=8.99708e-17 rho=1e+08 support=414/12248
ADMM_ITER round=0/0 iteration=30600/100000 objective=0.00060248003902918577 r=6.34138e-09/1.10675e-08 s=0.385834/0.000330981 projection_inf=8.80542e-17 rho=1e+08 support=414/12248
ADMM_ITER round=0/0 iteration=30625/100000 objective=0.00060258015490352135 r=6.30617e-09/1.10675e-08 s=0.389494/0.000331084 projection_inf=1.05615e-16 rho=1e+08 support=415/12248
ADMM_ITER round=0/0 iteration=30650/100000 objective=0.00060271328880174429 r=6.27692e-09/1.10675e-08 s=0.392602/0.000331188 projection_inf=9.23714e-17 rho=1e+08 support=416/12248
ADMM_ITER round=0/0 iteration=30675/100000 objective=0.00060286237870291279 r=6.21367e-09/1.10675e-08 s=0.400879/0.000331292 projection_inf=9.14756e-17 rho=1e+08 support=416/12248
ADMM_ITER round=0/0 iteration=30700/100000 objective=0.00060301526600455078 r=6.15808e-09/1.10675e-08 s=0.407985/0.000331395 projection_inf=8.3876e-17 rho=1e+08 support=416/12248
ADMM_ITER round=0/0 iteration=30725/100000 objective=0.00060315124050545248 r=6.13368e-09/1.10675e-08 s=0.410397/0.000331499 projection_inf=8.66134e-17 rho=1e+08 support=416/12248
ADMM_ITER round=0/0 iteration=30750/100000 objective=0.00060325978893070785 r=6.13084e-09/1.10675e-08 s=0.403766/0.000331602 projection_inf=1.04693e-16 rho=1e+08 support=415/12248
ADMM_ITER round=0/0 iteration=30775/100000 objective=0.00060334942801414863 r=6.10945e-09/1.10675e-08 s=0.40478/0.000331705 projection_inf=9.20944e-17 rho=1e+08 support=416/12248
ADMM_ITER round=0/0 iteration=30800/100000 objective=0.00060342711121510822 r=6.04461e-09/1.10675e-08 s=0.412738/0.000331809 projection_inf=8.55857e-17 rho=1e+08 support=416/12248
ADMM_ITER round=0/0 iteration=30825/100000 objective=0.00060351134534668738 r=5.99227e-09/1.10675e-08 s=0.418781/0.000331912 projection_inf=9.30534e-17 rho=1e+08 support=415/12248
ADMM_ITER round=0/0 iteration=30850/100000 objective=0.00060361924347772161 r=5.96438e-09/1.10675e-08 s=0.421448/0.000332015 projection_inf=9.09605e-17 rho=1e+08 support=415/12248
ADMM_ITER round=0/0 iteration=30875/100000 objective=0.00060375157553653708 r=6.03275e-09/1.10675e-08 s=0.40993/0.000332118 projection_inf=8.76028e-17 rho=1e+08 support=414/12248
ADMM_ITER round=0/0 iteration=30900/100000 objective=0.00060391324668567891 r=6.16491e-09/1.10675e-08 s=0.388279/0.000332221 projection_inf=9.1958e-17 rho=1e+08 support=414/12248
ADMM_ITER round=0/0 iteration=30925/100000 objective=0.0006041390194061174 r=6.24569e-09/1.10675e-08 s=0.373823/0.000332324 projection_inf=9.14934e-17 rho=1e+08 support=414/12248
ADMM_ITER round=0/0 iteration=30950/100000 objective=0.00060442165801773292 r=6.25888e-09/1.10675e-08 s=0.37036/0.000332426 projection_inf=9.17253e-17 rho=1e+08 support=414/12248
ADMM_ITER round=0/0 iteration=30975/100000 objective=0.00060475912216051701 r=6.24441e-09/1.10675e-08 s=0.371605/0.000332529 projection_inf=1.03946e-16 rho=1e+08 support=414/12248
ADMM_ITER round=0/0 iteration=31000/100000 objective=0.00060513666703992637 r=6.21341e-09/1.10675e-08 s=0.375636/0.000332631 projection_inf=1.00038e-16 rho=1e+08 support=414/12248
ADMM_ITER round=0/0 iteration=31025/100000 objective=0.00060550730409345292 r=6.21955e-09/1.10675e-08 s=0.373519/0.000332732 projection_inf=8.97561e-17 rho=1e+08 support=414/12248
ADMM_ITER round=0/0 iteration=31050/100000 objective=0.00060583620834374775 r=6.23859e-09/1.10675e-08 s=0.369253/0.000332834 projection_inf=1.00664e-16 rho=1e+08 support=414/12248
ADMM_ITER round=0/0 iteration=31075/100000 objective=0.0006061026039504622 r=6.22711e-09/1.10675e-08 s=0.37014/0.000332935 projection_inf=9.05046e-17 rho=1e+08 support=414/12248
ADMM_ITER round=0/0 iteration=31100/100000 objective=0.00060630369947744828 r=6.19311e-09/1.10675e-08 s=0.37366/0.000333037 projection_inf=9.16988e-17 rho=1e+08 support=413/12248
ADMM_ITER round=0/0 iteration=31125/100000 objective=0.00060643918297883029 r=6.13873e-09/1.10675e-08 s=0.381255/0.000333138 projection_inf=9.02749e-17 rho=1e+08 support=414/12248
ADMM_ITER round=0/0 iteration=31150/100000 objective=0.00060652035957607132 r=6.09013e-09/1.10675e-08 s=0.387904/0.000333239 projection_inf=9.93764e-17 rho=1e+08 support=414/12248
ADMM_ITER round=0/0 iteration=31175/100000 objective=0.00060656279045780039 r=6.08836e-09/1.10675e-08 s=0.385858/0.00033334 projection_inf=1.01186e-16 rho=1e+08 support=414/12248
ADMM_ITER round=0/0 iteration=31200/100000 objective=0.00060660937627979761 r=6.12817e-09/1.10675e-08 s=0.374772/0.000333441 projection_inf=9.32423e-17 rho=1e+08 support=413/12248
ADMM_ITER round=0/0 iteration=31225/100000 objective=0.0006067443781828971 r=6.15609e-09/1.10675e-08 s=0.364747/0.000333542 projection_inf=9.02542e-17 rho=1e+08 support=412/12248
ADMM_ITER round=0/0 iteration=31250/100000 objective=0.00060692809116849014 r=6.14868e-09/1.10675e-08 s=0.363603/0.000333643 projection_inf=8.64672e-17 rho=1e+08 support=412/12248
ADMM_ITER round=0/0 iteration=31275/100000 objective=0.00060714084288504002 r=6.16947e-09/1.10675e-08 s=0.358274/0.000333743 projection_inf=9.80179e-17 rho=1e+08 support=412/12248
ADMM_ITER round=0/0 iteration=31300/100000 objective=0.00060736299630361553 r=6.19902e-09/1.10675e-08 s=0.351558/0.000333844 projection_inf=9.3723e-17 rho=1e+08 support=412/12248
ADMM_ITER round=0/0 iteration=31325/100000 objective=0.00060759602243150702 r=6.21834e-09/1.10675e-08 s=0.346671/0.000333944 projection_inf=9.26356e-17 rho=1e+08 support=412/12248
ADMM_ITER round=0/0 iteration=31350/100000 objective=0.0006078390993939425 r=6.18149e-09/1.10675e-08 s=0.351859/0.000334045 projection_inf=9.70113e-17 rho=1e+08 support=412/12248
ADMM_ITER round=0/0 iteration=31375/100000 objective=0.00060811191418273639 r=6.10249e-09/1.10675e-08 s=0.364163/0.000334145 projection_inf=9.5727e-17 rho=1e+08 support=412/12248
ADMM_ITER round=0/0 iteration=31400/100000 objective=0.00060839308002635082 r=6.01898e-09/1.10675e-08 s=0.376676/0.000334245 projection_inf=1.01156e-16 rho=1e+08 support=412/12248
ADMM_ITER round=0/0 iteration=31425/100000 objective=0.00060867448276965457 r=5.95846e-09/1.10675e-08 s=0.385115/0.000334344 projection_inf=8.78715e-17 rho=1e+08 support=412/12248
ADMM_ITER round=0/0 iteration=31450/100000 objective=0.00060894874175274288 r=5.91967e-09/1.10675e-08 s=0.390039/0.000334444 projection_inf=8.55385e-17 rho=1e+08 support=412/12248
ADMM_ITER round=0/0 iteration=31475/100000 objective=0.00060920816590770714 r=5.87654e-09/1.10675e-08 s=0.395542/0.000334543 projection_inf=1.02132e-16 rho=1e+08 support=412/12248
ADMM_ITER round=0/0 iteration=31500/100000 objective=0.00060946161878531926 r=5.81245e-09/1.10675e-08 s=0.403982/0.000334642 projection_inf=8.77689e-17 rho=1e+08 support=412/12248
ADMM_ITER round=0/0 iteration=31525/100000 objective=0.00060970590935842536 r=5.74732e-09/1.10675e-08 s=0.412319/0.000334741 projection_inf=1.03212e-16 rho=1e+08 support=412/12248
ADMM_ITER round=0/0 iteration=31550/100000 objective=0.00060993099931800113 r=5.7099e-09/1.10675e-08 s=0.416641/0.00033484 projection_inf=9.33924e-17 rho=1e+08 support=412/12248
ADMM_ITER round=0/0 iteration=31575/100000 objective=0.00061015270541823683 r=5.7035e-09/1.10675e-08 s=0.416693/0.000334938 projection_inf=8.61364e-17 rho=1e+08 support=412/12248
ADMM_ITER round=0/0 iteration=31600/100000 objective=0.00061038765712167586 r=5.68093e-09/1.10675e-08 s=0.418962/0.000335037 projection_inf=1.00456e-16 rho=1e+08 support=412/12248
ADMM_ITER round=0/0 iteration=31625/100000 objective=0.00061064524297293479 r=5.64259e-09/1.10675e-08 s=0.423335/0.000335135 projection_inf=9.77555e-17 rho=1e+08 support=412/12248
ADMM_ITER round=0/0 iteration=31650/100000 objective=0.00061092340070572531 r=5.64804e-09/1.10675e-08 s=0.421845/0.000335233 projection_inf=9.25047e-17 rho=1e+08 support=412/12248
ADMM_ITER round=0/0 iteration=31675/100000 objective=0.00061121346877892658 r=5.74994e-09/1.10675e-08 s=0.405565/0.000335331 projection_inf=9.24404e-17 rho=1e+08 support=410/12248
ADMM_ITER round=0/0 iteration=31700/100000 objective=0.0006115355450877697 r=5.89742e-09/1.10675e-08 s=0.381109/0.000335428 projection_inf=1.05537e-16 rho=1e+08 support=410/12248
ADMM_ITER round=0/0 iteration=31725/100000 objective=0.00061189903314143161 r=6.00423e-09/1.10675e-08 s=0.362485/0.000335526 projection_inf=8.65585e-17 rho=1e+08 support=410/12248
ADMM_ITER round=0/0 iteration=31750/100000 objective=0.00061230470514841713 r=6.03319e-09/1.10675e-08 s=0.356232/0.000335623 projection_inf=9.52479e-17 rho=1e+08 support=411/12248
ADMM_ITER round=0/0 iteration=31775/100000 objective=0.00061275012804308288 r=5.99051e-09/1.10675e-08 s=0.362105/0.00033572 projection_inf=1.01986e-16 rho=1e+08 support=411/12248
ADMM_ITER round=0/0 iteration=31800/100000 objective=0.00061325783744844823 r=5.91025e-09/1.10675e-08 s=0.372984/0.000335816 projection_inf=9.65762e-17 rho=1e+08 support=411/12248
ADMM_ITER round=0/0 iteration=31825/100000 objective=0.00061382304635226479 r=5.83823e-09/1.10675e-08 s=0.38277/0.000335912 projection_inf=9.62246e-17 rho=1e+08 support=411/12248
ADMM_ITER round=0/0 iteration=31850/100000 objective=0.00061441336787770515 r=5.79893e-09/1.10675e-08 s=0.387482/0.000336008 projection_inf=1.07335e-16 rho=1e+08 support=412/12248
ADMM_ITER round=0/0 iteration=31875/100000 objective=0.00061499404796418417 r=5.77451e-09/1.10675e-08 s=0.390001/0.000336103 projection_inf=1.08364e-16 rho=1e+08 support=412/12248
ADMM_ITER round=0/0 iteration=31900/100000 objective=0.00061555445525679682 r=5.75137e-09/1.10675e-08 s=0.392367/0.000336198 projection_inf=1.02262e-16 rho=1e+08 support=412/12248
ADMM_ITER round=0/0 iteration=31925/100000 objective=0.00061610997634312234 r=5.75209e-09/1.10675e-08 s=0.391196/0.000336292 projection_inf=9.99584e-17 rho=1e+08 support=411/12248
ADMM_ITER round=0/0 iteration=31950/100000 objective=0.00061668804407740156 r=5.82026e-09/1.10675e-08 s=0.379721/0.000336386 projection_inf=1.06902e-16 rho=1e+08 support=411/12248
ADMM_ITER round=0/0 iteration=31975/100000 objective=0.00061728604644952748 r=5.89615e-09/1.10675e-08 s=0.366657/0.000336479 projection_inf=9.75107e-17 rho=1e+08 support=410/12248
ADMM_ITER round=0/0 iteration=32000/100000 objective=0.00061787477895256719 r=5.92902e-09/1.10675e-08 s=0.35987/0.000336573 projection_inf=1.06438e-16 rho=1e+08 support=410/12248
ADMM_ITER round=0/0 iteration=32025/100000 objective=0.000618424262858489 r=5.90846e-09/1.10675e-08 s=0.361998/0.000336665 projection_inf=8.93344e-17 rho=1e+08 support=411/12248
ADMM_ITER round=0/0 iteration=32050/100000 objective=0.00061894924821606363 r=5.85043e-09/1.10675e-08 s=0.369526/0.000336758 projection_inf=9.76865e-17 rho=1e+08 support=412/12248
ADMM_ITER round=0/0 iteration=32075/100000 objective=0.00061945748796891041 r=5.7831e-09/1.10675e-08 s=0.378542/0.000336849 projection_inf=9.99949e-17 rho=1e+08 support=412/12248
ADMM_ITER round=0/0 iteration=32100/100000 objective=0.0006199611909114231 r=5.7287e-09/1.10675e-08 s=0.385371/0.000336941 projection_inf=9.78696e-17 rho=1e+08 support=413/12248
ADMM_ITER round=0/0 iteration=32125/100000 objective=0.00062046533537843331 r=5.63175e-09/1.10675e-08 s=0.397198/0.000337032 projection_inf=9.73687e-17 rho=1e+08 support=414/12248
ADMM_ITER round=0/0 iteration=32150/100000 objective=0.00062095201135224068 r=5.57105e-09/1.10675e-08 s=0.403045/0.000337123 projection_inf=1.03673e-16 rho=1e+08 support=414/12248
ADMM_ITER round=0/0 iteration=32175/100000 objective=0.00062143003524407108 r=5.52037e-09/1.10675e-08 s=0.40681/0.000337214 projection_inf=9.30218e-17 rho=1e+08 support=413/12248
ADMM_ITER round=0/0 iteration=32200/100000 objective=0.00062192873235518301 r=5.4976e-09/1.10675e-08 s=0.407553/0.000337304 projection_inf=9.06828e-17 rho=1e+08 support=413/12248
ADMM_ITER round=0/0 iteration=32225/100000 objective=0.00062243513552842048 r=5.51144e-09/1.10675e-08 s=0.403502/0.000337393 projection_inf=9.07246e-17 rho=1e+08 support=414/12248
ADMM_ITER round=0/0 iteration=32250/100000 objective=0.00062294658631430861 r=5.5663e-09/1.10675e-08 s=0.393957/0.000337483 projection_inf=9.91467e-17 rho=1e+08 support=413/12248
ADMM_ITER round=0/0 iteration=32275/100000 objective=0.00062345783058227289 r=5.65465e-09/1.10675e-08 s=0.379322/0.000337572 projection_inf=9.15558e-17 rho=1e+08 support=414/12248
ADMM_ITER round=0/0 iteration=32300/100000 objective=0.00062396100584459122 r=5.73377e-09/1.10675e-08 s=0.364207/0.00033766 projection_inf=9.06348e-17 rho=1e+08 support=413/12248
ADMM_ITER round=0/0 iteration=32325/100000 objective=0.00062442467925359927 r=5.74122e-09/1.10675e-08 s=0.361159/0.000337749 projection_inf=1.01128e-16 rho=1e+08 support=413/12248
ADMM_ITER round=0/0 iteration=32350/100000 objective=0.0006248531604648482 r=5.75164e-09/1.10675e-08 s=0.357777/0.000337837 projection_inf=9.00834e-17 rho=1e+08 support=413/12248
ADMM_ITER round=0/0 iteration=32375/100000 objective=0.00062526223108900179 r=5.76138e-09/1.10675e-08 s=0.354527/0.000337924 projection_inf=9.89822e-17 rho=1e+08 support=414/12248
ADMM_ITER round=0/0 iteration=32400/100000 objective=0.00062565221009543452 r=5.7533e-09/1.10675e-08 s=0.354202/0.000338012 projection_inf=9.98971e-17 rho=1e+08 support=414/12248
ADMM_ITER round=0/0 iteration=32425/100000 objective=0.00062602169075142312 r=5.66621e-09/1.10675e-08 s=0.366493/0.000338099 projection_inf=1.10441e-16 rho=1e+08 support=414/12248
ADMM_ITER round=0/0 iteration=32450/100000 objective=0.0006263876467112482 r=5.54065e-09/1.10675e-08 s=0.383874/0.000338186 projection_inf=9.66129e-17 rho=1e+08 support=413/12248
ADMM_ITER round=0/0 iteration=32475/100000 objective=0.00062675031497491066 r=5.4393e-09/1.10675e-08 s=0.396744/0.000338272 projection_inf=1.04008e-16 rho=1e+08 support=413/12248
ADMM_ITER round=0/0 iteration=32500/100000 objective=0.00062713002723568023 r=5.41636e-09/1.10675e-08 s=0.398591/0.000338359 projection_inf=1.05282e-16 rho=1e+08 support=413/12248
ADMM_ITER round=0/0 iteration=32525/100000 objective=0.00062753151349938274 r=5.43205e-09/1.10675e-08 s=0.395257/0.000338445 projection_inf=9.72429e-17 rho=1e+08 support=413/12248
ADMM_ITER round=0/0 iteration=32550/100000 objective=0.00062795408398150687 r=5.47422e-09/1.10675e-08 s=0.38824/0.00033853 projection_inf=9.1704e-17 rho=1e+08 support=413/12248
ADMM_ITER round=0/0 iteration=32575/100000 objective=0.00062838572988783807 r=5.47725e-09/1.10675e-08 s=0.386697/0.000338616 projection_inf=9.0091e-17 rho=1e+08 support=413/12248
ADMM_ITER round=0/0 iteration=32600/100000 objective=0.00062880272945462954 r=5.42054e-09/1.10675e-08 s=0.393548/0.000338701 projection_inf=9.92932e-17 rho=1e+08 support=412/12248
ADMM_ITER round=0/0 iteration=32625/100000 objective=0.0006292171501079977 r=5.36649e-09/1.10675e-08 s=0.397679/0.000338786 projection_inf=9.52363e-17 rho=1e+08 support=412/12248
ADMM_ITER round=0/0 iteration=32650/100000 objective=0.00062966787242710808 r=5.31915e-09/1.10675e-08 s=0.401803/0.00033887 projection_inf=9.5695e-17 rho=1e+08 support=412/12248
ADMM_ITER round=0/0 iteration=32675/100000 objective=0.00063014534649185163 r=5.27491e-09/1.10675e-08 s=0.405163/0.000338955 projection_inf=1.04128e-16 rho=1e+08 support=414/12248
ADMM_ITER round=0/0 iteration=32700/100000 objective=0.00063064048060618941 r=5.28216e-09/1.10675e-08 s=0.402527/0.000339038 projection_inf=9.17504e-17 rho=1e+08 support=414/12248
ADMM_ITER round=0/0 iteration=32725/100000 objective=0.00063112648827801229 r=5.29763e-09/1.10675e-08 s=0.399005/0.000339122 projection_inf=8.6432e-17 rho=1e+08 support=414/12248
ADMM_ITER round=0/0 iteration=32750/100000 objective=0.00063158161798432646 r=5.32993e-09/1.10675e-08 s=0.393307/0.000339205 projection_inf=9.12481e-17 rho=1e+08 support=414/12248
ADMM_ITER round=0/0 iteration=32775/100000 objective=0.00063199082157081336 r=5.35752e-09/1.10676e-08 s=0.388243/0.000339288 projection_inf=9.60198e-17 rho=1e+08 support=414/12248
ADMM_ITER round=0/0 iteration=32800/100000 objective=0.00063237325505117298 r=5.36263e-09/1.10676e-08 s=0.386303/0.00033937 projection_inf=9.02481e-17 rho=1e+08 support=414/12248
ADMM_ITER round=0/0 iteration=32825/100000 objective=0.00063273630963519786 r=5.34441e-09/1.10676e-08 s=0.387648/0.000339453 projection_inf=1.02386e-16 rho=1e+08 support=414/12248
ADMM_ITER round=0/0 iteration=32850/100000 objective=0.00063307760275616151 r=5.30023e-09/1.10676e-08 s=0.392558/0.000339534 projection_inf=9.43981e-17 rho=1e+08 support=414/12248
ADMM_ITER round=0/0 iteration=32875/100000 objective=0.00063340655421119125 r=5.26617e-09/1.10676e-08 s=0.394023/0.000339616 projection_inf=8.78449e-17 rho=1e+08 support=413/12248
ADMM_ITER round=0/0 iteration=32900/100000 objective=0.00063374718938898024 r=5.22619e-09/1.10676e-08 s=0.397053/0.000339698 projection_inf=1.01978e-16 rho=1e+08 support=413/12248
ADMM_ITER round=0/0 iteration=32925/100000 objective=0.00063408159271846761 r=5.2116e-09/1.10676e-08 s=0.397219/0.000339779 projection_inf=1.12525e-16 rho=1e+08 support=413/12248
ADMM_ITER round=0/0 iteration=32950/100000 objective=0.00063440450167590837 r=5.21946e-09/1.10676e-08 s=0.394644/0.00033986 projection_inf=1.01612e-16 rho=1e+08 support=413/12248
ADMM_ITER round=0/0 iteration=32975/100000 objective=0.00063471175550071336 r=5.21278e-09/1.10676e-08 s=0.394117/0.000339941 projection_inf=1.15952e-16 rho=1e+08 support=413/12248
ADMM_ITER round=0/0 iteration=33000/100000 objective=0.00063504268463953023 r=5.14565e-09/1.10676e-08 s=0.401551/0.000340021 projection_inf=9.05272e-17 rho=1e+08 support=413/12248
ADMM_ITER round=0/0 iteration=33025/100000 objective=0.00063544478306512661 r=5.05021e-09/1.10676e-08 s=0.411993/0.000340102 projection_inf=9.31356e-17 rho=1e+08 support=414/12248
ADMM_ITER round=0/0 iteration=33050/100000 objective=0.00063593632007777226 r=4.9765e-09/1.10676e-08 s=0.419356/0.000340182 projection_inf=1.15271e-16 rho=1e+08 support=414/12248
ADMM_ITER round=0/0 iteration=33075/100000 objective=0.00063647827508226231 r=5.00126e-09/1.10676e-08 s=0.41514/0.000340261 projection_inf=9.77257e-17 rho=1e+08 support=414/12248
ADMM_ITER round=0/0 iteration=33100/100000 objective=0.00063703084560550176 r=5.06089e-09/1.10676e-08 s=0.405949/0.00034034 projection_inf=9.56635e-17 rho=1e+08 support=415/12248
ADMM_ITER round=0/0 iteration=33125/100000 objective=0.00063757335292651451 r=5.13432e-09/1.10676e-08 s=0.395268/0.000340419 projection_inf=8.93008e-17 rho=1e+08 support=415/12248
ADMM_ITER round=0/0 iteration=33150/100000 objective=0.00063808937667887472 r=5.20409e-09/1.10676e-08 s=0.384761/0.000340497 projection_inf=1.06721e-16 rho=1e+08 support=415/12248
ADMM_ITER round=0/0 iteration=33175/100000 objective=0.00063858488856699883 r=5.25748e-09/1.10676e-08 s=0.376206/0.000340575 projection_inf=1.01343e-16 rho=1e+08 support=415/12248
ADMM_ITER round=0/0 iteration=33200/100000 objective=0.00063905799559962613 r=5.25745e-09/1.10676e-08 s=0.37504/0.000340653 projection_inf=9.18316e-17 rho=1e+08 support=415/12248
ADMM_ITER round=0/0 iteration=33225/100000 objective=0.00063951341744309981 r=5.22906e-09/1.10676e-08 s=0.377871/0.00034073 projection_inf=9.27734e-17 rho=1e+08 support=416/12248
ADMM_ITER round=0/0 iteration=33250/100000 objective=0.00063996227625596211 r=5.16241e-09/1.10676e-08 s=0.385083/0.000340807 projection_inf=9.61994e-17 rho=1e+08 support=415/12248
ADMM_ITER round=0/0 iteration=33275/100000 objective=0.00064041480532903768 r=5.09329e-09/1.10676e-08 s=0.393036/0.000340884 projection_inf=1.01176e-16 rho=1e+08 support=415/12248
ADMM_ITER round=0/0 iteration=33300/100000 objective=0.00064086487963523845 r=5.04619e-09/1.10676e-08 s=0.398023/0.00034096 projection_inf=9.43874e-17 rho=1e+08 support=415/12248
ADMM_ITER round=0/0 iteration=33325/100000 objective=0.00064129615986345447 r=5.04668e-09/1.10676e-08 s=0.396966/0.000341036 projection_inf=9.02379e-17 rho=1e+08 support=415/12248
ADMM_ITER round=0/0 iteration=33350/100000 objective=0.00064169407063589541 r=5.09637e-09/1.10676e-08 s=0.389594/0.000341112 projection_inf=9.78955e-17 rho=1e+08 support=415/12248
ADMM_ITER round=0/0 iteration=33375/100000 objective=0.00064204331400133309 r=5.15571e-09/1.10676e-08 s=0.380746/0.000341188 projection_inf=1.0347e-16 rho=1e+08 support=415/12248
ADMM_ITER round=0/0 iteration=33400/100000 objective=0.00064236352243396617 r=5.17883e-09/1.10676e-08 s=0.376653/0.000341263 projection_inf=1.06438e-16 rho=1e+08 support=415/12248
ADMM_ITER round=0/0 iteration=33425/100000 objective=0.00064267699898921005 r=5.1653e-09/1.10676e-08 s=0.377303/0.000341338 projection_inf=9.65051e-17 rho=1e+08 support=414/12248
ADMM_ITER round=0/0 iteration=33450/100000 objective=0.00064300833495386427 r=5.16283e-09/1.10676e-08 s=0.374524/0.000341412 projection_inf=9.38537e-17 rho=1e+08 support=413/12248
ADMM_ITER round=0/0 iteration=33475/100000 objective=0.0006433564500105877 r=5.23539e-09/1.10676e-08 s=0.362798/0.000341487 projection_inf=9.29748e-17 rho=1e+08 support=413/12248
ADMM_ITER round=0/0 iteration=33500/100000 objective=0.00064374626356067074 r=5.28716e-09/1.10676e-08 s=0.353953/0.000341561 projection_inf=9.96087e-17 rho=1e+08 support=413/12248
ADMM_ITER round=0/0 iteration=33525/100000 objective=0.00064418678922089744 r=5.25647e-09/1.10676e-08 s=0.357353/0.000341635 projection_inf=9.63835e-17 rho=1e+08 support=413/12248
ADMM_ITER round=0/0 iteration=33550/100000 objective=0.00064467067595369034 r=5.19574e-09/1.10676e-08 s=0.365076/0.000341709 projection_inf=9.14063e-17 rho=1e+08 support=413/12248
ADMM_ITER round=0/0 iteration=33575/100000 objective=0.00064519744142188594 r=5.2137e-09/1.10676e-08 s=0.360153/0.000341782 projection_inf=1.05929e-16 rho=1e+08 support=412/12248
ADMM_ITER round=0/0 iteration=33600/100000 objective=0.00064575899537846679 r=5.26553e-09/1.10676e-08 s=0.350951/0.000341855 projection_inf=9.75435e-17 rho=1e+08 support=412/12248
ADMM_ITER round=0/0 iteration=33625/100000 objective=0.00064629633542639302 r=5.26721e-09/1.10676e-08 s=0.349449/0.000341927 projection_inf=9.62744e-17 rho=1e+08 support=412/12248
ADMM_ITER round=0/0 iteration=33650/100000 objective=0.00064680079119819919 r=5.22735e-09/1.10676e-08 s=0.351834/0.000342 projection_inf=1.03458e-16 rho=1e+08 support=411/12248
ADMM_ITER round=0/0 iteration=33675/100000 objective=0.00064724465887520347 r=5.18641e-09/1.10676e-08 s=0.355263/0.000342071 projection_inf=9.33455e-17 rho=1e+08 support=412/12248
ADMM_ITER round=0/0 iteration=33700/100000 objective=0.00064765450135264571 r=5.18135e-09/1.10676e-08 s=0.354284/0.000342143 projection_inf=9.05247e-17 rho=1e+08 support=412/12248
ADMM_ITER round=0/0 iteration=33725/100000 objective=0.00064805428288268073 r=5.17765e-09/1.10676e-08 s=0.353342/0.000342214 projection_inf=1.01462e-16 rho=1e+08 support=412/12248
ADMM_ITER round=0/0 iteration=33750/100000 objective=0.00064844376380774628 r=5.15118e-09/1.10676e-08 s=0.355848/0.000342285 projection_inf=1.08299e-16 rho=1e+08 support=412/12248
ADMM_ITER round=0/0 iteration=33775/100000 objective=0.00064883659907134805 r=5.12339e-09/1.10676e-08 s=0.358591/0.000342356 projection_inf=9.35772e-17 rho=1e+08 support=412/12248
ADMM_ITER round=0/0 iteration=33800/100000 objective=0.00064924133520561029 r=5.08921e-09/1.10676e-08 s=0.362255/0.000342426 projection_inf=9.17943e-17 rho=1e+08 support=412/12248
ADMM_ITER round=0/0 iteration=33825/100000 objective=0.00064967405451559726 r=5.0645e-09/1.10676e-08 s=0.364589/0.000342496 projection_inf=9.36113e-17 rho=1e+08 support=412/12248
ADMM_ITER round=0/0 iteration=33850/100000 objective=0.00065012275552627299 r=5.06029e-09/1.10676e-08 s=0.364102/0.000342566 projection_inf=9.77402e-17 rho=1e+08 support=412/12248
ADMM_ITER round=0/0 iteration=33875/100000 objective=0.00065058323902199256 r=5.06791e-09/1.10676e-08 s=0.361998/0.000342635 projection_inf=1.08147e-16 rho=1e+08 support=412/12248
ADMM_ITER round=0/0 iteration=33900/100000 objective=0.00065107655514605282 r=5.10745e-09/1.10676e-08 s=0.355369/0.000342704 projection_inf=1.04229e-16 rho=1e+08 support=412/12248
ADMM_ITER round=0/0 iteration=33925/100000 objective=0.00065161934366769086 r=5.14983e-09/1.10676e-08 s=0.348179/0.000342773 projection_inf=9.21889e-17 rho=1e+08 support=412/12248
ADMM_ITER round=0/0 iteration=33950/100000 objective=0.00065221722052318095 r=5.15163e-09/1.10676e-08 s=0.346915/0.000342841 projection_inf=9.95965e-17 rho=1e+08 support=412/12248
ADMM_ITER round=0/0 iteration=33975/100000 objective=0.00065287010340758073 r=5.12267e-09/1.10676e-08 s=0.350214/0.000342909 projection_inf=1.10391e-16 rho=1e+08 support=412/12248
ADMM_ITER round=0/0 iteration=34000/100000 objective=0.00065356597303847504 r=5.09328e-09/1.10676e-08 s=0.353543/0.000342977 projection_inf=9.33841e-17 rho=1e+08 support=412/12248
ADMM_ITER round=0/0 iteration=34025/100000 objective=0.00065427475375833813 r=5.04565e-09/1.10676e-08 s=0.359413/0.000343044 projection_inf=9.044e-17 rho=1e+08 support=412/12248
ADMM_ITER round=0/0 iteration=34050/100000 objective=0.00065497475242686843 r=4.96407e-09/1.10676e-08 s=0.369745/0.00034311 projection_inf=9.57671e-17 rho=1e+08 support=412/12248
ADMM_ITER round=0/0 iteration=34075/100000 objective=0.00065565756975886425 r=4.85874e-09/1.10676e-08 s=0.382675/0.000343176 projection_inf=1.02508e-16 rho=1e+08 support=412/12248
ADMM_ITER round=0/0 iteration=34100/100000 objective=0.00065631857889904787 r=4.76538e-09/1.10676e-08 s=0.39347/0.000343241 projection_inf=9.78235e-17 rho=1e+08 support=412/12248
ADMM_ITER round=0/0 iteration=34125/100000 objective=0.00065696630615607763 r=4.73295e-09/1.10676e-08 s=0.396124/0.000343306 projection_inf=1.01958e-16 rho=1e+08 support=411/12248
ADMM_ITER round=0/0 iteration=34150/100000 objective=0.00065759924629484024 r=4.75088e-09/1.10676e-08 s=0.393096/0.000343371 projection_inf=1.06681e-16 rho=1e+08 support=411/12248
ADMM_ITER round=0/0 iteration=34175/100000 objective=0.00065823176043750356 r=4.7967e-09/1.10676e-08 s=0.386648/0.000343435 projection_inf=1.02585e-16 rho=1e+08 support=411/12248
ADMM_ITER round=0/0 iteration=34200/100000 objective=0.00065887345655541308 r=4.85357e-09/1.10676e-08 s=0.378656/0.000343498 projection_inf=1.02364e-16 rho=1e+08 support=411/12248
ADMM_ITER round=0/0 iteration=34225/100000 objective=0.00065952368771988437 r=4.88961e-09/1.10676e-08 s=0.373171/0.000343561 projection_inf=9.12369e-17 rho=1e+08 support=411/12248
ADMM_ITER round=0/0 iteration=34250/100000 objective=0.00066017514942960502 r=4.88853e-09/1.10676e-08 s=0.372512/0.000343624 projection_inf=1.02713e-16 rho=1e+08 support=411/12248
ADMM_ITER round=0/0 iteration=34275/100000 objective=0.00066082401057134194 r=4.86592e-09/1.10676e-08 s=0.374684/0.000343686 projection_inf=9.50191e-17 rho=1e+08 support=411/12248
ADMM_ITER round=0/0 iteration=34300/100000 objective=0.00066148385969992305 r=4.89481e-09/1.10676e-08 s=0.369307/0.000343748 projection_inf=1.0828e-16 rho=1e+08 support=410/12248
ADMM_ITER round=0/0 iteration=34325/100000 objective=0.00066215468563227337 r=4.95174e-09/1.10676e-08 s=0.359962/0.000343809 projection_inf=9.02921e-17 rho=1e+08 support=410/12248
ADMM_ITER round=0/0 iteration=34350/100000 objective=0.0006628145920450579 r=4.98519e-09/1.10676e-08 s=0.353899/0.00034387 projection_inf=1.01207e-16 rho=1e+08 support=410/12248
ADMM_ITER round=0/0 iteration=34375/100000 objective=0.00066345476841273129 r=4.9871e-09/1.10676e-08 s=0.352363/0.00034393 projection_inf=9.05716e-17 rho=1e+08 support=410/12248
ADMM_ITER round=0/0 iteration=34400/100000 objective=0.00066407288693190653 r=4.94257e-09/1.10676e-08 s=0.356532/0.00034399 projection_inf=1.07837e-16 rho=1e+08 support=410/12248
ADMM_ITER round=0/0 iteration=34425/100000 objective=0.00066467444865455087 r=4.92118e-09/1.10676e-08 s=0.358114/0.000344049 projection_inf=9.95865e-17 rho=1e+08 support=410/12248
ADMM_ITER round=0/0 iteration=34450/100000 objective=0.00066525043537169468 r=4.90949e-09/1.10676e-08 s=0.358422/0.000344108 projection_inf=1.08796e-16 rho=1e+08 support=412/12248
ADMM_ITER round=0/0 iteration=34475/100000 objective=0.0006657962419845772 r=4.90718e-09/1.10676e-08 s=0.357544/0.000344167 projection_inf=1.00789e-16 rho=1e+08 support=412/12248
ADMM_ITER round=0/0 iteration=34500/100000 objective=0.00066631047637095292 r=4.89817e-09/1.10676e-08 s=0.357655/0.000344225 projection_inf=9.82461e-17 rho=1e+08 support=412/12248
ADMM_ITER round=0/0 iteration=34525/100000 objective=0.0006667942037337463 r=4.85673e-09/1.10676e-08 s=0.362207/0.000344283 projection_inf=9.38065e-17 rho=1e+08 support=412/12248
ADMM_ITER round=0/0 iteration=34550/100000 objective=0.00066724855500871591 r=4.84972e-09/1.10676e-08 s=0.362134/0.00034434 projection_inf=1.01257e-16 rho=1e+08 support=412/12248
ADMM_ITER round=0/0 iteration=34575/100000 objective=0.0006676639798328277 r=4.85384e-09/1.10676e-08 s=0.360602/0.000344398 projection_inf=9.43414e-17 rho=1e+08 support=412/12248
ADMM_ITER round=0/0 iteration=34600/100000 objective=0.00066805072372335067 r=4.8371e-09/1.10676e-08 s=0.361898/0.000344454 projection_inf=1.07393e-16 rho=1e+08 support=412/12248
ADMM_ITER round=0/0 iteration=34625/100000 objective=0.00066842992659030406 r=4.86487e-09/1.10676e-08 s=0.357226/0.000344511 projection_inf=9.33545e-17 rho=1e+08 support=412/12248
ADMM_ITER round=0/0 iteration=34650/100000 objective=0.00066882188508655396 r=4.94484e-09/1.10676e-08 s=0.345132/0.000344568 projection_inf=1.0453e-16 rho=1e+08 support=413/12248
ADMM_ITER round=0/0 iteration=34675/100000 objective=0.00066923443347135776 r=5.01557e-09/1.10676e-08 s=0.333821/0.000344624 projection_inf=8.996e-17 rho=1e+08 support=413/12248
ADMM_ITER round=0/0 iteration=34700/100000 objective=0.00066966180058756065 r=5.04935e-09/1.10676e-08 s=0.327748/0.00034468 projection_inf=9.63214e-17 rho=1e+08 support=413/12248
ADMM_ITER round=0/0 iteration=34725/100000 objective=0.00067009462511115336 r=5.04416e-09/1.10676e-08 s=0.327623/0.000344735 projection_inf=8.59798e-17 rho=1e+08 support=413/12248
ADMM_ITER round=0/0 iteration=34750/100000 objective=0.00067053020903302062 r=5.0326e-09/1.10676e-08 s=0.328497/0.00034479 projection_inf=9.86185e-17 rho=1e+08 support=413/12248
ADMM_ITER round=0/0 iteration=34775/100000 objective=0.00067097324156771315 r=5.02457e-09/1.10676e-08 s=0.328844/0.000344845 projection_inf=9.5377e-17 rho=1e+08 support=413/12248
ADMM_ITER round=0/0 iteration=34800/100000 objective=0.00067143505231329309 r=4.99339e-09/1.10676e-08 s=0.33262/0.0003449 projection_inf=8.96458e-17 rho=1e+08 support=412/12248
ADMM_ITER round=0/0 iteration=34825/100000 objective=0.00067191063152210627 r=4.9654e-09/1.10676e-08 s=0.335914/0.000344954 projection_inf=1.04393e-16 rho=1e+08 support=413/12248
ADMM_ITER round=0/0 iteration=34850/100000 objective=0.0006723932706395201 r=4.94752e-09/1.10676e-08 s=0.337708/0.000345008 projection_inf=9.54699e-17 rho=1e+08 support=414/12248
ADMM_ITER round=0/0 iteration=34875/100000 objective=0.00067286893256321206 r=4.91597e-09/1.10676e-08 s=0.341481/0.000345062 projection_inf=1.0688e-16 rho=1e+08 support=414/12248
ADMM_ITER round=0/0 iteration=34900/100000 objective=0.00067333011908438567 r=4.89083e-09/1.10676e-08 s=0.344273/0.000345115 projection_inf=1.0194e-16 rho=1e+08 support=415/12248
ADMM_ITER round=0/0 iteration=34925/100000 objective=0.0006737661325632191 r=4.88329e-09/1.10676e-08 s=0.344563/0.000345168 projection_inf=9.74807e-17 rho=1e+08 support=415/12248
ADMM_ITER round=0/0 iteration=34950/100000 objective=0.00067417491240534771 r=4.87097e-09/1.10676e-08 s=0.345489/0.000345221 projection_inf=9.02395e-17 rho=1e+08 support=414/12248
ADMM_ITER round=0/0 iteration=34975/100000 objective=0.00067455726133393323 r=4.8463e-09/1.10676e-08 s=0.348019/0.000345273 projection_inf=9.27405e-17 rho=1e+08 support=414/12248
ADMM_ITER round=0/0 iteration=35000/100000 objective=0.00067490919183509947 r=4.81941e-09/1.10676e-08 s=0.350974/0.000345325 projection_inf=1.04098e-16 rho=1e+08 support=414/12248
ADMM_ITER round=0/0 iteration=35025/100000 objective=0.00067524729560953698 r=4.84588e-09/1.10676e-08 s=0.34657/0.000345377 projection_inf=9.72495e-17 rho=1e+08 support=414/12248
ADMM_ITER round=0/0 iteration=35050/100000 objective=0.00067557331382998669 r=4.92509e-09/1.10676e-08 s=0.334472/0.000345429 projection_inf=9.70545e-17 rho=1e+08 support=414/12248
ADMM_ITER round=0/0 iteration=35075/100000 objective=0.00067588618033794369 r=4.97784e-09/1.10676e-08 s=0.325822/0.000345481 projection_inf=9.41845e-17 rho=1e+08 support=414/12248
ADMM_ITER round=0/0 iteration=35100/100000 objective=0.00067618530649608084 r=4.98586e-09/1.10676e-08 s=0.323854/0.000345532 projection_inf=9.45523e-17 rho=1e+08 support=414/12248
ADMM_ITER round=0/0 iteration=35125/100000 objective=0.00067647842192944613 r=4.9799e-09/1.10676e-08 s=0.323975/0.000345583 projection_inf=9.01667e-17 rho=1e+08 support=415/12248
ADMM_ITER round=0/0 iteration=35150/100000 objective=0.00067677460918994892 r=4.96844e-09/1.10676e-08 s=0.324004/0.000345634 projection_inf=9.25184e-17 rho=1e+08 support=413/12248
ADMM_ITER round=0/0 iteration=35175/100000 objective=0.00067709273621137324 r=4.94662e-09/1.10676e-08 s=0.326249/0.000345685 projection_inf=9.4087e-17 rho=1e+08 support=413/12248
ADMM_ITER round=0/0 iteration=35200/100000 objective=0.00067744828805913577 r=4.91326e-09/1.10676e-08 s=0.330378/0.000345735 projection_inf=9.46738e-17 rho=1e+08 support=414/12248
ADMM_ITER round=0/0 iteration=35225/100000 objective=0.00067784666534026884 r=4.88477e-09/1.10676e-08 s=0.333771/0.000345785 projection_inf=8.65101e-17 rho=1e+08 support=414/12248
ADMM_ITER round=0/0 iteration=35250/100000 objective=0.00067827589570720024 r=4.88623e-09/1.10676e-08 s=0.332785/0.000345835 projection_inf=9.54346e-17 rho=1e+08 support=414/12248
ADMM_ITER round=0/0 iteration=35275/100000 objective=0.00067872615744985279 r=4.88729e-09/1.10676e-08 s=0.331875/0.000345885 projection_inf=9.7619e-17 rho=1e+08 support=414/12248
ADMM_ITER round=0/0 iteration=35300/100000 objective=0.00067919135337818218 r=4.85903e-09/1.10676e-08 s=0.335231/0.000345934 projection_inf=9.89644e-17 rho=1e+08 support=415/12248
ADMM_ITER round=0/0 iteration=35325/100000 objective=0.00067965678419814896 r=4.83004e-09/1.10676e-08 s=0.33866/0.000345983 projection_inf=9.49688e-17 rho=1e+08 support=415/12248
ADMM_ITER round=0/0 iteration=35350/100000 objective=0.00068011349408538186 r=4.8307e-09/1.10676e-08 s=0.337846/0.000346032 projection_inf=1.00359e-16 rho=1e+08 support=415/12248
ADMM_ITER round=0/0 iteration=35375/100000 objective=0.00068054691142065387 r=4.85292e-09/1.10676e-08 s=0.333936/0.00034608 projection_inf=9.42828e-17 rho=1e+08 support=415/12248
ADMM_ITER round=0/0 iteration=35400/100000 objective=0.00068094850593431204 r=4.87212e-09/1.10676e-08 s=0.330424/0.000346128 projection_inf=9.87899e-17 rho=1e+08 support=415/12248
ADMM_ITER round=0/0 iteration=35425/100000 objective=0.00068132348639725999 r=4.8781e-09/1.10676e-08 s=0.328846/0.000346176 projection_inf=1.00905e-16 rho=1e+08 support=415/12248
ADMM_ITER round=0/0 iteration=35450/100000 objective=0.00068167645184364148 r=4.87175e-09/1.10676e-08 s=0.329106/0.000346224 projection_inf=9.31971e-17 rho=1e+08 support=415/12248
ADMM_ITER round=0/0 iteration=35475/100000 objective=0.00068201665854675665 r=4.85526e-09/1.10676e-08 s=0.330868/0.000346271 projection_inf=9.32516e-17 rho=1e+08 support=415/12248
ADMM_ITER round=0/0 iteration=35500/100000 objective=0.00068235043428243908 r=4.82038e-09/1.10676e-08 s=0.335284/0.000346318 projection_inf=1.01438e-16 rho=1e+08 support=415/12248
ADMM_ITER round=0/0 iteration=35525/100000 objective=0.00068268430656936801 r=4.75245e-09/1.10676e-08 s=0.343514/0.000346365 projection_inf=1.01932e-16 rho=1e+08 support=414/12248
ADMM_ITER round=0/0 iteration=35550/100000 objective=0.00068302933905503582 r=4.65826e-09/1.10676e-08 s=0.355462/0.000346412 projection_inf=9.91717e-17 rho=1e+08 support=414/12248
ADMM_ITER round=0/0 iteration=35575/100000 objective=0.00068341428603347731 r=4.59599e-09/1.10676e-08 s=0.360997/0.000346458 projection_inf=9.72587e-17 rho=1e+08 support=413/12248
ADMM_ITER round=0/0 iteration=35600/100000 objective=0.00068384107160383368 r=4.58655e-09/1.10676e-08 s=0.361173/0.000346504 projection_inf=1.03595e-16 rho=1e+08 support=413/12248
ADMM_ITER round=0/0 iteration=35625/100000 objective=0.00068430773020054987 r=4.59915e-09/1.10676e-08 s=0.358751/0.00034655 projection_inf=9.42625e-17 rho=1e+08 support=413/12248
ADMM_ITER round=0/0 iteration=35650/100000 objective=0.0006847956423000238 r=4.61855e-09/1.10676e-08 s=0.355505/0.000346596 projection_inf=1.10684e-16 rho=1e+08 support=413/12248
ADMM_ITER round=0/0 iteration=35675/100000 objective=0.00068530077015941889 r=4.6751e-09/1.10676e-08 s=0.343338/0.000346641 projection_inf=9.25517e-17 rho=1e+08 support=412/12248
ADMM_ITER round=0/0 iteration=35700/100000 objective=0.00068581799579587265 r=4.71579e-09/1.10676e-08 s=0.336008/0.000346686 projection_inf=1.02733e-16 rho=1e+08 support=411/12248
ADMM_ITER round=0/0 iteration=35725/100000 objective=0.00068632964729195415 r=4.73922e-09/1.10676e-08 s=0.331386/0.00034673 projection_inf=9.80462e-17 rho=1e+08 support=411/12248
ADMM_ITER round=0/0 iteration=35750/100000 objective=0.00068685151291594587 r=4.74572e-09/1.10676e-08 s=0.329273/0.000346774 projection_inf=9.37031e-17 rho=1e+08 support=412/12248
ADMM_ITER round=0/0 iteration=35775/100000 objective=0.0006873771087261227 r=4.73901e-09/1.10676e-08 s=0.329152/0.000346818 projection_inf=1.11421e-16 rho=1e+08 support=413/12248
ADMM_ITER round=0/0 iteration=35800/100000 objective=0.00068789139017948631 r=4.70197e-09/1.10676e-08 s=0.333389/0.000346861 projection_inf=9.65038e-17 rho=1e+08 support=414/12248
ADMM_ITER round=0/0 iteration=35825/100000 objective=0.00068838802702166654 r=4.64558e-09/1.10676e-08 s=0.34026/0.000346904 projection_inf=9.65473e-17 rho=1e+08 support=414/12248
ADMM_ITER round=0/0 iteration=35850/100000 objective=0.00068884038345589163 r=4.60171e-09/1.10676e-08 s=0.345291/0.000346947 projection_inf=1.15453e-16 rho=1e+08 support=414/12248
ADMM_ITER round=0/0 iteration=35875/100000 objective=0.00068922201741801806 r=4.56536e-09/1.10676e-08 s=0.349254/0.000346989 projection_inf=9.10144e-17 rho=1e+08 support=414/12248
ADMM_ITER round=0/0 iteration=35900/100000 objective=0.00068953132891353222 r=4.52999e-09/1.10676e-08 s=0.353042/0.000347031 projection_inf=9.92495e-17 rho=1e+08 support=414/12248
ADMM_ITER round=0/0 iteration=35925/100000 objective=0.00068976866683116895 r=4.48217e-09/1.10676e-08 s=0.358347/0.000347073 projection_inf=9.57472e-17 rho=1e+08 support=414/12248
ADMM_ITER round=0/0 iteration=35950/100000 objective=0.00068994225874840977 r=4.45948e-09/1.10676e-08 s=0.360449/0.000347115 projection_inf=9.94312e-17 rho=1e+08 support=414/12248
ADMM_ITER round=0/0 iteration=35975/100000 objective=0.00069008636715226965 r=4.45043e-09/1.10676e-08 s=0.360871/0.000347157 projection_inf=9.76037e-17 rho=1e+08 support=414/12248
ADMM_ITER round=0/0 iteration=36000/100000 objective=0.00069023288721543441 r=4.42363e-09/1.10676e-08 s=0.363481/0.000347198 projection_inf=9.71031e-17 rho=1e+08 support=414/12248
ADMM_ITER round=0/0 iteration=36025/100000 objective=0.00069039302808709003 r=4.40388e-09/1.10676e-08 s=0.365222/0.00034724 projection_inf=1.03704e-16 rho=1e+08 support=414/12248
ADMM_ITER round=0/0 iteration=36050/100000 objective=0.00069057018018357449 r=4.4055e-09/1.10676e-08 s=0.364365/0.000347281 projection_inf=1.08926e-16 rho=1e+08 support=413/12248
ADMM_ITER round=0/0 iteration=36075/100000 objective=0.00069075389812429087 r=4.43707e-09/1.10676e-08 s=0.359874/0.000347323 projection_inf=9.30037e-17 rho=1e+08 support=413/12248
ADMM_ITER round=0/0 iteration=36100/100000 objective=0.00069094497040697068 r=4.48654e-09/1.10676e-08 s=0.353053/0.000347364 projection_inf=1.11863e-16 rho=1e+08 support=413/12248
ADMM_ITER round=0/0 iteration=36125/100000 objective=0.00069115365054399488 r=4.5419e-09/1.10676e-08 s=0.345267/0.000347405 projection_inf=1.01848e-16 rho=1e+08 support=413/12248
ADMM_ITER round=0/0 iteration=36150/100000 objective=0.00069138001044878584 r=4.6024e-09/1.10676e-08 s=0.336524/0.000347445 projection_inf=9.21919e-17 rho=1e+08 support=412/12248
ADMM_ITER round=0/0 iteration=36175/100000 objective=0.00069160964916241614 r=4.67964e-09/1.10676e-08 s=0.322109/0.000347486 projection_inf=1.14533e-16 rho=1e+08 support=412/12248
ADMM_ITER round=0/0 iteration=36200/100000 objective=0.00069184369367294161 r=4.71711e-09/1.10676e-08 s=0.31383/0.000347527 projection_inf=9.31508e-17 rho=1e+08 support=411/12248
ADMM_ITER round=0/0 iteration=36225/100000 objective=0.00069206704872974202 r=4.73046e-09/1.10676e-08 s=0.310233/0.000347567 projection_inf=1.05688e-16 rho=1e+08 support=411/12248
ADMM_ITER round=0/0 iteration=36250/100000 objective=0.00069228321891492495 r=4.74498e-09/1.10676e-08 s=0.306797/0.000347607 projection_inf=9.18005e-17 rho=1e+08 support=411/12248
ADMM_ITER round=0/0 iteration=36275/100000 objective=0.00069247757758400085 r=4.74418e-09/1.10676e-08 s=0.305851/0.000347648 projection_inf=1.02799e-16 rho=1e+08 support=411/12248
ADMM_ITER round=0/0 iteration=36300/100000 objective=0.0006926333838406149 r=4.72314e-09/1.10676e-08 s=0.308118/0.000347688 projection_inf=1.00036e-16 rho=1e+08 support=411/12248
ADMM_ITER round=0/0 iteration=36325/100000 objective=0.00069274672995782416 r=4.6999e-09/1.10676e-08 s=0.310752/0.000347728 projection_inf=9.91099e-17 rho=1e+08 support=411/12248
ADMM_ITER round=0/0 iteration=36350/100000 objective=0.00069283412166448494 r=4.69777e-09/1.10676e-08 s=0.310219/0.000347767 projection_inf=9.21359e-17 rho=1e+08 support=411/12248
ADMM_ITER round=0/0 iteration=36375/100000 objective=0.00069291623668512443 r=4.71907e-09/1.10676e-08 s=0.306142/0.000347807 projection_inf=1.02572e-16 rho=1e+08 support=411/12248
ADMM_ITER round=0/0 iteration=36400/100000 objective=0.00069300517668047527 r=4.72687e-09/1.10676e-08 s=0.304138/0.000347847 projection_inf=1.05847e-16 rho=1e+08 support=411/12248
ADMM_ITER round=0/0 iteration=36425/100000 objective=0.00069309898750787437 r=4.72125e-09/1.10676e-08 s=0.304238/0.000347887 projection_inf=9.29589e-17 rho=1e+08 support=411/12248
ADMM_ITER round=0/0 iteration=36450/100000 objective=0.00069318527484635609 r=4.71757e-09/1.10676e-08 s=0.303958/0.000347927 projection_inf=9.39137e-17 rho=1e+08 support=413/12248
ADMM_ITER round=0/0 iteration=36475/100000 objective=0.00069325195499797662 r=4.71906e-09/1.10676e-08 s=0.302955/0.000347966 projection_inf=9.56385e-17 rho=1e+08 support=413/12248
ADMM_ITER round=0/0 iteration=36500/100000 objective=0.00069331483756785957 r=4.72028e-09/1.10676e-08 s=0.302031/0.000348006 projection_inf=1.01394e-16 rho=1e+08 support=413/12248
ADMM_ITER round=0/0 iteration=36525/100000 objective=0.000693379462263759 r=4.71161e-09/1.10676e-08 s=0.302672/0.000348046 projection_inf=9.73364e-17 rho=1e+08 support=413/12248
ADMM_ITER round=0/0 iteration=36550/100000 objective=0.00069343662151573392 r=4.70192e-09/1.10676e-08 s=0.303445/0.000348085 projection_inf=9.86796e-17 rho=1e+08 support=414/12248
ADMM_ITER round=0/0 iteration=36575/100000 objective=0.00069348815195377847 r=4.68873e-09/1.10676e-08 s=0.304745/0.000348125 projection_inf=9.79406e-17 rho=1e+08 support=414/12248
ADMM_ITER round=0/0 iteration=36600/100000 objective=0.00069355154962308233 r=4.6755e-09/1.10676e-08 s=0.304146/0.000348164 projection_inf=9.54093e-17 rho=1e+08 support=412/12248
ADMM_ITER round=0/0 iteration=36625/100000 objective=0.00069361121102837523 r=4.65638e-09/1.10676e-08 s=0.306099/0.000348204 projection_inf=9.78003e-17 rho=1e+08 support=412/12248
ADMM_ITER round=0/0 iteration=36650/100000 objective=0.00069367229953933983 r=4.65452e-09/1.10676e-08 s=0.30553/0.000348243 projection_inf=1.02525e-16 rho=1e+08 support=412/12248
ADMM_ITER round=0/0 iteration=36675/100000 objective=0.00069373530498068655 r=4.63801e-09/1.10676e-08 s=0.307248/0.000348283 projection_inf=1.02848e-16 rho=1e+08 support=412/12248
ADMM_ITER round=0/0 iteration=36700/100000 objective=0.00069380737949110364 r=4.60187e-09/1.10676e-08 s=0.311904/0.000348322 projection_inf=1.03224e-16 rho=1e+08 support=412/12248
ADMM_ITER round=0/0 iteration=36725/100000 objective=0.00069388452882145394 r=4.58072e-09/1.10676e-08 s=0.314308/0.000348362 projection_inf=9.24572e-17 rho=1e+08 support=412/12248
ADMM_ITER round=0/0 iteration=36750/100000 objective=0.00069395961531219493 r=4.57129e-09/1.10676e-08 s=0.315006/0.000348401 projection_inf=1.05761e-16 rho=1e+08 support=413/12248
ADMM_ITER round=0/0 iteration=36775/100000 objective=0.00069403558096700288 r=4.57384e-09/1.10676e-08 s=0.313982/0.00034844 projection_inf=9.67616e-17 rho=1e+08 support=413/12248
ADMM_ITER round=0/0 iteration=36800/100000 objective=0.0006941098698964789 r=4.58578e-09/1.10676e-08 s=0.311597/0.00034848 projection_inf=9.64086e-17 rho=1e+08 support=413/12248
ADMM_ITER round=0/0 iteration=36825/100000 objective=0.00069417583316081909 r=4.60147e-09/1.10676e-08 s=0.308647/0.000348519 projection_inf=9.84359e-17 rho=1e+08 support=413/12248
ADMM_ITER round=0/0 iteration=36850/100000 objective=0.0006942358371288675 r=4.61323e-09/1.10676e-08 s=0.306268/0.000348558 projection_inf=9.68363e-17 rho=1e+08 support=413/12248
ADMM_ITER round=0/0 iteration=36875/100000 objective=0.00069429408346618538 r=4.61838e-09/1.10676e-08 s=0.304741/0.000348597 projection_inf=9.87457e-17 rho=1e+08 support=412/12248
ADMM_ITER round=0/0 iteration=36900/100000 objective=0.00069435369218972447 r=4.63227e-09/1.10676e-08 s=0.301696/0.000348637 projection_inf=9.53292e-17 rho=1e+08 support=411/12248
ADMM_ITER round=0/0 iteration=36925/100000 objective=0.00069441089619426291 r=4.65381e-09/1.10676e-08 s=0.296965/0.000348676 projection_inf=9.15221e-17 rho=1e+08 support=410/12248
ADMM_ITER round=0/0 iteration=36950/100000 objective=0.00069447645111467976 r=4.6515e-09/1.10676e-08 s=0.295381/0.000348715 projection_inf=8.81186e-17 rho=1e+08 support=409/12248
ADMM_ITER round=0/0 iteration=36975/100000 objective=0.00069455484916919493 r=4.62131e-09/1.10676e-08 s=0.298836/0.000348754 projection_inf=9.62431e-17 rho=1e+08 support=410/12248
ADMM_ITER round=0/0 iteration=37000/100000 objective=0.00069466150708148472 r=4.56109e-09/1.10676e-08 s=0.306989/0.000348793 projection_inf=9.49729e-17 rho=1e+08 support=410/12248
ADMM_ITER round=0/0 iteration=37025/100000 objective=0.0006947875647503295 r=4.50614e-09/1.10676e-08 s=0.314163/0.000348832 projection_inf=9.36318e-17 rho=1e+08 support=410/12248
ADMM_ITER round=0/0 iteration=37050/100000 objective=0.00069490315566753829 r=4.47146e-09/1.10676e-08 s=0.318278/0.000348871 projection_inf=1.00404e-16 rho=1e+08 support=411/12248
ADMM_ITER round=0/0 iteration=37075/100000 objective=0.00069500216904678559 r=4.45777e-09/1.10676e-08 s=0.319415/0.00034891 projection_inf=1.03472e-16 rho=1e+08 support=411/12248
ADMM_ITER round=0/0 iteration=37100/100000 objective=0.00069509281939119912 r=4.48398e-09/1.10676e-08 s=0.314985/0.000348949 projection_inf=1.10111e-16 rho=1e+08 support=411/12248
ADMM_ITER round=0/0 iteration=37125/100000 objective=0.00069516917481762754 r=4.53458e-09/1.10676e-08 s=0.306931/0.000348987 projection_inf=8.645e-17 rho=1e+08 support=411/12248
ADMM_ITER round=0/0 iteration=37150/100000 objective=0.00069522832082655477 r=4.55218e-09/1.10676e-08 s=0.303611/0.000349026 projection_inf=9.96707e-17 rho=1e+08 support=411/12248
ADMM_ITER round=0/0 iteration=37175/100000 objective=0.00069525878737080249 r=4.52883e-09/1.10676e-08 s=0.30633/0.000349065 projection_inf=9.34679e-17 rho=1e+08 support=412/12248
ADMM_ITER round=0/0 iteration=37200/100000 objective=0.00069526196825275735 r=4.49582e-09/1.10676e-08 s=0.310448/0.000349103 projection_inf=9.43311e-17 rho=1e+08 support=412/12248
ADMM_ITER round=0/0 iteration=37225/100000 objective=0.00069525106786212426 r=4.46988e-09/1.10676e-08 s=0.313497/0.000349142 projection_inf=1.03502e-16 rho=1e+08 support=412/12248
ADMM_ITER round=0/0 iteration=37250/100000 objective=0.00069525249523399329 r=4.44528e-09/1.10676e-08 s=0.316329/0.000349181 projection_inf=1.00986e-16 rho=1e+08 support=412/12248
ADMM_ITER round=0/0 iteration=37275/100000 objective=0.00069529165988238897 r=4.42532e-09/1.10676e-08 s=0.318484/0.00034922 projection_inf=1.08562e-16 rho=1e+08 support=413/12248
ADMM_ITER round=0/0 iteration=37300/100000 objective=0.00069537652025295307 r=4.40361e-09/1.10676e-08 s=0.320861/0.000349258 projection_inf=9.97155e-17 rho=1e+08 support=413/12248
ADMM_ITER round=0/0 iteration=37325/100000 objective=0.00069549225894438918 r=4.37135e-09/1.10676e-08 s=0.324647/0.000349297 projection_inf=8.53934e-17 rho=1e+08 support=413/12248
ADMM_ITER round=0/0 iteration=37350/100000 objective=0.00069562081004006029 r=4.33803e-09/1.10676e-08 s=0.328512/0.000349335 projection_inf=1.0252e-16 rho=1e+08 support=413/12248
ADMM_ITER round=0/0 iteration=37375/100000 objective=0.00069575155107233022 r=4.31881e-09/1.10676e-08 s=0.33034/0.000349374 projection_inf=1.03824e-16 rho=1e+08 support=412/12248
ADMM_ITER round=0/0 iteration=37400/100000 objective=0.00069587441616159355 r=4.32478e-09/1.10676e-08 s=0.328988/0.000349412 projection_inf=9.51804e-17 rho=1e+08 support=412/12248
ADMM_ITER round=0/0 iteration=37425/100000 objective=0.00069598461131354424 r=4.35357e-09/1.10676e-08 s=0.324609/0.000349451 projection_inf=1.06003e-16 rho=1e+08 support=412/12248
ADMM_ITER round=0/0 iteration=37450/100000 objective=0.00069607765001477272 r=4.39798e-09/1.10676e-08 s=0.318008/0.000349489 projection_inf=1.02013e-16 rho=1e+08 support=412/12248
ADMM_ITER round=0/0 iteration=37475/100000 objective=0.00069614669633401923 r=4.42369e-09/1.10676e-08 s=0.313865/0.000349527 projection_inf=9.55745e-17 rho=1e+08 support=412/12248
ADMM_ITER round=0/0 iteration=37500/100000 objective=0.00069618279686286383 r=4.39546e-09/1.10676e-08 s=0.317251/0.000349565 projection_inf=1.0429e-16 rho=1e+08 support=413/12248
ADMM_ITER round=0/0 iteration=37525/100000 objective=0.00069618376347802544 r=4.33162e-09/1.10676e-08 s=0.325385/0.000349604 projection_inf=9.57833e-17 rho=1e+08 support=413/12248
ADMM_ITER round=0/0 iteration=37550/100000 objective=0.00069615485556421609 r=4.26812e-09/1.10676e-08 s=0.333163/0.000349642 projection_inf=1.03438e-16 rho=1e+08 support=413/12248
ADMM_ITER round=0/0 iteration=37575/100000 objective=0.00069610268729676224 r=4.21861e-09/1.10676e-08 s=0.33892/0.00034968 projection_inf=9.80476e-17 rho=1e+08 support=413/12248
ADMM_ITER round=0/0 iteration=37600/100000 objective=0.00069603411532944597 r=4.19337e-09/1.10676e-08 s=0.341558/0.000349718 projection_inf=9.78251e-17 rho=1e+08 support=413/12248
ADMM_ITER round=0/0 iteration=37625/100000 objective=0.00069596837077079247 r=4.19414e-09/1.10676e-08 s=0.340991/0.000349757 projection_inf=9.403e-17 rho=1e+08 support=413/12248
ADMM_ITER round=0/0 iteration=37650/100000 objective=0.00069592380657154597 r=4.2093e-09/1.10676e-08 s=0.338648/0.000349795 projection_inf=1.14245e-16 rho=1e+08 support=413/12248
ADMM_ITER round=0/0 iteration=37675/100000 objective=0.00069591270981780211 r=4.24747e-09/1.10676e-08 s=0.332106/0.000349834 projection_inf=1.08352e-16 rho=1e+08 support=412/12248
ADMM_ITER round=0/0 iteration=37700/100000 objective=0.00069594382215335047 r=4.29822e-09/1.10676e-08 s=0.324639/0.000349872 projection_inf=9.15613e-17 rho=1e+08 support=412/12248
ADMM_ITER round=0/0 iteration=37725/100000 objective=0.00069601635995220827 r=4.32397e-09/1.10676e-08 s=0.320496/0.00034991 projection_inf=1.0381e-16 rho=1e+08 support=412/12248
ADMM_ITER round=0/0 iteration=37750/100000 objective=0.00069612485770883365 r=4.33442e-09/1.10676e-08 s=0.317409/0.000349949 projection_inf=9.75057e-17 rho=1e+08 support=411/12248
ADMM_ITER round=0/0 iteration=37775/100000 objective=0.00069625189175600015 r=4.33686e-09/1.10676e-08 s=0.316109/0.000349987 projection_inf=9.04246e-17 rho=1e+08 support=411/12248
ADMM_ITER round=0/0 iteration=37800/100000 objective=0.00069638088853613196 r=4.34001e-09/1.10676e-08 s=0.314775/0.000350025 projection_inf=9.73764e-17 rho=1e+08 support=410/12248
ADMM_ITER round=0/0 iteration=37825/100000 objective=0.00069650732531213321 r=4.34037e-09/1.10676e-08 s=0.31393/0.000350063 projection_inf=1.07879e-16 rho=1e+08 support=411/12248
ADMM_ITER round=0/0 iteration=37850/100000 objective=0.00069662638394307286 r=4.32924e-09/1.10676e-08 s=0.314733/0.000350101 projection_inf=1.04193e-16 rho=1e+08 support=411/12248
ADMM_ITER round=0/0 iteration=37875/100000 objective=0.00069672840870676144 r=4.32364e-09/1.10676e-08 s=0.313424/0.000350139 projection_inf=9.75683e-17 rho=1e+08 support=413/12248
ADMM_ITER round=0/0 iteration=37900/100000 objective=0.00069681253945379868 r=4.31038e-09/1.10676e-08 s=0.31282/0.000350177 projection_inf=1.10821e-16 rho=1e+08 support=411/12248
ADMM_ITER round=0/0 iteration=37925/100000 objective=0.00069686980035110898 r=4.31637e-09/1.10676e-08 s=0.310401/0.000350215 projection_inf=1.07042e-16 rho=1e+08 support=411/12248
ADMM_ITER round=0/0 iteration=37950/100000 objective=0.00069688689485453549 r=4.30845e-09/1.10676e-08 s=0.310267/0.000350253 projection_inf=1.07749e-16 rho=1e+08 support=411/12248
ADMM_ITER round=0/0 iteration=37975/100000 objective=0.00069685120133194077 r=4.3038e-09/1.10676e-08 s=0.309811/0.000350291 projection_inf=9.94948e-17 rho=1e+08 support=411/12248
ADMM_ITER round=0/0 iteration=38000/100000 objective=0.0006967960880385225 r=4.30839e-09/1.10676e-08 s=0.308151/0.000350329 projection_inf=9.80976e-17 rho=1e+08 support=411/12248
ADMM_ITER round=0/0 iteration=38025/100000 objective=0.00069673403149063493 r=4.29608e-09/1.10676e-08 s=0.30885/0.000350367 projection_inf=1.06107e-16 rho=1e+08 support=412/12248
ADMM_ITER round=0/0 iteration=38050/100000 objective=0.00069666933947677462 r=4.27683e-09/1.10676e-08 s=0.31054/0.000350405 projection_inf=1.09868e-16 rho=1e+08 support=412/12248
ADMM_ITER round=0/0 iteration=38075/100000 objective=0.00069659897452178292 r=4.31655e-09/1.10676e-08 s=0.302209/0.000350443 projection_inf=1.09221e-16 rho=1e+08 support=411/12248
ADMM_ITER round=0/0 iteration=38100/100000 objective=0.00069652470287460261 r=4.37288e-09/1.10676e-08 s=0.292511/0.000350481 projection_inf=9.47961e-17 rho=1e+08 support=411/12248
ADMM_ITER round=0/0 iteration=38125/100000 objective=0.00069643987850163003 r=4.41164e-09/1.10676e-08 s=0.285416/0.000350519 projection_inf=9.76005e-17 rho=1e+08 support=411/12248
ADMM_ITER round=0/0 iteration=38150/100000 objective=0.00069634914552533806 r=4.43703e-09/1.10676e-08 s=0.280333/0.000350558 projection_inf=9.73371e-17 rho=1e+08 support=411/12248
ADMM_ITER round=0/0 iteration=38175/100000 objective=0.00069628146310583741 r=4.45465e-09/1.10676e-08 s=0.275982/0.000350596 projection_inf=8.98754e-17 rho=1e+08 support=409/12248
ADMM_ITER round=0/0 iteration=38200/100000 objective=0.00069627511335404978 r=4.46406e-09/1.10676e-08 s=0.273212/0.000350635 projection_inf=1.05328e-16 rho=1e+08 support=410/12248
ADMM_ITER round=0/0 iteration=38225/100000 objective=0.00069633764621203798 r=4.48913e-09/1.10676e-08 s=0.267925/0.000350673 projection_inf=1.0095e-16 rho=1e+08 support=410/12248
ADMM_ITER round=0/0 iteration=38250/100000 objective=0.000696449332209422 r=4.49279e-09/1.10676e-08 s=0.266225/0.000350711 projection_inf=1.02377e-16 rho=1e+08 support=410/12248
ADMM_ITER round=0/0 iteration=38275/100000 objective=0.00069660207789274872 r=4.46769e-09/1.10676e-08 s=0.269306/0.00035075 projection_inf=1.18075e-16 rho=1e+08 support=411/12248
ADMM_ITER round=0/0 iteration=38300/100000 objective=0.00069678108940239526 r=4.413e-09/1.10676e-08 s=0.277109/0.000350788 projection_inf=8.83178e-17 rho=1e+08 support=411/12248
ADMM_ITER round=0/0 iteration=38325/100000 objective=0.0006969584605465291 r=4.36369e-09/1.10676e-08 s=0.283823/0.000350826 projection_inf=9.83621e-17 rho=1e+08 support=411/12248
ADMM_ITER round=0/0 iteration=38350/100000 objective=0.00069712193899372596 r=4.33717e-09/1.10676e-08 s=0.286923/0.000350864 projection_inf=9.82483e-17 rho=1e+08 support=411/12248
ADMM_ITER round=0/0 iteration=38375/100000 objective=0.00069726092032713427 r=4.34327e-09/1.10676e-08 s=0.285089/0.000350902 projection_inf=1.00121e-16 rho=1e+08 support=411/12248
ADMM_ITER round=0/0 iteration=38400/100000 objective=0.0006973626376096016 r=4.36783e-09/1.10676e-08 s=0.280414/0.00035094 projection_inf=1.07858e-16 rho=1e+08 support=411/12248
ADMM_ITER round=0/0 iteration=38425/100000 objective=0.00069743302947636906 r=4.40146e-09/1.10676e-08 s=0.274212/0.000350978 projection_inf=8.82729e-17 rho=1e+08 support=411/12248
ADMM_ITER round=0/0 iteration=38450/100000 objective=0.00069749980466415949 r=4.44669e-09/1.10676e-08 s=0.265919/0.000351015 projection_inf=9.32173e-17 rho=1e+08 support=411/12248
ADMM_ITER round=0/0 iteration=38475/100000 objective=0.00069759091357258845 r=4.47826e-09/1.10676e-08 s=0.259595/0.000351053 projection_inf=9.92482e-17 rho=1e+08 support=412/12248
ADMM_ITER round=0/0 iteration=38500/100000 objective=0.00069771023920743428 r=4.46997e-09/1.10676e-08 s=0.260086/0.000351091 projection_inf=1.08788e-16 rho=1e+08 support=412/12248
ADMM_ITER round=0/0 iteration=38525/100000 objective=0.00069785081311460361 r=4.42175e-09/1.10676e-08 s=0.267321/0.000351128 projection_inf=9.61041e-17 rho=1e+08 support=412/12248
ADMM_ITER round=0/0 iteration=38550/100000 objective=0.0006980123681944294 r=4.3454e-09/1.10676e-08 s=0.278739/0.000351166 projection_inf=1.09361e-16 rho=1e+08 support=411/12248
ADMM_ITER round=0/0 iteration=38575/100000 objective=0.00069818661135121287 r=4.25139e-09/1.10676e-08 s=0.291985/0.000351203 projection_inf=9.55196e-17 rho=1e+08 support=411/12248
ADMM_ITER round=0/0 iteration=38600/100000 objective=0.00069835768997785668 r=4.1723e-09/1.10676e-08 s=0.30193/0.00035124 projection_inf=9.27312e-17 rho=1e+08 support=410/12248
ADMM_ITER round=0/0 iteration=38625/100000 objective=0.00069852443431667329 r=4.11434e-09/1.10676e-08 s=0.307672/0.000351278 projection_inf=9.40409e-17 rho=1e+08 support=411/12248
ADMM_ITER round=0/0 iteration=38650/100000 objective=0.00069869607096144219 r=4.06909e-09/1.10676e-08 s=0.312272/0.000351315 projection_inf=9.86845e-17 rho=1e+08 support=411/12248
ADMM_ITER round=0/0 iteration=38675/100000 objective=0.00069886401520497107 r=4.0466e-09/1.10676e-08 s=0.314091/0.000351352 projection_inf=1.11643e-16 rho=1e+08 support=411/12248
ADMM_ITER round=0/0 iteration=38700/100000 objective=0.00069900821467562644 r=4.04239e-09/1.10676e-08 s=0.313469/0.000351389 projection_inf=9.34894e-17 rho=1e+08 support=412/12248
ADMM_ITER round=0/0 iteration=38725/100000 objective=0.00069913452682936889 r=4.03611e-09/1.10676e-08 s=0.313263/0.000351425 projection_inf=9.1066e-17 rho=1e+08 support=412/12248
ADMM_ITER round=0/0 iteration=38750/100000 objective=0.00069925445252389852 r=4.05534e-09/1.10676e-08 s=0.309807/0.000351462 projection_inf=1.05011e-16 rho=1e+08 support=412/12248
ADMM_ITER round=0/0 iteration=38775/100000 objective=0.00069938483225082484 r=4.1056e-09/1.10676e-08 s=0.302147/0.000351499 projection_inf=9.77965e-17 rho=1e+08 support=413/12248
ADMM_ITER round=0/0 iteration=38800/100000 objective=0.00069952778203665996 r=4.18963e-09/1.10676e-08 s=0.289403/0.000351535 projection_inf=1.06257e-16 rho=1e+08 support=415/12248
ADMM_ITER round=0/0 iteration=38825/100000 objective=0.0006996808610564817 r=4.27916e-09/1.10676e-08 s=0.274974/0.000351572 projection_inf=1.0708e-16 rho=1e+08 support=416/12248
ADMM_ITER round=0/0 iteration=38850/100000 objective=0.00069982382370744819 r=4.34712e-09/1.10676e-08 s=0.263081/0.000351608 projection_inf=9.99737e-17 rho=1e+08 support=416/12248
ADMM_ITER round=0/0 iteration=38875/100000 objective=0.000699951591080789 r=4.38264e-09/1.10676e-08 s=0.25611/0.000351644 projection_inf=1.00812e-16 rho=1e+08 support=416/12248
ADMM_ITER round=0/0 iteration=38900/100000 objective=0.00070006617616019716 r=4.36501e-09/1.10676e-08 s=0.25813/0.00035168 projection_inf=1.03451e-16 rho=1e+08 support=416/12248
ADMM_ITER round=0/0 iteration=38925/100000 objective=0.00070016352419675963 r=4.31636e-09/1.10676e-08 s=0.265265/0.000351716 projection_inf=9.17693e-17 rho=1e+08 support=416/12248
ADMM_ITER round=0/0 iteration=38950/100000 objective=0.00070023295570304401 r=4.24459e-09/1.10676e-08 s=0.275741/0.000351753 projection_inf=1.0552e-16 rho=1e+08 support=416/12248
ADMM_ITER round=0/0 iteration=38975/100000 objective=0.00070027078114798464 r=4.13875e-09/1.10676e-08 s=0.290586/0.000351789 projection_inf=1.00253e-16 rho=1e+08 support=416/12248
ADMM_ITER round=0/0 iteration=39000/100000 objective=0.0007002834786804887 r=4.03342e-09/1.10676e-08 s=0.304292/0.000351825 projection_inf=9.26507e-17 rho=1e+08 support=416/12248
ADMM_ITER round=0/0 iteration=39025/100000 objective=0.00070027385457853018 r=3.96572e-09/1.10676e-08 s=0.312352/0.000351861 projection_inf=1.08107e-16 rho=1e+08 support=416/12248
ADMM_ITER round=0/0 iteration=39050/100000 objective=0.00070023920965913864 r=3.92138e-09/1.10676e-08 s=0.316975/0.000351897 projection_inf=9.88021e-17 rho=1e+08 support=415/12248
ADMM_ITER round=0/0 iteration=39075/100000 objective=0.00070017468738624604 r=3.90723e-09/1.10676e-08 s=0.317929/0.000351933 projection_inf=1.03183e-16 rho=1e+08 support=415/12248
ADMM_ITER round=0/0 iteration=39100/100000 objective=0.00070010012504175456 r=3.93443e-09/1.10676e-08 s=0.313839/0.000351969 projection_inf=1.00679e-16 rho=1e+08 support=415/12248
ADMM_ITER round=0/0 iteration=39125/100000 objective=0.00070002944758213402 r=3.96834e-09/1.10676e-08 s=0.308839/0.000352005 projection_inf=9.73965e-17 rho=1e+08 support=415/12248
ADMM_ITER round=0/0 iteration=39150/100000 objective=0.00069998472079163228 r=4.00153e-09/1.10676e-08 s=0.302902/0.000352042 projection_inf=9.84073e-17 rho=1e+08 support=414/12248
ADMM_ITER round=0/0 iteration=39175/100000 objective=0.00069997288826043026 r=4.00866e-09/1.10676e-08 s=0.301007/0.000352078 projection_inf=1.05213e-16 rho=1e+08 support=414/12248
ADMM_ITER round=0/0 iteration=39200/100000 objective=0.00069998535295811627 r=3.97783e-09/1.10676e-08 s=0.304222/0.000352114 projection_inf=9.35929e-17 rho=1e+08 support=414/12248
ADMM_ITER round=0/0 iteration=39225/100000 objective=0.00070002028414386673 r=3.90661e-09/1.10676e-08 s=0.312544/0.000352151 projection_inf=1.07374e-16 rho=1e+08 support=414/12248
ADMM_ITER round=0/0 iteration=39250/100000 objective=0.00070007088182078578 r=3.83846e-09/1.10676e-08 s=0.320153/0.000352187 projection_inf=9.77347e-17 rho=1e+08 support=415/12248
ADMM_ITER round=0/0 iteration=39275/100000 objective=0.00070014179373805027 r=3.8143e-09/1.10676e-08 s=0.322335/0.000352223 projection_inf=9.12182e-17 rho=1e+08 support=415/12248
ADMM_ITER round=0/0 iteration=39300/100000 objective=0.00070023617707237079 r=3.83999e-09/1.10676e-08 s=0.317051/0.000352259 projection_inf=9.35052e-17 rho=1e+08 support=414/12248
ADMM_ITER round=0/0 iteration=39325/100000 objective=0.00070034382422996659 r=3.8813e-09/1.10676e-08 s=0.310564/0.000352295 projection_inf=9.66403e-17 rho=1e+08 support=414/12248
ADMM_ITER round=0/0 iteration=39350/100000 objective=0.00070043570579168097 r=3.93928e-09/1.10676e-08 s=0.302141/0.000352332 projection_inf=9.18057e-17 rho=1e+08 support=414/12248
ADMM_ITER round=0/0 iteration=39375/100000 objective=0.0007004803319087357 r=4.00815e-09/1.10676e-08 s=0.292004/0.000352368 projection_inf=1.02548e-16 rho=1e+08 support=414/12248
ADMM_ITER round=0/0 iteration=39400/100000 objective=0.00070047235379106616 r=4.04784e-09/1.10676e-08 s=0.285585/0.000352404 projection_inf=1.07433e-16 rho=1e+08 support=414/12248
ADMM_ITER round=0/0 iteration=39425/100000 objective=0.00070042470661391479 r=4.04117e-09/1.10676e-08 s=0.285682/0.00035244 projection_inf=1.01621e-16 rho=1e+08 support=414/12248
ADMM_ITER round=0/0 iteration=39450/100000 objective=0.00070034790673569416 r=4.01448e-09/1.10676e-08 s=0.288618/0.000352476 projection_inf=9.09622e-17 rho=1e+08 support=414/12248
ADMM_ITER round=0/0 iteration=39475/100000 objective=0.000700244932033536 r=3.98106e-09/1.10676e-08 s=0.292446/0.000352512 projection_inf=1.04657e-16 rho=1e+08 support=414/12248
ADMM_ITER round=0/0 iteration=39500/100000 objective=0.00070013985328465421 r=3.96627e-09/1.10676e-08 s=0.293711/0.000352548 projection_inf=1.03861e-16 rho=1e+08 support=414/12248
ADMM_ITER round=0/0 iteration=39525/100000 objective=0.00070005584743849947 r=4.00378e-09/1.10676e-08 s=0.287832/0.000352585 projection_inf=9.2818e-17 rho=1e+08 support=415/12248
ADMM_ITER round=0/0 iteration=39550/100000 objective=0.0007000097711182898 r=4.07712e-09/1.10676e-08 s=0.276586/0.000352621 projection_inf=1.03261e-16 rho=1e+08 support=415/12248
ADMM_ITER round=0/0 iteration=39575/100000 objective=0.00070001006514454865 r=4.13813e-09/1.10676e-08 s=0.266605/0.000352657 projection_inf=1.04948e-16 rho=1e+08 support=415/12248
ADMM_ITER round=0/0 iteration=39600/100000 objective=0.00070005999241868906 r=4.18448e-09/1.10676e-08 s=0.257511/0.000352694 projection_inf=9.58409e-17 rho=1e+08 support=415/12248
ADMM_ITER round=0/0 iteration=39625/100000 objective=0.00070017030929453027 r=4.21019e-09/1.10676e-08 s=0.25217/0.00035273 projection_inf=1.05012e-16 rho=1e+08 support=415/12248
ADMM_ITER round=0/0 iteration=39650/100000 objective=0.00070034739292492267 r=4.17959e-09/1.10676e-08 s=0.256223/0.000352767 projection_inf=9.89548e-17 rho=1e+08 support=416/12248
ADMM_ITER round=0/0 iteration=39675/100000 objective=0.00070059683695987223 r=4.1006e-09/1.10676e-08 s=0.267802/0.000352803 projection_inf=1.08891e-16 rho=1e+08 support=416/12248
ADMM_ITER round=0/0 iteration=39700/100000 objective=0.00070088730397717587 r=4.02302e-09/1.10676e-08 s=0.278512/0.000352839 projection_inf=9.98175e-17 rho=1e+08 support=416/12248
ADMM_ITER round=0/0 iteration=39725/100000 objective=0.00070119003016777624 r=3.98811e-09/1.10676e-08 s=0.282721/0.000352874 projection_inf=9.38764e-17 rho=1e+08 support=416/12248
ADMM_ITER round=0/0 iteration=39750/100000 objective=0.00070149100103895988 r=3.96915e-09/1.10676e-08 s=0.284639/0.00035291 projection_inf=1.05069e-16 rho=1e+08 support=416/12248
ADMM_ITER round=0/0 iteration=39775/100000 objective=0.00070178693940459592 r=3.97217e-09/1.10676e-08 s=0.283496/0.000352945 projection_inf=1.03185e-16 rho=1e+08 support=416/12248
ADMM_ITER round=0/0 iteration=39800/100000 objective=0.00070207979176460352 r=4.00232e-09/1.10676e-08 s=0.278507/0.000352981 projection_inf=9.154e-17 rho=1e+08 support=416/12248
ADMM_ITER round=0/0 iteration=39825/100000 objective=0.0007023682499620917 r=4.03385e-09/1.10676e-08 s=0.27305/0.000353016 projection_inf=1.03232e-16 rho=1e+08 support=415/12248
ADMM_ITER round=0/0 iteration=39850/100000 objective=0.00070264104965781177 r=4.04436e-09/1.10676e-08 s=0.270752/0.00035305 projection_inf=9.99314e-17 rho=1e+08 support=415/12248
ADMM_ITER round=0/0 iteration=39875/100000 objective=0.0007028885971259415 r=4.02378e-09/1.10676e-08 s=0.273099/0.000353085 projection_inf=1.11618e-16 rho=1e+08 support=415/12248
ADMM_ITER round=0/0 iteration=39900/100000 objective=0.00070310264963217991 r=3.97844e-09/1.10676e-08 s=0.278992/0.000353119 projection_inf=9.95649e-17 rho=1e+08 support=415/12248
ADMM_ITER round=0/0 iteration=39925/100000 objective=0.0007032838704040807 r=3.93008e-09/1.10676e-08 s=0.285123/0.000353154 projection_inf=9.12501e-17 rho=1e+08 support=415/12248
ADMM_ITER round=0/0 iteration=39950/100000 objective=0.00070344952369531702 r=3.90495e-09/1.10676e-08 s=0.287933/0.000353188 projection_inf=1.01139e-16 rho=1e+08 support=415/12248
ADMM_ITER round=0/0 iteration=39975/100000 objective=0.00070361432230780791 r=3.90617e-09/1.10676e-08 s=0.287154/0.000353222 projection_inf=1.03263e-16 rho=1e+08 support=415/12248
ADMM_ITER round=0/0 iteration=40000/100000 objective=0.00070377860809044839 r=3.91126e-09/1.10676e-08 s=0.285855/0.000353256 projection_inf=9.48559e-17 rho=1e+08 support=415/12248
ADMM_ITER round=0/0 iteration=40025/100000 objective=0.00070394788557695228 r=3.91856e-09/1.10676e-08 s=0.284254/0.00035329 projection_inf=1.02855e-16 rho=1e+08 support=415/12248
ADMM_ITER round=0/0 iteration=40050/100000 objective=0.00070413100740156611 r=3.9312e-09/1.10676e-08 s=0.281909/0.000353324 projection_inf=1.06125e-16 rho=1e+08 support=415/12248
ADMM_ITER round=0/0 iteration=40075/100000 objective=0.00070431573020070064 r=3.97614e-09/1.10676e-08 s=0.271406/0.000353358 projection_inf=9.50175e-17 rho=1e+08 support=413/12248
ADMM_ITER round=0/0 iteration=40100/100000 objective=0.00070448047362566197 r=4.00576e-09/1.10676e-08 s=0.265325/0.000353391 projection_inf=9.20282e-17 rho=1e+08 support=414/12248
ADMM_ITER round=0/0 iteration=40125/100000 objective=0.00070463572198965459 r=3.99368e-09/1.10676e-08 s=0.265824/0.000353425 projection_inf=1.03462e-16 rho=1e+08 support=414/12248
ADMM_ITER round=0/0 iteration=40150/100000 objective=0.0007047858924432367 r=3.95937e-09/1.10676e-08 s=0.268926/0.000353458 projection_inf=9.35741e-17 rho=1e+08 support=413/12248
ADMM_ITER round=0/0 iteration=40175/100000 objective=0.0007049257840073017 r=3.90246e-09/1.10676e-08 s=0.275979/0.000353491 projection_inf=1.14261e-16 rho=1e+08 support=413/12248
ADMM_ITER round=0/0 iteration=40200/100000 objective=0.00070503781304823696 r=3.86882e-09/1.10676e-08 s=0.278705/0.000353524 projection_inf=9.6279e-17 rho=1e+08 support=412/12248
ADMM_ITER round=0/0 iteration=40225/100000 objective=0.00070514633235700468 r=3.87203e-09/1.10676e-08 s=0.274783/0.000353558 projection_inf=9.28616e-17 rho=1e+08 support=412/12248
ADMM_ITER round=0/0 iteration=40250/100000 objective=0.00070526563655549782 r=3.8755e-09/1.10676e-08 s=0.272179/0.000353591 projection_inf=1.08161e-16 rho=1e+08 support=411/12248
ADMM_ITER round=0/0 iteration=40275/100000 objective=0.00070539894321514508 r=3.88558e-09/1.10676e-08 s=0.269167/0.000353624 projection_inf=9.42029e-17 rho=1e+08 support=411/12248
ADMM_ITER round=0/0 iteration=40300/100000 objective=0.00070553839017675854 r=3.87188e-09/1.10676e-08 s=0.269811/0.000353656 projection_inf=9.8834e-17 rho=1e+08 support=411/12248
ADMM_ITER round=0/0 iteration=40325/100000 objective=0.00070569750479489472 r=3.8488e-09/1.10676e-08 s=0.271905/0.000353689 projection_inf=1.01026e-16 rho=1e+08 support=411/12248
ADMM_ITER round=0/0 iteration=40350/100000 objective=0.00070586780383088629 r=3.83665e-09/1.10676e-08 s=0.272519/0.000353722 projection_inf=1.03129e-16 rho=1e+08 support=411/12248
ADMM_ITER round=0/0 iteration=40375/100000 objective=0.00070602994320138543 r=3.83399e-09/1.10676e-08 s=0.27186/0.000353755 projection_inf=1.05676e-16 rho=1e+08 support=411/12248
ADMM_ITER round=0/0 iteration=40400/100000 objective=0.00070618644734794691 r=3.84078e-09/1.10676e-08 s=0.269916/0.000353787 projection_inf=1.17846e-16 rho=1e+08 support=411/12248
ADMM_ITER round=0/0 iteration=40425/100000 objective=0.00070632646996784227 r=3.8501e-09/1.10676e-08 s=0.267587/0.000353819 projection_inf=1.08331e-16 rho=1e+08 support=412/12248
ADMM_ITER round=0/0 iteration=40450/100000 objective=0.00070645924449273833 r=3.90805e-09/1.10676e-08 s=0.253456/0.000353852 projection_inf=1.02863e-16 rho=1e+08 support=411/12248
ADMM_ITER round=0/0 iteration=40475/100000 objective=0.00070658465114503677 r=3.95472e-09/1.10676e-08 s=0.243778/0.000353884 projection_inf=9.30337e-17 rho=1e+08 support=411/12248
ADMM_ITER round=0/0 iteration=40500/100000 objective=0.00070667126836963768 r=3.97635e-09/1.10676e-08 s=0.238338/0.000353916 projection_inf=8.83732e-17 rho=1e+08 support=411/12248
ADMM_ITER round=0/0 iteration=40525/100000 objective=0.00070671334751843307 r=3.98869e-09/1.10676e-08 s=0.234596/0.000353948 projection_inf=9.9165e-17 rho=1e+08 support=411/12248
ADMM_ITER round=0/0 iteration=40550/100000 objective=0.00070672853632230417 r=3.98309e-09/1.10676e-08 s=0.234033/0.00035398 projection_inf=9.80462e-17 rho=1e+08 support=411/12248
ADMM_ITER round=0/0 iteration=40575/100000 objective=0.00070670990018419913 r=3.95445e-09/1.10676e-08 s=0.237467/0.000354012 projection_inf=9.52184e-17 rho=1e+08 support=411/12248
ADMM_ITER round=0/0 iteration=40600/100000 objective=0.00070666357891783691 r=3.8914e-09/1.10676e-08 s=0.246417/0.000354045 projection_inf=1.06007e-16 rho=1e+08 support=412/12248
ADMM_ITER round=0/0 iteration=40625/100000 objective=0.00070660353176367258 r=3.80172e-09/1.10676e-08 s=0.258912/0.000354077 projection_inf=1.03294e-16 rho=1e+08 support=412/12248
ADMM_ITER round=0/0 iteration=40650/100000 objective=0.00070655068400210324 r=3.73901e-09/1.10676e-08 s=0.266202/0.000354109 projection_inf=1.02952e-16 rho=1e+08 support=411/12248
ADMM_ITER round=0/0 iteration=40675/100000 objective=0.00070649366780194611 r=3.68998e-09/1.10676e-08 s=0.271898/0.000354142 projection_inf=9.24392e-17 rho=1e+08 support=411/12248
ADMM_ITER round=0/0 iteration=40700/100000 objective=0.00070643892385036794 r=3.62616e-09/1.10676e-08 s=0.279323/0.000354174 projection_inf=1.03647e-16 rho=1e+08 support=413/12248
ADMM_ITER round=0/0 iteration=40725/100000 objective=0.00070638414875608254 r=3.60755e-09/1.10676e-08 s=0.280759/0.000354206 projection_inf=1.00757e-16 rho=1e+08 support=413/12248
ADMM_ITER round=0/0 iteration=40750/100000 objective=0.00070633277532915954 r=3.66517e-09/1.10676e-08 s=0.272149/0.000354239 projection_inf=9.47124e-17 rho=1e+08 support=412/12248
ADMM_ITER round=0/0 iteration=40775/100000 objective=0.00070629349892802518 r=3.7745e-09/1.10676e-08 s=0.255721/0.000354271 projection_inf=9.34821e-17 rho=1e+08 support=412/12248
ADMM_ITER round=0/0 iteration=40800/100000 objective=0.00070626189902979735 r=3.86853e-09/1.10676e-08 s=0.240133/0.000354304 projection_inf=1.01497e-16 rho=1e+08 support=411/12248
ADMM_ITER round=0/0 iteration=40825/100000 objective=0.0007062484769936331 r=3.93792e-09/1.10676e-08 s=0.226383/0.000354336 projection_inf=1.0191e-16 rho=1e+08 support=411/12248
ADMM_ITER round=0/0 iteration=40850/100000 objective=0.00070626214448813265 r=3.96919e-09/1.10676e-08 s=0.219618/0.000354369 projection_inf=1.00612e-16 rho=1e+08 support=411/12248
ADMM_ITER round=0/0 iteration=40875/100000 objective=0.00070630311615772193 r=3.94596e-09/1.10676e-08 s=0.222654/0.000354402 projection_inf=8.92599e-17 rho=1e+08 support=411/12248
ADMM_ITER round=0/0 iteration=40900/100000 objective=0.00070637563210741402 r=3.89013e-09/1.10676e-08 s=0.23126/0.000354434 projection_inf=9.56657e-17 rho=1e+08 support=411/12248
ADMM_ITER round=0/0 iteration=40925/100000 objective=0.00070646548299608885 r=3.8019e-09/1.10676e-08 s=0.244583/0.000354467 projection_inf=1.05437e-16 rho=1e+08 support=411/12248
ADMM_ITER round=0/0 iteration=40950/100000 objective=0.00070656653458187621 r=3.71343e-09/1.10676e-08 s=0.256981/0.000354499 projection_inf=8.85607e-17 rho=1e+08 support=411/12248
ADMM_ITER round=0/0 iteration=40975/100000 objective=0.00070668116887955413 r=3.67381e-09/1.10676e-08 s=0.261821/0.000354532 projection_inf=9.92656e-17 rho=1e+08 support=411/12248
ADMM_ITER round=0/0 iteration=41000/100000 objective=0.00070681289775006463 r=3.67536e-09/1.10676e-08 s=0.260829/0.000354564 projection_inf=1.0165e-16 rho=1e+08 support=411/12248
ADMM_ITER round=0/0 iteration=41025/100000 objective=0.00070695615409902077 r=3.69804e-09/1.10676e-08 s=0.256838/0.000354596 projection_inf=9.3938e-17 rho=1e+08 support=411/12248
ADMM_ITER round=0/0 iteration=41050/100000 objective=0.00070710180704890559 r=3.7037e-09/1.10676e-08 s=0.255245/0.000354628 projection_inf=1.07658e-16 rho=1e+08 support=412/12248
ADMM_ITER round=0/0 iteration=41075/100000 objective=0.0007072358183292021 r=3.68947e-09/1.10676e-08 s=0.256551/0.00035466 projection_inf=9.69112e-17 rho=1e+08 support=412/12248
ADMM_ITER round=0/0 iteration=41100/100000 objective=0.0007073458793000198 r=3.6677e-09/1.10676e-08 s=0.258932/0.000354692 projection_inf=1.03247e-16 rho=1e+08 support=412/12248
ADMM_ITER round=0/0 iteration=41125/100000 objective=0.00070743896515826886 r=3.64937e-09/1.10676e-08 s=0.260801/0.000354724 projection_inf=8.94461e-17 rho=1e+08 support=413/12248
ADMM_ITER round=0/0 iteration=41150/100000 objective=0.00070752642828115499 r=3.66671e-09/1.10676e-08 s=0.257659/0.000354756 projection_inf=1.01871e-16 rho=1e+08 support=413/12248
ADMM_ITER round=0/0 iteration=41175/100000 objective=0.00070762027926433416 r=3.70622e-09/1.10676e-08 s=0.251239/0.000354788 projection_inf=1.02352e-16 rho=1e+08 support=413/12248
ADMM_ITER round=0/0 iteration=41200/100000 objective=0.00070772161259637176 r=3.72758e-09/1.10676e-08 s=0.247357/0.00035482 projection_inf=1.04169e-16 rho=1e+08 support=413/12248
ADMM_ITER round=0/0 iteration=41225/100000 objective=0.0007078175422185149 r=3.7378e-09/1.10676e-08 s=0.245104/0.000354851 projection_inf=1.01418e-16 rho=1e+08 support=414/12248
ADMM_ITER round=0/0 iteration=41250/100000 objective=0.0007078928602993437 r=3.7554e-09/1.10676e-08 s=0.241695/0.000354883 projection_inf=1.01773e-16 rho=1e+08 support=414/12248
ADMM_ITER round=0/0 iteration=41275/100000 objective=0.0007079399441498451 r=3.76666e-09/1.10676e-08 s=0.239238/0.000354914 projection_inf=9.57987e-17 rho=1e+08 support=414/12248
ADMM_ITER round=0/0 iteration=41300/100000 objective=0.0007079581688753092 r=3.77509e-09/1.10676e-08 s=0.237215/0.000354946 projection_inf=1.04129e-16 rho=1e+08 support=414/12248
ADMM_ITER round=0/0 iteration=41325/100000 objective=0.00070795873468401974 r=3.79504e-09/1.10676e-08 s=0.233236/0.000354978 projection_inf=9.57923e-17 rho=1e+08 support=413/12248
ADMM_ITER round=0/0 iteration=41350/100000 objective=0.00070796240597256472 r=3.81202e-09/1.10676e-08 s=0.229748/0.000355009 projection_inf=1.06474e-16 rho=1e+08 support=413/12248
ADMM_ITER round=0/0 iteration=41375/100000 objective=0.00070798780126286832 r=3.81905e-09/1.10676e-08 s=0.227885/0.000355041 projection_inf=9.67833e-17 rho=1e+08 support=413/12248
ADMM_ITER round=0/0 iteration=41400/100000 objective=0.00070804587311117247 r=3.83203e-09/1.10676e-08 s=0.225008/0.000355072 projection_inf=1.0577e-16 rho=1e+08 support=413/12248
ADMM_ITER round=0/0 iteration=41425/100000 objective=0.00070813364787176861 r=3.86102e-09/1.10676e-08 s=0.219301/0.000355104 projection_inf=9.99949e-17 rho=1e+08 support=413/12248
ADMM_ITER round=0/0 iteration=41450/100000 objective=0.00070824544534252743 r=3.88297e-09/1.10676e-08 s=0.214692/0.000355136 projection_inf=9.77179e-17 rho=1e+08 support=413/12248
ADMM_ITER round=0/0 iteration=41475/100000 objective=0.00070837457299788601 r=3.88985e-09/1.10676e-08 s=0.21275/0.000355167 projection_inf=9.90534e-17 rho=1e+08 support=413/12248
ADMM_ITER round=0/0 iteration=41500/100000 objective=0.00070851843243047727 r=3.90011e-09/1.10676e-08 s=0.2089/0.000355198 projection_inf=9.87831e-17 rho=1e+08 support=412/12248
ADMM_ITER round=0/0 iteration=41525/100000 objective=0.00070867356498498452 r=3.90841e-09/1.10676e-08 s=0.206118/0.00035523 projection_inf=9.55886e-17 rho=1e+08 support=411/12248
ADMM_ITER round=0/0 iteration=41550/100000 objective=0.00070884833681798202 r=3.89215e-09/1.10676e-08 s=0.208244/0.000355261 projection_inf=9.51423e-17 rho=1e+08 support=411/12248
ADMM_ITER round=0/0 iteration=41575/100000 objective=0.00070903013225826503 r=3.84756e-09/1.10676e-08 s=0.215561/0.000355292 projection_inf=8.96843e-17 rho=1e+08 support=411/12248
ADMM_ITER round=0/0 iteration=41600/100000 objective=0.00070920463483256505 r=3.799e-09/1.10676e-08 s=0.223269/0.000355323 projection_inf=1.06466e-16 rho=1e+08 support=411/12248
ADMM_ITER round=0/0 iteration=41625/100000 objective=0.00070935026145118609 r=3.76321e-09/1.10676e-08 s=0.228556/0.000355354 projection_inf=1.08534e-16 rho=1e+08 support=410/12248
ADMM_ITER round=0/0 iteration=41650/100000 objective=0.0007094626681162881 r=3.74758e-09/1.10676e-08 s=0.230408/0.000355384 projection_inf=9.43326e-17 rho=1e+08 support=411/12248
ADMM_ITER round=0/0 iteration=41675/100000 objective=0.00070955000608325985 r=3.75614e-09/1.10676e-08 s=0.228293/0.000355415 projection_inf=1.01678e-16 rho=1e+08 support=411/12248
ADMM_ITER round=0/0 iteration=41700/100000 objective=0.00070962194481424855 r=3.77986e-09/1.10676e-08 s=0.22363/0.000355446 projection_inf=9.7885e-17 rho=1e+08 support=411/12248
ADMM_ITER round=0/0 iteration=41725/100000 objective=0.00070967833151630415 r=3.81148e-09/1.10676e-08 s=0.2175/0.000355476 projection_inf=9.94896e-17 rho=1e+08 support=411/12248
ADMM_ITER round=0/0 iteration=41750/100000 objective=0.00070972882106244825 r=3.85076e-09/1.10676e-08 s=0.209768/0.000355507 projection_inf=9.51825e-17 rho=1e+08 support=411/12248
ADMM_ITER round=0/0 iteration=41775/100000 objective=0.0007097893977854522 r=3.86785e-09/1.10676e-08 s=0.205408/0.000355538 projection_inf=9.95958e-17 rho=1e+08 support=412/12248
ADMM_ITER round=0/0 iteration=41800/100000 objective=0.00070986425368848769 r=3.86038e-09/1.10676e-08 s=0.205678/0.000355568 projection_inf=9.77398e-17 rho=1e+08 support=413/12248
ADMM_ITER round=0/0 iteration=41825/100000 objective=0.00070994198487593879 r=3.8269e-09/1.10676e-08 s=0.210852/0.000355599 projection_inf=1.00149e-16 rho=1e+08 support=413/12248
ADMM_ITER round=0/0 iteration=41850/100000 objective=0.00071002080682206197 r=3.78525e-09/1.10676e-08 s=0.217336/0.000355629 projection_inf=8.88282e-17 rho=1e+08 support=414/12248
ADMM_ITER round=0/0 iteration=41875/100000 objective=0.00071009041764441062 r=3.76054e-09/1.10676e-08 s=0.220732/0.00035566 projection_inf=1.16196e-16 rho=1e+08 support=414/12248
ADMM_ITER round=0/0 iteration=41900/100000 objective=0.00071013912944673018 r=3.75809e-09/1.10676e-08 s=0.220324/0.00035569 projection_inf=1.02437e-16 rho=1e+08 support=414/12248
ADMM_ITER round=0/0 iteration=41925/100000 objective=0.00071015550823024637 r=3.77731e-09/1.10676e-08 s=0.216202/0.00035572 projection_inf=9.53545e-17 rho=1e+08 support=414/12248
ADMM_ITER round=0/0 iteration=41950/100000 objective=0.00071015100825914154 r=3.78804e-09/1.10676e-08 s=0.213518/0.000355751 projection_inf=9.12217e-17 rho=1e+08 support=414/12248
ADMM_ITER round=0/0 iteration=41975/100000 objective=0.00071014950693796338 r=3.77282e-09/1.10676e-08 s=0.215424/0.000355781 projection_inf=9.2634e-17 rho=1e+08 support=414/12248
ADMM_ITER round=0/0 iteration=42000/100000 objective=0.00071017400581518801 r=3.74069e-09/1.10676e-08 s=0.220218/0.000355812 projection_inf=9.65149e-17 rho=1e+08 support=414/12248
ADMM_ITER round=0/0 iteration=42025/100000 objective=0.00071023864011248578 r=3.68578e-09/1.10676e-08 s=0.228055/0.000355842 projection_inf=1.00426e-16 rho=1e+08 support=415/12248
ADMM_ITER round=0/0 iteration=42050/100000 objective=0.00071033960275305324 r=3.63521e-09/1.10676e-08 s=0.234545/0.000355873 projection_inf=1.01986e-16 rho=1e+08 support=413/12248
ADMM_ITER round=0/0 iteration=42075/100000 objective=0.00071047822092848521 r=3.62005e-09/1.10676e-08 s=0.235209/0.000355903 projection_inf=1.08284e-16 rho=1e+08 support=413/12248
ADMM_ITER round=0/0 iteration=42100/100000 objective=0.00071065846786483734 r=3.61587e-09/1.10676e-08 s=0.234589/0.000355933 projection_inf=9.64819e-17 rho=1e+08 support=414/12248
ADMM_ITER round=0/0 iteration=42125/100000 objective=0.00071086252964592698 r=3.62559e-09/1.10676e-08 s=0.232037/0.000355963 projection_inf=1.04844e-16 rho=1e+08 support=414/12248
ADMM_ITER round=0/0 iteration=42150/100000 objective=0.0007110843989006244 r=3.64216e-09/1.10676e-08 s=0.228469/0.000355993 projection_inf=1.04887e-16 rho=1e+08 support=414/12248
ADMM_ITER round=0/0 iteration=42175/100000 objective=0.00071130679609383764 r=3.66799e-09/1.10676e-08 s=0.223379/0.000356023 projection_inf=9.97157e-17 rho=1e+08 support=413/12248
ADMM_ITER round=0/0 iteration=42200/100000 objective=0.00071152524842779793 r=3.68359e-09/1.10676e-08 s=0.219912/0.000356052 projection_inf=1.04654e-16 rho=1e+08 support=413/12248
ADMM_ITER round=0/0 iteration=42225/100000 objective=0.00071173607647833975 r=3.67813e-09/1.10676e-08 s=0.21989/0.000356082 projection_inf=1.05154e-16 rho=1e+08 support=412/12248
ADMM_ITER round=0/0 iteration=42250/100000 objective=0.00071192072361544556 r=3.68293e-09/1.10676e-08 s=0.218137/0.000356111 projection_inf=1.03973e-16 rho=1e+08 support=412/12248
ADMM_ITER round=0/0 iteration=42275/100000 objective=0.00071206227110304221 r=3.67418e-09/1.10676e-08 s=0.218692/0.000356141 projection_inf=1.00138e-16 rho=1e+08 support=413/12248
ADMM_ITER round=0/0 iteration=42300/100000 objective=0.00071216646570827964 r=3.65452e-09/1.10676e-08 s=0.22091/0.00035617 projection_inf=9.67463e-17 rho=1e+08 support=413/12248
ADMM_ITER round=0/0 iteration=42325/100000 objective=0.00071224220132860632 r=3.64589e-09/1.10676e-08 s=0.221176/0.000356199 projection_inf=9.99624e-17 rho=1e+08 support=414/12248
ADMM_ITER round=0/0 iteration=42350/100000 objective=0.0007123058560110988 r=3.6427e-09/1.10676e-08 s=0.220762/0.000356228 projection_inf=9.92696e-17 rho=1e+08 support=414/12248
ADMM_ITER round=0/0 iteration=42375/100000 objective=0.00071236468966370933 r=3.63516e-09/1.10676e-08 s=0.221115/0.000356257 projection_inf=1.01386e-16 rho=1e+08 support=415/12248
ADMM_ITER round=0/0 iteration=42400/100000 objective=0.00071241325360698498 r=3.63291e-09/1.10676e-08 s=0.220296/0.000356286 projection_inf=9.14834e-17 rho=1e+08 support=414/12248
ADMM_ITER round=0/0 iteration=42425/100000 objective=0.00071245953431724597 r=3.64543e-09/1.10676e-08 s=0.21631/0.000356315 projection_inf=9.28695e-17 rho=1e+08 support=414/12248
ADMM_ITER round=0/0 iteration=42450/100000 objective=0.00071249237617174014 r=3.64306e-09/1.10676e-08 s=0.215242/0.000356344 projection_inf=1.01967e-16 rho=1e+08 support=413/12248
ADMM_ITER round=0/0 iteration=42475/100000 objective=0.00071251552924829075 r=3.62315e-09/1.10676e-08 s=0.217392/0.000356373 projection_inf=9.5541e-17 rho=1e+08 support=413/12248
ADMM_ITER round=0/0 iteration=42500/100000 objective=0.00071254458778259643 r=3.60041e-09/1.10676e-08 s=0.220107/0.000356402 projection_inf=9.36982e-17 rho=1e+08 support=413/12248
ADMM_ITER round=0/0 iteration=42525/100000 objective=0.00071259547081324972 r=3.60485e-09/1.10676e-08 s=0.218407/0.000356431 projection_inf=9.36273e-17 rho=1e+08 support=413/12248
ADMM_ITER round=0/0 iteration=42550/100000 objective=0.00071267088498244095 r=3.59423e-09/1.10676e-08 s=0.219227/0.00035646 projection_inf=9.7898e-17 rho=1e+08 support=413/12248
ADMM_ITER round=0/0 iteration=42575/100000 objective=0.00071277457897312411 r=3.56364e-09/1.10676e-08 s=0.223298/0.000356489 projection_inf=9.47048e-17 rho=1e+08 support=413/12248
ADMM_ITER round=0/0 iteration=42600/100000 objective=0.0007128885165405181 r=3.55067e-09/1.10676e-08 s=0.224427/0.000356518 projection_inf=9.9143e-17 rho=1e+08 support=414/12248
ADMM_ITER round=0/0 iteration=42625/100000 objective=0.00071299020082113808 r=3.55688e-09/1.10676e-08 s=0.222549/0.000356547 projection_inf=9.24013e-17 rho=1e+08 support=414/12248
ADMM_ITER round=0/0 iteration=42650/100000 objective=0.00071307645025116414 r=3.55111e-09/1.10676e-08 s=0.222613/0.000356576 projection_inf=1.00316e-16 rho=1e+08 support=414/12248
ADMM_ITER round=0/0 iteration=42675/100000 objective=0.00071316209026593886 r=3.56534e-09/1.10676e-08 s=0.219488/0.000356604 projection_inf=9.0478e-17 rho=1e+08 support=414/12248
ADMM_ITER round=0/0 iteration=42700/100000 objective=0.0007132622536551173 r=3.58368e-09/1.10676e-08 s=0.215329/0.000356633 projection_inf=1.01574e-16 rho=1e+08 support=413/12248
ADMM_ITER round=0/0 iteration=42725/100000 objective=0.00071337201752225902 r=3.57896e-09/1.10676e-08 s=0.214887/0.000356662 projection_inf=1.08831e-16 rho=1e+08 support=412/12248
ADMM_ITER round=0/0 iteration=42750/100000 objective=0.00071347894539955598 r=3.59085e-09/1.10676e-08 s=0.211744/0.00035669 projection_inf=9.45328e-17 rho=1e+08 support=413/12248
ADMM_ITER round=0/0 iteration=42775/100000 objective=0.00071357446615163869 r=3.59034e-09/1.10676e-08 s=0.210712/0.000356719 projection_inf=9.42774e-17 rho=1e+08 support=415/12248
ADMM_ITER round=0/0 iteration=42800/100000 objective=0.00071364298284296414 r=3.58115e-09/1.10676e-08 s=0.211168/0.000356747 projection_inf=1.00528e-16 rho=1e+08 support=415/12248
ADMM_ITER round=0/0 iteration=42825/100000 objective=0.00071369921667145588 r=3.57738e-09/1.10676e-08 s=0.210799/0.000356775 projection_inf=1.03286e-16 rho=1e+08 support=415/12248
ADMM_ITER round=0/0 iteration=42850/100000 objective=0.00071375781891799112 r=3.54425e-09/1.10676e-08 s=0.215386/0.000356804 projection_inf=9.39125e-17 rho=1e+08 support=415/12248
ADMM_ITER round=0/0 iteration=42875/100000 objective=0.0007138111413685595 r=3.50764e-09/1.10676e-08 s=0.22042/0.000356832 projection_inf=1.02185e-16 rho=1e+08 support=415/12248
ADMM_ITER round=0/0 iteration=42900/100000 objective=0.00071385022039702705 r=3.47686e-09/1.10676e-08 s=0.224386/0.00035686 projection_inf=1.09438e-16 rho=1e+08 support=416/12248
ADMM_ITER round=0/0 iteration=42925/100000 objective=0.00071388152227018205 r=3.45691e-09/1.10676e-08 s=0.226293/0.000356889 projection_inf=1.08571e-16 rho=1e+08 support=415/12248
ADMM_ITER round=0/0 iteration=42950/100000 objective=0.00071391179454397447 r=3.43776e-09/1.10676e-08 s=0.228153/0.000356917 projection_inf=1.07789e-16 rho=1e+08 support=414/12248
ADMM_ITER round=0/0 iteration=42975/100000 objective=0.00071393983916224503 r=3.40738e-09/1.10676e-08 s=0.23115/0.000356945 projection_inf=9.83759e-17 rho=1e+08 support=413/12248
ADMM_ITER round=0/0 iteration=43000/100000 objective=0.00071395954544915027 r=3.40607e-09/1.10676e-08 s=0.228183/0.000356973 projection_inf=1.1044e-16 rho=1e+08 support=412/12248
ADMM_ITER round=0/0 iteration=43025/100000 objective=0.00071395387533556502 r=3.42317e-09/1.10676e-08 s=0.224281/0.000357002 projection_inf=1.06021e-16 rho=1e+08 support=412/12248
ADMM_ITER round=0/0 iteration=43050/100000 objective=0.00071392550964407089 r=3.44374e-09/1.10676e-08 s=0.219977/0.00035703 projection_inf=9.80648e-17 rho=1e+08 support=411/12248
ADMM_ITER round=0/0 iteration=43075/100000 objective=0.0007138967954572348 r=3.49435e-09/1.10676e-08 s=0.210711/0.000357058 projection_inf=1.09943e-16 rho=1e+08 support=411/12248
ADMM_ITER round=0/0 iteration=43100/100000 objective=0.00071387913051539336 r=3.55894e-09/1.10676e-08 s=0.198514/0.000357087 projection_inf=9.87551e-17 rho=1e+08 support=411/12248
ADMM_ITER round=0/0 iteration=43125/100000 objective=0.00071385048651417989 r=3.56177e-09/1.10676e-08 s=0.196969/0.000357115 projection_inf=9.1275e-17 rho=1e+08 support=411/12248
ADMM_ITER round=0/0 iteration=43150/100000 objective=0.00071380710366108905 r=3.5012e-09/1.10676e-08 s=0.206602/0.000357143 projection_inf=1.05398e-16 rho=1e+08 support=411/12248
ADMM_ITER round=0/0 iteration=43175/100000 objective=0.00071375703179616702 r=3.45706e-09/1.10676e-08 s=0.21303/0.000357172 projection_inf=9.93687e-17 rho=1e+08 support=411/12248
ADMM_ITER round=0/0 iteration=43200/100000 objective=0.00071372141589445056 r=3.46133e-09/1.10676e-08 s=0.211489/0.0003572 projection_inf=9.62332e-17 rho=1e+08 support=411/12248
ADMM_ITER round=0/0 iteration=43225/100000 objective=0.00071372714161568624 r=3.46484e-09/1.10676e-08 s=0.210072/0.000357229 projection_inf=1.04266e-16 rho=1e+08 support=411/12248
ADMM_ITER round=0/0 iteration=43250/100000 objective=0.00071375821682533979 r=3.45089e-09/1.10676e-08 s=0.211347/0.000357257 projection_inf=1.01256e-16 rho=1e+08 support=412/12248
ADMM_ITER round=0/0 iteration=43275/100000 objective=0.0007137754750184839 r=3.44468e-09/1.10676e-08 s=0.2115/0.000357286 projection_inf=9.56491e-17 rho=1e+08 support=412/12248
ADMM_ITER round=0/0 iteration=43300/100000 objective=0.00071376603172230134 r=3.45798e-09/1.10676e-08 s=0.208496/0.000357314 projection_inf=9.26067e-17 rho=1e+08 support=412/12248
ADMM_ITER round=0/0 iteration=43325/100000 objective=0.00071373737902205722 r=3.48842e-09/1.10676e-08 s=0.20255/0.000357343 projection_inf=1.07655e-16 rho=1e+08 support=412/12248
ADMM_ITER round=0/0 iteration=43350/100000 objective=0.00071370239266129972 r=3.50616e-09/1.10676e-08 s=0.198663/0.000357371 projection_inf=1.01112e-16 rho=1e+08 support=412/12248
ADMM_ITER round=0/0 iteration=43375/100000 objective=0.00071366436382576327 r=3.52239e-09/1.10676e-08 s=0.194982/0.0003574 projection_inf=9.90243e-17 rho=1e+08 support=412/12248
ADMM_ITER round=0/0 iteration=43400/100000 objective=0.00071361780647229123 r=3.53397e-09/1.10676e-08 s=0.192095/0.000357429 projection_inf=1.01198e-16 rho=1e+08 support=412/12248
ADMM_ITER round=0/0 iteration=43425/100000 objective=0.00071355773881297279 r=3.51498e-09/1.10676e-08 s=0.194773/0.000357457 projection_inf=1.03523e-16 rho=1e+08 support=413/12248
ADMM_ITER round=0/0 iteration=43450/100000 objective=0.00071348033928465989 r=3.47839e-09/1.10676e-08 s=0.200485/0.000357486 projection_inf=1.14842e-16 rho=1e+08 support=413/12248
ADMM_ITER round=0/0 iteration=43475/100000 objective=0.00071339079028537951 r=3.45151e-09/1.10676e-08 s=0.204369/0.000357515 projection_inf=1.06006e-16 rho=1e+08 support=413/12248
ADMM_ITER round=0/0 iteration=43500/100000 objective=0.00071330015713104346 r=3.44149e-09/1.10676e-08 s=0.205331/0.000357544 projection_inf=1.1686e-16 rho=1e+08 support=412/12248
ADMM_ITER round=0/0 iteration=43525/100000 objective=0.00071321672770912963 r=3.43864e-09/1.10676e-08 s=0.20511/0.000357573 projection_inf=1.00225e-16 rho=1e+08 support=412/12248
ADMM_ITER round=0/0 iteration=43550/100000 objective=0.00071314237526351552 r=3.43537e-09/1.10676e-08 s=0.204984/0.000357602 projection_inf=9.94768e-17 rho=1e+08 support=412/12248
ADMM_ITER round=0/0 iteration=43575/100000 objective=0.00071308541137639456 r=3.44459e-09/1.10676e-08 s=0.202771/0.000357631 projection_inf=9.80739e-17 rho=1e+08 support=412/12248
ADMM_ITER round=0/0 iteration=43600/100000 objective=0.00071305230649235227 r=3.44971e-09/1.10676e-08 s=0.201249/0.00035766 projection_inf=9.23872e-17 rho=1e+08 support=412/12248
ADMM_ITER round=0/0 iteration=43625/100000 objective=0.00071304270348790855 r=3.47709e-09/1.10676e-08 s=0.192931/0.000357689 projection_inf=9.96442e-17 rho=1e+08 support=409/12248
ADMM_ITER round=0/0 iteration=43650/100000 objective=0.00071303487404916288 r=3.54371e-09/1.10676e-08 s=0.178592/0.000357719 projection_inf=1.06585e-16 rho=1e+08 support=411/12248
ADMM_ITER round=0/0 iteration=43675/100000 objective=0.00071301595863660218 r=3.5894e-09/1.10676e-08 s=0.167132/0.000357748 projection_inf=9.85521e-17 rho=1e+08 support=412/12248
ADMM_ITER round=0/0 iteration=43700/100000 objective=0.0007129867757330907 r=3.58722e-09/1.10676e-08 s=0.165996/0.000357777 projection_inf=1.04766e-16 rho=1e+08 support=411/12248
ADMM_ITER round=0/0 iteration=43725/100000 objective=0.00071295692972205016 r=3.56025e-09/1.10676e-08 s=0.170388/0.000357806 projection_inf=9.25765e-17 rho=1e+08 support=411/12248
ADMM_ITER round=0/0 iteration=43750/100000 objective=0.00071293961371866085 r=3.50921e-09/1.10676e-08 s=0.179566/0.000357836 projection_inf=1.04612e-16 rho=1e+08 support=411/12248
ADMM_ITER round=0/0 iteration=43775/100000 objective=0.00071292867222223387 r=3.45306e-09/1.10676e-08 s=0.189184/0.000357865 projection_inf=1.0783e-16 rho=1e+08 support=411/12248
ADMM_ITER round=0/0 iteration=43800/100000 objective=0.00071291941550316281 r=3.4327e-09/1.10676e-08 s=0.191974/0.000357894 projection_inf=1.19948e-16 rho=1e+08 support=411/12248
ADMM_ITER round=0/0 iteration=43825/100000 objective=0.00071290348534163936 r=3.43645e-09/1.10676e-08 s=0.190467/0.000357924 projection_inf=9.6447e-17 rho=1e+08 support=411/12248
ADMM_ITER round=0/0 iteration=43850/100000 objective=0.00071288910064329651 r=3.42746e-09/1.10676e-08 s=0.191292/0.000357953 projection_inf=9.3987e-17 rho=1e+08 support=411/12248
ADMM_ITER round=0/0 iteration=43875/100000 objective=0.00071288416931669391 r=3.37252e-09/1.10676e-08 s=0.200099/0.000357982 projection_inf=1.05215e-16 rho=1e+08 support=411/12248
ADMM_ITER round=0/0 iteration=43900/100000 objective=0.00071287264062612759 r=3.32867e-09/1.10676e-08 s=0.206641/0.000358012 projection_inf=1.03439e-16 rho=1e+08 support=411/12248
ADMM_ITER round=0/0 iteration=43925/100000 objective=0.00071284143982075097 r=3.30799e-09/1.10676e-08 s=0.209298/0.000358041 projection_inf=1.18708e-16 rho=1e+08 support=411/12248
ADMM_ITER round=0/0 iteration=43950/100000 objective=0.00071279399938155438 r=3.31645e-09/1.10676e-08 s=0.205186/0.000358071 projection_inf=9.38359e-17 rho=1e+08 support=411/12248
ADMM_ITER round=0/0 iteration=43975/100000 objective=0.00071274294657546996 r=3.32764e-09/1.10676e-08 s=0.202084/0.0003581 projection_inf=9.81538e-17 rho=1e+08 support=411/12248
ADMM_ITER round=0/0 iteration=44000/100000 objective=0.00071267781610132768 r=3.32407e-09/1.10676e-08 s=0.201505/0.00035813 projection_inf=1.20212e-16 rho=1e+08 support=412/12248
ADMM_ITER round=0/0 iteration=44025/100000 objective=0.00071259586819454209 r=3.32391e-09/1.10676e-08 s=0.200476/0.00035816 projection_inf=1.12213e-16 rho=1e+08 support=412/12248
ADMM_ITER round=0/0 iteration=44050/100000 objective=0.00071248492274988745 r=3.33543e-09/1.10676e-08 s=0.1976/0.000358189 projection_inf=1.04569e-16 rho=1e+08 support=412/12248
ADMM_ITER round=0/0 iteration=44075/100000 objective=0.00071234702338731758 r=3.35596e-09/1.10676e-08 s=0.193199/0.000358219 projection_inf=8.79259e-17 rho=1e+08 support=412/12248
ADMM_ITER round=0/0 iteration=44100/100000 objective=0.00071219324279542706 r=3.37194e-09/1.10676e-08 s=0.189545/0.000358249 projection_inf=1.00018e-16 rho=1e+08 support=412/12248
ADMM_ITER round=0/0 iteration=44125/100000 objective=0.00071202904085722828 r=3.38517e-09/1.10676e-08 s=0.186357/0.000358279 projection_inf=9.89145e-17 rho=1e+08 support=412/12248
ADMM_ITER round=0/0 iteration=44150/100000 objective=0.00071185534576899921 r=3.41441e-09/1.10676e-08 s=0.179985/0.000358309 projection_inf=9.36087e-17 rho=1e+08 support=411/12248
ADMM_ITER round=0/0 iteration=44175/100000 objective=0.00071168439354531339 r=3.435e-09/1.10676e-08 s=0.175178/0.00035834 projection_inf=1.01757e-16 rho=1e+08 support=412/12248
ADMM_ITER round=0/0 iteration=44200/100000 objective=0.0007115234450849288 r=3.42551e-09/1.10676e-08 s=0.176239/0.00035837 projection_inf=1.00262e-16 rho=1e+08 support=412/12248
ADMM_ITER round=0/0 iteration=44225/100000 objective=0.000711381693934115 r=3.39923e-09/1.10676e-08 s=0.180517/0.000358401 projection_inf=9.69154e-17 rho=1e+08 support=413/12248
ADMM_ITER round=0/0 iteration=44250/100000 objective=0.00071126617239594615 r=3.36877e-09/1.10676e-08 s=0.185448/0.000358431 projection_inf=1.04545e-16 rho=1e+08 support=413/12248
ADMM_ITER round=0/0 iteration=44275/100000 objective=0.00071116795800959197 r=3.34545e-09/1.10676e-08 s=0.188968/0.000358462 projection_inf=1.01004e-16 rho=1e+08 support=413/12248
ADMM_ITER round=0/0 iteration=44300/100000 objective=0.00071107334663144696 r=3.33396e-09/1.10676e-08 s=0.190333/0.000358493 projection_inf=9.66692e-17 rho=1e+08 support=414/12248
ADMM_ITER round=0/0 iteration=44325/100000 objective=0.00071097071924800968 r=3.32089e-09/1.10676e-08 s=0.191918/0.000358524 projection_inf=9.72471e-17 rho=1e+08 support=414/12248
ADMM_ITER round=0/0 iteration=44350/100000 objective=0.00071084426156237752 r=3.31209e-09/1.10676e-08 s=0.19278/0.000358555 projection_inf=1.07817e-16 rho=1e+08 support=414/12248
ADMM_ITER round=0/0 iteration=44375/100000 objective=0.0007106949820621253 r=3.32582e-09/1.10676e-08 s=0.189391/0.000358586 projection_inf=1.0838e-16 rho=1e+08 support=413/12248
ADMM_ITER round=0/0 iteration=44400/100000 objective=0.00071054487730519216 r=3.3552e-09/1.10676e-08 s=0.183378/0.000358617 projection_inf=1.06741e-16 rho=1e+08 support=413/12248
ADMM_ITER round=0/0 iteration=44425/100000 objective=0.00071040597494466406 r=3.36539e-09/1.10676e-08 s=0.180802/0.000358648 projection_inf=9.3171e-17 rho=1e+08 support=413/12248
ADMM_ITER round=0/0 iteration=44450/100000 objective=0.00071027313445668633 r=3.36643e-09/1.10676e-08 s=0.179943/0.00035868 projection_inf=1.02876e-16 rho=1e+08 support=413/12248
ADMM_ITER round=0/0 iteration=44475/100000 objective=0.00071013564597727241 r=3.37017e-09/1.10676e-08 s=0.178475/0.000358711 projection_inf=1.10371e-16 rho=1e+08 support=414/12248
ADMM_ITER round=0/0 iteration=44500/100000 objective=0.00070998920104189988 r=3.37088e-09/1.10676e-08 s=0.177499/0.000358743 projection_inf=9.47515e-17 rho=1e+08 support=414/12248
ADMM_ITER round=0/0 iteration=44525/100000 objective=0.00070984037380800353 r=3.37715e-09/1.10676e-08 s=0.175512/0.000358775 projection_inf=9.89437e-17 rho=1e+08 support=414/12248
ADMM_ITER round=0/0 iteration=44550/100000 objective=0.00070969224055373627 r=3.39226e-09/1.10676e-08 s=0.171801/0.000358807 projection_inf=1.09809e-16 rho=1e+08 support=414/12248
ADMM_ITER round=0/0 iteration=44575/100000 objective=0.00070954340956037312 r=3.42547e-09/1.10676e-08 s=0.164007/0.000358839 projection_inf=9.9511e-17 rho=1e+08 support=413/12248
ADMM_ITER round=0/0 iteration=44600/100000 objective=0.00070939010450089346 r=3.45494e-09/1.10676e-08 s=0.156784/0.000358871 projection_inf=9.11018e-17 rho=1e+08 support=413/12248
ADMM_ITER round=0/0 iteration=44625/100000 objective=0.00070923563399383953 r=3.47116e-09/1.10676e-08 s=0.152292/0.000358903 projection_inf=1.03361e-16 rho=1e+08 support=413/12248
ADMM_ITER round=0/0 iteration=44650/100000 objective=0.00070908138475254468 r=3.46779e-09/1.10676e-08 s=0.152233/0.000358935 projection_inf=9.5242e-17 rho=1e+08 support=413/12248
ADMM_ITER round=0/0 iteration=44675/100000 objective=0.00070892963179560939 r=3.43945e-09/1.10676e-08 s=0.157758/0.000358968 projection_inf=1.18516e-16 rho=1e+08 support=414/12248
ADMM_ITER round=0/0 iteration=44700/100000 objective=0.00070878877286053524 r=3.38314e-09/1.10676e-08 s=0.168777/0.000359 projection_inf=1.03711e-16 rho=1e+08 support=415/12248
ADMM_ITER round=0/0 iteration=44725/100000 objective=0.00070865882420691466 r=3.32284e-09/1.10676e-08 s=0.179696/0.000359033 projection_inf=9.02394e-17 rho=1e+08 support=415/12248
ADMM_ITER round=0/0 iteration=44750/100000 objective=0.00070854006690063002 r=3.27594e-09/1.10676e-08 s=0.187495/0.000359066 projection_inf=1.01025e-16 rho=1e+08 support=415/12248
ADMM_ITER round=0/0 iteration=44775/100000 objective=0.00070843515515855548 r=3.25093e-09/1.10676e-08 s=0.191212/0.000359099 projection_inf=1.05067e-16 rho=1e+08 support=415/12248
ADMM_ITER round=0/0 iteration=44800/100000 objective=0.00070834118223690561 r=3.24705e-09/1.10676e-08 s=0.191218/0.000359132 projection_inf=1.09397e-16 rho=1e+08 support=416/12248
ADMM_ITER round=0/0 iteration=44825/100000 objective=0.0007082586735634894 r=3.2594e-09/1.10676e-08 s=0.188479/0.000359165 projection_inf=9.60904e-17 rho=1e+08 support=416/12248
ADMM_ITER round=0/0 iteration=44850/100000 objective=0.00070818322467827396 r=3.27426e-09/1.10676e-08 s=0.185284/0.000359198 projection_inf=9.28653e-17 rho=1e+08 support=416/12248
ADMM_ITER round=0/0 iteration=44875/100000 objective=0.00070811337012819742 r=3.2733e-09/1.10676e-08 s=0.184871/0.000359231 projection_inf=1.05745e-16 rho=1e+08 support=416/12248
ADMM_ITER round=0/0 iteration=44900/100000 objective=0.00070804771707702672 r=3.25859e-09/1.10676e-08 s=0.186891/0.000359264 projection_inf=1.03563e-16 rho=1e+08 support=417/12248
ADMM_ITER round=0/0 iteration=44925/100000 objective=0.00070798274389519621 r=3.2421e-09/1.10676e-08 s=0.18889/0.000359298 projection_inf=1.05801e-16 rho=1e+08 support=416/12248
ADMM_ITER round=0/0 iteration=44950/100000 objective=0.00070791495808391529 r=3.24346e-09/1.10676e-08 s=0.188073/0.000359331 projection_inf=1.02738e-16 rho=1e+08 support=416/12248
ADMM_ITER round=0/0 iteration=44975/100000 objective=0.00070784700849778044 r=3.26313e-09/1.10676e-08 s=0.184073/0.000359364 projection_inf=8.60029e-17 rho=1e+08 support=416/12248
ADMM_ITER round=0/0 iteration=45000/100000 objective=0.00070778033926645941 r=3.29423e-09/1.10676e-08 s=0.177883/0.000359398 projection_inf=1.02204e-16 rho=1e+08 support=416/12248
ADMM_ITER round=0/0 iteration=45025/100000 objective=0.00070772075876221474 r=3.31332e-09/1.10676e-08 s=0.17374/0.000359431 projection_inf=1.04164e-16 rho=1e+08 support=416/12248
ADMM_ITER round=0/0 iteration=45050/100000 objective=0.00070767703320517654 r=3.31036e-09/1.10676e-08 s=0.173738/0.000359465 projection_inf=9.6922e-17 rho=1e+08 support=416/12248
ADMM_ITER round=0/0 iteration=45075/100000 objective=0.00070764487789841727 r=3.29127e-09/1.10676e-08 s=0.176763/0.000359498 projection_inf=9.37051e-17 rho=1e+08 support=415/12248
ADMM_ITER round=0/0 iteration=45100/100000 objective=0.00070761969867987181 r=3.27409e-09/1.10676e-08 s=0.179407/0.000359532 projection_inf=1.0976e-16 rho=1e+08 support=415/12248
ADMM_ITER round=0/0 iteration=45125/100000 objective=0.00070758586418898713 r=3.27179e-09/1.10676e-08 s=0.178877/0.000359566 projection_inf=9.23034e-17 rho=1e+08 support=415/12248
ADMM_ITER round=0/0 iteration=45150/100000 objective=0.0007075290921594999 r=3.26474e-09/1.10676e-08 s=0.179542/0.000359599 projection_inf=9.35353e-17 rho=1e+08 support=415/12248
ADMM_ITER round=0/0 iteration=45175/100000 objective=0.00070744976497031764 r=3.24237e-09/1.10676e-08 s=0.182999/0.000359633 projection_inf=1.0579e-16 rho=1e+08 support=415/12248
ADMM_ITER round=0/0 iteration=45200/100000 objective=0.00070735130732823539 r=3.21212e-09/1.10676e-08 s=0.18775/0.000359667 projection_inf=1.1188e-16 rho=1e+08 support=415/12248
ADMM_ITER round=0/0 iteration=45225/100000 objective=0.00070722998715670748 r=3.17909e-09/1.10676e-08 s=0.192814/0.000359701 projection_inf=1.04395e-16 rho=1e+08 support=415/12248
ADMM_ITER round=0/0 iteration=45250/100000 objective=0.00070708838986594858 r=3.15437e-09/1.10676e-08 s=0.196381/0.000359735 projection_inf=9.24236e-17 rho=1e+08 support=415/12248
ADMM_ITER round=0/0 iteration=45275/100000 objective=0.00070693316353496755 r=3.14805e-09/1.10676e-08 s=0.196944/0.000359769 projection_inf=9.57471e-17 rho=1e+08 support=416/12248
ADMM_ITER round=0/0 iteration=45300/100000 objective=0.00070677608530245 r=3.15269e-09/1.10676e-08 s=0.195754/0.000359803 projection_inf=1.01963e-16 rho=1e+08 support=416/12248
ADMM_ITER round=0/0 iteration=45325/100000 objective=0.00070661415931521547 r=3.14867e-09/1.10676e-08 s=0.195868/0.000359837 projection_inf=1.00533e-16 rho=1e+08 support=417/12248
ADMM_ITER round=0/0 iteration=45350/100000 objective=0.00070643622675408975 r=3.13653e-09/1.10676e-08 s=0.197287/0.000359872 projection_inf=9.35331e-17 rho=1e+08 support=417/12248
ADMM_ITER round=0/0 iteration=45375/100000 objective=0.00070624387780876974 r=3.14126e-09/1.10676e-08 s=0.196039/0.000359906 projection_inf=9.15584e-17 rho=1e+08 support=417/12248
ADMM_ITER round=0/0 iteration=45400/100000 objective=0.00070605097082922523 r=3.15623e-09/1.10676e-08 s=0.193036/0.000359941 projection_inf=9.83087e-17 rho=1e+08 support=417/12248
ADMM_ITER round=0/0 iteration=45425/100000 objective=0.0007058625508332935 r=3.1677e-09/1.10676e-08 s=0.19061/0.000359976 projection_inf=1.08892e-16 rho=1e+08 support=417/12248
ADMM_ITER round=0/0 iteration=45450/100000 objective=0.00070567775765384725 r=3.17311e-09/1.10676e-08 s=0.189183/0.000360011 projection_inf=9.69925e-17 rho=1e+08 support=418/12248
ADMM_ITER round=0/0 iteration=45475/100000 objective=0.00070550467271097202 r=3.17535e-09/1.10676e-08 s=0.188295/0.000360046 projection_inf=1.08602e-16 rho=1e+08 support=418/12248
ADMM_ITER round=0/0 iteration=45500/100000 objective=0.00070534824385908848 r=3.1847e-09/1.10676e-08 s=0.186209/0.000360081 projection_inf=1.06506e-16 rho=1e+08 support=418/12248
ADMM_ITER round=0/0 iteration=45525/100000 objective=0.00070520661483782908 r=3.20558e-09/1.10676e-08 s=0.182093/0.000360117 projection_inf=1.18494e-16 rho=1e+08 support=418/12248
ADMM_ITER round=0/0 iteration=45550/100000 objective=0.00070507345380324755 r=3.22408e-09/1.10676e-08 s=0.1783/0.000360152 projection_inf=1.11892e-16 rho=1e+08 support=418/12248
ADMM_ITER round=0/0 iteration=45575/100000 objective=0.00070495241523769504 r=3.22318e-09/1.10676e-08 s=0.176583/0.000360188 projection_inf=9.9029e-17 rho=1e+08 support=416/12248
ADMM_ITER round=0/0 iteration=45600/100000 objective=0.00070485455603917465 r=3.21254e-09/1.10676e-08 s=0.177337/0.000360224 projection_inf=1.0096e-16 rho=1e+08 support=416/12248
ADMM_ITER round=0/0 iteration=45625/100000 objective=0.00070476959718941885 r=3.18203e-09/1.10676e-08 s=0.181944/0.000360259 projection_inf=1.06587e-16 rho=1e+08 support=416/12248
ADMM_ITER round=0/0 iteration=45650/100000 objective=0.00070468089048845745 r=3.16451e-09/1.10676e-08 s=0.184277/0.000360295 projection_inf=1.06001e-16 rho=1e+08 support=416/12248
ADMM_ITER round=0/0 iteration=45675/100000 objective=0.00070457956196606753 r=3.16306e-09/1.10676e-08 s=0.183887/0.000360331 projection_inf=9.69307e-17 rho=1e+08 support=416/12248
ADMM_ITER round=0/0 iteration=45700/100000 objective=0.00070445593753931451 r=3.15832e-09/1.10676e-08 s=0.184104/0.000360367 projection_inf=1.1257e-16 rho=1e+08 support=416/12248
ADMM_ITER round=0/0 iteration=45725/100000 objective=0.00070431963310519188 r=3.14504e-09/1.10676e-08 s=0.185182/0.000360403 projection_inf=1.00519e-16 rho=1e+08 support=415/12248
ADMM_ITER round=0/0 iteration=45750/100000 objective=0.00070415631377246791 r=3.13251e-09/1.10676e-08 s=0.186594/0.000360439 projection_inf=1.01212e-16 rho=1e+08 support=415/12248
ADMM_ITER round=0/0 iteration=45775/100000 objective=0.00070396652678319702 r=3.12923e-09/1.10676e-08 s=0.186509/0.000360475 projection_inf=9.03094e-17 rho=1e+08 support=415/12248
ADMM_ITER round=0/0 iteration=45800/100000 objective=0.00070376331363955112 r=3.14209e-09/1.10676e-08 s=0.183735/0.000360512 projection_inf=1.18595e-16 rho=1e+08 support=415/12248
ADMM_ITER round=0/0 iteration=45825/100000 objective=0.00070356139489631715 r=3.1655e-09/1.10676e-08 s=0.179088/0.000360549 projection_inf=1.0289e-16 rho=1e+08 support=415/12248
ADMM_ITER round=0/0 iteration=45850/100000 objective=0.00070336699411592627 r=3.17557e-09/1.10676e-08 s=0.176729/0.000360585 projection_inf=1.11745e-16 rho=1e+08 support=415/12248
ADMM_ITER round=0/0 iteration=45875/100000 objective=0.00070317777619321651 r=3.18368e-09/1.10676e-08 s=0.174713/0.000360622 projection_inf=9.43459e-17 rho=1e+08 support=415/12248
ADMM_ITER round=0/0 iteration=45900/100000 objective=0.00070299706911122403 r=3.19941e-09/1.10676e-08 s=0.171272/0.000360659 projection_inf=9.25835e-17 rho=1e+08 support=415/12248
ADMM_ITER round=0/0 iteration=45925/100000 objective=0.00070282250775390725 r=3.21122e-09/1.10676e-08 s=0.16851/0.000360696 projection_inf=1.05648e-16 rho=1e+08 support=415/12248
ADMM_ITER round=0/0 iteration=45950/100000 objective=0.00070264798729778144 r=3.22218e-09/1.10676e-08 s=0.165877/0.000360734 projection_inf=1.05022e-16 rho=1e+08 support=415/12248
ADMM_ITER round=0/0 iteration=45975/100000 objective=0.00070247152735735752 r=3.2343e-09/1.10676e-08 s=0.162975/0.000360771 projection_inf=9.73478e-17 rho=1e+08 support=415/12248
ADMM_ITER round=0/0 iteration=46000/100000 objective=0.00070229012035111053 r=3.24515e-09/1.10676e-08 s=0.160281/0.000360809 projection_inf=1.08092e-16 rho=1e+08 support=415/12248
ADMM_ITER round=0/0 iteration=46025/100000 objective=0.00070210074198501368 r=3.25891e-09/1.10676e-08 s=0.156945/0.000360846 projection_inf=1.19438e-16 rho=1e+08 support=415/12248
ADMM_ITER round=0/0 iteration=46050/100000 objective=0.00070190554984104125 r=3.27862e-09/1.10676e-08 s=0.152258/0.000360884 projection_inf=9.61949e-17 rho=1e+08 support=415/12248
ADMM_ITER round=0/0 iteration=46075/100000 objective=0.00070171238695151321 r=3.29188e-09/1.10676e-08 s=0.148843/0.000360922 projection_inf=9.29181e-17 rho=1e+08 support=415/12248
ADMM_ITER round=0/0 iteration=46100/100000 objective=0.00070152767942199346 r=3.27857e-09/1.10676e-08 s=0.151243/0.00036096 projection_inf=9.88246e-17 rho=1e+08 support=415/12248
ADMM_ITER round=0/0 iteration=46125/100000 objective=0.00070135543537586998 r=3.23858e-09/1.10676e-08 s=0.159152/0.000360998 projection_inf=9.40825e-17 rho=1e+08 support=415/12248
ADMM_ITER round=0/0 iteration=46150/100000 objective=0.00070119997145116355 r=3.18668e-09/1.10676e-08 s=0.168803/0.000361037 projection_inf=1.02133e-16 rho=1e+08 support=414/12248
ADMM_ITER round=0/0 iteration=46175/100000 objective=0.0007010683376362215 r=3.15077e-09/1.10676e-08 s=0.173835/0.000361075 projection_inf=1.00065e-16 rho=1e+08 support=412/12248
ADMM_ITER round=0/0 iteration=46200/100000 objective=0.00070095992529548175 r=3.13291e-09/1.10676e-08 s=0.176338/0.000361114 projection_inf=1.0259e-16 rho=1e+08 support=412/12248
ADMM_ITER round=0/0 iteration=46225/100000 objective=0.00070087000729727349 r=3.13602e-09/1.10676e-08 s=0.175198/0.000361153 projection_inf=9.89855e-17 rho=1e+08 support=412/12248
ADMM_ITER round=0/0 iteration=46250/100000 objective=0.00070079638170842404 r=3.14041e-09/1.10676e-08 s=0.173872/0.000361191 projection_inf=9.7997e-17 rho=1e+08 support=411/12248
ADMM_ITER round=0/0 iteration=46275/100000 objective=0.00070073386479227527 r=3.13693e-09/1.10676e-08 s=0.173923/0.00036123 projection_inf=1.04556e-16 rho=1e+08 support=410/12248
ADMM_ITER round=0/0 iteration=46300/100000 objective=0.00070067547304551064 r=3.12709e-09/1.10676e-08 s=0.175177/0.000361269 projection_inf=1.22038e-16 rho=1e+08 support=410/12248
ADMM_ITER round=0/0 iteration=46325/100000 objective=0.00070060851898910183 r=3.12116e-09/1.10676e-08 s=0.175758/0.000361308 projection_inf=9.39316e-17 rho=1e+08 support=410/12248
ADMM_ITER round=0/0 iteration=46350/100000 objective=0.0007005365351657576 r=3.1254e-09/1.10676e-08 s=0.174514/0.000361347 projection_inf=9.26705e-17 rho=1e+08 support=411/12248
ADMM_ITER round=0/0 iteration=46375/100000 objective=0.00070046807976761579 r=3.14181e-09/1.10676e-08 s=0.17108/0.000361386 projection_inf=8.94473e-17 rho=1e+08 support=411/12248
ADMM_ITER round=0/0 iteration=46400/100000 objective=0.00070040240121187821 r=3.1554e-09/1.10676e-08 s=0.167945/0.000361425 projection_inf=9.64915e-17 rho=1e+08 support=412/12248
ADMM_ITER round=0/0 iteration=46425/100000 objective=0.00070033308194883111 r=3.16771e-09/1.10676e-08 s=0.165095/0.000361464 projection_inf=9.68327e-17 rho=1e+08 support=412/12248
ADMM_ITER round=0/0 iteration=46450/100000 objective=0.0007002557357073041 r=3.18089e-09/1.10676e-08 s=0.162094/0.000361503 projection_inf=9.6194e-17 rho=1e+08 support=412/12248
ADMM_ITER round=0/0 iteration=46475/100000 objective=0.00070016119155703069 r=3.19401e-09/1.10676e-08 s=0.159052/0.000361542 projection_inf=1.01094e-16 rho=1e+08 support=411/12248
ADMM_ITER round=0/0 iteration=46500/100000 objective=0.00070005891178719494 r=3.19737e-09/1.10676e-08 s=0.157902/0.000361581 projection_inf=9.17401e-17 rho=1e+08 support=413/12248
ADMM_ITER round=0/0 iteration=46525/100000 objective=0.00069995470300473117 r=3.18322e-09/1.10676e-08 s=0.160293/0.000361621 projection_inf=1.04222e-16 rho=1e+08 support=413/12248
ADMM_ITER round=0/0 iteration=46550/100000 objective=0.00069984480293506103 r=3.15543e-09/1.10676e-08 s=0.165281/0.00036166 projection_inf=9.85358e-17 rho=1e+08 support=413/12248
ADMM_ITER round=0/0 iteration=46575/100000 objective=0.00069973289152014666 r=3.1272e-09/1.10676e-08 s=0.170167/0.0003617 projection_inf=1.12471e-16 rho=1e+08 support=413/12248
ADMM_ITER round=0/0 iteration=46600/100000 objective=0.00069961890022345757 r=3.10925e-09/1.10676e-08 s=0.173046/0.000361739 projection_inf=1.14599e-16 rho=1e+08 support=413/12248
ADMM_ITER round=0/0 iteration=46625/100000 objective=0.00069950250546103009 r=3.10635e-09/1.10676e-08 s=0.173197/0.000361779 projection_inf=9.66558e-17 rho=1e+08 support=413/12248
ADMM_ITER round=0/0 iteration=46650/100000 objective=0.00069939022966307093 r=3.11248e-09/1.10676e-08 s=0.171726/0.000361819 projection_inf=1.09417e-16 rho=1e+08 support=413/12248
ADMM_ITER round=0/0 iteration=46675/100000 objective=0.00069928513050209102 r=3.11902e-09/1.10676e-08 s=0.170173/0.000361859 projection_inf=1.13717e-16 rho=1e+08 support=413/12248
ADMM_ITER round=0/0 iteration=46700/100000 objective=0.00069918185009088657 r=3.11901e-09/1.10676e-08 s=0.169753/0.000361899 projection_inf=1.08032e-16 rho=1e+08 support=412/12248
ADMM_ITER round=0/0 iteration=46725/100000 objective=0.00069906856043688631 r=3.12474e-09/1.10676e-08 s=0.168242/0.000361939 projection_inf=9.5525e-17 rho=1e+08 support=412/12248
ADMM_ITER round=0/0 iteration=46750/100000 objective=0.00069893314243238121 r=3.13917e-09/1.10676e-08 s=0.164985/0.000361979 projection_inf=9.55611e-17 rho=1e+08 support=413/12248
ADMM_ITER round=0/0 iteration=46775/100000 objective=0.00069877124549324948 r=3.16417e-09/1.10676e-08 s=0.159656/0.000362019 projection_inf=9.88511e-17 rho=1e+08 support=413/12248
ADMM_ITER round=0/0 iteration=46800/100000 objective=0.00069858728238436185 r=3.19424e-09/1.10676e-08 s=0.153088/0.000362059 projection_inf=1.00572e-16 rho=1e+08 support=413/12248
ADMM_ITER round=0/0 iteration=46825/100000 objective=0.00069838377503167275 r=3.21274e-09/1.10676e-08 s=0.148716/0.0003621 projection_inf=9.8262e-17 rho=1e+08 support=413/12248
ADMM_ITER round=0/0 iteration=46850/100000 objective=0.00069815970277502606 r=3.21699e-09/1.10676e-08 s=0.147356/0.000362141 projection_inf=1.12819e-16 rho=1e+08 support=412/12248
ADMM_ITER round=0/0 iteration=46875/100000 objective=0.00069791674630827671 r=3.20956e-09/1.10676e-08 s=0.148546/0.000362182 projection_inf=9.59116e-17 rho=1e+08 support=412/12248
ADMM_ITER round=0/0 iteration=46900/100000 objective=0.00069766628084341092 r=3.19522e-09/1.10676e-08 s=0.151201/0.000362223 projection_inf=9.69978e-17 rho=1e+08 support=413/12248
ADMM_ITER round=0/0 iteration=46925/100000 objective=0.00069741989176340022 r=3.18191e-09/1.10676e-08 s=0.153593/0.000362264 projection_inf=1.03796e-16 rho=1e+08 support=412/12248
ADMM_ITER round=0/0 iteration=46950/100000 objective=0.00069718862355860141 r=3.18165e-09/1.10676e-08 s=0.15326/0.000362305 projection_inf=1.10486e-16 rho=1e+08 support=411/12248
ADMM_ITER round=0/0 iteration=46975/100000 objective=0.00069697624051544001 r=3.192e-09/1.10676e-08 s=0.150667/0.000362347 projection_inf=1.04859e-16 rho=1e+08 support=411/12248
ADMM_ITER round=0/0 iteration=47000/100000 objective=0.00069677996600251346 r=3.19672e-09/1.10676e-08 s=0.149234/0.000362388 projection_inf=9.52224e-17 rho=1e+08 support=412/12248
ADMM_ITER round=0/0 iteration=47025/100000 objective=0.00069659426409262443 r=3.1828e-09/1.10676e-08 s=0.15179/0.00036243 projection_inf=1.12224e-16 rho=1e+08 support=412/12248
ADMM_ITER round=0/0 iteration=47050/100000 objective=0.00069641630161539536 r=3.15738e-09/1.10676e-08 s=0.15664/0.000362472 projection_inf=1.08159e-16 rho=1e+08 support=412/12248
ADMM_ITER round=0/0 iteration=47075/100000 objective=0.00069624737544931106 r=3.14076e-09/1.10676e-08 s=0.159594/0.000362514 projection_inf=9.55657e-17 rho=1e+08 support=412/12248
ADMM_ITER round=0/0 iteration=47100/100000 objective=0.00069609149460975878 r=3.14483e-09/1.10676e-08 s=0.158442/0.000362556 projection_inf=1.03194e-16 rho=1e+08 support=412/12248
ADMM_ITER round=0/0 iteration=47125/100000 objective=0.00069594905309320893 r=3.16591e-09/1.10676e-08 s=0.153832/0.000362599 projection_inf=1.12004e-16 rho=1e+08 support=412/12248
ADMM_ITER round=0/0 iteration=47150/100000 objective=0.00069581378782450777 r=3.18948e-09/1.10676e-08 s=0.148493/0.000362641 projection_inf=9.86562e-17 rho=1e+08 support=412/12248
ADMM_ITER round=0/0 iteration=47175/100000 objective=0.0006956796126815389 r=3.20566e-09/1.10676e-08 s=0.144544/0.000362684 projection_inf=9.29325e-17 rho=1e+08 support=413/12248
ADMM_ITER round=0/0 iteration=47200/100000 objective=0.00069554116453501424 r=3.21265e-09/1.10676e-08 s=0.142588/0.000362726 projection_inf=1.09756e-16 rho=1e+08 support=413/12248
ADMM_ITER round=0/0 iteration=47225/100000 objective=0.00069539822366099073 r=3.20809e-09/1.10676e-08 s=0.14323/0.000362769 projection_inf=1.13597e-16 rho=1e+08 support=413/12248
ADMM_ITER round=0/0 iteration=47250/100000 objective=0.00069525257266521011 r=3.19142e-09/1.10676e-08 s=0.146061/0.000362812 projection_inf=8.63291e-17 rho=1e+08 support=414/12248
ADMM_ITER round=0/0 iteration=47275/100000 objective=0.00069510652366976892 r=3.17376e-09/1.10676e-08 s=0.149387/0.000362855 projection_inf=1.08065e-16 rho=1e+08 support=414/12248
ADMM_ITER round=0/0 iteration=47300/100000 objective=0.00069496573061556303 r=3.1568e-09/1.10676e-08 s=0.15256/0.000362898 projection_inf=1.07439e-16 rho=1e+08 support=414/12248
ADMM_ITER round=0/0 iteration=47325/100000 objective=0.00069483012674538742 r=3.14703e-09/1.10676e-08 s=0.154212/0.000362941 projection_inf=1.12583e-16 rho=1e+08 support=414/12248
ADMM_ITER round=0/0 iteration=47350/100000 objective=0.00069470272843542879 r=3.15641e-09/1.10676e-08 s=0.151935/0.000362984 projection_inf=1.10977e-16 rho=1e+08 support=414/12248
ADMM_ITER round=0/0 iteration=47375/100000 objective=0.00069458059857913589 r=3.17761e-09/1.10676e-08 s=0.147102/0.000363028 projection_inf=1.13009e-16 rho=1e+08 support=414/12248
ADMM_ITER round=0/0 iteration=47400/100000 objective=0.00069445831458736658 r=3.1899e-09/1.10676e-08 s=0.144067/0.000363071 projection_inf=1.00876e-16 rho=1e+08 support=414/12248
ADMM_ITER round=0/0 iteration=47425/100000 objective=0.00069433431826210494 r=3.18612e-09/1.10676e-08 s=0.14456/0.000363115 projection_inf=9.50734e-17 rho=1e+08 support=414/12248
ADMM_ITER round=0/0 iteration=47450/100000 objective=0.00069421399723630498 r=3.17479e-09/1.10676e-08 s=0.146699/0.000363158 projection_inf=1.00721e-16 rho=1e+08 support=414/12248
ADMM_ITER round=0/0 iteration=47475/100000 objective=0.00069410476096925513 r=3.16672e-09/1.10676e-08 s=0.148108/0.000363202 projection_inf=1.04717e-16 rho=1e+08 support=414/12248
ADMM_ITER round=0/0 iteration=47500/100000 objective=0.00069400878767281854 r=3.16566e-09/1.10676e-08 s=0.148008/0.000363246 projection_inf=1.10594e-16 rho=1e+08 support=413/12248
ADMM_ITER round=0/0 iteration=47525/100000 objective=0.0006939209558712759 r=3.16892e-09/1.10676e-08 s=0.146978/0.00036329 projection_inf=9.82356e-17 rho=1e+08 support=413/12248
ADMM_ITER round=0/0 iteration=47550/100000 objective=0.00069383552722940549 r=3.17169e-09/1.10676e-08 s=0.146055/0.000363334 projection_inf=1.04259e-16 rho=1e+08 support=413/12248
ADMM_ITER round=0/0 iteration=47575/100000 objective=0.00069375221221242987 r=3.17169e-09/1.10676e-08 s=0.145734/0.000363378 projection_inf=1.0106e-16 rho=1e+08 support=412/12248
ADMM_ITER round=0/0 iteration=47600/100000 objective=0.00069367195262349743 r=3.16597e-09/1.10676e-08 s=0.146656/0.000363422 projection_inf=9.63903e-17 rho=1e+08 support=412/12248
ADMM_ITER round=0/0 iteration=47625/100000 objective=0.00069359588813403211 r=3.15151e-09/1.10676e-08 s=0.149405/0.000363466 projection_inf=9.64521e-17 rho=1e+08 support=413/12248
ADMM_ITER round=0/0 iteration=47650/100000 objective=0.00069352651344167478 r=3.12709e-09/1.10676e-08 s=0.154065/0.00036351 projection_inf=1.00404e-16 rho=1e+08 support=413/12248
ADMM_ITER round=0/0 iteration=47675/100000 objective=0.00069345757008909808 r=3.10744e-09/1.10676e-08 s=0.157524/0.000363554 projection_inf=9.81721e-17 rho=1e+08 support=413/12248
ADMM_ITER round=0/0 iteration=47700/100000 objective=0.00069339128894631904 r=3.09454e-09/1.10676e-08 s=0.159657/0.000363599 projection_inf=1.05654e-16 rho=1e+08 support=413/12248
ADMM_ITER round=0/0 iteration=47725/100000 objective=0.00069332560169792939 r=3.09266e-09/1.10676e-08 s=0.159669/0.000363643 projection_inf=9.22287e-17 rho=1e+08 support=413/12248
ADMM_ITER round=0/0 iteration=47750/100000 objective=0.0006932679235269974 r=3.09947e-09/1.10676e-08 s=0.158009/0.000363688 projection_inf=1.14233e-16 rho=1e+08 support=413/12248
ADMM_ITER round=0/0 iteration=47775/100000 objective=0.00069321615785816596 r=3.10687e-09/1.10676e-08 s=0.156218/0.000363732 projection_inf=1.23144e-16 rho=1e+08 support=412/12248
ADMM_ITER round=0/0 iteration=47800/100000 objective=0.00069317069502891192 r=3.11262e-09/1.10676e-08 s=0.154741/0.000363776 projection_inf=1.14194e-16 rho=1e+08 support=412/12248
ADMM_ITER round=0/0 iteration=47825/100000 objective=0.00069313369602567803 r=3.11633e-09/1.10676e-08 s=0.15368/0.000363821 projection_inf=1.23264e-16 rho=1e+08 support=412/12248
ADMM_ITER round=0/0 iteration=47850/100000 objective=0.00069310550369741208 r=3.12434e-09/1.10676e-08 s=0.151734/0.000363866 projection_inf=1.09397e-16 rho=1e+08 support=412/12248
ADMM_ITER round=0/0 iteration=47875/100000 objective=0.00069308533908142079 r=3.14111e-09/1.10676e-08 s=0.147921/0.00036391 projection_inf=1.11575e-16 rho=1e+08 support=412/12248
ADMM_ITER round=0/0 iteration=47900/100000 objective=0.00069307212338646932 r=3.16098e-09/1.10676e-08 s=0.143314/0.000363955 projection_inf=1.09291e-16 rho=1e+08 support=412/12248
ADMM_ITER round=0/0 iteration=47925/100000 objective=0.00069306281666893987 r=3.17581e-09/1.10676e-08 s=0.139682/0.000363999 projection_inf=9.62369e-17 rho=1e+08 support=412/12248
ADMM_ITER round=0/0 iteration=47950/100000 objective=0.00069305151728404316 r=3.17784e-09/1.10676e-08 s=0.138866/0.000364044 projection_inf=1.07545e-16 rho=1e+08 support=413/12248
ADMM_ITER round=0/0 iteration=47975/100000 objective=0.00069303701622006801 r=3.16795e-09/1.10676e-08 s=0.140453/0.000364089 projection_inf=9.74697e-17 rho=1e+08 support=413/12248
ADMM_ITER round=0/0 iteration=48000/100000 objective=0.00069302465498311482 r=3.1438e-09/1.10676e-08 s=0.144964/0.000364133 projection_inf=1.03175e-16 rho=1e+08 support=415/12248
ADMM_ITER round=0/0 iteration=48025/100000 objective=0.00069300593698330432 r=3.11677e-09/1.10676e-08 s=0.150108/0.000364178 projection_inf=9.33211e-17 rho=1e+08 support=415/12248
ADMM_ITER round=0/0 iteration=48050/100000 objective=0.00069297621603688715 r=3.09164e-09/1.10676e-08 s=0.154749/0.000364223 projection_inf=1.04909e-16 rho=1e+08 support=415/12248
ADMM_ITER round=0/0 iteration=48075/100000 objective=0.00069293769602415977 r=3.06487e-09/1.10676e-08 s=0.159574/0.000364267 projection_inf=9.47024e-17 rho=1e+08 support=415/12248
ADMM_ITER round=0/0 iteration=48100/100000 objective=0.00069290503912077081 r=3.04018e-09/1.10676e-08 s=0.163854/0.000364312 projection_inf=9.93424e-17 rho=1e+08 support=415/12248
ADMM_ITER round=0/0 iteration=48125/100000 objective=0.00069288542405247029 r=3.02174e-09/1.10676e-08 s=0.16688/0.000364357 projection_inf=1.07103e-16 rho=1e+08 support=415/12248
ADMM_ITER round=0/0 iteration=48150/100000 objective=0.00069287660075415696 r=3.01303e-09/1.10676e-08 s=0.168114/0.000364402 projection_inf=9.5082e-17 rho=1e+08 support=415/12248
ADMM_ITER round=0/0 iteration=48175/100000 objective=0.00069287931953321388 r=3.01329e-09/1.10676e-08 s=0.167742/0.000364447 projection_inf=9.43255e-17 rho=1e+08 support=415/12248
ADMM_ITER round=0/0 iteration=48200/100000 objective=0.00069289817980709408 r=3.01527e-09/1.10676e-08 s=0.167072/0.000364491 projection_inf=9.42309e-17 rho=1e+08 support=415/12248
ADMM_ITER round=0/0 iteration=48225/100000 objective=0.00069293043235691386 r=3.01205e-09/1.10676e-08 s=0.167344/0.000364536 projection_inf=9.71213e-17 rho=1e+08 support=415/12248
ADMM_ITER round=0/0 iteration=48250/100000 objective=0.00069297335257125447 r=3.0045e-09/1.10676e-08 s=0.168308/0.000364581 projection_inf=1.01419e-16 rho=1e+08 support=416/12248
ADMM_ITER round=0/0 iteration=48275/100000 objective=0.00069302273777716191 r=3.00317e-09/1.10676e-08 s=0.168186/0.000364626 projection_inf=1.0994e-16 rho=1e+08 support=416/12248
ADMM_ITER round=0/0 iteration=48300/100000 objective=0.00069307429254970691 r=3.01174e-09/1.10676e-08 s=0.166315/0.00036467 projection_inf=1.00001e-16 rho=1e+08 support=416/12248
ADMM_ITER round=0/0 iteration=48325/100000 objective=0.00069312463098819988 r=3.03129e-09/1.10676e-08 s=0.162381/0.000364715 projection_inf=1.08755e-16 rho=1e+08 support=417/12248
ADMM_ITER round=0/0 iteration=48350/100000 objective=0.00069317500852745899 r=3.06076e-09/1.10676e-08 s=0.156379/0.00036476 projection_inf=9.49449e-17 rho=1e+08 support=416/12248
ADMM_ITER round=0/0 iteration=48375/100000 objective=0.00069322250542699882 r=3.09317e-09/1.10676e-08 s=0.148902/0.000364804 projection_inf=9.98224e-17 rho=1e+08 support=415/12248
ADMM_ITER round=0/0 iteration=48400/100000 objective=0.00069326801900002186 r=3.10977e-09/1.10676e-08 s=0.144851/0.000364849 projection_inf=9.78342e-17 rho=1e+08 support=415/12248
ADMM_ITER round=0/0 iteration=48425/100000 objective=0.00069330554666854731 r=3.11458e-09/1.10676e-08 s=0.143293/0.000364894 projection_inf=9.47285e-17 rho=1e+08 support=414/12248
ADMM_ITER round=0/0 iteration=48450/100000 objective=0.00069334321784713564 r=3.11151e-09/1.10676e-08 s=0.14348/0.000364938 projection_inf=9.07603e-17 rho=1e+08 support=414/12248
ADMM_ITER round=0/0 iteration=48475/100000 objective=0.00069337748184652938 r=3.10693e-09/1.10676e-08 s=0.143835/0.000364983 projection_inf=1.06891e-16 rho=1e+08 support=413/12248
ADMM_ITER round=0/0 iteration=48500/100000 objective=0.00069340738413975662 r=3.10239e-09/1.10676e-08 s=0.144316/0.000365027 projection_inf=9.34109e-17 rho=1e+08 support=413/12248
ADMM_ITER round=0/0 iteration=48525/100000 objective=0.00069343331875367149 r=3.09116e-09/1.10676e-08 s=0.146275/0.000365072 projection_inf=1.08535e-16 rho=1e+08 support=413/12248
ADMM_ITER round=0/0 iteration=48550/100000 objective=0.0006934583559555414 r=3.07489e-09/1.10676e-08 s=0.149264/0.000365116 projection_inf=1.06891e-16 rho=1e+08 support=413/12248
ADMM_ITER round=0/0 iteration=48575/100000 objective=0.00069347935834353127 r=3.05603e-09/1.10676e-08 s=0.152712/0.000365161 projection_inf=1.00247e-16 rho=1e+08 support=413/12248
ADMM_ITER round=0/0 iteration=48600/100000 objective=0.00069348751649690504 r=3.04222e-09/1.10676e-08 s=0.155085/0.000365205 projection_inf=9.64011e-17 rho=1e+08 support=413/12248
ADMM_ITER round=0/0 iteration=48625/100000 objective=0.00069348060735509027 r=3.04024e-09/1.10676e-08 s=0.155122/0.00036525 projection_inf=1.12482e-16 rho=1e+08 support=413/12248
ADMM_ITER round=0/0 iteration=48650/100000 objective=0.0006934608758000344 r=3.0517e-09/1.10676e-08 s=0.152508/0.000365294 projection_inf=1.09726e-16 rho=1e+08 support=413/12248
ADMM_ITER round=0/0 iteration=48675/100000 objective=0.00069343485561491989 r=3.07222e-09/1.10676e-08 s=0.147982/0.000365339 projection_inf=1.11422e-16 rho=1e+08 support=413/12248
ADMM_ITER round=0/0 iteration=48700/100000 objective=0.00069340375985370219 r=3.09797e-09/1.10676e-08 s=0.142156/0.000365383 projection_inf=1.02118e-16 rho=1e+08 support=413/12248
ADMM_ITER round=0/0 iteration=48725/100000 objective=0.0006933685518968947 r=3.12022e-09/1.10676e-08 s=0.136838/0.000365428 projection_inf=1.00928e-16 rho=1e+08 support=413/12248
ADMM_ITER round=0/0 iteration=48750/100000 objective=0.00069333344944985144 r=3.13377e-09/1.10676e-08 s=0.133338/0.000365473 projection_inf=1.02319e-16 rho=1e+08 support=413/12248
ADMM_ITER round=0/0 iteration=48775/100000 objective=0.00069330164949904136 r=3.13796e-09/1.10676e-08 s=0.131983/0.000365517 projection_inf=9.9923e-17 rho=1e+08 support=413/12248
ADMM_ITER round=0/0 iteration=48800/100000 objective=0.00069327029249499736 r=3.13441e-09/1.10676e-08 s=0.132465/0.000365562 projection_inf=1.05457e-16 rho=1e+08 support=413/12248
ADMM_ITER round=0/0 iteration=48825/100000 objective=0.00069323502288878543 r=3.12571e-09/1.10676e-08 s=0.134156/0.000365607 projection_inf=1.03064e-16 rho=1e+08 support=413/12248
ADMM_ITER round=0/0 iteration=48850/100000 objective=0.0006931960330546418 r=3.11713e-09/1.10676e-08 s=0.135799/0.000365652 projection_inf=1.0188e-16 rho=1e+08 support=413/12248
ADMM_ITER round=0/0 iteration=48875/100000 objective=0.00069315940522236971 r=3.11034e-09/1.10676e-08 s=0.137015/0.000365696 projection_inf=9.60878e-17 rho=1e+08 support=413/12248
ADMM_ITER round=0/0 iteration=48900/100000 objective=0.00069313195303052758 r=3.10489e-09/1.10676e-08 s=0.137918/0.000365741 projection_inf=9.28699e-17 rho=1e+08 support=413/12248
ADMM_ITER round=0/0 iteration=48925/100000 objective=0.00069311680594853493 r=3.09855e-09/1.10676e-08 s=0.139018/0.000365786 projection_inf=1.05406e-16 rho=1e+08 support=413/12248
ADMM_ITER round=0/0 iteration=48950/100000 objective=0.00069311324624726669 r=3.08616e-09/1.10676e-08 s=0.141437/0.000365831 projection_inf=9.66704e-17 rho=1e+08 support=413/12248
ADMM_ITER round=0/0 iteration=48975/100000 objective=0.00069311773478803807 r=3.06494e-09/1.10676e-08 s=0.145681/0.000365876 projection_inf=1.00045e-16 rho=1e+08 support=413/12248
ADMM_ITER round=0/0 iteration=49000/100000 objective=0.00069312520635165251 r=3.03814e-09/1.10676e-08 s=0.150905/0.000365921 projection_inf=1.03603e-16 rho=1e+08 support=413/12248
ADMM_ITER round=0/0 iteration=49025/100000 objective=0.00069313314299604151 r=3.01958e-09/1.10676e-08 s=0.15431/0.000365966 projection_inf=1.01968e-16 rho=1e+08 support=413/12248
ADMM_ITER round=0/0 iteration=49050/100000 objective=0.00069314145413199892 r=3.02024e-09/1.10676e-08 s=0.15391/0.00036601 projection_inf=9.9139e-17 rho=1e+08 support=413/12248
ADMM_ITER round=0/0 iteration=49075/100000 objective=0.00069314752601936356 r=3.03684e-09/1.10676e-08 s=0.150332/0.000366055 projection_inf=1.07834e-16 rho=1e+08 support=413/12248
ADMM_ITER round=0/0 iteration=49100/100000 objective=0.00069314520499024249 r=3.05905e-09/1.10676e-08 s=0.145475/0.0003661 projection_inf=9.95748e-17 rho=1e+08 support=413/12248
ADMM_ITER round=0/0 iteration=49125/100000 objective=0.00069312856693164366 r=3.07734e-09/1.10676e-08 s=0.141277/0.000366145 projection_inf=1.06945e-16 rho=1e+08 support=413/12248
ADMM_ITER round=0/0 iteration=49150/100000 objective=0.00069309442225836781 r=3.08586e-09/1.10676e-08 s=0.139116/0.00036619 projection_inf=9.58733e-17 rho=1e+08 support=413/12248
ADMM_ITER round=0/0 iteration=49175/100000 objective=0.00069304172349589181 r=3.08605e-09/1.10676e-08 s=0.138786/0.000366235 projection_inf=1.08072e-16 rho=1e+08 support=413/12248
ADMM_ITER round=0/0 iteration=49200/100000 objective=0.00069296997344715913 r=3.08548e-09/1.10676e-08 s=0.138626/0.00036628 projection_inf=1.10172e-16 rho=1e+08 support=413/12248
ADMM_ITER round=0/0 iteration=49225/100000 objective=0.00069288022439429296 r=3.0883e-09/1.10676e-08 s=0.137712/0.000366325 projection_inf=9.96773e-17 rho=1e+08 support=413/12248
ADMM_ITER round=0/0 iteration=49250/100000 objective=0.00069277615718496305 r=3.09244e-09/1.10676e-08 s=0.136496/0.00036637 projection_inf=1.02104e-16 rho=1e+08 support=413/12248
ADMM_ITER round=0/0 iteration=49275/100000 objective=0.00069266257762780087 r=3.0927e-09/1.10676e-08 s=0.136155/0.000366415 projection_inf=9.19557e-17 rho=1e+08 support=413/12248
ADMM_ITER round=0/0 iteration=49300/100000 objective=0.00069254385741198386 r=3.08572e-09/1.10676e-08 s=0.13745/0.000366461 projection_inf=9.76453e-17 rho=1e+08 support=413/12248
ADMM_ITER round=0/0 iteration=49325/100000 objective=0.0006924236265808283 r=3.07391e-09/1.10676e-08 s=0.1398/0.000366506 projection_inf=1.02557e-16 rho=1e+08 support=413/12248
ADMM_ITER round=0/0 iteration=49350/100000 objective=0.00069230489545303033 r=3.06376e-09/1.10676e-08 s=0.141747/0.000366552 projection_inf=1.00982e-16 rho=1e+08 support=413/12248
ADMM_ITER round=0/0 iteration=49375/100000 objective=0.00069219124035015524 r=3.05907e-09/1.10676e-08 s=0.142358/0.000366597 projection_inf=1.12656e-16 rho=1e+08 support=414/12248
ADMM_ITER round=0/0 iteration=49400/100000 objective=0.00069208182492984491 r=3.06117e-09/1.10676e-08 s=0.141567/0.000366643 projection_inf=9.99038e-17 rho=1e+08 support=414/12248
ADMM_ITER round=0/0 iteration=49425/100000 objective=0.00069197964859707829 r=3.06086e-09/1.10676e-08 s=0.141321/0.000366689 projection_inf=9.51494e-17 rho=1e+08 support=414/12248
ADMM_ITER round=0/0 iteration=49450/100000 objective=0.00069188402626154896 r=3.05285e-09/1.10676e-08 s=0.142748/0.000366734 projection_inf=1.01796e-16 rho=1e+08 support=414/12248
ADMM_ITER round=0/0 iteration=49475/100000 objective=0.0006917950102394441 r=3.04522e-09/1.10676e-08 s=0.144086/0.00036678 projection_inf=9.78976e-17 rho=1e+08 support=414/12248
ADMM_ITER round=0/0 iteration=49500/100000 objective=0.00069170849204728353 r=3.04854e-09/1.10676e-08 s=0.143104/0.000366826 projection_inf=1.08617e-16 rho=1e+08 support=414/12248
ADMM_ITER round=0/0 iteration=49525/100000 objective=0.00069162313613533753 r=3.06483e-09/1.10676e-08 s=0.139299/0.000366872 projection_inf=1.1689e-16 rho=1e+08 support=414/12248
ADMM_ITER round=0/0 iteration=49550/100000 objective=0.00069153776444796054 r=3.08617e-09/1.10676e-08 s=0.134219/0.000366918 projection_inf=9.31808e-17 rho=1e+08 support=414/12248
ADMM_ITER round=0/0 iteration=49575/100000 objective=0.00069145100660093718 r=3.10184e-09/1.10676e-08 s=0.130266/0.000366964 projection_inf=9.48774e-17 rho=1e+08 support=414/12248
ADMM_ITER round=0/0 iteration=49600/100000 objective=0.00069136403970656744 r=3.10374e-09/1.10676e-08 s=0.12952/0.000367011 projection_inf=9.87625e-17 rho=1e+08 support=414/12248
ADMM_ITER round=0/0 iteration=49625/100000 objective=0.00069127897275995443 r=3.09209e-09/1.10676e-08 s=0.131973/0.000367057 projection_inf=1.00548e-16 rho=1e+08 support=415/12248
ADMM_ITER round=0/0 iteration=49650/100000 objective=0.00069119677553488581 r=3.07776e-09/1.10676e-08 s=0.134994/0.000367103 projection_inf=1.04886e-16 rho=1e+08 support=415/12248
ADMM_ITER round=0/0 iteration=49675/100000 objective=0.0006911166592502956 r=3.07072e-09/1.10676e-08 s=0.136309/0.00036715 projection_inf=1.02376e-16 rho=1e+08 support=415/12248
ADMM_ITER round=0/0 iteration=49700/100000 objective=0.00069103886348267679 r=3.06987e-09/1.10676e-08 s=0.136226/0.000367196 projection_inf=1.04507e-16 rho=1e+08 support=415/12248
ADMM_ITER round=0/0 iteration=49725/100000 objective=0.00069096453968119174 r=3.0671e-09/1.10676e-08 s=0.136579/0.000367243 projection_inf=9.4352e-17 rho=1e+08 support=415/12248
ADMM_ITER round=0/0 iteration=49750/100000 objective=0.00069089660919711634 r=3.05823e-09/1.10676e-08 s=0.138291/0.000367289 projection_inf=9.76161e-17 rho=1e+08 support=415/12248
ADMM_ITER round=0/0 iteration=49775/100000 objective=0.00069083962305139537 r=3.04411e-09/1.10676e-08 s=0.141118/0.000367336 projection_inf=1.01728e-16 rho=1e+08 support=415/12248
ADMM_ITER round=0/0 iteration=49800/100000 objective=0.000690796238750853 r=3.03194e-09/1.10676e-08 s=0.143465/0.000367383 projection_inf=1.02804e-16 rho=1e+08 support=414/12248
ADMM_ITER round=0/0 iteration=49825/100000 objective=0.00069076700281342051 r=3.02632e-09/1.10676e-08 s=0.144382/0.000367429 projection_inf=9.86258e-17 rho=1e+08 support=414/12248
ADMM_ITER round=0/0 iteration=49850/100000 objective=0.0006907502935568641 r=3.02456e-09/1.10676e-08 s=0.1445/0.000367476 projection_inf=9.69451e-17 rho=1e+08 support=413/12248
ADMM_ITER round=0/0 iteration=49875/100000 objective=0.00069074537320522875 r=3.02231e-09/1.10676e-08 s=0.144723/0.000367523 projection_inf=1.22288e-16 rho=1e+08 support=414/12248
ADMM_ITER round=0/0 iteration=49900/100000 objective=0.000690751007968888 r=3.01734e-09/1.10676e-08 s=0.145515/0.000367569 projection_inf=9.51656e-17 rho=1e+08 support=414/12248
ADMM_ITER round=0/0 iteration=49925/100000 objective=0.00069076653407745543 r=3.01269e-09/1.10676e-08 s=0.146238/0.000367616 projection_inf=9.70048e-17 rho=1e+08 support=414/12248
ADMM_ITER round=0/0 iteration=49950/100000 objective=0.00069078896200839277 r=3.01246e-09/1.10676e-08 s=0.14605/0.000367663 projection_inf=1.07809e-16 rho=1e+08 support=414/12248
ADMM_ITER round=0/0 iteration=49975/100000 objective=0.00069081515008203394 r=3.01967e-09/1.10676e-08 s=0.144317/0.00036771 projection_inf=1.12788e-16 rho=1e+08 support=414/12248
ADMM_ITER round=0/0 iteration=50000/100000 objective=0.00069084362654985715 r=3.03526e-09/1.10676e-08 s=0.139973/0.000367756 projection_inf=1.02157e-16 rho=1e+08 support=413/12248
ADMM_ITER round=0/0 iteration=50025/100000 objective=0.00069087561764972182 r=3.05454e-09/1.10676e-08 s=0.135258/0.000367803 projection_inf=9.42044e-17 rho=1e+08 support=413/12248
ADMM_ITER round=0/0 iteration=50050/100000 objective=0.00069090969590391541 r=3.07587e-09/1.10676e-08 s=0.129951/0.00036785 projection_inf=1.00129e-16 rho=1e+08 support=413/12248
ADMM_ITER round=0/0 iteration=50075/100000 objective=0.00069094962973930275 r=3.09063e-09/1.10676e-08 s=0.126039/0.000367896 projection_inf=9.86785e-17 rho=1e+08 support=413/12248
ADMM_ITER round=0/0 iteration=50100/100000 objective=0.000690999506000869 r=3.09437e-09/1.10676e-08 s=0.124653/0.000367943 projection_inf=1.13613e-16 rho=1e+08 support=414/12248
ADMM_ITER round=0/0 iteration=50125/100000 objective=0.00069105977282448469 r=3.09092e-09/1.10676e-08 s=0.125046/0.00036799 projection_inf=1.05442e-16 rho=1e+08 support=414/12248
ADMM_ITER round=0/0 iteration=50150/100000 objective=0.0006911310719634042 r=3.0903e-09/1.10676e-08 s=0.124808/0.000368036 projection_inf=1.11109e-16 rho=1e+08 support=414/12248
ADMM_ITER round=0/0 iteration=50175/100000 objective=0.00069121479038906366 r=3.09005e-09/1.10676e-08 s=0.124503/0.000368083 projection_inf=1.1211e-16 rho=1e+08 support=414/12248
ADMM_ITER round=0/0 iteration=50200/100000 objective=0.00069131395099609897 r=3.0856e-09/1.10676e-08 s=0.125257/0.000368129 projection_inf=1.04344e-16 rho=1e+08 support=414/12248
ADMM_ITER round=0/0 iteration=50225/100000 objective=0.00069142579853030727 r=3.07549e-09/1.10676e-08 s=0.12739/0.000368176 projection_inf=9.75196e-17 rho=1e+08 support=414/12248
ADMM_ITER round=0/0 iteration=50250/100000 objective=0.0006915429774559601 r=3.06337e-09/1.10676e-08 s=0.129883/0.000368222 projection_inf=1.00531e-16 rho=1e+08 support=413/12248
ADMM_ITER round=0/0 iteration=50275/100000 objective=0.00069166057348661191 r=3.05401e-09/1.10676e-08 s=0.131746/0.000368268 projection_inf=1.16235e-16 rho=1e+08 support=413/12248
ADMM_ITER round=0/0 iteration=50300/100000 objective=0.00069177485420623529 r=3.05207e-09/1.10676e-08 s=0.131888/0.000368314 projection_inf=1.05105e-16 rho=1e+08 support=413/12248
ADMM_ITER round=0/0 iteration=50325/100000 objective=0.00069188286140122986 r=3.05672e-09/1.10676e-08 s=0.130493/0.00036836 projection_inf=1.1226e-16 rho=1e+08 support=412/12248
ADMM_ITER round=0/0 iteration=50350/100000 objective=0.00069197890989862107 r=3.06274e-09/1.10676e-08 s=0.128737/0.000368407 projection_inf=9.68503e-17 rho=1e+08 support=412/12248
ADMM_ITER round=0/0 iteration=50375/100000 objective=0.00069205995625207868 r=3.06396e-09/1.10676e-08 s=0.128128/0.000368453 projection_inf=1.09481e-16 rho=1e+08 support=412/12248
ADMM_ITER round=0/0 iteration=50400/100000 objective=0.00069213391957819738 r=3.06373e-09/1.10676e-08 s=0.127875/0.000368498 projection_inf=9.73565e-17 rho=1e+08 support=412/12248
ADMM_ITER round=0/0 iteration=50425/100000 objective=0.00069220922343489434 r=3.06728e-09/1.10676e-08 s=0.126703/0.000368544 projection_inf=9.21809e-17 rho=1e+08 support=413/12248
ADMM_ITER round=0/0 iteration=50450/100000 objective=0.00069229007883061611 r=3.06673e-09/1.10676e-08 s=0.126499/0.00036859 projection_inf=9.93536e-17 rho=1e+08 support=413/12248
ADMM_ITER round=0/0 iteration=50475/100000 objective=0.0006923769025100441 r=3.06007e-09/1.10676e-08 s=0.127778/0.000368636 projection_inf=9.49821e-17 rho=1e+08 support=413/12248
ADMM_ITER round=0/0 iteration=50500/100000 objective=0.00069247249011821898 r=3.04653e-09/1.10676e-08 s=0.130664/0.000368682 projection_inf=1.25551e-16 rho=1e+08 support=413/12248
ADMM_ITER round=0/0 iteration=50525/100000 objective=0.00069257995801452776 r=3.02824e-09/1.10676e-08 s=0.134556/0.000368728 projection_inf=1.04972e-16 rho=1e+08 support=413/12248
ADMM_ITER round=0/0 iteration=50550/100000 objective=0.00069269788495693676 r=3.00812e-09/1.10676e-08 s=0.138718/0.000368773 projection_inf=9.43788e-17 rho=1e+08 support=413/12248
ADMM_ITER round=0/0 iteration=50575/100000 objective=0.00069282031046840752 r=2.99016e-09/1.10676e-08 s=0.142278/0.000368819 projection_inf=1.30806e-16 rho=1e+08 support=413/12248
ADMM_ITER round=0/0 iteration=50600/100000 objective=0.00069294089473065899 r=2.98375e-09/1.10676e-08 s=0.143357/0.000368864 projection_inf=9.77106e-17 rho=1e+08 support=413/12248
ADMM_ITER round=0/0 iteration=50625/100000 objective=0.00069305272258071596 r=2.99115e-09/1.10676e-08 s=0.141544/0.00036891 projection_inf=1.1249e-16 rho=1e+08 support=413/12248
ADMM_ITER round=0/0 iteration=50650/100000 objective=0.00069315132947057683 r=3.00452e-09/1.10676e-08 s=0.13842/0.000368955 projection_inf=1.02571e-16 rho=1e+08 support=413/12248
ADMM_ITER round=0/0 iteration=50675/100000 objective=0.00069323656213897173 r=3.01293e-09/1.10676e-08 s=0.136317/0.000369 projection_inf=1.17531e-16 rho=1e+08 support=413/12248
ADMM_ITER round=0/0 iteration=50700/100000 objective=0.00069330835664920616 r=3.00891e-09/1.10676e-08 s=0.136935/0.000369046 projection_inf=1.01936e-16 rho=1e+08 support=414/12248
ADMM_ITER round=0/0 iteration=50725/100000 objective=0.00069336732759939625 r=2.99434e-09/1.10676e-08 s=0.139748/0.000369091 projection_inf=9.63723e-17 rho=1e+08 support=415/12248
ADMM_ITER round=0/0 iteration=50750/100000 objective=0.00069341858035308591 r=2.97391e-09/1.10676e-08 s=0.143761/0.000369136 projection_inf=1.14805e-16 rho=1e+08 support=415/12248
ADMM_ITER round=0/0 iteration=50775/100000 objective=0.00069346876136565903 r=2.95399e-09/1.10676e-08 s=0.147545/0.000369181 projection_inf=1.14663e-16 rho=1e+08 support=415/12248
ADMM_ITER round=0/0 iteration=50800/100000 objective=0.00069352391967335628 r=2.93765e-09/1.10676e-08 s=0.150516/0.000369226 projection_inf=1.11324e-16 rho=1e+08 support=415/12248
ADMM_ITER round=0/0 iteration=50825/100000 objective=0.00069358847554765906 r=2.92494e-09/1.10676e-08 s=0.152726/0.000369271 projection_inf=1.01825e-16 rho=1e+08 support=415/12248
ADMM_ITER round=0/0 iteration=50850/100000 objective=0.00069366856585156779 r=2.91776e-09/1.10676e-08 s=0.153852/0.000369316 projection_inf=1.03566e-16 rho=1e+08 support=415/12248
ADMM_ITER round=0/0 iteration=50875/100000 objective=0.00069376359652232136 r=2.91888e-09/1.10676e-08 s=0.153403/0.000369361 projection_inf=1.07157e-16 rho=1e+08 support=415/12248
ADMM_ITER round=0/0 iteration=50900/100000 objective=0.00069387159818225783 r=2.93365e-09/1.10676e-08 s=0.150321/0.000369406 projection_inf=1.07055e-16 rho=1e+08 support=415/12248
ADMM_ITER round=0/0 iteration=50925/100000 objective=0.00069398820971040918 r=2.9644e-09/1.10676e-08 s=0.143896/0.000369451 projection_inf=9.84585e-17 rho=1e+08 support=416/12248
ADMM_ITER round=0/0 iteration=50950/100000 objective=0.00069411024053676591 r=3.00418e-09/1.10676e-08 s=0.135125/0.000369496 projection_inf=1.01697e-16 rho=1e+08 support=416/12248
ADMM_ITER round=0/0 iteration=50975/100000 objective=0.00069423939934203983 r=3.04036e-09/1.10676e-08 s=0.126494/0.000369541 projection_inf=9.52594e-17 rho=1e+08 support=416/12248
ADMM_ITER round=0/0 iteration=51000/100000 objective=0.00069437772001947973 r=3.06337e-09/1.10676e-08 s=0.120524/0.000369585 projection_inf=1.02739e-16 rho=1e+08 support=415/12248
ADMM_ITER round=0/0 iteration=51025/100000 objective=0.00069452456352228447 r=3.06971e-09/1.10676e-08 s=0.118612/0.00036963 projection_inf=1.08845e-16 rho=1e+08 support=416/12248
ADMM_ITER round=0/0 iteration=51050/100000 objective=0.00069467618154657809 r=3.06399e-09/1.10676e-08 s=0.119799/0.000369674 projection_inf=1.20133e-16 rho=1e+08 support=416/12248
ADMM_ITER round=0/0 iteration=51075/100000 objective=0.00069482955479353696 r=3.05507e-09/1.10676e-08 s=0.121574/0.000369719 projection_inf=1.03961e-16 rho=1e+08 support=415/12248
ADMM_ITER round=0/0 iteration=51100/100000 objective=0.00069498782121615735 r=3.04253e-09/1.10676e-08 s=0.123978/0.000369763 projection_inf=9.73237e-17 rho=1e+08 support=416/12248
ADMM_ITER round=0/0 iteration=51125/100000 objective=0.00069514336671078626 r=3.01944e-09/1.10676e-08 s=0.128952/0.000369807 projection_inf=9.93847e-17 rho=1e+08 support=416/12248
ADMM_ITER round=0/0 iteration=51150/100000 objective=0.00069529769117877708 r=2.99834e-09/1.10676e-08 s=0.133333/0.000369851 projection_inf=1.08584e-16 rho=1e+08 support=416/12248
ADMM_ITER round=0/0 iteration=51175/100000 objective=0.00069544489036662107 r=2.98785e-09/1.10676e-08 s=0.135266/0.000369895 projection_inf=1.01797e-16 rho=1e+08 support=415/12248
ADMM_ITER round=0/0 iteration=51200/100000 objective=0.00069559990099537291 r=2.98873e-09/1.10676e-08 s=0.134659/0.000369939 projection_inf=9.5493e-17 rho=1e+08 support=415/12248
ADMM_ITER round=0/0 iteration=51225/100000 objective=0.00069576478395243181 r=2.99778e-09/1.10676e-08 s=0.132252/0.000369983 projection_inf=1.07183e-16 rho=1e+08 support=415/12248
ADMM_ITER round=0/0 iteration=51250/100000 objective=0.00069593924617696111 r=3.00332e-09/1.10676e-08 s=0.130624/0.000370026 projection_inf=1.16475e-16 rho=1e+08 support=415/12248
ADMM_ITER round=0/0 iteration=51275/100000 objective=0.00069612053591483697 r=2.99421e-09/1.10676e-08 s=0.132355/0.00037007 projection_inf=9.84692e-17 rho=1e+08 support=415/12248
ADMM_ITER round=0/0 iteration=51300/100000 objective=0.00069630902947225622 r=2.9721e-09/1.10676e-08 s=0.136926/0.000370113 projection_inf=1.03061e-16 rho=1e+08 support=415/12248
ADMM_ITER round=0/0 iteration=51325/100000 objective=0.00069650712592689919 r=2.95213e-09/1.10676e-08 s=0.140876/0.000370156 projection_inf=9.7723e-17 rho=1e+08 support=415/12248
ADMM_ITER round=0/0 iteration=51350/100000 objective=0.00069671225566898646 r=2.94426e-09/1.10676e-08 s=0.142219/0.0003702 projection_inf=1.11694e-16 rho=1e+08 support=415/12248
ADMM_ITER round=0/0 iteration=51375/100000 objective=0.00069691715026468917 r=2.94402e-09/1.10676e-08 s=0.141983/0.000370243 projection_inf=1.0471e-16 rho=1e+08 support=415/12248
ADMM_ITER round=0/0 iteration=51400/100000 objective=0.00069711400079237591 r=2.94179e-09/1.10676e-08 s=0.142164/0.000370286 projection_inf=1.12155e-16 rho=1e+08 support=415/12248
ADMM_ITER round=0/0 iteration=51425/100000 objective=0.00069730743833192174 r=2.93117e-09/1.10676e-08 s=0.14407/0.000370328 projection_inf=1.01021e-16 rho=1e+08 support=415/12248
ADMM_ITER round=0/0 iteration=51450/100000 objective=0.00069750531167356441 r=2.92088e-09/1.10676e-08 s=0.145882/0.000370371 projection_inf=9.83647e-17 rho=1e+08 support=415/12248
ADMM_ITER round=0/0 iteration=51475/100000 objective=0.00069770928261706541 r=2.92637e-09/1.10676e-08 s=0.144475/0.000370413 projection_inf=1.08146e-16 rho=1e+08 support=415/12248
ADMM_ITER round=0/0 iteration=51500/100000 objective=0.00069792363799048112 r=2.94645e-09/1.10676e-08 s=0.140007/0.000370456 projection_inf=1.05872e-16 rho=1e+08 support=416/12248
ADMM_ITER round=0/0 iteration=51525/100000 objective=0.00069814804391238046 r=2.9713e-09/1.10676e-08 s=0.134347/0.000370498 projection_inf=1.11483e-16 rho=1e+08 support=416/12248
ADMM_ITER round=0/0 iteration=51550/100000 objective=0.00069837981507007974 r=2.99151e-09/1.10676e-08 s=0.129474/0.00037054 projection_inf=1.09003e-16 rho=1e+08 support=416/12248
ADMM_ITER round=0/0 iteration=51575/100000 objective=0.00069860939209934636 r=2.99737e-09/1.10676e-08 s=0.127806/0.000370582 projection_inf=1.06724e-16 rho=1e+08 support=416/12248
ADMM_ITER round=0/0 iteration=51600/100000 objective=0.00069883084429334661 r=2.98951e-09/1.10676e-08 s=0.129336/0.000370624 projection_inf=1.10452e-16 rho=1e+08 support=416/12248
ADMM_ITER round=0/0 iteration=51625/100000 objective=0.00069904238417044533 r=2.97654e-09/1.10676e-08 s=0.132011/0.000370666 projection_inf=1.01774e-16 rho=1e+08 support=416/12248
ADMM_ITER round=0/0 iteration=51650/100000 objective=0.00069924153518521708 r=2.96318e-09/1.10676e-08 s=0.134708/0.000370707 projection_inf=9.72099e-17 rho=1e+08 support=416/12248
ADMM_ITER round=0/0 iteration=51675/100000 objective=0.00069942885769853219 r=2.95555e-09/1.10676e-08 s=0.136105/0.000370749 projection_inf=1.05628e-16 rho=1e+08 support=416/12248
ADMM_ITER round=0/0 iteration=51700/100000 objective=0.00069960582025976371 r=2.95951e-09/1.10676e-08 s=0.134352/0.00037079 projection_inf=9.33501e-17 rho=1e+08 support=415/12248
ADMM_ITER round=0/0 iteration=51725/100000 objective=0.00069976953682837747 r=2.96469e-09/1.10676e-08 s=0.132675/0.000370831 projection_inf=1.09035e-16 rho=1e+08 support=415/12248
ADMM_ITER round=0/0 iteration=51750/100000 objective=0.00069992427032231194 r=2.96158e-09/1.10676e-08 s=0.132993/0.000370872 projection_inf=1.22981e-16 rho=1e+08 support=415/12248
ADMM_ITER round=0/0 iteration=51775/100000 objective=0.00070007127044137581 r=2.95025e-09/1.10676e-08 s=0.135159/0.000370913 projection_inf=1.09878e-16 rho=1e+08 support=415/12248
ADMM_ITER round=0/0 iteration=51800/100000 objective=0.00070020336787796804 r=2.93233e-09/1.10676e-08 s=0.138702/0.000370954 projection_inf=1.07707e-16 rho=1e+08 support=415/12248
ADMM_ITER round=0/0 iteration=51825/100000 objective=0.00070031342797227723 r=2.91036e-09/1.10676e-08 s=0.142972/0.000370995 projection_inf=9.73353e-17 rho=1e+08 support=415/12248
ADMM_ITER round=0/0 iteration=51850/100000 objective=0.00070040690810636754 r=2.89408e-09/1.10676e-08 s=0.145709/0.000371036 projection_inf=1.09732e-16 rho=1e+08 support=414/12248
ADMM_ITER round=0/0 iteration=51875/100000 objective=0.00070048486282940474 r=2.88717e-09/1.10676e-08 s=0.146763/0.000371076 projection_inf=1.18342e-16 rho=1e+08 support=414/12248
ADMM_ITER round=0/0 iteration=51900/100000 objective=0.0007005458160289263 r=2.88689e-09/1.10676e-08 s=0.146535/0.000371117 projection_inf=1.12025e-16 rho=1e+08 support=414/12248
ADMM_ITER round=0/0 iteration=51925/100000 objective=0.00070058974687084376 r=2.88958e-09/1.10676e-08 s=0.145732/0.000371158 projection_inf=9.95923e-17 rho=1e+08 support=414/12248
ADMM_ITER round=0/0 iteration=51950/100000 objective=0.00070062040819235079 r=2.88478e-09/1.10676e-08 s=0.146421/0.000371198 projection_inf=9.75166e-17 rho=1e+08 support=414/12248
ADMM_ITER round=0/0 iteration=51975/100000 objective=0.00070065208251054252 r=2.8753e-09/1.10676e-08 s=0.148026/0.000371239 projection_inf=9.30598e-17 rho=1e+08 support=414/12248
ADMM_ITER round=0/0 iteration=52000/100000 objective=0.00070069299251732434 r=2.86363e-09/1.10676e-08 s=0.149813/0.000371279 projection_inf=1.05986e-16 rho=1e+08 support=415/12248
ADMM_ITER round=0/0 iteration=52025/100000 objective=0.00070074269695126674 r=2.85196e-09/1.10676e-08 s=0.15163/0.00037132 projection_inf=1.05842e-16 rho=1e+08 support=415/12248
ADMM_ITER round=0/0 iteration=52050/100000 objective=0.00070080168709826059 r=2.84292e-09/1.10676e-08 s=0.152999/0.000371361 projection_inf=1.04382e-16 rho=1e+08 support=414/12248
ADMM_ITER round=0/0 iteration=52075/100000 objective=0.00070086998834712562 r=2.84055e-09/1.10676e-08 s=0.153142/0.000371401 projection_inf=9.66067e-17 rho=1e+08 support=414/12248
ADMM_ITER round=0/0 iteration=52100/100000 objective=0.0007009485775175382 r=2.84688e-09/1.10676e-08 s=0.151685/0.000371442 projection_inf=9.58383e-17 rho=1e+08 support=414/12248
ADMM_ITER round=0/0 iteration=52125/100000 objective=0.00070103111597675442 r=2.85931e-09/1.10676e-08 s=0.149058/0.000371482 projection_inf=9.98227e-17 rho=1e+08 support=414/12248
ADMM_ITER round=0/0 iteration=52150/100000 objective=0.00070111193074823101 r=2.86971e-09/1.10676e-08 s=0.14677/0.000371522 projection_inf=1.09131e-16 rho=1e+08 support=415/12248
ADMM_ITER round=0/0 iteration=52175/100000 objective=0.00070118974471739697 r=2.87574e-09/1.10676e-08 s=0.145324/0.000371563 projection_inf=1.01238e-16 rho=1e+08 support=415/12248
ADMM_ITER round=0/0 iteration=52200/100000 objective=0.00070126495354262382 r=2.8738e-09/1.10676e-08 s=0.145455/0.000371603 projection_inf=1.09618e-16 rho=1e+08 support=414/12248
ADMM_ITER round=0/0 iteration=52225/100000 objective=0.00070133872816979771 r=2.86855e-09/1.10676e-08 s=0.146246/0.000371643 projection_inf=1.07256e-16 rho=1e+08 support=414/12248
ADMM_ITER round=0/0 iteration=52250/100000 objective=0.00070141279231229498 r=2.86672e-09/1.10676e-08 s=0.146366/0.000371683 projection_inf=9.16405e-17 rho=1e+08 support=415/12248
ADMM_ITER round=0/0 iteration=52275/100000 objective=0.00070149279765422052 r=2.86836e-09/1.10676e-08 s=0.145811/0.000371723 projection_inf=1.07091e-16 rho=1e+08 support=415/12248
ADMM_ITER round=0/0 iteration=52300/100000 objective=0.00070158350218664598 r=2.86979e-09/1.10676e-08 s=0.145301/0.000371764 projection_inf=1.12739e-16 rho=1e+08 support=415/12248
ADMM_ITER round=0/0 iteration=52325/100000 objective=0.00070168606889433162 r=2.86567e-09/1.10676e-08 s=0.145889/0.000371804 projection_inf=1.16712e-16 rho=1e+08 support=415/12248
ADMM_ITER round=0/0 iteration=52350/100000 objective=0.00070179866152113117 r=2.85555e-09/1.10676e-08 s=0.147642/0.000371844 projection_inf=1.07448e-16 rho=1e+08 support=415/12248
ADMM_ITER round=0/0 iteration=52375/100000 objective=0.00070191756639867019 r=2.847e-09/1.10676e-08 s=0.149072/0.000371883 projection_inf=9.46037e-17 rho=1e+08 support=415/12248
ADMM_ITER round=0/0 iteration=52400/100000 objective=0.00070203840838102712 r=2.84557e-09/1.10676e-08 s=0.149136/0.000371923 projection_inf=1.01494e-16 rho=1e+08 support=415/12248
ADMM_ITER round=0/0 iteration=52425/100000 objective=0.00070215647693330503 r=2.8487e-09/1.10676e-08 s=0.148332/0.000371963 projection_inf=9.59162e-17 rho=1e+08 support=415/12248
ADMM_ITER round=0/0 iteration=52450/100000 objective=0.00070226838729596063 r=2.85372e-09/1.10676e-08 s=0.147101/0.000372003 projection_inf=1.00932e-16 rho=1e+08 support=413/12248
ADMM_ITER round=0/0 iteration=52475/100000 objective=0.00070237242096386353 r=2.86175e-09/1.10676e-08 s=0.145294/0.000372042 projection_inf=9.57906e-17 rho=1e+08 support=413/12248
ADMM_ITER round=0/0 iteration=52500/100000 objective=0.00070246755825895482 r=2.87065e-09/1.10676e-08 s=0.143303/0.000372082 projection_inf=1.0605e-16 rho=1e+08 support=413/12248
ADMM_ITER round=0/0 iteration=52525/100000 objective=0.00070255602538141649 r=2.8796e-09/1.10676e-08 s=0.141277/0.000372121 projection_inf=1.13559e-16 rho=1e+08 support=413/12248
ADMM_ITER round=0/0 iteration=52550/100000 objective=0.00070264609523908953 r=2.88889e-09/1.10676e-08 s=0.139148/0.000372161 projection_inf=1.07712e-16 rho=1e+08 support=413/12248
ADMM_ITER round=0/0 iteration=52575/100000 objective=0.00070274528762959295 r=2.89813e-09/1.10676e-08 s=0.136996/0.0003722 projection_inf=1.07018e-16 rho=1e+08 support=413/12248
ADMM_ITER round=0/0 iteration=52600/100000 objective=0.00070285657813938833 r=2.90735e-09/1.10676e-08 s=0.13481/0.000372239 projection_inf=1.11482e-16 rho=1e+08 support=413/12248
ADMM_ITER round=0/0 iteration=52625/100000 objective=0.00070298224933984911 r=2.91461e-09/1.10676e-08 s=0.133015/0.000372279 projection_inf=1.01401e-16 rho=1e+08 support=413/12248
ADMM_ITER round=0/0 iteration=52650/100000 objective=0.00070312386984628891 r=2.91988e-09/1.10676e-08 s=0.131639/0.000372318 projection_inf=1.07423e-16 rho=1e+08 support=413/12248
ADMM_ITER round=0/0 iteration=52675/100000 objective=0.00070328111085460191 r=2.92195e-09/1.10676e-08 s=0.130953/0.000372357 projection_inf=1.00855e-16 rho=1e+08 support=413/12248
ADMM_ITER round=0/0 iteration=52700/100000 objective=0.00070345088611259855 r=2.9172e-09/1.10676e-08 s=0.131632/0.000372396 projection_inf=1.20021e-16 rho=1e+08 support=414/12248
ADMM_ITER round=0/0 iteration=52725/100000 objective=0.00070363006434606776 r=2.90769e-09/1.10676e-08 s=0.133458/0.000372435 projection_inf=1.02673e-16 rho=1e+08 support=414/12248
ADMM_ITER round=0/0 iteration=52750/100000 objective=0.00070381242991639876 r=2.89526e-09/1.10676e-08 s=0.135895/0.000372473 projection_inf=1.0323e-16 rho=1e+08 support=414/12248
ADMM_ITER round=0/0 iteration=52775/100000 objective=0.00070399222571330662 r=2.88748e-09/1.10676e-08 s=0.137317/0.000372512 projection_inf=9.97917e-17 rho=1e+08 support=414/12248
ADMM_ITER round=0/0 iteration=52800/100000 objective=0.0007041674888417453 r=2.88492e-09/1.10676e-08 s=0.137636/0.00037255 projection_inf=1.01113e-16 rho=1e+08 support=414/12248
ADMM_ITER round=0/0 iteration=52825/100000 objective=0.00070433915838773848 r=2.88159e-09/1.10676e-08 s=0.138121/0.000372589 projection_inf=9.53571e-17 rho=1e+08 support=414/12248
ADMM_ITER round=0/0 iteration=52850/100000 objective=0.00070450488802842174 r=2.87801e-09/1.10676e-08 s=0.138661/0.000372627 projection_inf=1.02e-16 rho=1e+08 support=414/12248
ADMM_ITER round=0/0 iteration=52875/100000 objective=0.0007046640638313209 r=2.87823e-09/1.10676e-08 s=0.138413/0.000372665 projection_inf=1.10559e-16 rho=1e+08 support=414/12248
ADMM_ITER round=0/0 iteration=52900/100000 objective=0.00070481796667141484 r=2.8822e-09/1.10676e-08 s=0.137384/0.000372703 projection_inf=9.1233e-17 rho=1e+08 support=414/12248
ADMM_ITER round=0/0 iteration=52925/100000 objective=0.0007049690492767029 r=2.88467e-09/1.10676e-08 s=0.136667/0.000372741 projection_inf=9.99552e-17 rho=1e+08 support=414/12248
ADMM_ITER round=0/0 iteration=52950/100000 objective=0.00070511749372068413 r=2.87961e-09/1.10676e-08 s=0.137536/0.000372779 projection_inf=1.19799e-16 rho=1e+08 support=414/12248
ADMM_ITER round=0/0 iteration=52975/100000 objective=0.00070526165746676668 r=2.86535e-09/1.10676e-08 s=0.140296/0.000372817 projection_inf=1.07207e-16 rho=1e+08 support=414/12248
ADMM_ITER round=0/0 iteration=53000/100000 objective=0.00070540073389801464 r=2.84744e-09/1.10676e-08 s=0.143717/0.000372855 projection_inf=1.04834e-16 rho=1e+08 support=414/12248
ADMM_ITER round=0/0 iteration=53025/100000 objective=0.00070553927575758976 r=2.83482e-09/1.10676e-08 s=0.146014/0.000372892 projection_inf=9.58382e-17 rho=1e+08 support=414/12248
ADMM_ITER round=0/0 iteration=53050/100000 objective=0.00070568605091243374 r=2.83241e-09/1.10676e-08 s=0.146308/0.00037293 projection_inf=1.04887e-16 rho=1e+08 support=414/12248
ADMM_ITER round=0/0 iteration=53075/100000 objective=0.00070584870442459572 r=2.83715e-09/1.10676e-08 s=0.145214/0.000372967 projection_inf=9.26603e-17 rho=1e+08 support=413/12248
ADMM_ITER round=0/0 iteration=53100/100000 objective=0.00070602774917800503 r=2.83917e-09/1.10676e-08 s=0.144646/0.000373005 projection_inf=1.09503e-16 rho=1e+08 support=413/12248
ADMM_ITER round=0/0 iteration=53125/100000 objective=0.00070622125029214924 r=2.83357e-09/1.10676e-08 s=0.145571/0.000373042 projection_inf=1.1912e-16 rho=1e+08 support=413/12248
ADMM_ITER round=0/0 iteration=53150/100000 objective=0.0007064285727169542 r=2.82534e-09/1.10676e-08 s=0.146997/0.000373079 projection_inf=1.12762e-16 rho=1e+08 support=413/12248
ADMM_ITER round=0/0 iteration=53175/100000 objective=0.00070664883241393687 r=2.82261e-09/1.10676e-08 s=0.147355/0.000373116 projection_inf=1.01879e-16 rho=1e+08 support=413/12248
ADMM_ITER round=0/0 iteration=53200/100000 objective=0.00070688069252471954 r=2.82811e-09/1.10676e-08 s=0.146134/0.000373153 projection_inf=1.09098e-16 rho=1e+08 support=413/12248
ADMM_ITER round=0/0 iteration=53225/100000 objective=0.00070712170403872544 r=2.83797e-09/1.10676e-08 s=0.144045/0.000373189 projection_inf=1.08583e-16 rho=1e+08 support=413/12248
ADMM_ITER round=0/0 iteration=53250/100000 objective=0.00070736810269622381 r=2.84895e-09/1.10676e-08 s=0.141693/0.000373226 projection_inf=1.0694e-16 rho=1e+08 support=412/12248
ADMM_ITER round=0/0 iteration=53275/100000 objective=0.0007076191822464414 r=2.8597e-09/1.10676e-08 s=0.13911/0.000373262 projection_inf=1.05547e-16 rho=1e+08 support=412/12248
ADMM_ITER round=0/0 iteration=53300/100000 objective=0.00070787807729695042 r=2.8716e-09/1.10676e-08 s=0.136407/0.000373298 projection_inf=1.17455e-16 rho=1e+08 support=412/12248
ADMM_ITER round=0/0 iteration=53325/100000 objective=0.00070814003799923582 r=2.8824e-09/1.10676e-08 s=0.133893/0.000373334 projection_inf=1.06592e-16 rho=1e+08 support=412/12248
ADMM_ITER round=0/0 iteration=53350/100000 objective=0.00070840306337166265 r=2.88994e-09/1.10676e-08 s=0.132047/0.00037337 projection_inf=1.03205e-16 rho=1e+08 support=412/12248
ADMM_ITER round=0/0 iteration=53375/100000 objective=0.00070866668733716651 r=2.89613e-09/1.10676e-08 s=0.13048/0.000373406 projection_inf=1.12601e-16 rho=1e+08 support=412/12248
ADMM_ITER round=0/0 iteration=53400/100000 objective=0.00070892876345735295 r=2.90394e-09/1.10676e-08 s=0.128528/0.000373441 projection_inf=1.15954e-16 rho=1e+08 support=412/12248
ADMM_ITER round=0/0 iteration=53425/100000 objective=0.00070918469034234792 r=2.91413e-09/1.10676e-08 s=0.125946/0.000373477 projection_inf=1.04276e-16 rho=1e+08 support=413/12248
ADMM_ITER round=0/0 iteration=53450/100000 objective=0.00070943057720469045 r=2.9234e-09/1.10676e-08 s=0.123554/0.000373512 projection_inf=1.05712e-16 rho=1e+08 support=413/12248
ADMM_ITER round=0/0 iteration=53475/100000 objective=0.00070966398172191115 r=2.9252e-09/1.10676e-08 s=0.122855/0.000373547 projection_inf=1.08076e-16 rho=1e+08 support=414/12248
ADMM_ITER round=0/0 iteration=53500/100000 objective=0.00070988283174483111 r=2.91462e-09/1.10676e-08 s=0.125121/0.000373582 projection_inf=9.77316e-17 rho=1e+08 support=414/12248
ADMM_ITER round=0/0 iteration=53525/100000 objective=0.00071008523877250139 r=2.89132e-09/1.10676e-08 s=0.130214/0.000373617 projection_inf=1.08861e-16 rho=1e+08 support=414/12248
ADMM_ITER round=0/0 iteration=53550/100000 objective=0.00071027502256219518 r=2.86293e-09/1.10676e-08 s=0.136155/0.000373651 projection_inf=1.06586e-16 rho=1e+08 support=414/12248
ADMM_ITER round=0/0 iteration=53575/100000 objective=0.00071045601090225798 r=2.83874e-09/1.10676e-08 s=0.140953/0.000373686 projection_inf=9.55461e-17 rho=1e+08 support=414/12248
ADMM_ITER round=0/0 iteration=53600/100000 objective=0.00071063049175283189 r=2.82358e-09/1.10676e-08 s=0.143797/0.00037372 projection_inf=1.04605e-16 rho=1e+08 support=414/12248
ADMM_ITER round=0/0 iteration=53625/100000 objective=0.00071079941528633356 r=2.81542e-09/1.10676e-08 s=0.145225/0.000373754 projection_inf=1.05126e-16 rho=1e+08 support=414/12248
ADMM_ITER round=0/0 iteration=53650/100000 objective=0.00071096305177547432 r=2.81066e-09/1.10676e-08 s=0.145983/0.000373789 projection_inf=1.07479e-16 rho=1e+08 support=414/12248
ADMM_ITER round=0/0 iteration=53675/100000 objective=0.0007111241296121649 r=2.80938e-09/1.10676e-08 s=0.14607/0.000373823 projection_inf=1.08572e-16 rho=1e+08 support=414/12248
ADMM_ITER round=0/0 iteration=53700/100000 objective=0.0007112851092847389 r=2.81109e-09/1.10676e-08 s=0.145584/0.000373857 projection_inf=1.06227e-16 rho=1e+08 support=414/12248
ADMM_ITER round=0/0 iteration=53725/100000 objective=0.00071144736211197445 r=2.81715e-09/1.10676e-08 s=0.143723/0.00037389 projection_inf=1.04551e-16 rho=1e+08 support=413/12248
ADMM_ITER round=0/0 iteration=53750/100000 objective=0.00071161027861280871 r=2.82478e-09/1.10676e-08 s=0.141752/0.000373924 projection_inf=1.01608e-16 rho=1e+08 support=413/12248
ADMM_ITER round=0/0 iteration=53775/100000 objective=0.00071177128884128947 r=2.82975e-09/1.10676e-08 s=0.140454/0.000373958 projection_inf=9.78847e-17 rho=1e+08 support=413/12248
ADMM_ITER round=0/0 iteration=53800/100000 objective=0.0007119373778348211 r=2.82597e-09/1.10676e-08 s=0.140823/0.000373992 projection_inf=1.10085e-16 rho=1e+08 support=414/12248
ADMM_ITER round=0/0 iteration=53825/100000 objective=0.0007121109132807909 r=2.81282e-09/1.10676e-08 s=0.142977/0.000374025 projection_inf=1.14293e-16 rho=1e+08 support=414/12248
ADMM_ITER round=0/0 iteration=53850/100000 objective=0.0007122877639693571 r=2.80697e-09/1.10676e-08 s=0.143749/0.000374058 projection_inf=9.37302e-17 rho=1e+08 support=414/12248
ADMM_ITER round=0/0 iteration=53875/100000 objective=0.00071247002504688957 r=2.81153e-09/1.10676e-08 s=0.142519/0.000374092 projection_inf=1.03486e-16 rho=1e+08 support=414/12248
ADMM_ITER round=0/0 iteration=53900/100000 objective=0.00071266448609204618 r=2.8131e-09/1.10676e-08 s=0.141899/0.000374125 projection_inf=1.09881e-16 rho=1e+08 support=414/12248
ADMM_ITER round=0/0 iteration=53925/100000 objective=0.00071286740449188124 r=2.81315e-09/1.10676e-08 s=0.141601/0.000374158 projection_inf=1.13008e-16 rho=1e+08 support=414/12248
ADMM_ITER round=0/0 iteration=53950/100000 objective=0.00071307040714582281 r=2.81817e-09/1.10676e-08 s=0.140325/0.000374191 projection_inf=1.03327e-16 rho=1e+08 support=414/12248
ADMM_ITER round=0/0 iteration=53975/100000 objective=0.00071327171719509478 r=2.82738e-09/1.10676e-08 s=0.138193/0.000374223 projection_inf=1.08949e-16 rho=1e+08 support=414/12248
ADMM_ITER round=0/0 iteration=54000/100000 objective=0.00071347546584695767 r=2.83544e-09/1.10676e-08 s=0.136275/0.000374256 projection_inf=9.5232e-17 rho=1e+08 support=414/12248
ADMM_ITER round=0/0 iteration=54025/100000 objective=0.00071368325035979507 r=2.84048e-09/1.10676e-08 s=0.134971/0.000374288 projection_inf=1.05139e-16 rho=1e+08 support=413/12248
ADMM_ITER round=0/0 iteration=54050/100000 objective=0.00071389086159540614 r=2.83967e-09/1.10676e-08 s=0.134896/0.000374321 projection_inf=1.08078e-16 rho=1e+08 support=413/12248
ADMM_ITER round=0/0 iteration=54075/100000 objective=0.00071409242921466299 r=2.83257e-09/1.10676e-08 s=0.136145/0.000374353 projection_inf=1.15632e-16 rho=1e+08 support=413/12248
ADMM_ITER round=0/0 iteration=54100/100000 objective=0.00071428613634947149 r=2.82768e-09/1.10676e-08 s=0.136932/0.000374385 projection_inf=1.08295e-16 rho=1e+08 support=413/12248
ADMM_ITER round=0/0 iteration=54125/100000 objective=0.00071447309470610383 r=2.82909e-09/1.10676e-08 s=0.13642/0.000374417 projection_inf=9.99824e-17 rho=1e+08 support=413/12248
ADMM_ITER round=0/0 iteration=54150/100000 objective=0.00071465505289953612 r=2.83053e-09/1.10676e-08 s=0.135907/0.000374449 projection_inf=1.07013e-16 rho=1e+08 support=413/12248
ADMM_ITER round=0/0 iteration=54175/100000 objective=0.00071483636249502136 r=2.82698e-09/1.10676e-08 s=0.136435/0.000374481 projection_inf=1.02288e-16 rho=1e+08 support=413/12248
ADMM_ITER round=0/0 iteration=54200/100000 objective=0.00071501991255867848 r=2.82392e-09/1.10676e-08 s=0.136863/0.000374512 projection_inf=1.14002e-16 rho=1e+08 support=413/12248
ADMM_ITER round=0/0 iteration=54225/100000 objective=0.00071520562461607924 r=2.82665e-09/1.10676e-08 s=0.136097/0.000374544 projection_inf=1.0068e-16 rho=1e+08 support=413/12248
ADMM_ITER round=0/0 iteration=54250/100000 objective=0.00071539622078463426 r=2.83426e-09/1.10676e-08 s=0.134308/0.000374575 projection_inf=1.21268e-16 rho=1e+08 support=413/12248
ADMM_ITER round=0/0 iteration=54275/100000 objective=0.00071559391378603029 r=2.84055e-09/1.10676e-08 s=0.132775/0.000374606 projection_inf=1.17886e-16 rho=1e+08 support=413/12248
ADMM_ITER round=0/0 iteration=54300/100000 objective=0.00071579815187372716 r=2.84415e-09/1.10676e-08 s=0.131807/0.000374638 projection_inf=1.0813e-16 rho=1e+08 support=413/12248
ADMM_ITER round=0/0 iteration=54325/100000 objective=0.00071600695782231272 r=2.84748e-09/1.10676e-08 s=0.130893/0.000374669 projection_inf=1.03243e-16 rho=1e+08 support=413/12248
ADMM_ITER round=0/0 iteration=54350/100000 objective=0.0007162193598982331 r=2.84877e-09/1.10676e-08 s=0.130422/0.0003747 projection_inf=1.06381e-16 rho=1e+08 support=413/12248
ADMM_ITER round=0/0 iteration=54375/100000 objective=0.00071643943912043633 r=2.84412e-09/1.10676e-08 s=0.131246/0.00037473 projection_inf=1.05615e-16 rho=1e+08 support=413/12248
ADMM_ITER round=0/0 iteration=54400/100000 objective=0.00071667398969741205 r=2.83644e-09/1.10676e-08 s=0.132717/0.000374761 projection_inf=1.25902e-16 rho=1e+08 support=413/12248
ADMM_ITER round=0/0 iteration=54425/100000 objective=0.00071692284844430802 r=2.82845e-09/1.10676e-08 s=0.134233/0.000374791 projection_inf=1.03375e-16 rho=1e+08 support=413/12248
ADMM_ITER round=0/0 iteration=54450/100000 objective=0.00071717906730273139 r=2.81951e-09/1.10676e-08 s=0.135931/0.000374822 projection_inf=9.77166e-17 rho=1e+08 support=413/12248
ADMM_ITER round=0/0 iteration=54475/100000 objective=0.00071743485136457072 r=2.80957e-09/1.10676e-08 s=0.137805/0.000374852 projection_inf=1.04873e-16 rho=1e+08 support=413/12248
ADMM_ITER round=0/0 iteration=54500/100000 objective=0.00071768532721089729 r=2.80219e-09/1.10676e-08 s=0.139137/0.000374882 projection_inf=1.05895e-16 rho=1e+08 support=413/12248
ADMM_ITER round=0/0 iteration=54525/100000 objective=0.00071792934018702185 r=2.79957e-09/1.10676e-08 s=0.139407/0.000374912 projection_inf=1.11981e-16 rho=1e+08 support=414/12248
ADMM_ITER round=0/0 iteration=54550/100000 objective=0.00071816713930024942 r=2.80542e-09/1.10676e-08 s=0.137085/0.000374941 projection_inf=1.00175e-16 rho=1e+08 support=413/12248
ADMM_ITER round=0/0 iteration=54575/100000 objective=0.0007183961641736721 r=2.8073e-09/1.10676e-08 s=0.13635/0.000374971 projection_inf=1.08681e-16 rho=1e+08 support=413/12248
ADMM_ITER round=0/0 iteration=54600/100000 objective=0.00071861193883381697 r=2.80488e-09/1.10676e-08 s=0.136565/0.000375 projection_inf=1.12164e-16 rho=1e+08 support=413/12248
ADMM_ITER round=0/0 iteration=54625/100000 objective=0.00071880879553694061 r=2.80219e-09/1.10676e-08 s=0.136866/0.000375029 projection_inf=1.04722e-16 rho=1e+08 support=413/12248
ADMM_ITER round=0/0 iteration=54650/100000 objective=0.00071898419637454953 r=2.80012e-09/1.10676e-08 s=0.137058/0.000375059 projection_inf=1.05251e-16 rho=1e+08 support=413/12248
ADMM_ITER round=0/0 iteration=54675/100000 objective=0.00071915274387873804 r=2.79803e-09/1.10676e-08 s=0.137268/0.000375088 projection_inf=1.17355e-16 rho=1e+08 support=413/12248
ADMM_ITER round=0/0 iteration=54700/100000 objective=0.00071931752040080722 r=2.79606e-09/1.10676e-08 s=0.137463/0.000375116 projection_inf=1.17935e-16 rho=1e+08 support=413/12248
ADMM_ITER round=0/0 iteration=54725/100000 objective=0.00071947679228647919 r=2.79651e-09/1.10676e-08 s=0.137175/0.000375145 projection_inf=1.04168e-16 rho=1e+08 support=413/12248
ADMM_ITER round=0/0 iteration=54750/100000 objective=0.00071963139168712944 r=2.79984e-09/1.10676e-08 s=0.136305/0.000375174 projection_inf=1.04129e-16 rho=1e+08 support=413/12248
ADMM_ITER round=0/0 iteration=54775/100000 objective=0.00071978548949663617 r=2.80518e-09/1.10676e-08 s=0.135017/0.000375203 projection_inf=1.05486e-16 rho=1e+08 support=413/12248
ADMM_ITER round=0/0 iteration=54800/100000 objective=0.00071994005024169575 r=2.81116e-09/1.10676e-08 s=0.133585/0.000375231 projection_inf=1.02822e-16 rho=1e+08 support=413/12248
ADMM_ITER round=0/0 iteration=54825/100000 objective=0.00072009194469836962 r=2.81863e-09/1.10676e-08 s=0.131823/0.00037526 projection_inf=1.0511e-16 rho=1e+08 support=413/12248
ADMM_ITER round=0/0 iteration=54850/100000 objective=0.00072023437207191553 r=2.82503e-09/1.10676e-08 s=0.13026/0.000375288 projection_inf=1.013e-16 rho=1e+08 support=412/12248
ADMM_ITER round=0/0 iteration=54875/100000 objective=0.00072036768299616339 r=2.82719e-09/1.10676e-08 s=0.129613/0.000375316 projection_inf=1.15764e-16 rho=1e+08 support=412/12248
ADMM_ITER round=0/0 iteration=54900/100000 objective=0.00072049957195191778 r=2.82753e-09/1.10676e-08 s=0.129368/0.000375344 projection_inf=1.08103e-16 rho=1e+08 support=412/12248
ADMM_ITER round=0/0 iteration=54925/100000 objective=0.00072063437907177695 r=2.82955e-09/1.10676e-08 s=0.128757/0.000375372 projection_inf=1.00851e-16 rho=1e+08 support=412/12248
ADMM_ITER round=0/0 iteration=54950/100000 objective=0.00072077185586295965 r=2.8304e-09/1.10676e-08 s=0.128406/0.000375401 projection_inf=1.05418e-16 rho=1e+08 support=412/12248
ADMM_ITER round=0/0 iteration=54975/100000 objective=0.00072091246911091102 r=2.82967e-09/1.10676e-08 s=0.128403/0.000375428 projection_inf=1.17655e-16 rho=1e+08 support=412/12248
ADMM_ITER round=0/0 iteration=55000/100000 objective=0.00072105376375489368 r=2.82991e-09/1.10676e-08 s=0.128191/0.000375456 projection_inf=1.05189e-16 rho=1e+08 support=412/12248
ADMM_ITER round=0/0 iteration=55025/100000 objective=0.00072119205836391998 r=2.83563e-09/1.10676e-08 s=0.126761/0.000375484 projection_inf=1.0889e-16 rho=1e+08 support=412/12248
ADMM_ITER round=0/0 iteration=55050/100000 objective=0.00072132461575781742 r=2.84315e-09/1.10676e-08 s=0.124907/0.000375512 projection_inf=1.11694e-16 rho=1e+08 support=412/12248
ADMM_ITER round=0/0 iteration=55075/100000 objective=0.00072145008347700059 r=2.8498e-09/1.10676e-08 s=0.123225/0.000375539 projection_inf=1.12076e-16 rho=1e+08 support=412/12248
ADMM_ITER round=0/0 iteration=55100/100000 objective=0.00072156411779652715 r=2.85553e-09/1.10676e-08 s=0.121734/0.000375567 projection_inf=9.39482e-17 rho=1e+08 support=412/12248
ADMM_ITER round=0/0 iteration=55125/100000 objective=0.00072166180548361813 r=2.86168e-09/1.10676e-08 s=0.120123/0.000375594 projection_inf=1.15963e-16 rho=1e+08 support=412/12248
ADMM_ITER round=0/0 iteration=55150/100000 objective=0.00072174221545366342 r=2.86572e-09/1.10676e-08 s=0.118999/0.000375622 projection_inf=1.17588e-16 rho=1e+08 support=412/12248
ADMM_ITER round=0/0 iteration=55175/100000 objective=0.00072180786834617945 r=2.86587e-09/1.10676e-08 s=0.118807/0.000375649 projection_inf=1.1255e-16 rho=1e+08 support=412/12248
ADMM_ITER round=0/0 iteration=55200/100000 objective=0.0007218593049013 r=2.86217e-09/1.10676e-08 s=0.119543/0.000375677 projection_inf=1.06942e-16 rho=1e+08 support=412/12248
ADMM_ITER round=0/0 iteration=55225/100000 objective=0.00072189165472287943 r=2.8531e-09/1.10676e-08 s=0.121543/0.000375704 projection_inf=1.14378e-16 rho=1e+08 support=412/12248
ADMM_ITER round=0/0 iteration=55250/100000 objective=0.00072189974616026868 r=2.83557e-09/1.10676e-08 s=0.125432/0.000375731 projection_inf=9.80504e-17 rho=1e+08 support=412/12248
ADMM_ITER round=0/0 iteration=55275/100000 objective=0.00072188484021419813 r=2.81097e-09/1.10676e-08 s=0.130692/0.000375759 projection_inf=1.13712e-16 rho=1e+08 support=413/12248
ADMM_ITER round=0/0 iteration=55300/100000 objective=0.00072185213571532877 r=2.78902e-09/1.10676e-08 s=0.135163/0.000375786 projection_inf=1.17754e-16 rho=1e+08 support=413/12248
ADMM_ITER round=0/0 iteration=55325/100000 objective=0.00072180631762163501 r=2.77692e-09/1.10676e-08 s=0.13749/0.000375813 projection_inf=9.83871e-17 rho=1e+08 support=413/12248
ADMM_ITER round=0/0 iteration=55350/100000 objective=0.00072175073451906521 r=2.77447e-09/1.10676e-08 s=0.137841/0.000375841 projection_inf=1.2194e-16 rho=1e+08 support=412/12248
ADMM_ITER round=0/0 iteration=55375/100000 objective=0.00072169078906117283 r=2.7793e-09/1.10676e-08 s=0.136723/0.000375868 projection_inf=1.17104e-16 rho=1e+08 support=412/12248
ADMM_ITER round=0/0 iteration=55400/100000 objective=0.00072163145770237072 r=2.7893e-09/1.10676e-08 s=0.134531/0.000375896 projection_inf=1.0602e-16 rho=1e+08 support=412/12248
ADMM_ITER round=0/0 iteration=55425/100000 objective=0.00072157933374256014 r=2.80148e-09/1.10676e-08 s=0.131834/0.000375923 projection_inf=1.10439e-16 rho=1e+08 support=412/12248
ADMM_ITER round=0/0 iteration=55450/100000 objective=0.00072154064717070495 r=2.81148e-09/1.10676e-08 s=0.129531/0.000375951 projection_inf=1.07982e-16 rho=1e+08 support=413/12248
ADMM_ITER round=0/0 iteration=55475/100000 objective=0.00072152031963055587 r=2.81427e-09/1.10676e-08 s=0.128752/0.000375979 projection_inf=9.59743e-17 rho=1e+08 support=413/12248
ADMM_ITER round=0/0 iteration=55500/100000 objective=0.00072152150357839299 r=2.81254e-09/1.10676e-08 s=0.128964/0.000376006 projection_inf=9.80501e-17 rho=1e+08 support=413/12248
ADMM_ITER round=0/0 iteration=55525/100000 objective=0.00072154506455902314 r=2.81036e-09/1.10676e-08 s=0.129278/0.000376034 projection_inf=1.04634e-16 rho=1e+08 support=413/12248
ADMM_ITER round=0/0 iteration=55550/100000 objective=0.0007215885599934726 r=2.80794e-09/1.10676e-08 s=0.129635/0.000376062 projection_inf=1.0732e-16 rho=1e+08 support=413/12248
ADMM_ITER round=0/0 iteration=55575/100000 objective=0.00072164792893145147 r=2.80296e-09/1.10676e-08 s=0.130545/0.000376089 projection_inf=1.28603e-16 rho=1e+08 support=414/12248
ADMM_ITER round=0/0 iteration=55600/100000 objective=0.00072172253772060204 r=2.79635e-09/1.10676e-08 s=0.131802/0.000376117 projection_inf=1.16507e-16 rho=1e+08 support=414/12248
ADMM_ITER round=0/0 iteration=55625/100000 objective=0.00072180867133177576 r=2.79035e-09/1.10676e-08 s=0.132917/0.000376144 projection_inf=9.43159e-17 rho=1e+08 support=414/12248
ADMM_ITER round=0/0 iteration=55650/100000 objective=0.00072190139730727849 r=2.7878e-09/1.10676e-08 s=0.133303/0.000376172 projection_inf=1.07058e-16 rho=1e+08 support=414/12248
ADMM_ITER round=0/0 iteration=55675/100000 objective=0.00072199837129839324 r=2.79074e-09/1.10676e-08 s=0.132542/0.000376199 projection_inf=1.1454e-16 rho=1e+08 support=414/12248
ADMM_ITER round=0/0 iteration=55700/100000 objective=0.00072209967871463129 r=2.79994e-09/1.10676e-08 s=0.130441/0.000376227 projection_inf=1.02683e-16 rho=1e+08 support=414/12248
ADMM_ITER round=0/0 iteration=55725/100000 objective=0.00072221117522479545 r=2.81637e-09/1.10676e-08 s=0.125964/0.000376254 projection_inf=1.13564e-16 rho=1e+08 support=413/12248
ADMM_ITER round=0/0 iteration=55750/100000 objective=0.0007223328113897037 r=2.82796e-09/1.10676e-08 s=0.122986/0.000376281 projection_inf=1.0302e-16 rho=1e+08 support=413/12248
ADMM_ITER round=0/0 iteration=55775/100000 objective=0.00072245934267348079 r=2.83558e-09/1.10676e-08 s=0.12092/0.000376308 projection_inf=1.01712e-16 rho=1e+08 support=413/12248
ADMM_ITER round=0/0 iteration=55800/100000 objective=0.00072258927324198453 r=2.84115e-09/1.10676e-08 s=0.11934/0.000376336 projection_inf=1.00067e-16 rho=1e+08 support=413/12248
ADMM_ITER round=0/0 iteration=55825/100000 objective=0.0007227236376711819 r=2.84383e-09/1.10676e-08 s=0.118455/0.000376363 projection_inf=9.93689e-17 rho=1e+08 support=413/12248
ADMM_ITER round=0/0 iteration=55850/100000 objective=0.00072286083851049441 r=2.84216e-09/1.10676e-08 s=0.118625/0.00037639 projection_inf=1.13818e-16 rho=1e+08 support=413/12248
ADMM_ITER round=0/0 iteration=55875/100000 objective=0.00072299681666889023 r=2.83719e-09/1.10676e-08 s=0.119593/0.000376416 projection_inf=1.05556e-16 rho=1e+08 support=413/12248
ADMM_ITER round=0/0 iteration=55900/100000 objective=0.0007231340443041264 r=2.82963e-09/1.10676e-08 s=0.121167/0.000376443 projection_inf=1.29659e-16 rho=1e+08 support=413/12248
ADMM_ITER round=0/0 iteration=55925/100000 objective=0.0007232704840552936 r=2.82266e-09/1.10676e-08 s=0.122588/0.00037647 projection_inf=1.03684e-16 rho=1e+08 support=413/12248
ADMM_ITER round=0/0 iteration=55950/100000 objective=0.00072340290066755578 r=2.81935e-09/1.10676e-08 s=0.123163/0.000376496 projection_inf=9.42786e-17 rho=1e+08 support=413/12248
ADMM_ITER round=0/0 iteration=55975/100000 objective=0.00072353108168841614 r=2.82012e-09/1.10676e-08 s=0.122805/0.000376523 projection_inf=1.04125e-16 rho=1e+08 support=412/12248
ADMM_ITER round=0/0 iteration=56000/100000 objective=0.00072365831877339111 r=2.8265e-09/1.10676e-08 s=0.121119/0.000376549 projection_inf=1.09754e-16 rho=1e+08 support=412/12248
ADMM_ITER round=0/0 iteration=56025/100000 objective=0.00072378690380962645 r=2.8362e-09/1.10676e-08 s=0.118627/0.000376576 projection_inf=1.0859e-16 rho=1e+08 support=412/12248
ADMM_ITER round=0/0 iteration=56050/100000 objective=0.0007239218441677177 r=2.84495e-09/1.10676e-08 s=0.116318/0.000376602 projection_inf=1.00876e-16 rho=1e+08 support=412/12248
ADMM_ITER round=0/0 iteration=56075/100000 objective=0.0007240688477640931 r=2.85032e-09/1.10676e-08 s=0.114801/0.000376628 projection_inf=1.04402e-16 rho=1e+08 support=412/12248
ADMM_ITER round=0/0 iteration=56100/100000 objective=0.00072423087921192925 r=2.852e-09/1.10676e-08 s=0.114193/0.000376655 projection_inf=1.19261e-16 rho=1e+08 support=412/12248
ADMM_ITER round=0/0 iteration=56125/100000 objective=0.00072440851075140987 r=2.85204e-09/1.10676e-08 s=0.113999/0.000376681 projection_inf=9.22089e-17 rho=1e+08 support=412/12248
ADMM_ITER round=0/0 iteration=56150/100000 objective=0.00072459847611615173 r=2.8515e-09/1.10676e-08 s=0.113949/0.000376706 projection_inf=9.78979e-17 rho=1e+08 support=412/12248
ADMM_ITER round=0/0 iteration=56175/100000 objective=0.00072479509366032079 r=2.8524e-09/1.10676e-08 s=0.113543/0.000376732 projection_inf=1.13605e-16 rho=1e+08 support=412/12248
ADMM_ITER round=0/0 iteration=56200/100000 objective=0.0007249908228580508 r=2.85535e-09/1.10676e-08 s=0.112622/0.000376758 projection_inf=1.12959e-16 rho=1e+08 support=412/12248
ADMM_ITER round=0/0 iteration=56225/100000 objective=0.00072517943814217505 r=2.85958e-09/1.10676e-08 s=0.111366/0.000376783 projection_inf=1.0941e-16 rho=1e+08 support=412/12248
ADMM_ITER round=0/0 iteration=56250/100000 objective=0.00072535978649474115 r=2.86323e-09/1.10676e-08 s=0.110246/0.000376809 projection_inf=1.17263e-16 rho=1e+08 support=412/12248
ADMM_ITER round=0/0 iteration=56275/100000 objective=0.00072553072578598746 r=2.86199e-09/1.10676e-08 s=0.110322/0.000376834 projection_inf=9.85585e-17 rho=1e+08 support=413/12248
ADMM_ITER round=0/0 iteration=56300/100000 objective=0.00072568518750097178 r=2.85278e-09/1.10676e-08 s=0.112444/0.000376859 projection_inf=1.03961e-16 rho=1e+08 support=413/12248
ADMM_ITER round=0/0 iteration=56325/100000 objective=0.00072582303167495401 r=2.84219e-09/1.10676e-08 s=0.114485/0.000376885 projection_inf=1.05693e-16 rho=1e+08 support=412/12248
ADMM_ITER round=0/0 iteration=56350/100000 objective=0.00072594868780919482 r=2.8315e-09/1.10676e-08 s=0.116783/0.00037691 projection_inf=1.04093e-16 rho=1e+08 support=412/12248
ADMM_ITER round=0/0 iteration=56375/100000 objective=0.00072605796773220893 r=2.82099e-09/1.10676e-08 s=0.11904/0.000376935 projection_inf=9.84773e-17 rho=1e+08 support=412/12248
ADMM_ITER round=0/0 iteration=56400/100000 objective=0.00072615058940457902 r=2.81089e-09/1.10676e-08 s=0.121176/0.00037696 projection_inf=9.8113e-17 rho=1e+08 support=412/12248
ADMM_ITER round=0/0 iteration=56425/100000 objective=0.00072622521841372433 r=2.79798e-09/1.10676e-08 s=0.123854/0.000376985 projection_inf=9.85685e-17 rho=1e+08 support=413/12248
ADMM_ITER round=0/0 iteration=56450/100000 objective=0.00072628552230195843 r=2.78362e-09/1.10676e-08 s=0.126808/0.000377009 projection_inf=9.83186e-17 rho=1e+08 support=413/12248
ADMM_ITER round=0/0 iteration=56475/100000 objective=0.00072633794146084924 r=2.77226e-09/1.10676e-08 s=0.129054/0.000377034 projection_inf=9.47944e-17 rho=1e+08 support=413/12248
ADMM_ITER round=0/0 iteration=56500/100000 objective=0.00072638508627926636 r=2.76952e-09/1.10676e-08 s=0.129434/0.000377059 projection_inf=1.00133e-16 rho=1e+08 support=413/12248
ADMM_ITER round=0/0 iteration=56525/100000 objective=0.00072642837171533233 r=2.77656e-09/1.10676e-08 s=0.127717/0.000377084 projection_inf=1.07935e-16 rho=1e+08 support=413/12248
ADMM_ITER round=0/0 iteration=56550/100000 objective=0.00072647077417501544 r=2.79278e-09/1.10676e-08 s=0.123552/0.000377109 projection_inf=1.04057e-16 rho=1e+08 support=412/12248
ADMM_ITER round=0/0 iteration=56575/100000 objective=0.00072651518693171995 r=2.81117e-09/1.10676e-08 s=0.119003/0.000377133 projection_inf=9.30568e-17 rho=1e+08 support=412/12248
ADMM_ITER round=0/0 iteration=56600/100000 objective=0.0007265645584533031 r=2.82909e-09/1.10676e-08 s=0.114418/0.000377158 projection_inf=1.1943e-16 rho=1e+08 support=412/12248
ADMM_ITER round=0/0 iteration=56625/100000 objective=0.00072662351993808133 r=2.8458e-09/1.10676e-08 s=0.109951/0.000377183 projection_inf=1.17494e-16 rho=1e+08 support=412/12248
ADMM_ITER round=0/0 iteration=56650/100000 objective=0.00072669073495071617 r=2.86132e-09/1.10676e-08 s=0.105601/0.000377207 projection_inf=1.07747e-16 rho=1e+08 support=412/12248
ADMM_ITER round=0/0 iteration=56675/100000 objective=0.00072676521648795136 r=2.87183e-09/1.10676e-08 s=0.102469/0.000377232 projection_inf=1.13404e-16 rho=1e+08 support=412/12248
ADMM_ITER round=0/0 iteration=56700/100000 objective=0.00072685064000861991 r=2.87602e-09/1.10676e-08 s=0.10104/0.000377257 projection_inf=1.05551e-16 rho=1e+08 support=413/12248
ADMM_ITER round=0/0 iteration=56725/100000 objective=0.00072694997072418751 r=2.87577e-09/1.10676e-08 s=0.100874/0.000377281 projection_inf=1.18695e-16 rho=1e+08 support=413/12248
ADMM_ITER round=0/0 iteration=56750/100000 objective=0.00072705875051983415 r=2.8724e-09/1.10676e-08 s=0.101552/0.000377306 projection_inf=1.13346e-16 rho=1e+08 support=412/12248
ADMM_ITER round=0/0 iteration=56775/100000 objective=0.00072716812140908953 r=2.86661e-09/1.10676e-08 s=0.102877/0.00037733 projection_inf=1.15923e-16 rho=1e+08 support=412/12248
ADMM_ITER round=0/0 iteration=56800/100000 objective=0.00072727703901240715 r=2.86034e-09/1.10676e-08 s=0.104364/0.000377354 projection_inf=1.09559e-16 rho=1e+08 support=412/12248
ADMM_ITER round=0/0 iteration=56825/100000 objective=0.00072739070189482878 r=2.853e-09/1.10676e-08 s=0.105836/0.000377379 projection_inf=1.15516e-16 rho=1e+08 support=413/12248
ADMM_ITER round=0/0 iteration=56850/100000 objective=0.00072751137660203181 r=2.85064e-09/1.10676e-08 s=0.106125/0.000377403 projection_inf=1.08102e-16 rho=1e+08 support=413/12248
ADMM_ITER round=0/0 iteration=56875/100000 objective=0.00072763529883607331 r=2.85109e-09/1.10676e-08 s=0.105691/0.000377427 projection_inf=1.0497e-16 rho=1e+08 support=412/12248
ADMM_ITER round=0/0 iteration=56900/100000 objective=0.00072775416288152624 r=2.85693e-09/1.10676e-08 s=0.103793/0.000377451 projection_inf=1.01421e-16 rho=1e+08 support=412/12248
ADMM_ITER round=0/0 iteration=56925/100000 objective=0.0007278584266160016 r=2.86418e-09/1.10676e-08 s=0.101479/0.000377475 projection_inf=1.0752e-16 rho=1e+08 support=413/12248
ADMM_ITER round=0/0 iteration=56950/100000 objective=0.0007279490246902353 r=2.86839e-09/1.10676e-08 s=0.0999929/0.000377499 projection_inf=9.90144e-17 rho=1e+08 support=413/12248
ADMM_ITER round=0/0 iteration=56975/100000 objective=0.0007280276276541896 r=2.86418e-09/1.10676e-08 s=0.100925/0.000377523 projection_inf=1.20501e-16 rho=1e+08 support=413/12248
ADMM_ITER round=0/0 iteration=57000/100000 objective=0.00072809342429684058 r=2.85337e-09/1.10676e-08 s=0.103692/0.000377547 projection_inf=1.13218e-16 rho=1e+08 support=413/12248
ADMM_ITER round=0/0 iteration=57025/100000 objective=0.000728146159097002 r=2.84124e-09/1.10676e-08 s=0.106651/0.000377571 projection_inf=1.19932e-16 rho=1e+08 support=412/12248
ADMM_ITER round=0/0 iteration=57050/100000 objective=0.00072819118645348351 r=2.82919e-09/1.10676e-08 s=0.109459/0.000377595 projection_inf=1.08635e-16 rho=1e+08 support=412/12248
ADMM_ITER round=0/0 iteration=57075/100000 objective=0.00072823322267617568 r=2.81831e-09/1.10676e-08 s=0.111968/0.000377618 projection_inf=1.03246e-16 rho=1e+08 support=412/12248
ADMM_ITER round=0/0 iteration=57100/100000 objective=0.00072827494890966569 r=2.80229e-09/1.10676e-08 s=0.115316/0.000377642 projection_inf=1.16359e-16 rho=1e+08 support=413/12248
ADMM_ITER round=0/0 iteration=57125/100000 objective=0.00072830813496240539 r=2.7937e-09/1.10676e-08 s=0.117025/0.000377666 projection_inf=1.03023e-16 rho=1e+08 support=413/12248
ADMM_ITER round=0/0 iteration=57150/100000 objective=0.00072832800223634542 r=2.79449e-09/1.10676e-08 s=0.116532/0.00037769 projection_inf=1.07304e-16 rho=1e+08 support=412/12248
ADMM_ITER round=0/0 iteration=57175/100000 objective=0.00072834039002290043 r=2.80437e-09/1.10676e-08 s=0.113845/0.000377714 projection_inf=1.07705e-16 rho=1e+08 support=412/12248
ADMM_ITER round=0/0 iteration=57200/100000 objective=0.00072836074209131011 r=2.81654e-09/1.10676e-08 s=0.110532/0.000377737 projection_inf=1.13509e-16 rho=1e+08 support=412/12248
ADMM_ITER round=0/0 iteration=57225/100000 objective=0.0007283878647935002 r=2.82937e-09/1.10676e-08 s=0.106947/0.000377761 projection_inf=1.09723e-16 rho=1e+08 support=412/12248
ADMM_ITER round=0/0 iteration=57250/100000 objective=0.00072841262917547702 r=2.8381e-09/1.10676e-08 s=0.104355/0.000377785 projection_inf=1.03411e-16 rho=1e+08 support=412/12248
ADMM_ITER round=0/0 iteration=57275/100000 objective=0.00072843344808813139 r=2.8425e-09/1.10676e-08 s=0.102908/0.000377809 projection_inf=9.72209e-17 rho=1e+08 support=412/12248
ADMM_ITER round=0/0 iteration=57300/100000 objective=0.00072845312430415508 r=2.84189e-09/1.10676e-08 s=0.10284/0.000377832 projection_inf=1.15993e-16 rho=1e+08 support=413/12248
ADMM_ITER round=0/0 iteration=57325/100000 objective=0.00072847454229108964 r=2.83538e-09/1.10676e-08 s=0.104398/0.000377856 projection_inf=1.10758e-16 rho=1e+08 support=413/12248
ADMM_ITER round=0/0 iteration=57350/100000 objective=0.00072849493968817969 r=2.82244e-09/1.10676e-08 s=0.107638/0.00037788 projection_inf=1.04091e-16 rho=1e+08 support=413/12248
ADMM_ITER round=0/0 iteration=57375/100000 objective=0.00072850889806383749 r=2.80647e-09/1.10676e-08 s=0.111537/0.000377904 projection_inf=1.00236e-16 rho=1e+08 support=413/12248
ADMM_ITER round=0/0 iteration=57400/100000 objective=0.00072851815422884979 r=2.79644e-09/1.10676e-08 s=0.113459/0.000377927 projection_inf=1.08863e-16 rho=1e+08 support=412/12248
ADMM_ITER round=0/0 iteration=57425/100000 objective=0.00072852216842090786 r=2.79003e-09/1.10676e-08 s=0.114746/0.000377951 projection_inf=9.4918e-17 rho=1e+08 support=412/12248
ADMM_ITER round=0/0 iteration=57450/100000 objective=0.00072851555028935911 r=2.78623e-09/1.10676e-08 s=0.11541/0.000377975 projection_inf=9.86212e-17 rho=1e+08 support=413/12248
ADMM_ITER round=0/0 iteration=57475/100000 objective=0.00072849521910115542 r=2.7858e-09/1.10676e-08 s=0.115274/0.000377999 projection_inf=1.00106e-16 rho=1e+08 support=413/12248
ADMM_ITER round=0/0 iteration=57500/100000 objective=0.00072846068535056753 r=2.78813e-09/1.10676e-08 s=0.114486/0.000378022 projection_inf=9.80893e-17 rho=1e+08 support=413/12248
ADMM_ITER round=0/0 iteration=57525/100000 objective=0.0007284131940156793 r=2.78539e-09/1.10676e-08 s=0.114935/0.000378046 projection_inf=1.01985e-16 rho=1e+08 support=413/12248
ADMM_ITER round=0/0 iteration=57550/100000 objective=0.00072835392233421264 r=2.77798e-09/1.10676e-08 s=0.116513/0.00037807 projection_inf=1.01695e-16 rho=1e+08 support=413/12248
ADMM_ITER round=0/0 iteration=57575/100000 objective=0.00072828809638896712 r=2.77221e-09/1.10676e-08 s=0.117686/0.000378094 projection_inf=1.04069e-16 rho=1e+08 support=413/12248
ADMM_ITER round=0/0 iteration=57600/100000 objective=0.00072821714651449918 r=2.76971e-09/1.10676e-08 s=0.118087/0.000378118 projection_inf=1.06014e-16 rho=1e+08 support=413/12248
ADMM_ITER round=0/0 iteration=57625/100000 objective=0.00072814242624800508 r=2.76727e-09/1.10676e-08 s=0.11847/0.000378142 projection_inf=1.13094e-16 rho=1e+08 support=414/12248
ADMM_ITER round=0/0 iteration=57650/100000 objective=0.0007280653142172313 r=2.76498e-09/1.10676e-08 s=0.118821/0.000378166 projection_inf=1.13643e-16 rho=1e+08 support=414/12248
ADMM_ITER round=0/0 iteration=57675/100000 objective=0.00072798669988380501 r=2.7635e-09/1.10676e-08 s=0.118861/0.00037819 projection_inf=1.11266e-16 rho=1e+08 support=413/12248
ADMM_ITER round=0/0 iteration=57700/100000 objective=0.00072791112952283281 r=2.76606e-09/1.10676e-08 s=0.118026/0.000378215 projection_inf=1.1325e-16 rho=1e+08 support=413/12248
ADMM_ITER round=0/0 iteration=57725/100000 objective=0.00072784354714186311 r=2.77566e-09/1.10676e-08 s=0.115532/0.000378239 projection_inf=1.15347e-16 rho=1e+08 support=413/12248
ADMM_ITER round=0/0 iteration=57750/100000 objective=0.00072778540674171236 r=2.79111e-09/1.10676e-08 s=0.111052/0.000378263 projection_inf=1.08274e-16 rho=1e+08 support=412/12248
ADMM_ITER round=0/0 iteration=57775/100000 objective=0.0007277364433760326 r=2.80825e-09/1.10676e-08 s=0.106224/0.000378288 projection_inf=9.52527e-17 rho=1e+08 support=412/12248
ADMM_ITER round=0/0 iteration=57800/100000 objective=0.00072769909317842499 r=2.8236e-09/1.10676e-08 s=0.101755/0.000378312 projection_inf=1.07856e-16 rho=1e+08 support=412/12248
ADMM_ITER round=0/0 iteration=57825/100000 objective=0.0007276706029999639 r=2.83901e-09/1.10676e-08 s=0.09708/0.000378336 projection_inf=1.20124e-16 rho=1e+08 support=412/12248
ADMM_ITER round=0/0 iteration=57850/100000 objective=0.00072764971423266869 r=2.84929e-09/1.10676e-08 s=0.0937432/0.000378361 projection_inf=1.00017e-16 rho=1e+08 support=412/12248
ADMM_ITER round=0/0 iteration=57875/100000 objective=0.00072763274347858271 r=2.84968e-09/1.10676e-08 s=0.0933593/0.000378385 projection_inf=1.09998e-16 rho=1e+08 support=412/12248
ADMM_ITER round=0/0 iteration=57900/100000 objective=0.00072761639408793746 r=2.84839e-09/1.10676e-08 s=0.093499/0.00037841 projection_inf=1.12896e-16 rho=1e+08 support=412/12248
ADMM_ITER round=0/0 iteration=57925/100000 objective=0.00072760117041627812 r=2.85167e-09/1.10676e-08 s=0.0922434/0.000378434 projection_inf=1.0649e-16 rho=1e+08 support=412/12248
ADMM_ITER round=0/0 iteration=57950/100000 objective=0.00072759333187275975 r=2.8577e-09/1.10676e-08 s=0.0900368/0.000378459 projection_inf=1.18632e-16 rho=1e+08 support=413/12248
ADMM_ITER round=0/0 iteration=57975/100000 objective=0.00072759971776012249 r=2.86265e-09/1.10676e-08 s=0.0881613/0.000378483 projection_inf=1.23962e-16 rho=1e+08 support=413/12248
ADMM_ITER round=0/0 iteration=58000/100000 objective=0.00072762026483389332 r=2.86981e-09/1.10676e-08 s=0.0855258/0.000378508 projection_inf=1.16379e-16 rho=1e+08 support=413/12248
ADMM_ITER round=0/0 iteration=58025/100000 objective=0.00072765331448825909 r=2.87785e-09/1.10676e-08 s=0.0825091/0.000378533 projection_inf=1.00739e-16 rho=1e+08 support=413/12248
ADMM_ITER round=0/0 iteration=58050/100000 objective=0.00072769453363609666 r=2.88214e-09/1.10676e-08 s=0.0807279/0.000378557 projection_inf=1.04267e-16 rho=1e+08 support=413/12248
ADMM_ITER round=0/0 iteration=58075/100000 objective=0.00072773932597939369 r=2.87978e-09/1.10676e-08 s=0.081304/0.000378582 projection_inf=1.13077e-16 rho=1e+08 support=413/12248
ADMM_ITER round=0/0 iteration=58100/100000 objective=0.00072778676590871006 r=2.87245e-09/1.10676e-08 s=0.0836103/0.000378606 projection_inf=1.03934e-16 rho=1e+08 support=413/12248
ADMM_ITER round=0/0 iteration=58125/100000 objective=0.00072783670196095859 r=2.86445e-09/1.10676e-08 s=0.0860794/0.000378631 projection_inf=1.06593e-16 rho=1e+08 support=413/12248
ADMM_ITER round=0/0 iteration=58150/100000 objective=0.00072788737789316541 r=2.85521e-09/1.10676e-08 s=0.0888723/0.000378655 projection_inf=1.19262e-16 rho=1e+08 support=413/12248
ADMM_ITER round=0/0 iteration=58175/100000 objective=0.00072793723738229016 r=2.84128e-09/1.10676e-08 s=0.0930215/0.00037868 projection_inf=9.63572e-17 rho=1e+08 support=413/12248
ADMM_ITER round=0/0 iteration=58200/100000 objective=0.00072798311209068447 r=2.82394e-09/1.10676e-08 s=0.0979647/0.000378704 projection_inf=1.12788e-16 rho=1e+08 support=413/12248
ADMM_ITER round=0/0 iteration=58225/100000 objective=0.00072802283674597193 r=2.80735e-09/1.10676e-08 s=0.102429/0.000378728 projection_inf=1.10113e-16 rho=1e+08 support=414/12248
ADMM_ITER round=0/0 iteration=58250/100000 objective=0.00072805578650918235 r=2.79149e-09/1.10676e-08 s=0.106482/0.000378753 projection_inf=1.11433e-16 rho=1e+08 support=414/12248
ADMM_ITER round=0/0 iteration=58275/100000 objective=0.00072808115335782871 r=2.77739e-09/1.10676e-08 s=0.109926/0.000378777 projection_inf=1.21728e-16 rho=1e+08 support=414/12248
ADMM_ITER round=0/0 iteration=58300/100000 objective=0.00072810269481664205 r=2.77078e-09/1.10676e-08 s=0.111405/0.000378802 projection_inf=1.13752e-16 rho=1e+08 support=414/12248
ADMM_ITER round=0/0 iteration=58325/100000 objective=0.00072813125354250407 r=2.77048e-09/1.10676e-08 s=0.11131/0.000378826 projection_inf=1.0062e-16 rho=1e+08 support=414/12248
ADMM_ITER round=0/0 iteration=58350/100000 objective=0.00072817440836026764 r=2.76842e-09/1.10676e-08 s=0.11165/0.00037885 projection_inf=1.12629e-16 rho=1e+08 support=414/12248
ADMM_ITER round=0/0 iteration=58375/100000 objective=0.00072823146992492035 r=2.7637e-09/1.10676e-08 s=0.11265/0.000378875 projection_inf=1.11009e-16 rho=1e+08 support=414/12248
ADMM_ITER round=0/0 iteration=58400/100000 objective=0.00072829553327795912 r=2.76224e-09/1.10676e-08 s=0.112846/0.000378899 projection_inf=1.01435e-16 rho=1e+08 support=414/12248
ADMM_ITER round=0/0 iteration=58425/100000 objective=0.00072835952112478041 r=2.76393e-09/1.10676e-08 s=0.112265/0.000378923 projection_inf=1.18838e-16 rho=1e+08 support=415/12248
ADMM_ITER round=0/0 iteration=58450/100000 objective=0.00072842034999055251 r=2.76369e-09/1.10676e-08 s=0.112161/0.000378947 projection_inf=1.22355e-16 rho=1e+08 support=414/12248
ADMM_ITER round=0/0 iteration=58475/100000 objective=0.00072847754697407817 r=2.76183e-09/1.10676e-08 s=0.112461/0.000378972 projection_inf=1.16143e-16 rho=1e+08 support=414/12248
ADMM_ITER round=0/0 iteration=58500/100000 objective=0.0007285315915047249 r=2.75797e-09/1.10676e-08 s=0.113247/0.000378996 projection_inf=1.07625e-16 rho=1e+08 support=414/12248
ADMM_ITER round=0/0 iteration=58525/100000 objective=0.00072858436086375652 r=2.75039e-09/1.10676e-08 s=0.114923/0.00037902 projection_inf=9.89702e-17 rho=1e+08 support=414/12248
ADMM_ITER round=0/0 iteration=58550/100000 objective=0.0007286358011686369 r=2.74464e-09/1.10676e-08 s=0.116141/0.000379044 projection_inf=9.76491e-17 rho=1e+08 support=414/12248
ADMM_ITER round=0/0 iteration=58575/100000 objective=0.00072868240278671243 r=2.74768e-09/1.10676e-08 s=0.115272/0.000379068 projection_inf=1.02969e-16 rho=1e+08 support=414/12248
ADMM_ITER round=0/0 iteration=58600/100000 objective=0.00072872076599910689 r=2.75758e-09/1.10676e-08 s=0.112734/0.000379092 projection_inf=1.22143e-16 rho=1e+08 support=415/12248
ADMM_ITER round=0/0 iteration=58625/100000 objective=0.00072874795365907615 r=2.76825e-09/1.10676e-08 s=0.109938/0.000379116 projection_inf=1.17265e-16 rho=1e+08 support=415/12248
ADMM_ITER round=0/0 iteration=58650/100000 objective=0.0007287617853079868 r=2.77825e-09/1.10676e-08 s=0.107231/0.00037914 projection_inf=1.14514e-16 rho=1e+08 support=415/12248
ADMM_ITER round=0/0 iteration=58675/100000 objective=0.00072876164688528435 r=2.78804e-09/1.10676e-08 s=0.104505/0.000379164 projection_inf=1.14546e-16 rho=1e+08 support=415/12248
ADMM_ITER round=0/0 iteration=58700/100000 objective=0.00072874709869725476 r=2.79601e-09/1.10676e-08 s=0.102195/0.000379188 projection_inf=1.07258e-16 rho=1e+08 support=415/12248
ADMM_ITER round=0/0 iteration=58725/100000 objective=0.00072871715316981443 r=2.80231e-09/1.10676e-08 s=0.100214/0.000379212 projection_inf=1.17416e-16 rho=1e+08 support=414/12248
ADMM_ITER round=0/0 iteration=58750/100000 objective=0.00072866852878135217 r=2.80764e-09/1.10676e-08 s=0.0985355/0.000379237 projection_inf=1.00239e-16 rho=1e+08 support=414/12248
ADMM_ITER round=0/0 iteration=58775/100000 objective=0.00072859669298192269 r=2.81143e-09/1.10676e-08 s=0.0972775/0.000379261 projection_inf=1.07889e-16 rho=1e+08 support=414/12248
ADMM_ITER round=0/0 iteration=58800/100000 objective=0.00072850255788907935 r=2.81429e-09/1.10676e-08 s=0.0962801/0.000379285 projection_inf=1.06494e-16 rho=1e+08 support=414/12248
ADMM_ITER round=0/0 iteration=58825/100000 objective=0.00072839049260822535 r=2.81707e-09/1.10676e-08 s=0.0952956/0.000379309 projection_inf=1.07563e-16 rho=1e+08 support=414/12248
ADMM_ITER round=0/0 iteration=58850/100000 objective=0.00072826756532457133 r=2.8191e-09/1.10676e-08 s=0.0945269/0.000379334 projection_inf=1.0396e-16 rho=1e+08 support=414/12248
ADMM_ITER round=0/0 iteration=58875/100000 objective=0.00072813976345867588 r=2.82013e-09/1.10676e-08 s=0.0940556/0.000379358 projection_inf=1.07369e-16 rho=1e+08 support=414/12248
ADMM_ITER round=0/0 iteration=58900/100000 objective=0.00072801195086994049 r=2.82063e-09/1.10676e-08 s=0.0937413/0.000379383 projection_inf=1.08604e-16 rho=1e+08 support=414/12248
ADMM_ITER round=0/0 iteration=58925/100000 objective=0.00072788629644800456 r=2.81993e-09/1.10676e-08 s=0.0937891/0.000379408 projection_inf=1.13874e-16 rho=1e+08 support=414/12248
ADMM_ITER round=0/0 iteration=58950/100000 objective=0.0007277622964170752 r=2.81682e-09/1.10676e-08 s=0.0945622/0.000379432 projection_inf=1.15432e-16 rho=1e+08 support=414/12248
ADMM_ITER round=0/0 iteration=58975/100000 objective=0.00072763698734076095 r=2.81223e-09/1.10676e-08 s=0.0957628/0.000379457 projection_inf=1.11071e-16 rho=1e+08 support=414/12248
ADMM_ITER round=0/0 iteration=59000/100000 objective=0.00072750839238077216 r=2.8065e-09/1.10676e-08 s=0.0972783/0.000379482 projection_inf=1.07393e-16 rho=1e+08 support=414/12248
ADMM_ITER round=0/0 iteration=59025/100000 objective=0.00072737592276303931 r=2.79863e-09/1.10676e-08 s=0.0993745/0.000379507 projection_inf=1.12822e-16 rho=1e+08 support=414/12248
ADMM_ITER round=0/0 iteration=59050/100000 objective=0.00072723970065539391 r=2.78975e-09/1.10676e-08 s=0.1017/0.000379533 projection_inf=1.07712e-16 rho=1e+08 support=414/12248
ADMM_ITER round=0/0 iteration=59075/100000 objective=0.00072710028157224138 r=2.78217e-09/1.10676e-08 s=0.103617/0.000379558 projection_inf=1.01487e-16 rho=1e+08 support=414/12248
ADMM_ITER round=0/0 iteration=59100/100000 objective=0.00072695810932643136 r=2.77546e-09/1.10676e-08 s=0.105268/0.000379583 projection_inf=1.11196e-16 rho=1e+08 support=414/12248
ADMM_ITER round=0/0 iteration=59125/100000 objective=0.0007268132538020964 r=2.76874e-09/1.10676e-08 s=0.106891/0.000379609 projection_inf=1.0365e-16 rho=1e+08 support=414/12248
ADMM_ITER round=0/0 iteration=59150/100000 objective=0.00072666609032898068 r=2.76242e-09/1.10676e-08 s=0.10835/0.000379634 projection_inf=9.66663e-17 rho=1e+08 support=415/12248
ADMM_ITER round=0/0 iteration=59175/100000 objective=0.00072651887054076209 r=2.75441e-09/1.10676e-08 s=0.110193/0.00037966 projection_inf=1.14523e-16 rho=1e+08 support=415/12248
ADMM_ITER round=0/0 iteration=59200/100000 objective=0.00072637427901384979 r=2.74728e-09/1.10676e-08 s=0.111793/0.000379686 projection_inf=9.86486e-17 rho=1e+08 support=415/12248
ADMM_ITER round=0/0 iteration=59225/100000 objective=0.0007262316937469629 r=2.74382e-09/1.10676e-08 s=0.112478/0.000379712 projection_inf=1.06722e-16 rho=1e+08 support=415/12248
ADMM_ITER round=0/0 iteration=59250/100000 objective=0.00072609069040906107 r=2.74406e-09/1.10676e-08 s=0.112263/0.000379738 projection_inf=1.02262e-16 rho=1e+08 support=415/12248
ADMM_ITER round=0/0 iteration=59275/100000 objective=0.00072595082827040197 r=2.74526e-09/1.10676e-08 s=0.111817/0.000379764 projection_inf=1.11211e-16 rho=1e+08 support=415/12248
ADMM_ITER round=0/0 iteration=59300/100000 objective=0.00072581352251009472 r=2.74564e-09/1.10676e-08 s=0.111571/0.00037979 projection_inf=9.48128e-17 rho=1e+08 support=415/12248
ADMM_ITER round=0/0 iteration=59325/100000 objective=0.00072567989387161758 r=2.74569e-09/1.10676e-08 s=0.111408/0.000379816 projection_inf=1.15937e-16 rho=1e+08 support=415/12248
ADMM_ITER round=0/0 iteration=59350/100000 objective=0.00072554698680481536 r=2.74489e-09/1.10676e-08 s=0.11146/0.000379843 projection_inf=1.02785e-16 rho=1e+08 support=415/12248
ADMM_ITER round=0/0 iteration=59375/100000 objective=0.00072541308960693207 r=2.7432e-09/1.10676e-08 s=0.111729/0.000379869 projection_inf=1.0236e-16 rho=1e+08 support=415/12248
ADMM_ITER round=0/0 iteration=59400/100000 objective=0.0007252773839816133 r=2.74259e-09/1.10676e-08 s=0.111735/0.000379896 projection_inf=9.78422e-17 rho=1e+08 support=415/12248
ADMM_ITER round=0/0 iteration=59425/100000 objective=0.00072513802185159601 r=2.74661e-09/1.10676e-08 s=0.110601/0.000379922 projection_inf=9.67087e-17 rho=1e+08 support=415/12248
ADMM_ITER round=0/0 iteration=59450/100000 objective=0.00072499532370708174 r=2.75537e-09/1.10676e-08 s=0.108254/0.000379949 projection_inf=9.42564e-17 rho=1e+08 support=415/12248
ADMM_ITER round=0/0 iteration=59475/100000 objective=0.00072484966371725201 r=2.76706e-09/1.10676e-08 s=0.105084/0.000379976 projection_inf=1.16153e-16 rho=1e+08 support=415/12248
ADMM_ITER round=0/0 iteration=59500/100000 objective=0.00072470017061857851 r=2.77966e-09/1.10676e-08 s=0.101554/0.000380003 projection_inf=1.03436e-16 rho=1e+08 support=415/12248
ADMM_ITER round=0/0 iteration=59525/100000 objective=0.00072454546295518541 r=2.7903e-09/1.10676e-08 s=0.0984363/0.00038003 projection_inf=1.06083e-16 rho=1e+08 support=415/12248
ADMM_ITER round=0/0 iteration=59550/100000 objective=0.00072438615179539249 r=2.79542e-09/1.10676e-08 s=0.0966703/0.000380057 projection_inf=1.03647e-16 rho=1e+08 support=414/12248
ADMM_ITER round=0/0 iteration=59575/100000 objective=0.00072422870760542179 r=2.79155e-09/1.10676e-08 s=0.0975222/0.000380085 projection_inf=1.07056e-16 rho=1e+08 support=414/12248
ADMM_ITER round=0/0 iteration=59600/100000 objective=0.00072406967768390783 r=2.77889e-09/1.10676e-08 s=0.100868/0.000380112 projection_inf=1.1564e-16 rho=1e+08 support=414/12248
ADMM_ITER round=0/0 iteration=59625/100000 objective=0.00072390560101632867 r=2.76361e-09/1.10676e-08 s=0.104799/0.00038014 projection_inf=1.18434e-16 rho=1e+08 support=414/12248
ADMM_ITER round=0/0 iteration=59650/100000 objective=0.00072373922147446761 r=2.74927e-09/1.10676e-08 s=0.108339/0.000380167 projection_inf=1.10166e-16 rho=1e+08 support=414/12248
ADMM_ITER round=0/0 iteration=59675/100000 objective=0.00072357998865501887 r=2.73848e-09/1.10676e-08 s=0.110832/0.000380195 projection_inf=1.04633e-16 rho=1e+08 support=414/12248
ADMM_ITER round=0/0 iteration=59700/100000 objective=0.00072342782331562684 r=2.73473e-09/1.10676e-08 s=0.111572/0.000380223 projection_inf=1.05798e-16 rho=1e+08 support=414/12248
ADMM_ITER round=0/0 iteration=59725/100000 objective=0.00072327578088207602 r=2.73698e-09/1.10676e-08 s=0.110846/0.000380251 projection_inf=1.03686e-16 rho=1e+08 support=414/12248
ADMM_ITER round=0/0 iteration=59750/100000 objective=0.00072312125012312866 r=2.7433e-09/1.10676e-08 s=0.109102/0.000380279 projection_inf=1.12297e-16 rho=1e+08 support=414/12248
ADMM_ITER round=0/0 iteration=59775/100000 objective=0.00072297306294796966 r=2.75183e-09/1.10676e-08 s=0.106766/0.000380307 projection_inf=1.13028e-16 rho=1e+08 support=414/12248
ADMM_ITER round=0/0 iteration=59800/100000 objective=0.00072283609635462852 r=2.75711e-09/1.10676e-08 s=0.10523/0.000380336 projection_inf=1.00654e-16 rho=1e+08 support=414/12248
ADMM_ITER round=0/0 iteration=59825/100000 objective=0.00072270863940400833 r=2.75841e-09/1.10676e-08 s=0.10473/0.000380364 projection_inf=1.16363e-16 rho=1e+08 support=414/12248
ADMM_ITER round=0/0 iteration=59850/100000 objective=0.00072258959166580428 r=2.75687e-09/1.10676e-08 s=0.104978/0.000380393 projection_inf=1.0674e-16 rho=1e+08 support=414/12248
ADMM_ITER round=0/0 iteration=59875/100000 objective=0.00072247679461372952 r=2.75392e-09/1.10676e-08 s=0.105597/0.000380421 projection_inf=1.08039e-16 rho=1e+08 support=414/12248
ADMM_ITER round=0/0 iteration=59900/100000 objective=0.00072237267381901739 r=2.74953e-09/1.10676e-08 s=0.106586/0.00038045 projection_inf=1.00474e-16 rho=1e+08 support=414/12248
ADMM_ITER round=0/0 iteration=59925/100000 objective=0.00072227580142374083 r=2.74361e-09/1.10676e-08 s=0.107959/0.000380479 projection_inf=1.04121e-16 rho=1e+08 support=414/12248
ADMM_ITER round=0/0 iteration=59950/100000 objective=0.00072218444481418718 r=2.73773e-09/1.10676e-08 s=0.109301/0.000380508 projection_inf=1.10622e-16 rho=1e+08 support=414/12248
ADMM_ITER round=0/0 iteration=59975/100000 objective=0.00072209742492146043 r=2.73189e-09/1.10676e-08 s=0.110617/0.000380536 projection_inf=1.19276e-16 rho=1e+08 support=414/12248
ADMM_ITER round=0/0 iteration=60000/100000 objective=0.00072201509546487798 r=2.72713e-09/1.10676e-08 s=0.11162/0.000380565 projection_inf=1.01165e-16 rho=1e+08 support=415/12248
ADMM_ITER round=0/0 iteration=60025/100000 objective=0.00072193951426167383 r=2.72634e-09/1.10676e-08 s=0.111646/0.000380594 projection_inf=1.0872e-16 rho=1e+08 support=415/12248
ADMM_ITER round=0/0 iteration=60050/100000 objective=0.00072186954159926086 r=2.72945e-09/1.10676e-08 s=0.110724/0.000380623 projection_inf=1.08942e-16 rho=1e+08 support=415/12248
ADMM_ITER round=0/0 iteration=60075/100000 objective=0.00072180320660778007 r=2.73539e-09/1.10676e-08 s=0.109092/0.000380653 projection_inf=1.09116e-16 rho=1e+08 support=415/12248
ADMM_ITER round=0/0 iteration=60100/100000 objective=0.00072173781317550324 r=2.74075e-09/1.10676e-08 s=0.107582/0.000380682 projection_inf=1.03188e-16 rho=1e+08 support=414/12248
ADMM_ITER round=0/0 iteration=60125/100000 objective=0.00072167081918166965 r=2.74386e-09/1.10676e-08 s=0.106598/0.000380711 projection_inf=1.02592e-16 rho=1e+08 support=414/12248
ADMM_ITER round=0/0 iteration=60150/100000 objective=0.00072160114611222518 r=2.74451e-09/1.10676e-08 s=0.106259/0.00038074 projection_inf=9.65911e-17 rho=1e+08 support=414/12248
ADMM_ITER round=0/0 iteration=60175/100000 objective=0.00072152789593056966 r=2.74347e-09/1.10676e-08 s=0.106359/0.00038077 projection_inf=1.05881e-16 rho=1e+08 support=414/12248
ADMM_ITER round=0/0 iteration=60200/100000 objective=0.00072145023984946678 r=2.74081e-09/1.10676e-08 s=0.106882/0.000380799 projection_inf=1.15659e-16 rho=1e+08 support=414/12248
ADMM_ITER round=0/0 iteration=60225/100000 objective=0.00072136918510312502 r=2.7309e-09/1.10676e-08 s=0.10894/0.000380828 projection_inf=1.09586e-16 rho=1e+08 support=415/12248
ADMM_ITER round=0/0 iteration=60250/100000 objective=0.00072128779714572566 r=2.72068e-09/1.10676e-08 s=0.11076/0.000380858 projection_inf=1.09836e-16 rho=1e+08 support=414/12248
ADMM_ITER round=0/0 iteration=60275/100000 objective=0.00072120311201656509 r=2.7106e-09/1.10676e-08 s=0.112814/0.000380888 projection_inf=1.09664e-16 rho=1e+08 support=414/12248
ADMM_ITER round=0/0 iteration=60300/100000 objective=0.0007211079856533632 r=2.69825e-09/1.10676e-08 s=0.115445/0.000380917 projection_inf=1.05812e-16 rho=1e+08 support=414/12248
ADMM_ITER round=0/0 iteration=60325/100000 objective=0.00072099378346210938 r=2.68747e-09/1.10676e-08 s=0.117682/0.000380947 projection_inf=1.1338e-16 rho=1e+08 support=414/12248
ADMM_ITER round=0/0 iteration=60350/100000 objective=0.0007208668350332857 r=2.68371e-09/1.10676e-08 s=0.118307/0.000380977 projection_inf=1.25607e-16 rho=1e+08 support=414/12248
ADMM_ITER round=0/0 iteration=60375/100000 objective=0.00072073699139236906 r=2.68796e-09/1.10676e-08 s=0.117121/0.000381007 projection_inf=1.23889e-16 rho=1e+08 support=414/12248
ADMM_ITER round=0/0 iteration=60400/100000 objective=0.00072060716609951257 r=2.69645e-09/1.10676e-08 s=0.114937/0.000381037 projection_inf=1.12771e-16 rho=1e+08 support=413/12248
ADMM_ITER round=0/0 iteration=60425/100000 objective=0.00072048074297252347 r=2.70153e-09/1.10676e-08 s=0.113367/0.000381067 projection_inf=1.24841e-16 rho=1e+08 support=414/12248
ADMM_ITER round=0/0 iteration=60450/100000 objective=0.00072035539296902581 r=2.70288e-09/1.10676e-08 s=0.112723/0.000381097 projection_inf=1.0383e-16 rho=1e+08 support=414/12248
ADMM_ITER round=0/0 iteration=60475/100000 objective=0.00072022870093726955 r=2.71117e-09/1.10676e-08 s=0.110456/0.000381127 projection_inf=1.06065e-16 rho=1e+08 support=414/12248
ADMM_ITER round=0/0 iteration=60500/100000 objective=0.00072009849336849641 r=2.72516e-09/1.10676e-08 s=0.106708/0.000381157 projection_inf=9.87405e-17 rho=1e+08 support=414/12248
ADMM_ITER round=0/0 iteration=60525/100000 objective=0.00071996746585453373 r=2.73944e-09/1.10676e-08 s=0.102733/0.000381188 projection_inf=9.93142e-17 rho=1e+08 support=416/12248
ADMM_ITER round=0/0 iteration=60550/100000 objective=0.00071983743285797426 r=2.75028e-09/1.10676e-08 s=0.0995504/0.000381218 projection_inf=1.1415e-16 rho=1e+08 support=416/12248
ADMM_ITER round=0/0 iteration=60575/100000 objective=0.00071971189765454861 r=2.75256e-09/1.10676e-08 s=0.0986798/0.000381249 projection_inf=1.03862e-16 rho=1e+08 support=416/12248
ADMM_ITER round=0/0 iteration=60600/100000 objective=0.00071959396691501098 r=2.74698e-09/1.10676e-08 s=0.0999976/0.00038128 projection_inf=9.85099e-17 rho=1e+08 support=416/12248
ADMM_ITER round=0/0 iteration=60625/100000 objective=0.0007194843851415062 r=2.73625e-09/1.10676e-08 s=0.102685/0.000381311 projection_inf=1.12817e-16 rho=1e+08 support=416/12248
ADMM_ITER round=0/0 iteration=60650/100000 objective=0.00071937545001947683 r=2.72693e-09/1.10676e-08 s=0.104933/0.000381341 projection_inf=1.19436e-16 rho=1e+08 support=416/12248
ADMM_ITER round=0/0 iteration=60675/100000 objective=0.00071926036694640728 r=2.72307e-09/1.10676e-08 s=0.105736/0.000381372 projection_inf=1.10571e-16 rho=1e+08 support=416/12248
ADMM_ITER round=0/0 iteration=60700/100000 objective=0.00071913845637368377 r=2.72462e-09/1.10676e-08 s=0.105146/0.000381403 projection_inf=1.18587e-16 rho=1e+08 support=416/12248
ADMM_ITER round=0/0 iteration=60725/100000 objective=0.00071901186654801735 r=2.72924e-09/1.10676e-08 s=0.10375/0.000381435 projection_inf=1.14091e-16 rho=1e+08 support=416/12248
ADMM_ITER round=0/0 iteration=60750/100000 objective=0.00071888282444448827 r=2.73374e-09/1.10676e-08 s=0.10237/0.000381466 projection_inf=1.03308e-16 rho=1e+08 support=416/12248
ADMM_ITER round=0/0 iteration=60775/100000 objective=0.00071875168770662852 r=2.73289e-09/1.10676e-08 s=0.102414/0.000381497 projection_inf=1.02654e-16 rho=1e+08 support=416/12248
ADMM_ITER round=0/0 iteration=60800/100000 objective=0.00071861823197590503 r=2.72973e-09/1.10676e-08 s=0.103072/0.000381529 projection_inf=1.01252e-16 rho=1e+08 support=416/12248
ADMM_ITER round=0/0 iteration=60825/100000 objective=0.00071848244919261181 r=2.72838e-09/1.10676e-08 s=0.103254/0.00038156 projection_inf=1.16736e-16 rho=1e+08 support=416/12248
ADMM_ITER round=0/0 iteration=60850/100000 objective=0.00071834369897791849 r=2.72414e-09/1.10676e-08 s=0.104167/0.000381592 projection_inf=1.10105e-16 rho=1e+08 support=417/12248
ADMM_ITER round=0/0 iteration=60875/100000 objective=0.00071820214553101728 r=2.71629e-09/1.10676e-08 s=0.105996/0.000381623 projection_inf=1.21166e-16 rho=1e+08 support=417/12248
ADMM_ITER round=0/0 iteration=60900/100000 objective=0.00071805601655730458 r=2.70974e-09/1.10676e-08 s=0.107472/0.000381655 projection_inf=1.00621e-16 rho=1e+08 support=417/12248
ADMM_ITER round=0/0 iteration=60925/100000 objective=0.00071790647548448092 r=2.7036e-09/1.10676e-08 s=0.108827/0.000381687 projection_inf=1.15103e-16 rho=1e+08 support=417/12248
ADMM_ITER round=0/0 iteration=60950/100000 objective=0.0007177559520251236 r=2.69778e-09/1.10676e-08 s=0.11009/0.000381719 projection_inf=1.06784e-16 rho=1e+08 support=417/12248
ADMM_ITER round=0/0 iteration=60975/100000 objective=0.00071760422316981807 r=2.69037e-09/1.10676e-08 s=0.111722/0.000381751 projection_inf=1.14652e-16 rho=1e+08 support=417/12248
ADMM_ITER round=0/0 iteration=61000/100000 objective=0.00071744822983676754 r=2.68259e-09/1.10676e-08 s=0.113414/0.000381784 projection_inf=1.17709e-16 rho=1e+08 support=417/12248
ADMM_ITER round=0/0 iteration=61025/100000 objective=0.00071728621901792427 r=2.67859e-09/1.10676e-08 s=0.1142/0.000381816 projection_inf=1.07042e-16 rho=1e+08 support=417/12248
ADMM_ITER round=0/0 iteration=61050/100000 objective=0.00071712003308932253 r=2.6792e-09/1.10676e-08 s=0.113902/0.000381848 projection_inf=1.02527e-16 rho=1e+08 support=417/12248
ADMM_ITER round=0/0 iteration=61075/100000 objective=0.00071695325341488998 r=2.68207e-09/1.10676e-08 s=0.11307/0.000381881 projection_inf=1.09384e-16 rho=1e+08 support=417/12248
ADMM_ITER round=0/0 iteration=61100/100000 objective=0.00071678779969063357 r=2.68754e-09/1.10676e-08 s=0.111612/0.000381914 projection_inf=1.02691e-16 rho=1e+08 support=417/12248
ADMM_ITER round=0/0 iteration=61125/100000 objective=0.00071662293190566709 r=2.69513e-09/1.10676e-08 s=0.109606/0.000381946 projection_inf=1.06693e-16 rho=1e+08 support=416/12248
ADMM_ITER round=0/0 iteration=61150/100000 objective=0.00071645889691998132 r=2.70326e-09/1.10676e-08 s=0.10743/0.000381979 projection_inf=9.53643e-17 rho=1e+08 support=416/12248
ADMM_ITER round=0/0 iteration=61175/100000 objective=0.00071629733627213911 r=2.71122e-09/1.10676e-08 s=0.105248/0.000382012 projection_inf=1.10228e-16 rho=1e+08 support=417/12248
ADMM_ITER round=0/0 iteration=61200/100000 objective=0.00071614069452733949 r=2.71524e-09/1.10676e-08 s=0.104052/0.000382046 projection_inf=9.98636e-17 rho=1e+08 support=417/12248
ADMM_ITER round=0/0 iteration=61225/100000 objective=0.00071598951996148879 r=2.71436e-09/1.10676e-08 s=0.104127/0.000382079 projection_inf=1.13121e-16 rho=1e+08 support=417/12248
ADMM_ITER round=0/0 iteration=61250/100000 objective=0.00071584295996153686 r=2.71018e-09/1.10676e-08 s=0.105042/0.000382112 projection_inf=1.34991e-16 rho=1e+08 support=418/12248
ADMM_ITER round=0/0 iteration=61275/100000 objective=0.00071570297602964483 r=2.7023e-09/1.10676e-08 s=0.106874/0.000382146 projection_inf=1.01981e-16 rho=1e+08 support=418/12248
ADMM_ITER round=0/0 iteration=61300/100000 objective=0.00071557219039291274 r=2.69508e-09/1.10676e-08 s=0.108462/0.000382179 projection_inf=1.0712e-16 rho=1e+08 support=417/12248
ADMM_ITER round=0/0 iteration=61325/100000 objective=0.00071545171234074052 r=2.69068e-09/1.10676e-08 s=0.109372/0.000382213 projection_inf=9.57932e-17 rho=1e+08 support=417/12248
ADMM_ITER round=0/0 iteration=61350/100000 objective=0.00071533831886227582 r=2.68606e-09/1.10676e-08 s=0.110342/0.000382247 projection_inf=1.03548e-16 rho=1e+08 support=417/12248
ADMM_ITER round=0/0 iteration=61375/100000 objective=0.00071522640955164652 r=2.67833e-09/1.10676e-08 s=0.112051/0.00038228 projection_inf=1.17335e-16 rho=1e+08 support=417/12248
ADMM_ITER round=0/0 iteration=61400/100000 objective=0.00071511304503510593 r=2.66983e-09/1.10676e-08 s=0.113914/0.000382314 projection_inf=1.15828e-16 rho=1e+08 support=417/12248
ADMM_ITER round=0/0 iteration=61425/100000 objective=0.00071499727313819629 r=2.66462e-09/1.10676e-08 s=0.114983/0.000382348 projection_inf=1.13226e-16 rho=1e+08 support=417/12248
ADMM_ITER round=0/0 iteration=61450/100000 objective=0.00071487943332570038 r=2.66353e-09/1.10676e-08 s=0.115096/0.000382382 projection_inf=1.1031e-16 rho=1e+08 support=417/12248
ADMM_ITER round=0/0 iteration=61475/100000 objective=0.00071476081848186079 r=2.66619e-09/1.10676e-08 s=0.114338/0.000382416 projection_inf=1.01711e-16 rho=1e+08 support=417/12248
ADMM_ITER round=0/0 iteration=61500/100000 objective=0.00071463974166283075 r=2.67133e-09/1.10676e-08 s=0.112993/0.000382451 projection_inf=1.04249e-16 rho=1e+08 support=417/12248
ADMM_ITER round=0/0 iteration=61525/100000 objective=0.00071451449573558818 r=2.67788e-09/1.10676e-08 s=0.111295/0.000382485 projection_inf=1.12316e-16 rho=1e+08 support=417/12248
ADMM_ITER round=0/0 iteration=61550/100000 objective=0.00071438367702128937 r=2.68456e-09/1.10676e-08 s=0.109403/0.000382519 projection_inf=1.14038e-16 rho=1e+08 support=415/12248
ADMM_ITER round=0/0 iteration=61575/100000 objective=0.00071424649269169601 r=2.68994e-09/1.10676e-08 s=0.107869/0.000382554 projection_inf=1.11876e-16 rho=1e+08 support=414/12248
ADMM_ITER round=0/0 iteration=61600/100000 objective=0.00071410381233711826 r=2.69478e-09/1.10676e-08 s=0.106439/0.000382588 projection_inf=1.14612e-16 rho=1e+08 support=414/12248
ADMM_ITER round=0/0 iteration=61625/100000 objective=0.00071396254034943464 r=2.69826e-09/1.10676e-08 s=0.105365/0.000382623 projection_inf=1.07493e-16 rho=1e+08 support=414/12248
ADMM_ITER round=0/0 iteration=61650/100000 objective=0.00071382807411254174 r=2.69815e-09/1.10676e-08 s=0.105209/0.000382658 projection_inf=1.13962e-16 rho=1e+08 support=415/12248
ADMM_ITER round=0/0 iteration=61675/100000 objective=0.00071370325437739002 r=2.6937e-09/1.10676e-08 s=0.106171/0.000382693 projection_inf=1.02391e-16 rho=1e+08 support=415/12248
ADMM_ITER round=0/0 iteration=61700/100000 objective=0.00071358335277664237 r=2.6876e-09/1.10676e-08 s=0.107541/0.000382728 projection_inf=1.16052e-16 rho=1e+08 support=415/12248
ADMM_ITER round=0/0 iteration=61725/100000 objective=0.00071346569315453652 r=2.68223e-09/1.10676e-08 s=0.108673/0.000382763 projection_inf=1.10975e-16 rho=1e+08 support=415/12248
ADMM_ITER round=0/0 iteration=61750/100000 objective=0.00071335208234483234 r=2.6809e-09/1.10676e-08 s=0.108821/0.000382798 projection_inf=1.12626e-16 rho=1e+08 support=415/12248
ADMM_ITER round=0/0 iteration=61775/100000 objective=0.00071324117385457178 r=2.68007e-09/1.10676e-08 s=0.108755/0.000382833 projection_inf=1.07485e-16 rho=1e+08 support=416/12248
ADMM_ITER round=0/0 iteration=61800/100000 objective=0.00071312769383386182 r=2.67698e-09/1.10676e-08 s=0.109313/0.000382869 projection_inf=1.02397e-16 rho=1e+08 support=416/12248
ADMM_ITER round=0/0 iteration=61825/100000 objective=0.00071301286753794812 r=2.67113e-09/1.10676e-08 s=0.110551/0.000382904 projection_inf=9.62413e-17 rho=1e+08 support=416/12248
ADMM_ITER round=0/0 iteration=61850/100000 objective=0.00071289966738696375 r=2.66594e-09/1.10676e-08 s=0.111626/0.000382939 projection_inf=1.09257e-16 rho=1e+08 support=416/12248
ADMM_ITER round=0/0 iteration=61875/100000 objective=0.00071279213740604169 r=2.66138e-09/1.10676e-08 s=0.112546/0.000382975 projection_inf=1.06432e-16 rho=1e+08 support=416/12248
ADMM_ITER round=0/0 iteration=61900/100000 objective=0.00071269189440740046 r=2.65986e-09/1.10676e-08 s=0.112746/0.00038301 projection_inf=1.14608e-16 rho=1e+08 support=416/12248
ADMM_ITER round=0/0 iteration=61925/100000 objective=0.00071259962889113346 r=2.66029e-09/1.10676e-08 s=0.11248/0.000383046 projection_inf=9.92302e-17 rho=1e+08 support=415/12248
ADMM_ITER round=0/0 iteration=61950/100000 objective=0.00071251634332065983 r=2.65987e-09/1.10676e-08 s=0.112416/0.000383082 projection_inf=1.12027e-16 rho=1e+08 support=415/12248
ADMM_ITER round=0/0 iteration=61975/100000 objective=0.00071244138056743463 r=2.65809e-09/1.10676e-08 s=0.11268/0.000383118 projection_inf=1.10849e-16 rho=1e+08 support=415/12248
ADMM_ITER round=0/0 iteration=62000/100000 objective=0.00071237273468318946 r=2.65868e-09/1.10676e-08 s=0.112387/0.000383154 projection_inf=1.15931e-16 rho=1e+08 support=415/12248
ADMM_ITER round=0/0 iteration=62025/100000 objective=0.00071230831871481998 r=2.66359e-09/1.10676e-08 s=0.111069/0.000383189 projection_inf=1.04485e-16 rho=1e+08 support=415/12248
ADMM_ITER round=0/0 iteration=62050/100000 objective=0.00071224768379856015 r=2.67387e-09/1.10676e-08 s=0.108171/0.000383225 projection_inf=1.11253e-16 rho=1e+08 support=414/12248
ADMM_ITER round=0/0 iteration=62075/100000 objective=0.00071219034323294361 r=2.68296e-09/1.10676e-08 s=0.105637/0.000383261 projection_inf=1.10367e-16 rho=1e+08 support=414/12248
ADMM_ITER round=0/0 iteration=62100/100000 objective=0.00071213536757371238 r=2.69131e-09/1.10676e-08 s=0.103266/0.000383297 projection_inf=1.18471e-16 rho=1e+08 support=414/12248
ADMM_ITER round=0/0 iteration=62125/100000 objective=0.00071208059511511303 r=2.69878e-09/1.10676e-08 s=0.101091/0.000383334 projection_inf=1.02525e-16 rho=1e+08 support=414/12248
ADMM_ITER round=0/0 iteration=62150/100000 objective=0.00071202101665370887 r=2.70211e-09/1.10676e-08 s=0.0999717/0.00038337 projection_inf=1.03086e-16 rho=1e+08 support=414/12248
ADMM_ITER round=0/0 iteration=62175/100000 objective=0.00071195496559534142 r=2.70097e-09/1.10676e-08 s=0.100018/0.000383406 projection_inf=1.0543e-16 rho=1e+08 support=415/12248
ADMM_ITER round=0/0 iteration=62200/100000 objective=0.00071188507132436578 r=2.69644e-09/1.10676e-08 s=0.100764/0.000383442 projection_inf=1.00597e-16 rho=1e+08 support=416/12248
ADMM_ITER round=0/0 iteration=62225/100000 objective=0.00071181380827971231 r=2.6949e-09/1.10676e-08 s=0.100875/0.000383478 projection_inf=1.04212e-16 rho=1e+08 support=416/12248
ADMM_ITER round=0/0 iteration=62250/100000 objective=0.00071174235778823298 r=2.69608e-09/1.10676e-08 s=0.1003/0.000383515 projection_inf=9.8398e-17 rho=1e+08 support=416/12248
ADMM_ITER round=0/0 iteration=62275/100000 objective=0.00071166806216093313 r=2.69423e-09/1.10676e-08 s=0.100558/0.000383551 projection_inf=1.13026e-16 rho=1e+08 support=416/12248
ADMM_ITER round=0/0 iteration=62300/100000 objective=0.00071158730990114789 r=2.68998e-09/1.10676e-08 s=0.101471/0.000383587 projection_inf=1.1494e-16 rho=1e+08 support=416/12248
ADMM_ITER round=0/0 iteration=62325/100000 objective=0.00071149819433999871 r=2.68544e-09/1.10676e-08 s=0.102463/0.000383624 projection_inf=1.10024e-16 rho=1e+08 support=416/12248
ADMM_ITER round=0/0 iteration=62350/100000 objective=0.00071140201980428492 r=2.67938e-09/1.10676e-08 s=0.103843/0.000383661 projection_inf=1.12613e-16 rho=1e+08 support=416/12248
ADMM_ITER round=0/0 iteration=62375/100000 objective=0.00071129943195937992 r=2.6704e-09/1.10676e-08 s=0.105948/0.000383697 projection_inf=1.06541e-16 rho=1e+08 support=416/12248
ADMM_ITER round=0/0 iteration=62400/100000 objective=0.00071119324952866243 r=2.66178e-09/1.10676e-08 s=0.107921/0.000383734 projection_inf=1.10398e-16 rho=1e+08 support=416/12248
ADMM_ITER round=0/0 iteration=62425/100000 objective=0.00071108922152958074 r=2.6564e-09/1.10676e-08 s=0.109059/0.000383771 projection_inf=9.93214e-17 rho=1e+08 support=417/12248
ADMM_ITER round=0/0 iteration=62450/100000 objective=0.00071099237685266997 r=2.64943e-09/1.10676e-08 s=0.110562/0.000383808 projection_inf=9.67064e-17 rho=1e+08 support=417/12248
ADMM_ITER round=0/0 iteration=62475/100000 objective=0.00071090082191558972 r=2.64479e-09/1.10676e-08 s=0.111498/0.000383844 projection_inf=1.199e-16 rho=1e+08 support=417/12248
ADMM_ITER round=0/0 iteration=62500/100000 objective=0.00071080870243868442 r=2.6462e-09/1.10676e-08 s=0.110997/0.000383881 projection_inf=1.11254e-16 rho=1e+08 support=416/12248
ADMM_ITER round=0/0 iteration=62525/100000 objective=0.00071071269181136791 r=2.65259e-09/1.10676e-08 s=0.109267/0.000383919 projection_inf=1.12023e-16 rho=1e+08 support=416/12248
ADMM_ITER round=0/0 iteration=62550/100000 objective=0.00071061273749793306 r=2.65838e-09/1.10676e-08 s=0.107677/0.000383956 projection_inf=1.05101e-16 rho=1e+08 support=416/12248
ADMM_ITER round=0/0 iteration=62575/100000 objective=0.0007105080158770449 r=2.6638e-09/1.10676e-08 s=0.106157/0.000383993 projection_inf=1.0821e-16 rho=1e+08 support=416/12248
ADMM_ITER round=0/0 iteration=62600/100000 objective=0.00071040000053816481 r=2.6671e-09/1.10676e-08 s=0.105157/0.00038403 projection_inf=1.12334e-16 rho=1e+08 support=416/12248
ADMM_ITER round=0/0 iteration=62625/100000 objective=0.0007102896292447208 r=2.67009e-09/1.10676e-08 s=0.104197/0.000384068 projection_inf=1.12875e-16 rho=1e+08 support=417/12248
ADMM_ITER round=0/0 iteration=62650/100000 objective=0.0007101766761985393 r=2.67373e-09/1.10676e-08 s=0.102632/0.000384105 projection_inf=1.11463e-16 rho=1e+08 support=416/12248
ADMM_ITER round=0/0 iteration=62675/100000 objective=0.00071006427637510666 r=2.6768e-09/1.10676e-08 s=0.101462/0.000384142 projection_inf=1.17055e-16 rho=1e+08 support=416/12248
ADMM_ITER round=0/0 iteration=62700/100000 objective=0.00070994886787115565 r=2.67484e-09/1.10676e-08 s=0.101713/0.00038418 projection_inf=9.96235e-17 rho=1e+08 support=416/12248
ADMM_ITER round=0/0 iteration=62725/100000 objective=0.00070982661406579657 r=2.66587e-09/1.10676e-08 s=0.103818/0.000384218 projection_inf=9.90819e-17 rho=1e+08 support=416/12248
ADMM_ITER round=0/0 iteration=62750/100000 objective=0.00070969522901639687 r=2.65097e-09/1.10676e-08 s=0.107365/0.000384255 projection_inf=1.02886e-16 rho=1e+08 support=416/12248
ADMM_ITER round=0/0 iteration=62775/100000 objective=0.00070955361396890146 r=2.63412e-09/1.10676e-08 s=0.11125/0.000384293 projection_inf=1.03635e-16 rho=1e+08 support=416/12248
ADMM_ITER round=0/0 iteration=62800/100000 objective=0.0007094070333539985 r=2.62307e-09/1.10676e-08 s=0.113658/0.000384331 projection_inf=1.07274e-16 rho=1e+08 support=416/12248
ADMM_ITER round=0/0 iteration=62825/100000 objective=0.00070925951069432381 r=2.6205e-09/1.10676e-08 s=0.113965/0.000384369 projection_inf=1.21509e-16 rho=1e+08 support=415/12248
ADMM_ITER round=0/0 iteration=62850/100000 objective=0.00070911381636728794 r=2.62356e-09/1.10676e-08 s=0.113043/0.000384408 projection_inf=1.2632e-16 rho=1e+08 support=415/12248
ADMM_ITER round=0/0 iteration=62875/100000 objective=0.00070896353447614559 r=2.62389e-09/1.10676e-08 s=0.112769/0.000384446 projection_inf=1.14403e-16 rho=1e+08 support=415/12248
ADMM_ITER round=0/0 iteration=62900/100000 objective=0.00070880107146041366 r=2.6228e-09/1.10676e-08 s=0.112833/0.000384484 projection_inf=1.04419e-16 rho=1e+08 support=416/12248
ADMM_ITER round=0/0 iteration=62925/100000 objective=0.00070863233247167362 r=2.62102e-09/1.10676e-08 s=0.11307/0.000384523 projection_inf=1.13791e-16 rho=1e+08 support=416/12248
ADMM_ITER round=0/0 iteration=62950/100000 objective=0.00070846384925662888 r=2.61613e-09/1.10676e-08 s=0.114029/0.000384561 projection_inf=1.02964e-16 rho=1e+08 support=416/12248
ADMM_ITER round=0/0 iteration=62975/100000 objective=0.00070829619623177917 r=2.60855e-09/1.10676e-08 s=0.115593/0.0003846 projection_inf=1.23914e-16 rho=1e+08 support=416/12248
ADMM_ITER round=0/0 iteration=63000/100000 objective=0.00070812859111909229 r=2.59915e-09/1.10676e-08 s=0.117537/0.000384639 projection_inf=1.08805e-16 rho=1e+08 support=416/12248
ADMM_ITER round=0/0 iteration=63025/100000 objective=0.00070796105439772396 r=2.59268e-09/1.10676e-08 s=0.11881/0.000384678 projection_inf=1.06393e-16 rho=1e+08 support=416/12248
ADMM_ITER round=0/0 iteration=63050/100000 objective=0.0007077954996283014 r=2.59306e-09/1.10676e-08 s=0.118583/0.000384717 projection_inf=1.16334e-16 rho=1e+08 support=416/12248
ADMM_ITER round=0/0 iteration=63075/100000 objective=0.0007076326486575782 r=2.59834e-09/1.10676e-08 s=0.11723/0.000384756 projection_inf=1.13308e-16 rho=1e+08 support=417/12248
ADMM_ITER round=0/0 iteration=63100/100000 objective=0.00070747981381085432 r=2.60128e-09/1.10676e-08 s=0.11632/0.000384795 projection_inf=1.07456e-16 rho=1e+08 support=417/12248
ADMM_ITER round=0/0 iteration=63125/100000 objective=0.00070733497029459944 r=2.6022e-09/1.10676e-08 s=0.115903/0.000384835 projection_inf=1.15352e-16 rho=1e+08 support=417/12248
ADMM_ITER round=0/0 iteration=63150/100000 objective=0.00070719169537404494 r=2.60318e-09/1.10676e-08 s=0.115486/0.000384874 projection_inf=1.19001e-16 rho=1e+08 support=417/12248
ADMM_ITER round=0/0 iteration=63175/100000 objective=0.00070705037715294058 r=2.61091e-09/1.10676e-08 s=0.113487/0.000384914 projection_inf=1.1076e-16 rho=1e+08 support=416/12248
ADMM_ITER round=0/0 iteration=63200/100000 objective=0.00070691524408020648 r=2.62519e-09/1.10676e-08 s=0.10995/0.000384953 projection_inf=1.05183e-16 rho=1e+08 support=416/12248
ADMM_ITER round=0/0 iteration=63225/100000 objective=0.00070678254122666102 r=2.64229e-09/1.10676e-08 s=0.105584/0.000384993 projection_inf=1.19758e-16 rho=1e+08 support=416/12248
ADMM_ITER round=0/0 iteration=63250/100000 objective=0.00070664812876970425 r=2.65648e-09/1.10676e-08 s=0.101768/0.000385033 projection_inf=1.10537e-16 rho=1e+08 support=417/12248
ADMM_ITER round=0/0 iteration=63275/100000 objective=0.00070651492713509297 r=2.66372e-09/1.10676e-08 s=0.0996625/0.000385073 projection_inf=1.12912e-16 rho=1e+08 support=417/12248
ADMM_ITER round=0/0 iteration=63300/100000 objective=0.00070638767513312947 r=2.66437e-09/1.10676e-08 s=0.0993026/0.000385113 projection_inf=1.13056e-16 rho=1e+08 support=417/12248
ADMM_ITER round=0/0 iteration=63325/100000 objective=0.00070627170410214699 r=2.66062e-09/1.10676e-08 s=0.100124/0.000385153 projection_inf=1.11663e-16 rho=1e+08 support=417/12248
ADMM_ITER round=0/0 iteration=63350/100000 objective=0.00070616532414246788 r=2.65615e-09/1.10676e-08 s=0.10113/0.000385193 projection_inf=1.07813e-16 rho=1e+08 support=417/12248
ADMM_ITER round=0/0 iteration=63375/100000 objective=0.00070606799552305852 r=2.65147e-09/1.10676e-08 s=0.102166/0.000385233 projection_inf=1.07625e-16 rho=1e+08 support=418/12248
ADMM_ITER round=0/0 iteration=63400/100000 objective=0.00070598053138009242 r=2.64343e-09/1.10676e-08 s=0.104048/0.000385274 projection_inf=1.0432e-16 rho=1e+08 support=419/12248
ADMM_ITER round=0/0 iteration=63425/100000 objective=0.00070590358375101402 r=2.63326e-09/1.10676e-08 s=0.106413/0.000385314 projection_inf=1.10014e-16 rho=1e+08 support=420/12248
ADMM_ITER round=0/0 iteration=63450/100000 objective=0.00070583489850066029 r=2.62491e-09/1.10676e-08 s=0.108274/0.000385355 projection_inf=1.12152e-16 rho=1e+08 support=420/12248
ADMM_ITER round=0/0 iteration=63475/100000 objective=0.00070577321963887201 r=2.61953e-09/1.10676e-08 s=0.109397/0.000385395 projection_inf=1.10051e-16 rho=1e+08 support=420/12248
ADMM_ITER round=0/0 iteration=63500/100000 objective=0.00070571877365709231 r=2.61811e-09/1.10676e-08 s=0.109571/0.000385436 projection_inf=1.03599e-16 rho=1e+08 support=420/12248
ADMM_ITER round=0/0 iteration=63525/100000 objective=0.00070567150605388798 r=2.6197e-09/1.10676e-08 s=0.109029/0.000385476 projection_inf=1.11188e-16 rho=1e+08 support=420/12248
ADMM_ITER round=0/0 iteration=63550/100000 objective=0.00070563042073990641 r=2.62412e-09/1.10676e-08 s=0.10659/0.000385517 projection_inf=1.0685e-16 rho=1e+08 support=419/12248
ADMM_ITER round=0/0 iteration=63575/100000 objective=0.00070558934003850512 r=2.61999e-09/1.10676e-08 s=0.107099/0.000385557 projection_inf=1.12981e-16 rho=1e+08 support=419/12248
ADMM_ITER round=0/0 iteration=63600/100000 objective=0.0007055478570000284 r=2.60982e-09/1.10676e-08 s=0.109207/0.000385598 projection_inf=9.86702e-17 rho=1e+08 support=419/12248
ADMM_ITER round=0/0 iteration=63625/100000 objective=0.00070551300943071332 r=2.60127e-09/1.10676e-08 s=0.11095/0.000385639 projection_inf=1.0026e-16 rho=1e+08 support=419/12248
ADMM_ITER round=0/0 iteration=63650/100000 objective=0.000705481402879045 r=2.59742e-09/1.10676e-08 s=0.111605/0.00038568 projection_inf=1.0564e-16 rho=1e+08 support=419/12248
ADMM_ITER round=0/0 iteration=63675/100000 objective=0.0007054543298782315 r=2.59886e-09/1.10676e-08 s=0.110685/0.00038572 projection_inf=1.12493e-16 rho=1e+08 support=418/12248
ADMM_ITER round=0/0 iteration=63700/100000 objective=0.00070543564095159987 r=2.59874e-09/1.10676e-08 s=0.110399/0.000385761 projection_inf=1.15026e-16 rho=1e+08 support=418/12248
ADMM_ITER round=0/0 iteration=63725/100000 objective=0.00070541995709465883 r=2.59512e-09/1.10676e-08 s=0.11098/0.000385802 projection_inf=1.13644e-16 rho=1e+08 support=418/12248
ADMM_ITER round=0/0 iteration=63750/100000 objective=0.0007054100910481605 r=2.58884e-09/1.10676e-08 s=0.112201/0.000385843 projection_inf=1.27536e-16 rho=1e+08 support=418/12248
ADMM_ITER round=0/0 iteration=63775/100000 objective=0.00070541113284498368 r=2.58193e-09/1.10676e-08 s=0.113569/0.000385883 projection_inf=1.07959e-16 rho=1e+08 support=418/12248
ADMM_ITER round=0/0 iteration=63800/100000 objective=0.0007054177209743789 r=2.58106e-09/1.10676e-08 s=0.113382/0.000385924 projection_inf=1.04484e-16 rho=1e+08 support=416/12248
ADMM_ITER round=0/0 iteration=63825/100000 objective=0.00070543034635295397 r=2.58618e-09/1.10676e-08 s=0.111767/0.000385965 projection_inf=1.06836e-16 rho=1e+08 support=416/12248
ADMM_ITER round=0/0 iteration=63850/100000 objective=0.00070544930785436562 r=2.58841e-09/1.10676e-08 s=0.11061/0.000386006 projection_inf=9.81722e-17 rho=1e+08 support=415/12248
ADMM_ITER round=0/0 iteration=63875/100000 objective=0.0007054678865576065 r=2.58673e-09/1.10676e-08 s=0.110582/0.000386047 projection_inf=1.03398e-16 rho=1e+08 support=415/12248
ADMM_ITER round=0/0 iteration=63900/100000 objective=0.00070548602659470405 r=2.58188e-09/1.10676e-08 s=0.111431/0.000386087 projection_inf=9.96248e-17 rho=1e+08 support=415/12248
ADMM_ITER round=0/0 iteration=63925/100000 objective=0.00070550249137712139 r=2.57863e-09/1.10676e-08 s=0.111936/0.000386128 projection_inf=1.16154e-16 rho=1e+08 support=415/12248
ADMM_ITER round=0/0 iteration=63950/100000 objective=0.0007055173355115966 r=2.57653e-09/1.10676e-08 s=0.112194/0.000386169 projection_inf=1.04423e-16 rho=1e+08 support=415/12248
ADMM_ITER round=0/0 iteration=63975/100000 objective=0.00070553470663157613 r=2.57706e-09/1.10676e-08 s=0.111806/0.00038621 projection_inf=1.02864e-16 rho=1e+08 support=414/12248
ADMM_ITER round=0/0 iteration=64000/100000 objective=0.00070555469263561797 r=2.5751e-09/1.10676e-08 s=0.112037/0.00038625 projection_inf=1.1711e-16 rho=1e+08 support=414/12248
ADMM_ITER round=0/0 iteration=64025/100000 objective=0.000705581334115691 r=2.56911e-09/1.10676e-08 s=0.113203/0.000386291 projection_inf=1.34953e-16 rho=1e+08 support=414/12248
ADMM_ITER round=0/0 iteration=64050/100000 objective=0.00070561124884298688 r=2.56291e-09/1.10676e-08 s=0.114408/0.000386332 projection_inf=1.0604e-16 rho=1e+08 support=414/12248
ADMM_ITER round=0/0 iteration=64075/100000 objective=0.00070564330923401811 r=2.55926e-09/1.10676e-08 s=0.11504/0.000386373 projection_inf=1.1197e-16 rho=1e+08 support=414/12248
ADMM_ITER round=0/0 iteration=64100/100000 objective=0.00070567914600100129 r=2.55771e-09/1.10676e-08 s=0.115211/0.000386413 projection_inf=1.13681e-16 rho=1e+08 support=414/12248
ADMM_ITER round=0/0 iteration=64125/100000 objective=0.00070571679970578695 r=2.55393e-09/1.10676e-08 s=0.115878/0.000386454 projection_inf=9.96661e-17 rho=1e+08 support=414/12248
ADMM_ITER round=0/0 iteration=64150/100000 objective=0.00070575502349713715 r=2.54929e-09/1.10676e-08 s=0.116733/0.000386495 projection_inf=1.15241e-16 rho=1e+08 support=414/12248
ADMM_ITER round=0/0 iteration=64175/100000 objective=0.00070578998467275681 r=2.54723e-09/1.10676e-08 s=0.117026/0.000386535 projection_inf=1.23642e-16 rho=1e+08 support=414/12248
ADMM_ITER round=0/0 iteration=64200/100000 objective=0.00070581714668266793 r=2.548e-09/1.10676e-08 s=0.116704/0.000386576 projection_inf=1.10486e-16 rho=1e+08 support=414/12248
ADMM_ITER round=0/0 iteration=64225/100000 objective=0.0007058354224798543 r=2.5543e-09/1.10676e-08 s=0.115168/0.000386617 projection_inf=1.21208e-16 rho=1e+08 support=414/12248
ADMM_ITER round=0/0 iteration=64250/100000 objective=0.00070584451781658764 r=2.56703e-09/1.10676e-08 s=0.11215/0.000386657 projection_inf=1.0217e-16 rho=1e+08 support=414/12248
ADMM_ITER round=0/0 iteration=64275/100000 objective=0.00070584529257948178 r=2.5826e-09/1.10676e-08 s=0.108361/0.000386698 projection_inf=1.14536e-16 rho=1e+08 support=414/12248
ADMM_ITER round=0/0 iteration=64300/100000 objective=0.00070583988177275344 r=2.59639e-09/1.10676e-08 s=0.104859/0.000386738 projection_inf=1.18884e-16 rho=1e+08 support=414/12248
ADMM_ITER round=0/0 iteration=64325/100000 objective=0.0007058282209435068 r=2.60451e-09/1.10676e-08 s=0.10267/0.000386779 projection_inf=1.17622e-16 rho=1e+08 support=414/12248
ADMM_ITER round=0/0 iteration=64350/100000 objective=0.00070580980443927079 r=2.60735e-09/1.10676e-08 s=0.101793/0.00038682 projection_inf=1.08953e-16 rho=1e+08 support=414/12248
ADMM_ITER round=0/0 iteration=64375/100000 objective=0.00070578558693635662 r=2.60747e-09/1.10676e-08 s=0.101608/0.00038686 projection_inf=1.09139e-16 rho=1e+08 support=414/12248
ADMM_ITER round=0/0 iteration=64400/100000 objective=0.00070575535486958171 r=2.60697e-09/1.10676e-08 s=0.101587/0.000386901 projection_inf=1.27697e-16 rho=1e+08 support=414/12248
ADMM_ITER round=0/0 iteration=64425/100000 objective=0.00070571756555844374 r=2.60702e-09/1.10676e-08 s=0.101429/0.000386942 projection_inf=1.07109e-16 rho=1e+08 support=414/12248
ADMM_ITER round=0/0 iteration=64450/100000 objective=0.00070567129364627488 r=2.60547e-09/1.10676e-08 s=0.10168/0.000386982 projection_inf=1.24204e-16 rho=1e+08 support=414/12248
ADMM_ITER round=0/0 iteration=64475/100000 objective=0.00070561687889097069 r=2.59999e-09/1.10676e-08 s=0.102932/0.000387023 projection_inf=1.0544e-16 rho=1e+08 support=414/12248
ADMM_ITER round=0/0 iteration=64500/100000 objective=0.00070555523602539884 r=2.5906e-09/1.10676e-08 s=0.10514/0.000387064 projection_inf=9.67878e-17 rho=1e+08 support=414/12248
ADMM_ITER round=0/0 iteration=64525/100000 objective=0.00070548996762551119 r=2.57965e-09/1.10676e-08 s=0.107476/0.000387105 projection_inf=1.07752e-16 rho=1e+08 support=414/12248
ADMM_ITER round=0/0 iteration=64550/100000 objective=0.00070542240046514741 r=2.5681e-09/1.10676e-08 s=0.110003/0.000387146 projection_inf=1.2226e-16 rho=1e+08 support=414/12248
ADMM_ITER round=0/0 iteration=64575/100000 objective=0.00070535337169994961 r=2.55876e-09/1.10676e-08 s=0.111975/0.000387187 projection_inf=1.06816e-16 rho=1e+08 support=414/12248
ADMM_ITER round=0/0 iteration=64600/100000 objective=0.0007052852130980179 r=2.55379e-09/1.10676e-08 s=0.112931/0.000387228 projection_inf=1.08157e-16 rho=1e+08 support=414/12248
ADMM_ITER round=0/0 iteration=64625/100000 objective=0.00070522194449266216 r=2.55418e-09/1.10676e-08 s=0.112677/0.000387269 projection_inf=1.10528e-16 rho=1e+08 support=414/12248
ADMM_ITER round=0/0 iteration=64650/100000 objective=0.00070516410407072587 r=2.55835e-09/1.10676e-08 s=0.111567/0.00038731 projection_inf=1.12166e-16 rho=1e+08 support=414/12248
ADMM_ITER round=0/0 iteration=64675/100000 objective=0.00070510939394192323 r=2.56413e-09/1.10676e-08 s=0.110071/0.000387351 projection_inf=1.15497e-16 rho=1e+08 support=414/12248
ADMM_ITER round=0/0 iteration=64700/100000 objective=0.00070505712913164161 r=2.56864e-09/1.10676e-08 s=0.108857/0.000387392 projection_inf=1.02365e-16 rho=1e+08 support=414/12248
ADMM_ITER round=0/0 iteration=64725/100000 objective=0.00070500793284915492 r=2.56885e-09/1.10676e-08 s=0.108652/0.000387433 projection_inf=1.20285e-16 rho=1e+08 support=414/12248
ADMM_ITER round=0/0 iteration=64750/100000 objective=0.00070496180962949901 r=2.566e-09/1.10676e-08 s=0.109172/0.000387475 projection_inf=1.09762e-16 rho=1e+08 support=414/12248
ADMM_ITER round=0/0 iteration=64775/100000 objective=0.00070491993822412332 r=2.56131e-09/1.10676e-08 s=0.110122/0.000387516 projection_inf=1.15976e-16 rho=1e+08 support=414/12248
ADMM_ITER round=0/0 iteration=64800/100000 objective=0.0007048837706437629 r=2.5546e-09/1.10676e-08 s=0.111526/0.000387557 projection_inf=1.19042e-16 rho=1e+08 support=414/12248
ADMM_ITER round=0/0 iteration=64825/100000 objective=0.00070485373478133752 r=2.54663e-09/1.10676e-08 s=0.113197/0.000387599 projection_inf=1.19294e-16 rho=1e+08 support=414/12248
ADMM_ITER round=0/0 iteration=64850/100000 objective=0.0007048292146753474 r=2.53866e-09/1.10676e-08 s=0.114837/0.00038764 projection_inf=9.9602e-17 rho=1e+08 support=414/12248
ADMM_ITER round=0/0 iteration=64875/100000 objective=0.00070480720953910796 r=2.528e-09/1.10676e-08 s=0.117035/0.000387681 projection_inf=1.22232e-16 rho=1e+08 support=414/12248
ADMM_ITER round=0/0 iteration=64900/100000 objective=0.00070478766538690672 r=2.51668e-09/1.10676e-08 s=0.119011/0.000387723 projection_inf=9.93638e-17 rho=1e+08 support=413/12248
ADMM_ITER round=0/0 iteration=64925/100000 objective=0.00070477170942499225 r=2.50327e-09/1.10676e-08 s=0.121583/0.000387764 projection_inf=1.08483e-16 rho=1e+08 support=413/12248
ADMM_ITER round=0/0 iteration=64950/100000 objective=0.00070475565505795043 r=2.4901e-09/1.10676e-08 s=0.124079/0.000387806 projection_inf=1.15037e-16 rho=1e+08 support=413/12248
ADMM_ITER round=0/0 iteration=64975/100000 objective=0.00070474425519646529 r=2.48001e-09/1.10676e-08 s=0.125925/0.000387847 projection_inf=1.14369e-16 rho=1e+08 support=413/12248
ADMM_ITER round=0/0 iteration=65000/100000 objective=0.00070474312774047431 r=2.47596e-09/1.10676e-08 s=0.126569/0.000387888 projection_inf=1.10465e-16 rho=1e+08 support=413/12248
ADMM_ITER round=0/0 iteration=65025/100000 objective=0.00070475190278752842 r=2.4769e-09/1.10676e-08 s=0.126242/0.00038793 projection_inf=1.34787e-16 rho=1e+08 support=413/12248
ADMM_ITER round=0/0 iteration=65050/100000 objective=0.00070476916753754021 r=2.48175e-09/1.10676e-08 s=0.125148/0.000387971 projection_inf=1.07656e-16 rho=1e+08 support=413/12248
ADMM_ITER round=0/0 iteration=65075/100000 objective=0.00070479321608449416 r=2.48851e-09/1.10676e-08 s=0.123663/0.000388013 projection_inf=1.14086e-16 rho=1e+08 support=413/12248
ADMM_ITER round=0/0 iteration=65100/100000 objective=0.00070482492389545997 r=2.49427e-09/1.10676e-08 s=0.122363/0.000388054 projection_inf=1.03979e-16 rho=1e+08 support=413/12248
ADMM_ITER round=0/0 iteration=65125/100000 objective=0.00070486014621469961 r=2.4975e-09/1.10676e-08 s=0.121571/0.000388096 projection_inf=1.07923e-16 rho=1e+08 support=413/12248
ADMM_ITER round=0/0 iteration=65150/100000 objective=0.00070489736641803752 r=2.49774e-09/1.10676e-08 s=0.121391/0.000388137 projection_inf=1.00825e-16 rho=1e+08 support=413/12248
ADMM_ITER round=0/0 iteration=65175/100000 objective=0.00070494014918917537 r=2.49537e-09/1.10676e-08 s=0.121752/0.000388178 projection_inf=1.16458e-16 rho=1e+08 support=413/12248
ADMM_ITER round=0/0 iteration=65200/100000 objective=0.00070498838322375571 r=2.4951e-09/1.10676e-08 s=0.121683/0.00038822 projection_inf=1.18899e-16 rho=1e+08 support=413/12248
ADMM_ITER round=0/0 iteration=65225/100000 objective=0.00070503790955466644 r=2.50024e-09/1.10676e-08 s=0.120501/0.000388261 projection_inf=1.019e-16 rho=1e+08 support=413/12248
ADMM_ITER round=0/0 iteration=65250/100000 objective=0.00070508750119669067 r=2.50764e-09/1.10676e-08 s=0.11883/0.000388302 projection_inf=1.09423e-16 rho=1e+08 support=413/12248
ADMM_ITER round=0/0 iteration=65275/100000 objective=0.0007051395942474436 r=2.51397e-09/1.10676e-08 s=0.11735/0.000388343 projection_inf=1.23678e-16 rho=1e+08 support=414/12248
ADMM_ITER round=0/0 iteration=65300/100000 objective=0.00070519449776770295 r=2.51975e-09/1.10676e-08 s=0.115975/0.000388385 projection_inf=1.11164e-16 rho=1e+08 support=414/12248
ADMM_ITER round=0/0 iteration=65325/100000 objective=0.00070525012705425897 r=2.52471e-09/1.10676e-08 s=0.114762/0.000388426 projection_inf=1.11122e-16 rho=1e+08 support=414/12248
ADMM_ITER round=0/0 iteration=65350/100000 objective=0.00070530504194360455 r=2.52718e-09/1.10676e-08 s=0.114091/0.000388467 projection_inf=1.17497e-16 rho=1e+08 support=414/12248
ADMM_ITER round=0/0 iteration=65375/100000 objective=0.00070536048976190652 r=2.52849e-09/1.10676e-08 s=0.113673/0.000388508 projection_inf=1.23142e-16 rho=1e+08 support=414/12248
ADMM_ITER round=0/0 iteration=65400/100000 objective=0.00070541985574249205 r=2.52712e-09/1.10676e-08 s=0.11372/0.000388549 projection_inf=1.23166e-16 rho=1e+08 support=415/12248
ADMM_ITER round=0/0 iteration=65425/100000 objective=0.0007054839556890699 r=2.52834e-09/1.10676e-08 s=0.113238/0.00038859 projection_inf=1.02226e-16 rho=1e+08 support=415/12248
ADMM_ITER round=0/0 iteration=65450/100000 objective=0.00070555462975174744 r=2.52938e-09/1.10676e-08 s=0.112813/0.000388631 projection_inf=1.06575e-16 rho=1e+08 support=415/12248
ADMM_ITER round=0/0 iteration=65475/100000 objective=0.00070563346331966291 r=2.52993e-09/1.10676e-08 s=0.112509/0.000388672 projection_inf=1.1479e-16 rho=1e+08 support=415/12248
ADMM_ITER round=0/0 iteration=65500/100000 objective=0.00070572007318103357 r=2.53109e-09/1.10676e-08 s=0.112074/0.000388713 projection_inf=1.10281e-16 rho=1e+08 support=415/12248
ADMM_ITER round=0/0 iteration=65525/100000 objective=0.00070581366063036228 r=2.52871e-09/1.10676e-08 s=0.112444/0.000388754 projection_inf=1.09996e-16 rho=1e+08 support=415/12248
ADMM_ITER round=0/0 iteration=65550/100000 objective=0.00070591437933976509 r=2.52171e-09/1.10676e-08 s=0.113845/0.000388795 projection_inf=1.04054e-16 rho=1e+08 support=415/12248
ADMM_ITER round=0/0 iteration=65575/100000 objective=0.00070602303185967111 r=2.51272e-09/1.10676e-08 s=0.115666/0.000388835 projection_inf=1.00921e-16 rho=1e+08 support=415/12248
ADMM_ITER round=0/0 iteration=65600/100000 objective=0.00070614065743929968 r=2.50338e-09/1.10676e-08 s=0.117527/0.000388876 projection_inf=1.07429e-16 rho=1e+08 support=415/12248
ADMM_ITER round=0/0 iteration=65625/100000 objective=0.00070626601859101565 r=2.49435e-09/1.10676e-08 s=0.119291/0.000388917 projection_inf=1.06167e-16 rho=1e+08 support=415/12248
ADMM_ITER round=0/0 iteration=65650/100000 objective=0.00070639901337017999 r=2.48434e-09/1.10676e-08 s=0.121227/0.000388957 projection_inf=1.13643e-16 rho=1e+08 support=415/12248
ADMM_ITER round=0/0 iteration=65675/100000 objective=0.00070653946952415952 r=2.47355e-09/1.10676e-08 s=0.123283/0.000388998 projection_inf=1.05207e-16 rho=1e+08 support=415/12248
ADMM_ITER round=0/0 iteration=65700/100000 objective=0.00070668809105841484 r=2.46251e-09/1.10676e-08 s=0.12535/0.000389038 projection_inf=1.18934e-16 rho=1e+08 support=415/12248
ADMM_ITER round=0/0 iteration=65725/100000 objective=0.00070684358551954102 r=2.452e-09/1.10676e-08 s=0.127271/0.000389078 projection_inf=9.97422e-17 rho=1e+08 support=415/12248
ADMM_ITER round=0/0 iteration=65750/100000 objective=0.00070700213502908522 r=2.44559e-09/1.10676e-08 s=0.128379/0.000389118 projection_inf=1.1339e-16 rho=1e+08 support=415/12248
ADMM_ITER round=0/0 iteration=65775/100000 objective=0.00070716160050397422 r=2.44422e-09/1.10676e-08 s=0.128524/0.000389158 projection_inf=1.19339e-16 rho=1e+08 support=415/12248
ADMM_ITER round=0/0 iteration=65800/100000 objective=0.00070732105193450478 r=2.44594e-09/1.10676e-08 s=0.128081/0.000389198 projection_inf=1.10575e-16 rho=1e+08 support=415/12248
ADMM_ITER round=0/0 iteration=65825/100000 objective=0.00070747892900829476 r=2.45088e-09/1.10676e-08 s=0.127018/0.000389238 projection_inf=1.02135e-16 rho=1e+08 support=415/12248
ADMM_ITER round=0/0 iteration=65850/100000 objective=0.00070763308890125706 r=2.45996e-09/1.10676e-08 s=0.125136/0.000389278 projection_inf=1.13285e-16 rho=1e+08 support=415/12248
ADMM_ITER round=0/0 iteration=65875/100000 objective=0.0007077809554188356 r=2.47128e-09/1.10676e-08 s=0.12277/0.000389318 projection_inf=1.06668e-16 rho=1e+08 support=415/12248
ADMM_ITER round=0/0 iteration=65900/100000 objective=0.00070792031217361596 r=2.48029e-09/1.10676e-08 s=0.120823/0.000389357 projection_inf=1.25785e-16 rho=1e+08 support=415/12248
ADMM_ITER round=0/0 iteration=65925/100000 objective=0.00070804954089666045 r=2.48431e-09/1.10676e-08 s=0.119881/0.000389397 projection_inf=1.03937e-16 rho=1e+08 support=415/12248
ADMM_ITER round=0/0 iteration=65950/100000 objective=0.00070817021795162207 r=2.48505e-09/1.10676e-08 s=0.119289/0.000389436 projection_inf=1.1149e-16 rho=1e+08 support=414/12248
ADMM_ITER round=0/0 iteration=65975/100000 objective=0.00070829216253012327 r=2.48306e-09/1.10676e-08 s=0.119371/0.000389475 projection_inf=1.00911e-16 rho=1e+08 support=414/12248
ADMM_ITER round=0/0 iteration=66000/100000 objective=0.00070841427433674417 r=2.47976e-09/1.10676e-08 s=0.119833/0.000389515 projection_inf=1.07067e-16 rho=1e+08 support=414/12248
ADMM_ITER round=0/0 iteration=66025/100000 objective=0.00070853323065394865 r=2.47835e-09/1.10676e-08 s=0.119939/0.000389554 projection_inf=1.06162e-16 rho=1e+08 support=414/12248
ADMM_ITER round=0/0 iteration=66050/100000 objective=0.00070865386090505683 r=2.47725e-09/1.10676e-08 s=0.119998/0.000389593 projection_inf=1.02145e-16 rho=1e+08 support=414/12248
ADMM_ITER round=0/0 iteration=66075/100000 objective=0.00070877805133293592 r=2.47496e-09/1.10676e-08 s=0.120315/0.000389632 projection_inf=1.10846e-16 rho=1e+08 support=414/12248
ADMM_ITER round=0/0 iteration=66100/100000 objective=0.00070890353560350749 r=2.47176e-09/1.10676e-08 s=0.120822/0.000389671 projection_inf=1.07535e-16 rho=1e+08 support=414/12248
ADMM_ITER round=0/0 iteration=66125/100000 objective=0.00070902896636315692 r=2.46719e-09/1.10676e-08 s=0.121613/0.00038971 projection_inf=1.12702e-16 rho=1e+08 support=414/12248
ADMM_ITER round=0/0 iteration=66150/100000 objective=0.00070915538176253808 r=2.46423e-09/1.10676e-08 s=0.122077/0.000389749 projection_inf=1.10102e-16 rho=1e+08 support=414/12248
ADMM_ITER round=0/0 iteration=66175/100000 objective=0.00070928422834172977 r=2.46644e-09/1.10676e-08 s=0.121499/0.000389787 projection_inf=1.02e-16 rho=1e+08 support=414/12248
ADMM_ITER round=0/0 iteration=66200/100000 objective=0.00070941341330706836 r=2.47348e-09/1.10676e-08 s=0.119931/0.000389826 projection_inf=1.21288e-16 rho=1e+08 support=414/12248
ADMM_ITER round=0/0 iteration=66225/100000 objective=0.00070954723072163954 r=2.48023e-09/1.10676e-08 s=0.118392/0.000389865 projection_inf=1.19131e-16 rho=1e+08 support=413/12248
ADMM_ITER round=0/0 iteration=66250/100000 objective=0.00070968801461189642 r=2.48351e-09/1.10676e-08 s=0.117575/0.000389903 projection_inf=1.08468e-16 rho=1e+08 support=413/12248
ADMM_ITER round=0/0 iteration=66275/100000 objective=0.00070983252174595176 r=2.482e-09/1.10676e-08 s=0.117769/0.000389941 projection_inf=1.0633e-16 rho=1e+08 support=413/12248
ADMM_ITER round=0/0 iteration=66300/100000 objective=0.00070997796726162082 r=2.47534e-09/1.10676e-08 s=0.119042/0.00038998 projection_inf=1.02422e-16 rho=1e+08 support=413/12248
ADMM_ITER round=0/0 iteration=66325/100000 objective=0.00071012893906619023 r=2.46527e-09/1.10676e-08 s=0.120999/0.000390018 projection_inf=9.93001e-17 rho=1e+08 support=413/12248
ADMM_ITER round=0/0 iteration=66350/100000 objective=0.00071028716153836394 r=2.45453e-09/1.10676e-08 s=0.123051/0.000390056 projection_inf=1.20688e-16 rho=1e+08 support=413/12248
ADMM_ITER round=0/0 iteration=66375/100000 objective=0.00071045039022535859 r=2.44462e-09/1.10676e-08 s=0.124899/0.000390094 projection_inf=1.05035e-16 rho=1e+08 support=413/12248
ADMM_ITER round=0/0 iteration=66400/100000 objective=0.0007106138224441046 r=2.43453e-09/1.10676e-08 s=0.12675/0.000390132 projection_inf=1.0043e-16 rho=1e+08 support=413/12248
ADMM_ITER round=0/0 iteration=66425/100000 objective=0.0007107749441755888 r=2.42576e-09/1.10676e-08 s=0.128317/0.00039017 projection_inf=1.03084e-16 rho=1e+08 support=413/12248
ADMM_ITER round=0/0 iteration=66450/100000 objective=0.00071093431554871778 r=2.41936e-09/1.10676e-08 s=0.129421/0.000390208 projection_inf=1.31224e-16 rho=1e+08 support=413/12248
ADMM_ITER round=0/0 iteration=66475/100000 objective=0.00071109130918855211 r=2.41301e-09/1.10676e-08 s=0.130504/0.000390245 projection_inf=1.18035e-16 rho=1e+08 support=413/12248
ADMM_ITER round=0/0 iteration=66500/100000 objective=0.00071124454190619579 r=2.40579e-09/1.10676e-08 s=0.131735/0.000390283 projection_inf=1.05792e-16 rho=1e+08 support=413/12248
ADMM_ITER round=0/0 iteration=66525/100000 objective=0.00071139516931937653 r=2.39933e-09/1.10676e-08 s=0.132814/0.00039032 projection_inf=1.09254e-16 rho=1e+08 support=413/12248
ADMM_ITER round=0/0 iteration=66550/100000 objective=0.0007115467308937178 r=2.39419e-09/1.10676e-08 s=0.133645/0.000390357 projection_inf=1.16529e-16 rho=1e+08 support=413/12248
ADMM_ITER round=0/0 iteration=66575/100000 objective=0.00071170198997644297 r=2.39007e-09/1.10676e-08 s=0.13429/0.000390395 projection_inf=1.0348e-16 rho=1e+08 support=413/12248
ADMM_ITER round=0/0 iteration=66600/100000 objective=0.00071186092880331489 r=2.38811e-09/1.10676e-08 s=0.13455/0.000390432 projection_inf=1.15287e-16 rho=1e+08 support=413/12248
ADMM_ITER round=0/0 iteration=66625/100000 objective=0.0007120226054756737 r=2.38965e-09/1.10676e-08 s=0.134189/0.000390469 projection_inf=1.17508e-16 rho=1e+08 support=413/12248
ADMM_ITER round=0/0 iteration=66650/100000 objective=0.00071218602151060272 r=2.39367e-09/1.10676e-08 s=0.133381/0.000390506 projection_inf=9.90456e-17 rho=1e+08 support=413/12248
ADMM_ITER round=0/0 iteration=66675/100000 objective=0.00071235255245475227 r=2.40049e-09/1.10676e-08 s=0.131688/0.000390543 projection_inf=1.13924e-16 rho=1e+08 support=412/12248
ADMM_ITER round=0/0 iteration=66700/100000 objective=0.00071252037285763378 r=2.40748e-09/1.10676e-08 s=0.130201/0.000390579 projection_inf=1.15178e-16 rho=1e+08 support=412/12248
ADMM_ITER round=0/0 iteration=66725/100000 objective=0.00071268787054798183 r=2.41294e-09/1.10676e-08 s=0.129022/0.000390616 projection_inf=1.02256e-16 rho=1e+08 support=412/12248
ADMM_ITER round=0/0 iteration=66750/100000 objective=0.00071285477243568905 r=2.41628e-09/1.10676e-08 s=0.128247/0.000390652 projection_inf=1.0417e-16 rho=1e+08 support=412/12248
ADMM_ITER round=0/0 iteration=66775/100000 objective=0.00071302670540868412 r=2.41668e-09/1.10676e-08 s=0.128035/0.000390689 projection_inf=1.12067e-16 rho=1e+08 support=412/12248
ADMM_ITER round=0/0 iteration=66800/100000 objective=0.00071320574287006403 r=2.41253e-09/1.10676e-08 s=0.128687/0.000390725 projection_inf=1.06674e-16 rho=1e+08 support=412/12248
ADMM_ITER round=0/0 iteration=66825/100000 objective=0.00071339440683769787 r=2.4061e-09/1.10676e-08 s=0.129762/0.000390761 projection_inf=9.83345e-17 rho=1e+08 support=412/12248
ADMM_ITER round=0/0 iteration=66850/100000 objective=0.000713592691909117 r=2.40297e-09/1.10676e-08 s=0.130221/0.000390797 projection_inf=1.07835e-16 rho=1e+08 support=412/12248
ADMM_ITER round=0/0 iteration=66875/100000 objective=0.00071379824012719262 r=2.40546e-09/1.10676e-08 s=0.129646/0.000390833 projection_inf=1.06588e-16 rho=1e+08 support=412/12248
ADMM_ITER round=0/0 iteration=66900/100000 objective=0.00071400929599353864 r=2.41379e-09/1.10676e-08 s=0.127975/0.000390869 projection_inf=1.06554e-16 rho=1e+08 support=412/12248
ADMM_ITER round=0/0 iteration=66925/100000 objective=0.00071422218024356392 r=2.42671e-09/1.10676e-08 s=0.125392/0.000390905 projection_inf=1.17159e-16 rho=1e+08 support=412/12248
ADMM_ITER round=0/0 iteration=66950/100000 objective=0.00071443552200037719 r=2.43878e-09/1.10676e-08 s=0.122915/0.00039094 projection_inf=1.0445e-16 rho=1e+08 support=412/12248
ADMM_ITER round=0/0 iteration=66975/100000 objective=0.00071464639581524472 r=2.44758e-09/1.10676e-08 s=0.12104/0.000390976 projection_inf=1.05917e-16 rho=1e+08 support=412/12248
ADMM_ITER round=0/0 iteration=67000/100000 objective=0.00071485147715273417 r=2.45372e-09/1.10676e-08 s=0.119678/0.000391011 projection_inf=1.10497e-16 rho=1e+08 support=412/12248
ADMM_ITER round=0/0 iteration=67025/100000 objective=0.00071505170957457441 r=2.46065e-09/1.10676e-08 s=0.118135/0.000391046 projection_inf=1.01125e-16 rho=1e+08 support=412/12248
ADMM_ITER round=0/0 iteration=67050/100000 objective=0.00071525076184252034 r=2.46865e-09/1.10676e-08 s=0.116342/0.000391081 projection_inf=1.10012e-16 rho=1e+08 support=412/12248
ADMM_ITER round=0/0 iteration=67075/100000 objective=0.00071544803890337904 r=2.47599e-09/1.10676e-08 s=0.11466/0.000391116 projection_inf=1.22337e-16 rho=1e+08 support=412/12248
ADMM_ITER round=0/0 iteration=67100/100000 objective=0.00071564173833817504 r=2.47972e-09/1.10676e-08 s=0.113739/0.000391151 projection_inf=1.16455e-16 rho=1e+08 support=412/12248
ADMM_ITER round=0/0 iteration=67125/100000 objective=0.00071583312699235329 r=2.4775e-09/1.10676e-08 s=0.114112/0.000391186 projection_inf=1.06357e-16 rho=1e+08 support=412/12248
ADMM_ITER round=0/0 iteration=67150/100000 objective=0.00071602525403099038 r=2.47007e-09/1.10676e-08 s=0.115604/0.00039122 projection_inf=1.06801e-16 rho=1e+08 support=412/12248
ADMM_ITER round=0/0 iteration=67175/100000 objective=0.00071622104367039202 r=2.4606e-09/1.10676e-08 s=0.117503/0.000391255 projection_inf=1.1311e-16 rho=1e+08 support=412/12248
ADMM_ITER round=0/0 iteration=67200/100000 objective=0.00071642100304440443 r=2.45142e-09/1.10676e-08 s=0.119305/0.000391289 projection_inf=9.79875e-17 rho=1e+08 support=412/12248
ADMM_ITER round=0/0 iteration=67225/100000 objective=0.00071662520631789032 r=2.44104e-09/1.10676e-08 s=0.121317/0.000391323 projection_inf=1.06532e-16 rho=1e+08 support=412/12248
ADMM_ITER round=0/0 iteration=67250/100000 objective=0.0007168339504165824 r=2.42772e-09/1.10676e-08 s=0.123866/0.000391357 projection_inf=9.79247e-17 rho=1e+08 support=412/12248
ADMM_ITER round=0/0 iteration=67275/100000 objective=0.00071704761978735345 r=2.41251e-09/1.10676e-08 s=0.12671/0.000391391 projection_inf=1.04123e-16 rho=1e+08 support=412/12248
ADMM_ITER round=0/0 iteration=67300/100000 objective=0.00071726606683608174 r=2.39949e-09/1.10676e-08 s=0.129069/0.000391425 projection_inf=1.24066e-16 rho=1e+08 support=412/12248
ADMM_ITER round=0/0 iteration=67325/100000 objective=0.0007174879509380534 r=2.39327e-09/1.10676e-08 s=0.130132/0.000391459 projection_inf=1.08384e-16 rho=1e+08 support=412/12248
ADMM_ITER round=0/0 iteration=67350/100000 objective=0.00071771289149070408 r=2.39521e-09/1.10676e-08 s=0.129686/0.000391492 projection_inf=1.12938e-16 rho=1e+08 support=412/12248
ADMM_ITER round=0/0 iteration=67375/100000 objective=0.00071794242858826975 r=2.40222e-09/1.10676e-08 s=0.128295/0.000391526 projection_inf=1.1879e-16 rho=1e+08 support=412/12248
ADMM_ITER round=0/0 iteration=67400/100000 objective=0.00071817859453106282 r=2.40762e-09/1.10676e-08 s=0.127156/0.000391559 projection_inf=1.04964e-16 rho=1e+08 support=413/12248
ADMM_ITER round=0/0 iteration=67425/100000 objective=0.00071842209239059553 r=2.4079e-09/1.10676e-08 s=0.12697/0.000391592 projection_inf=1.06534e-16 rho=1e+08 support=413/12248
ADMM_ITER round=0/0 iteration=67450/100000 objective=0.00071866995619703096 r=2.40661e-09/1.10676e-08 s=0.127092/0.000391625 projection_inf=1.03671e-16 rho=1e+08 support=413/12248
ADMM_ITER round=0/0 iteration=67475/100000 objective=0.00071891744661383046 r=2.40679e-09/1.10676e-08 s=0.126939/0.000391658 projection_inf=1.12423e-16 rho=1e+08 support=413/12248
ADMM_ITER round=0/0 iteration=67500/100000 objective=0.0007191624552546793 r=2.4071e-09/1.10676e-08 s=0.12675/0.00039169 projection_inf=1.16809e-16 rho=1e+08 support=414/12248
ADMM_ITER round=0/0 iteration=67525/100000 objective=0.00071940491385749812 r=2.40356e-09/1.10676e-08 s=0.127301/0.000391723 projection_inf=1.10893e-16 rho=1e+08 support=414/12248
ADMM_ITER round=0/0 iteration=67550/100000 objective=0.00071964445705407847 r=2.39362e-09/1.10676e-08 s=0.129044/0.000391755 projection_inf=1.09543e-16 rho=1e+08 support=414/12248
ADMM_ITER round=0/0 iteration=67575/100000 objective=0.0007198784752020231 r=2.3787e-09/1.10676e-08 s=0.131662/0.000391787 projection_inf=1.19976e-16 rho=1e+08 support=415/12248
ADMM_ITER round=0/0 iteration=67600/100000 objective=0.0007201088897608967 r=2.36255e-09/1.10676e-08 s=0.13443/0.00039182 projection_inf=1.29147e-16 rho=1e+08 support=415/12248
ADMM_ITER round=0/0 iteration=67625/100000 objective=0.0007203400673197241 r=2.34737e-09/1.10676e-08 s=0.13696/0.000391851 projection_inf=1.06824e-16 rho=1e+08 support=415/12248
ADMM_ITER round=0/0 iteration=67650/100000 objective=0.00072057557207281327 r=2.33264e-09/1.10676e-08 s=0.139337/0.000391883 projection_inf=1.114e-16 rho=1e+08 support=416/12248
ADMM_ITER round=0/0 iteration=67675/100000 objective=0.00072081884492522887 r=2.31855e-09/1.10676e-08 s=0.141552/0.000391915 projection_inf=1.12322e-16 rho=1e+08 support=416/12248
ADMM_ITER round=0/0 iteration=67700/100000 objective=0.00072107036846162534 r=2.30323e-09/1.10676e-08 s=0.143924/0.000391946 projection_inf=1.17348e-16 rho=1e+08 support=416/12248
ADMM_ITER round=0/0 iteration=67725/100000 objective=0.00072132886590151166 r=2.28747e-09/1.10676e-08 s=0.146312/0.000391977 projection_inf=1.14563e-16 rho=1e+08 support=416/12248
ADMM_ITER round=0/0 iteration=67750/100000 objective=0.00072159167342329548 r=2.27497e-09/1.10676e-08 s=0.14814/0.000392009 projection_inf=1.23224e-16 rho=1e+08 support=417/12248
ADMM_ITER round=0/0 iteration=67775/100000 objective=0.00072185487696463271 r=2.27017e-09/1.10676e-08 s=0.148772/0.00039204 projection_inf=1.05026e-16 rho=1e+08 support=417/12248
ADMM_ITER round=0/0 iteration=67800/100000 objective=0.00072211858873396306 r=2.27086e-09/1.10676e-08 s=0.148567/0.00039207 projection_inf=1.11627e-16 rho=1e+08 support=417/12248
ADMM_ITER round=0/0 iteration=67825/100000 objective=0.00072238409799297101 r=2.27417e-09/1.10676e-08 s=0.147954/0.000392101 projection_inf=1.12719e-16 rho=1e+08 support=416/12248
ADMM_ITER round=0/0 iteration=67850/100000 objective=0.000722654957630471 r=2.27825e-09/1.10676e-08 s=0.147222/0.000392131 projection_inf=1.00035e-16 rho=1e+08 support=416/12248
ADMM_ITER round=0/0 iteration=67875/100000 objective=0.00072293256072037911 r=2.28008e-09/1.10676e-08 s=0.146585/0.000392162 projection_inf=1.07939e-16 rho=1e+08 support=414/12248
ADMM_ITER round=0/0 iteration=67900/100000 objective=0.00072321874532095532 r=2.27706e-09/1.10676e-08 s=0.14691/0.000392192 projection_inf=1.14737e-16 rho=1e+08 support=414/12248
ADMM_ITER round=0/0 iteration=67925/100000 objective=0.0007235138316194743 r=2.27357e-09/1.10676e-08 s=0.147329/0.000392222 projection_inf=1.05004e-16 rho=1e+08 support=414/12248
ADMM_ITER round=0/0 iteration=67950/100000 objective=0.00072381850117393979 r=2.27099e-09/1.10676e-08 s=0.147614/0.000392251 projection_inf=1.12324e-16 rho=1e+08 support=414/12248
ADMM_ITER round=0/0 iteration=67975/100000 objective=0.00072413199249776619 r=2.26544e-09/1.10676e-08 s=0.14834/0.000392281 projection_inf=1.17933e-16 rho=1e+08 support=415/12248
ADMM_ITER round=0/0 iteration=68000/100000 objective=0.00072445087198045449 r=2.26053e-09/1.10676e-08 s=0.148867/0.00039231 projection_inf=1.13828e-16 rho=1e+08 support=414/12248
ADMM_ITER round=0/0 iteration=68025/100000 objective=0.00072477254884803337 r=2.25716e-09/1.10676e-08 s=0.149235/0.00039234 projection_inf=1.12811e-16 rho=1e+08 support=414/12248
ADMM_ITER round=0/0 iteration=68050/100000 objective=0.00072509788146210325 r=2.25844e-09/1.10676e-08 s=0.148912/0.000392368 projection_inf=1.22369e-16 rho=1e+08 support=415/12248
ADMM_ITER round=0/0 iteration=68075/100000 objective=0.00072542944519311098 r=2.26572e-09/1.10676e-08 s=0.147681/0.000392397 projection_inf=1.25735e-16 rho=1e+08 support=415/12248
ADMM_ITER round=0/0 iteration=68100/100000 objective=0.0007257662911202415 r=2.27741e-09/1.10676e-08 s=0.145754/0.000392426 projection_inf=1.10362e-16 rho=1e+08 support=415/12248
ADMM_ITER round=0/0 iteration=68125/100000 objective=0.00072610226214876782 r=2.29089e-09/1.10676e-08 s=0.143513/0.000392454 projection_inf=1.11e-16 rho=1e+08 support=415/12248
ADMM_ITER round=0/0 iteration=68150/100000 objective=0.00072643421821269594 r=2.3033e-09/1.10676e-08 s=0.141398/0.000392482 projection_inf=1.14204e-16 rho=1e+08 support=415/12248
ADMM_ITER round=0/0 iteration=68175/100000 objective=0.00072676368106135256 r=2.31283e-09/1.10676e-08 s=0.139696/0.00039251 projection_inf=1.20225e-16 rho=1e+08 support=416/12248
ADMM_ITER round=0/0 iteration=68200/100000 objective=0.00072708997219507986 r=2.32215e-09/1.10676e-08 s=0.13767/0.000392538 projection_inf=1.1514e-16 rho=1e+08 support=415/12248
ADMM_ITER round=0/0 iteration=68225/100000 objective=0.00072741183358483209 r=2.32545e-09/1.10676e-08 s=0.136689/0.000392565 projection_inf=1.08347e-16 rho=1e+08 support=415/12248
ADMM_ITER round=0/0 iteration=68250/100000 objective=0.00072772905672727401 r=2.32438e-09/1.10676e-08 s=0.136625/0.000392592 projection_inf=1.09692e-16 rho=1e+08 support=415/12248
ADMM_ITER round=0/0 iteration=68275/100000 objective=0.00072804527952411466 r=2.32112e-09/1.10676e-08 s=0.136983/0.00039262 projection_inf=1.10871e-16 rho=1e+08 support=415/12248
ADMM_ITER round=0/0 iteration=68300/100000 objective=0.00072835441302597015 r=2.31858e-09/1.10676e-08 s=0.137219/0.000392646 projection_inf=1.0279e-16 rho=1e+08 support=414/12248
ADMM_ITER round=0/0 iteration=68325/100000 objective=0.00072865429293356826 r=2.3141e-09/1.10676e-08 s=0.137814/0.000392673 projection_inf=9.85503e-17 rho=1e+08 support=414/12248
ADMM_ITER round=0/0 iteration=68350/100000 objective=0.0007289490776228733 r=2.3069e-09/1.10676e-08 s=0.138872/0.0003927 projection_inf=1.18876e-16 rho=1e+08 support=413/12248
ADMM_ITER round=0/0 iteration=68375/100000 objective=0.00072924208281712898 r=2.29637e-09/1.10676e-08 s=0.140463/0.000392726 projection_inf=1.04301e-16 rho=1e+08 support=413/12248
ADMM_ITER round=0/0 iteration=68400/100000 objective=0.00072953182604370485 r=2.28715e-09/1.10676e-08 s=0.14183/0.000392752 projection_inf=1.09565e-16 rho=1e+08 support=413/12248
ADMM_ITER round=0/0 iteration=68425/100000 objective=0.00072981804448781949 r=2.27985e-09/1.10676e-08 s=0.142879/0.000392778 projection_inf=1.31232e-16 rho=1e+08 support=413/12248
ADMM_ITER round=0/0 iteration=68450/100000 objective=0.000730101465543905 r=2.27267e-09/1.10676e-08 s=0.143904/0.000392804 projection_inf=1.23184e-16 rho=1e+08 support=413/12248
ADMM_ITER round=0/0 iteration=68475/100000 objective=0.00073037980248981166 r=2.26667e-09/1.10676e-08 s=0.144739/0.000392829 projection_inf=1.20911e-16 rho=1e+08 support=413/12248
ADMM_ITER round=0/0 iteration=68500/100000 objective=0.00073065772658806305 r=2.26181e-09/1.10676e-08 s=0.145392/0.000392855 projection_inf=1.02254e-16 rho=1e+08 support=413/12248
ADMM_ITER round=0/0 iteration=68525/100000 objective=0.00073093889138339753 r=2.25901e-09/1.10676e-08 s=0.145726/0.00039288 projection_inf=1.19314e-16 rho=1e+08 support=413/12248
ADMM_ITER round=0/0 iteration=68550/100000 objective=0.00073122443687079111 r=2.26128e-09/1.10676e-08 s=0.145275/0.000392905 projection_inf=1.20237e-16 rho=1e+08 support=413/12248
ADMM_ITER round=0/0 iteration=68575/100000 objective=0.000731515733476401 r=2.26586e-09/1.10676e-08 s=0.144463/0.00039293 projection_inf=1.1292e-16 rho=1e+08 support=413/12248
ADMM_ITER round=0/0 iteration=68600/100000 objective=0.00073181044521726112 r=2.26991e-09/1.10676e-08 s=0.143726/0.000392955 projection_inf=1.04662e-16 rho=1e+08 support=412/12248
ADMM_ITER round=0/0 iteration=68625/100000 objective=0.00073210218749509008 r=2.27399e-09/1.10676e-08 s=0.142982/0.000392979 projection_inf=1.16452e-16 rho=1e+08 support=412/12248
ADMM_ITER round=0/0 iteration=68650/100000 objective=0.00073238626650271575 r=2.27718e-09/1.10676e-08 s=0.142378/0.000393004 projection_inf=1.21273e-16 rho=1e+08 support=413/12248
ADMM_ITER round=0/0 iteration=68675/100000 objective=0.00073266224146536097 r=2.27814e-09/1.10676e-08 s=0.142134/0.000393028 projection_inf=1.16866e-16 rho=1e+08 support=413/12248
ADMM_ITER round=0/0 iteration=68700/100000 objective=0.00073293054796940435 r=2.27711e-09/1.10676e-08 s=0.142208/0.000393052 projection_inf=9.85629e-17 rho=1e+08 support=413/12248
ADMM_ITER round=0/0 iteration=68725/100000 objective=0.0007331930238771787 r=2.27594e-09/1.10676e-08 s=0.142308/0.000393076 projection_inf=9.96749e-17 rho=1e+08 support=413/12248
ADMM_ITER round=0/0 iteration=68750/100000 objective=0.00073345577170703881 r=2.27585e-09/1.10676e-08 s=0.142236/0.0003931 projection_inf=1.15676e-16 rho=1e+08 support=413/12248
ADMM_ITER round=0/0 iteration=68775/100000 objective=0.00073372233685673914 r=2.27528e-09/1.10676e-08 s=0.142241/0.000393123 projection_inf=1.16931e-16 rho=1e+08 support=413/12248
ADMM_ITER round=0/0 iteration=68800/100000 objective=0.00073399224465443662 r=2.27272e-09/1.10676e-08 s=0.142568/0.000393146 projection_inf=1.09729e-16 rho=1e+08 support=413/12248
ADMM_ITER round=0/0 iteration=68825/100000 objective=0.00073426555297842716 r=2.26902e-09/1.10676e-08 s=0.143068/0.00039317 projection_inf=1.02028e-16 rho=1e+08 support=414/12248
ADMM_ITER round=0/0 iteration=68850/100000 objective=0.00073454088434617701 r=2.26694e-09/1.10676e-08 s=0.143306/0.000393193 projection_inf=1.22678e-16 rho=1e+08 support=414/12248
ADMM_ITER round=0/0 iteration=68875/100000 objective=0.00073481262143123649 r=2.26963e-09/1.10676e-08 s=0.142793/0.000393215 projection_inf=1.11444e-16 rho=1e+08 support=414/12248
ADMM_ITER round=0/0 iteration=68900/100000 objective=0.00073507664575591216 r=2.27498e-09/1.10676e-08 s=0.141853/0.000393238 projection_inf=1.14812e-16 rho=1e+08 support=414/12248
ADMM_ITER round=0/0 iteration=68925/100000 objective=0.00073533435937749969 r=2.27971e-09/1.10676e-08 s=0.141007/0.000393261 projection_inf=1.07082e-16 rho=1e+08 support=414/12248
ADMM_ITER round=0/0 iteration=68950/100000 objective=0.00073558805156559209 r=2.28108e-09/1.10676e-08 s=0.1407/0.000393283 projection_inf=1.02228e-16 rho=1e+08 support=413/12248
ADMM_ITER round=0/0 iteration=68975/100000 objective=0.000735838329609993 r=2.27835e-09/1.10676e-08 s=0.141058/0.000393305 projection_inf=1.03775e-16 rho=1e+08 support=413/12248
ADMM_ITER round=0/0 iteration=69000/100000 objective=0.00073608608774693802 r=2.27427e-09/1.10676e-08 s=0.141633/0.000393327 projection_inf=1.09399e-16 rho=1e+08 support=413/12248
ADMM_ITER round=0/0 iteration=69025/100000 objective=0.00073633017738056943 r=2.26926e-09/1.10676e-08 s=0.142337/0.000393349 projection_inf=1.03779e-16 rho=1e+08 support=413/12248
ADMM_ITER round=0/0 iteration=69050/100000 objective=0.00073657025845764567 r=2.26004e-09/1.10676e-08 s=0.14359/0.000393371 projection_inf=1.17625e-16 rho=1e+08 support=414/12248
ADMM_ITER round=0/0 iteration=69075/100000 objective=0.00073680558229618901 r=2.25092e-09/1.10676e-08 s=0.144886/0.000393393 projection_inf=1.095e-16 rho=1e+08 support=414/12248
ADMM_ITER round=0/0 iteration=69100/100000 objective=0.00073703695806366307 r=2.24057e-09/1.10676e-08 s=0.146371/0.000393414 projection_inf=1.29984e-16 rho=1e+08 support=415/12248
ADMM_ITER round=0/0 iteration=69125/100000 objective=0.00073726646655118547 r=2.23138e-09/1.10676e-08 s=0.14767/0.000393435 projection_inf=1.09912e-16 rho=1e+08 support=415/12248
ADMM_ITER round=0/0 iteration=69150/100000 objective=0.00073749229719735469 r=2.22608e-09/1.10676e-08 s=0.148376/0.000393456 projection_inf=1.16387e-16 rho=1e+08 support=415/12248
ADMM_ITER round=0/0 iteration=69175/100000 objective=0.00073771652306973002 r=2.2258e-09/1.10676e-08 s=0.14833/0.000393477 projection_inf=1.26346e-16 rho=1e+08 support=415/12248
ADMM_ITER round=0/0 iteration=69200/100000 objective=0.00073793832608520945 r=2.23072e-09/1.10676e-08 s=0.147506/0.000393498 projection_inf=1.14436e-16 rho=1e+08 support=415/12248
ADMM_ITER round=0/0 iteration=69225/100000 objective=0.00073815881169923706 r=2.23927e-09/1.10676e-08 s=0.146121/0.000393519 projection_inf=1.23901e-16 rho=1e+08 support=415/12248
ADMM_ITER round=0/0 iteration=69250/100000 objective=0.00073838065721624081 r=2.24835e-09/1.10676e-08 s=0.144639/0.00039354 projection_inf=1.07956e-16 rho=1e+08 support=415/12248
ADMM_ITER round=0/0 iteration=69275/100000 objective=0.00073860265882632627 r=2.2574e-09/1.10676e-08 s=0.143143/0.00039356 projection_inf=1.05598e-16 rho=1e+08 support=415/12248
ADMM_ITER round=0/0 iteration=69300/100000 objective=0.0007388246066358504 r=2.26646e-09/1.10676e-08 s=0.141625/0.000393581 projection_inf=1.14244e-16 rho=1e+08 support=415/12248
ADMM_ITER round=0/0 iteration=69325/100000 objective=0.00073904780865432238 r=2.27629e-09/1.10676e-08 s=0.13996/0.000393601 projection_inf=1.02548e-16 rho=1e+08 support=415/12248
ADMM_ITER round=0/0 iteration=69350/100000 objective=0.00073927210069383697 r=2.28726e-09/1.10676e-08 s=0.138081/0.000393621 projection_inf=1.2678e-16 rho=1e+08 support=414/12248
ADMM_ITER round=0/0 iteration=69375/100000 objective=0.00073949817474725844 r=2.2989e-09/1.10676e-08 s=0.135926/0.000393641 projection_inf=1.08669e-16 rho=1e+08 support=413/12248
ADMM_ITER round=0/0 iteration=69400/100000 objective=0.0007397256148982469 r=2.3074e-09/1.10676e-08 s=0.133862/0.000393661 projection_inf=1.06712e-16 rho=1e+08 support=413/12248
ADMM_ITER round=0/0 iteration=69425/100000 objective=0.00073994672477585446 r=2.31773e-09/1.10676e-08 s=0.13189/0.00039368 projection_inf=9.95645e-17 rho=1e+08 support=413/12248
ADMM_ITER round=0/0 iteration=69450/100000 objective=0.00074016508933584242 r=2.33235e-09/1.10676e-08 s=0.129147/0.0003937 projection_inf=1.13543e-16 rho=1e+08 support=413/12248
ADMM_ITER round=0/0 iteration=69475/100000 objective=0.00074037885042293962 r=2.34974e-09/1.10676e-08 s=0.125833/0.000393719 projection_inf=1.12397e-16 rho=1e+08 support=413/12248
ADMM_ITER round=0/0 iteration=69500/100000 objective=0.00074058907286136846 r=2.36362e-09/1.10676e-08 s=0.123088/0.000393738 projection_inf=1.09317e-16 rho=1e+08 support=413/12248
ADMM_ITER round=0/0 iteration=69525/100000 objective=0.00074079588308107575 r=2.37287e-09/1.10676e-08 s=0.121184/0.000393758 projection_inf=1.08904e-16 rho=1e+08 support=413/12248
ADMM_ITER round=0/0 iteration=69550/100000 objective=0.00074099732708101762 r=2.37659e-09/1.10676e-08 s=0.120345/0.000393777 projection_inf=1.19834e-16 rho=1e+08 support=412/12248
ADMM_ITER round=0/0 iteration=69575/100000 objective=0.00074119238090660628 r=2.37466e-09/1.10676e-08 s=0.120622/0.000393795 projection_inf=1.06228e-16 rho=1e+08 support=412/12248
ADMM_ITER round=0/0 iteration=69600/100000 objective=0.00074138159894952067 r=2.36867e-09/1.10676e-08 s=0.121694/0.000393814 projection_inf=1.10207e-16 rho=1e+08 support=412/12248
ADMM_ITER round=0/0 iteration=69625/100000 objective=0.00074156480900279076 r=2.36039e-09/1.10676e-08 s=0.123195/0.000393833 projection_inf=1.04111e-16 rho=1e+08 support=412/12248
ADMM_ITER round=0/0 iteration=69650/100000 objective=0.00074174266089073937 r=2.35002e-09/1.10676e-08 s=0.125068/0.000393851 projection_inf=1.18292e-16 rho=1e+08 support=412/12248
ADMM_ITER round=0/0 iteration=69675/100000 objective=0.00074191669098294471 r=2.33725e-09/1.10676e-08 s=0.12735/0.00039387 projection_inf=1.16912e-16 rho=1e+08 support=412/12248
ADMM_ITER round=0/0 iteration=69700/100000 objective=0.00074208836758608767 r=2.32109e-09/1.10677e-08 s=0.130186/0.000393888 projection_inf=1.10087e-16 rho=1e+08 support=412/12248
ADMM_ITER round=0/0 iteration=69725/100000 objective=0.00074225701464837406 r=2.30298e-09/1.10677e-08 s=0.133281/0.000393906 projection_inf=1.15886e-16 rho=1e+08 support=412/12248
ADMM_ITER round=0/0 iteration=69750/100000 objective=0.00074242253671647819 r=2.28667e-09/1.10677e-08 s=0.13598/0.000393925 projection_inf=1.12478e-16 rho=1e+08 support=412/12248
ADMM_ITER round=0/0 iteration=69775/100000 objective=0.00074258630475662927 r=2.27308e-09/1.10677e-08 s=0.138163/0.000393943 projection_inf=1.02966e-16 rho=1e+08 support=412/12248
ADMM_ITER round=0/0 iteration=69800/100000 objective=0.00074274725269450636 r=2.2624e-09/1.10677e-08 s=0.139829/0.00039396 projection_inf=1.15154e-16 rho=1e+08 support=412/12248
ADMM_ITER round=0/0 iteration=69825/100000 objective=0.00074290474445503013 r=2.25414e-09/1.10677e-08 s=0.141082/0.000393978 projection_inf=1.04329e-16 rho=1e+08 support=412/12248
ADMM_ITER round=0/0 iteration=69850/100000 objective=0.0007430591427044056 r=2.24673e-09/1.10677e-08 s=0.142187/0.000393996 projection_inf=1.23812e-16 rho=1e+08 support=412/12248
ADMM_ITER round=0/0 iteration=69875/100000 objective=0.00074321028047179803 r=2.23966e-09/1.10677e-08 s=0.143227/0.000394014 projection_inf=1.08783e-16 rho=1e+08 support=412/12248
ADMM_ITER round=0/0 iteration=69900/100000 objective=0.00074335873197894572 r=2.23358e-09/1.10677e-08 s=0.144104/0.000394031 projection_inf=1.04451e-16 rho=1e+08 support=412/12248
ADMM_ITER round=0/0 iteration=69925/100000 objective=0.00074350617779292015 r=2.23023e-09/1.10677e-08 s=0.144553/0.000394049 projection_inf=1.08718e-16 rho=1e+08 support=412/12248
ADMM_ITER round=0/0 iteration=69950/100000 objective=0.00074365434259421347 r=2.23097e-09/1.10677e-08 s=0.144369/0.000394066 projection_inf=1.07251e-16 rho=1e+08 support=412/12248
ADMM_ITER round=0/0 iteration=69975/100000 objective=0.00074380312693812887 r=2.23585e-09/1.10677e-08 s=0.143544/0.000394083 projection_inf=1.10883e-16 rho=1e+08 support=412/12248
ADMM_ITER round=0/0 iteration=70000/100000 objective=0.00074395146694927793 r=2.24407e-09/1.10677e-08 s=0.141991/0.000394101 projection_inf=1.05857e-16 rho=1e+08 support=411/12248
ADMM_ITER round=0/0 iteration=70025/100000 objective=0.00074410098135776321 r=2.25649e-09/1.10677e-08 s=0.139808/0.000394118 projection_inf=1.14142e-16 rho=1e+08 support=411/12248
ADMM_ITER round=0/0 iteration=70050/100000 objective=0.00074424665130635255 r=2.2702e-09/1.10677e-08 s=0.137437/0.000394135 projection_inf=1.15503e-16 rho=1e+08 support=411/12248
ADMM_ITER round=0/0 iteration=70075/100000 objective=0.00074438463826019357 r=2.28402e-09/1.10677e-08 s=0.135009/0.000394152 projection_inf=1.0764e-16 rho=1e+08 support=411/12248
ADMM_ITER round=0/0 iteration=70100/100000 objective=0.00074451625444379923 r=2.29669e-09/1.10677e-08 s=0.13273/0.000394168 projection_inf=1.14051e-16 rho=1e+08 support=411/12248
ADMM_ITER round=0/0 iteration=70125/100000 objective=0.00074464202751695194 r=2.30649e-09/1.10677e-08 s=0.130914/0.000394185 projection_inf=1.17405e-16 rho=1e+08 support=411/12248
ADMM_ITER round=0/0 iteration=70150/100000 objective=0.00074476304078036483 r=2.31237e-09/1.10677e-08 s=0.12977/0.000394202 projection_inf=1.02643e-16 rho=1e+08 support=411/12248
ADMM_ITER round=0/0 iteration=70175/100000 objective=0.00074488693801997565 r=2.31351e-09/1.10677e-08 s=0.129469/0.000394219 projection_inf=1.18894e-16 rho=1e+08 support=411/12248
ADMM_ITER round=0/0 iteration=70200/100000 objective=0.00074501648775148106 r=2.31209e-09/1.10677e-08 s=0.12951/0.000394235 projection_inf=1.08849e-16 rho=1e+08 support=410/12248
ADMM_ITER round=0/0 iteration=70225/100000 objective=0.00074515505243082927 r=2.30568e-09/1.10677e-08 s=0.130362/0.000394252 projection_inf=1.1573e-16 rho=1e+08 support=412/12248
ADMM_ITER round=0/0 iteration=70250/100000 objective=0.0007452983516133537 r=2.29856e-09/1.10677e-08 s=0.13123/0.000394268 projection_inf=1.13215e-16 rho=1e+08 support=412/12248
ADMM_ITER round=0/0 iteration=70275/100000 objective=0.00074544019392270026 r=2.29604e-09/1.10677e-08 s=0.131401/0.000394284 projection_inf=1.1621e-16 rho=1e+08 support=412/12248
ADMM_ITER round=0/0 iteration=70300/100000 objective=0.00074558579379671271 r=2.29343e-09/1.10677e-08 s=0.131636/0.000394301 projection_inf=1.16885e-16 rho=1e+08 support=412/12248
ADMM_ITER round=0/0 iteration=70325/100000 objective=0.00074573124152460622 r=2.29614e-09/1.10677e-08 s=0.130967/0.000394317 projection_inf=1.17089e-16 rho=1e+08 support=413/12248
ADMM_ITER round=0/0 iteration=70350/100000 objective=0.00074587647864490108 r=2.29871e-09/1.10677e-08 s=0.130333/0.000394333 projection_inf=1.13776e-16 rho=1e+08 support=413/12248
ADMM_ITER round=0/0 iteration=70375/100000 objective=0.00074602159268067323 r=2.3019e-09/1.10677e-08 s=0.129603/0.000394349 projection_inf=1.1373e-16 rho=1e+08 support=413/12248
ADMM_ITER round=0/0 iteration=70400/100000 objective=0.00074616540578520461 r=2.30055e-09/1.10677e-08 s=0.129688/0.000394365 projection_inf=1.08442e-16 rho=1e+08 support=413/12248
ADMM_ITER round=0/0 iteration=70425/100000 objective=0.00074630510172809703 r=2.29559e-09/1.10677e-08 s=0.130421/0.00039438 projection_inf=1.0042e-16 rho=1e+08 support=413/12248
ADMM_ITER round=0/0 iteration=70450/100000 objective=0.00074644235782260265 r=2.28849e-09/1.10677e-08 s=0.131024/0.000394396 projection_inf=1.14922e-16 rho=1e+08 support=412/12248
ADMM_ITER round=0/0 iteration=70475/100000 objective=0.00074657270473046987 r=2.28143e-09/1.10677e-08 s=0.132039/0.000394412 projection_inf=1.12573e-16 rho=1e+08 support=412/12248
ADMM_ITER round=0/0 iteration=70500/100000 objective=0.00074669840891409211 r=2.2764e-09/1.10677e-08 s=0.132736/0.000394427 projection_inf=1.09929e-16 rho=1e+08 support=412/12248
ADMM_ITER round=0/0 iteration=70525/100000 objective=0.00074681915951506708 r=2.27321e-09/1.10677e-08 s=0.133134/0.000394443 projection_inf=1.16839e-16 rho=1e+08 support=412/12248
ADMM_ITER round=0/0 iteration=70550/100000 objective=0.00074694229789348202 r=2.27278e-09/1.10677e-08 s=0.133073/0.000394458 projection_inf=1.23337e-16 rho=1e+08 support=412/12248
ADMM_ITER round=0/0 iteration=70575/100000 objective=0.00074706868814717372 r=2.27088e-09/1.10677e-08 s=0.133268/0.000394473 projection_inf=1.0661e-16 rho=1e+08 support=412/12248
ADMM_ITER round=0/0 iteration=70600/100000 objective=0.00074719886941293891 r=2.2683e-09/1.10677e-08 s=0.133586/0.000394489 projection_inf=1.09796e-16 rho=1e+08 support=412/12248
ADMM_ITER round=0/0 iteration=70625/100000 objective=0.00074733322614567118 r=2.26503e-09/1.10677e-08 s=0.134026/0.000394504 projection_inf=1.00146e-16 rho=1e+08 support=412/12248
ADMM_ITER round=0/0 iteration=70650/100000 objective=0.00074746800746590435 r=2.26414e-09/1.10677e-08 s=0.134066/0.000394519 projection_inf=1.14108e-16 rho=1e+08 support=412/12248
ADMM_ITER round=0/0 iteration=70675/100000 objective=0.00074759919385799947 r=2.26845e-09/1.10677e-08 s=0.133227/0.000394534 projection_inf=1.28336e-16 rho=1e+08 support=412/12248
ADMM_ITER round=0/0 iteration=70700/100000 objective=0.00074772414608781465 r=2.27897e-09/1.10677e-08 s=0.131314/0.000394549 projection_inf=1.02234e-16 rho=1e+08 support=412/12248
ADMM_ITER round=0/0 iteration=70725/100000 objective=0.00074784292131615366 r=2.29216e-09/1.10677e-08 s=0.128893/0.000394564 projection_inf=1.13178e-16 rho=1e+08 support=412/12248
ADMM_ITER round=0/0 iteration=70750/100000 objective=0.00074795959656171818 r=2.30349e-09/1.10677e-08 s=0.126527/0.000394578 projection_inf=1.18656e-16 rho=1e+08 support=413/12248
ADMM_ITER round=0/0 iteration=70775/100000 objective=0.00074807302992759353 r=2.31694e-09/1.10677e-08 s=0.123834/0.000394593 projection_inf=1.13056e-16 rho=1e+08 support=413/12248
ADMM_ITER round=0/0 iteration=70800/100000 objective=0.00074818510067951882 r=2.33053e-09/1.10677e-08 s=0.121077/0.000394608 projection_inf=1.23503e-16 rho=1e+08 support=413/12248
ADMM_ITER round=0/0 iteration=70825/100000 objective=0.00074830273117346526 r=2.34493e-09/1.10677e-08 s=0.118102/0.000394622 projection_inf=1.06215e-16 rho=1e+08 support=413/12248
ADMM_ITER round=0/0 iteration=70850/100000 objective=0.00074842273789544776 r=2.35822e-09/1.10677e-08 s=0.115275/0.000394637 projection_inf=9.91847e-17 rho=1e+08 support=413/12248
ADMM_ITER round=0/0 iteration=70875/100000 objective=0.00074854384474580928 r=2.36938e-09/1.10677e-08 s=0.112816/0.000394651 projection_inf=1.23364e-16 rho=1e+08 support=413/12248
ADMM_ITER round=0/0 iteration=70900/100000 objective=0.00074866778801894389 r=2.37726e-09/1.10677e-08 s=0.111007/0.000394666 projection_inf=1.10503e-16 rho=1e+08 support=413/12248
ADMM_ITER round=0/0 iteration=70925/100000 objective=0.0007487934935317956 r=2.37971e-09/1.10677e-08 s=0.110346/0.00039468 projection_inf=1.2159e-16 rho=1e+08 support=413/12248
ADMM_ITER round=0/0 iteration=70950/100000 objective=0.00074892171757388556 r=2.37545e-09/1.10677e-08 s=0.111131/0.000394694 projection_inf=1.08049e-16 rho=1e+08 support=413/12248
ADMM_ITER round=0/0 iteration=70975/100000 objective=0.00074905174797388404 r=2.36649e-09/1.10677e-08 s=0.112884/0.000394709 projection_inf=1.12707e-16 rho=1e+08 support=414/12248
ADMM_ITER round=0/0 iteration=71000/100000 objective=0.00074918225306779148 r=2.35375e-09/1.10677e-08 s=0.115382/0.000394723 projection_inf=1.04894e-16 rho=1e+08 support=414/12248
ADMM_ITER round=0/0 iteration=71025/100000 objective=0.00074931715328801769 r=2.33819e-09/1.10677e-08 s=0.118379/0.000394737 projection_inf=1.28023e-16 rho=1e+08 support=414/12248
ADMM_ITER round=0/0 iteration=71050/100000 objective=0.00074945256279913863 r=2.32083e-09/1.10677e-08 s=0.121631/0.000394751 projection_inf=1.111e-16 rho=1e+08 support=414/12248
ADMM_ITER round=0/0 iteration=71075/100000 objective=0.00074958518050815388 r=2.30386e-09/1.10677e-08 s=0.124706/0.000394764 projection_inf=1.11108e-16 rho=1e+08 support=414/12248
ADMM_ITER round=0/0 iteration=71100/100000 objective=0.00074971467942543883 r=2.28898e-09/1.10677e-08 s=0.127312/0.000394778 projection_inf=1.21316e-16 rho=1e+08 support=414/12248
ADMM_ITER round=0/0 iteration=71125/100000 objective=0.00074984085189309338 r=2.2764e-09/1.10677e-08 s=0.129447/0.000394792 projection_inf=1.19874e-16 rho=1e+08 support=413/12248
ADMM_ITER round=0/0 iteration=71150/100000 objective=0.00074996395072769045 r=2.269e-09/1.10677e-08 s=0.130638/0.000394805 projection_inf=1.20856e-16 rho=1e+08 support=413/12248
ADMM_ITER round=0/0 iteration=71175/100000 objective=0.00075008245207127712 r=2.26836e-09/1.10677e-08 s=0.130647/0.000394819 projection_inf=1.00561e-16 rho=1e+08 support=414/12248
ADMM_ITER round=0/0 iteration=71200/100000 objective=0.00075019426400444573 r=2.27227e-09/1.10677e-08 s=0.129865/0.000394833 projection_inf=1.32643e-16 rho=1e+08 support=414/12248
ADMM_ITER round=0/0 iteration=71225/100000 objective=0.00075029648220852616 r=2.27719e-09/1.10677e-08 s=0.128899/0.000394846 projection_inf=1.11191e-16 rho=1e+08 support=414/12248
ADMM_ITER round=0/0 iteration=71250/100000 objective=0.00075038827228999616 r=2.28081e-09/1.10677e-08 s=0.12816/0.000394859 projection_inf=1.0719e-16 rho=1e+08 support=414/12248
ADMM_ITER round=0/0 iteration=71275/100000 objective=0.00075047137516696949 r=2.28384e-09/1.10677e-08 s=0.127522/0.000394873 projection_inf=1.21733e-16 rho=1e+08 support=414/12248
ADMM_ITER round=0/0 iteration=71300/100000 objective=0.00075054689943962114 r=2.28522e-09/1.10677e-08 s=0.127178/0.000394886 projection_inf=1.19255e-16 rho=1e+08 support=414/12248
ADMM_ITER round=0/0 iteration=71325/100000 objective=0.00075061704559499856 r=2.28591e-09/1.10677e-08 s=0.126958/0.000394899 projection_inf=1.01007e-16 rho=1e+08 support=414/12248
ADMM_ITER round=0/0 iteration=71350/100000 objective=0.00075068463772648398 r=2.28731e-09/1.10677e-08 s=0.126612/0.000394912 projection_inf=1.209e-16 rho=1e+08 support=414/12248
ADMM_ITER round=0/0 iteration=71375/100000 objective=0.00075074983311346319 r=2.28836e-09/1.10677e-08 s=0.126239/0.000394925 projection_inf=1.19116e-16 rho=1e+08 support=415/12248
ADMM_ITER round=0/0 iteration=71400/100000 objective=0.00075081004161217906 r=2.29353e-09/1.10677e-08 s=0.125154/0.000394939 projection_inf=1.09873e-16 rho=1e+08 support=415/12248
ADMM_ITER round=0/0 iteration=71425/100000 objective=0.00075086593801695564 r=2.29902e-09/1.10677e-08 s=0.124015/0.000394952 projection_inf=1.14834e-16 rho=1e+08 support=415/12248
ADMM_ITER round=0/0 iteration=71450/100000 objective=0.00075092410963468028 r=2.30339e-09/1.10677e-08 s=0.123085/0.000394965 projection_inf=1.29769e-16 rho=1e+08 support=415/12248
ADMM_ITER round=0/0 iteration=71475/100000 objective=0.00075098394805490367 r=2.30709e-09/1.10677e-08 s=0.12228/0.000394978 projection_inf=1.2158e-16 rho=1e+08 support=415/12248
ADMM_ITER round=0/0 iteration=71500/100000 objective=0.00075104625163536327 r=2.31071e-09/1.10677e-08 s=0.121489/0.000394991 projection_inf=1.07742e-16 rho=1e+08 support=415/12248
ADMM_ITER round=0/0 iteration=71525/100000 objective=0.00075111332558372814 r=2.31484e-09/1.10677e-08 s=0.120596/0.000395004 projection_inf=1.04575e-16 rho=1e+08 support=415/12248
ADMM_ITER round=0/0 iteration=71550/100000 objective=0.0007511835760986847 r=2.32092e-09/1.10677e-08 s=0.11932/0.000395017 projection_inf=1.14379e-16 rho=1e+08 support=415/12248
ADMM_ITER round=0/0 iteration=71575/100000 objective=0.00075125752734536103 r=2.33039e-09/1.10677e-08 s=0.11736/0.000395029 projection_inf=1.24452e-16 rho=1e+08 support=415/12248
ADMM_ITER round=0/0 iteration=71600/100000 objective=0.00075133513235173623 r=2.34148e-09/1.10677e-08 s=0.115029/0.000395042 projection_inf=1.05175e-16 rho=1e+08 support=415/12248
ADMM_ITER round=0/0 iteration=71625/100000 objective=0.00075141396215291944 r=2.35199e-09/1.10677e-08 s=0.112761/0.000395055 projection_inf=1.08188e-16 rho=1e+08 support=416/12248
ADMM_ITER round=0/0 iteration=71650/100000 objective=0.00075149367476726105 r=2.35927e-09/1.10677e-08 s=0.111124/0.000395068 projection_inf=1.0131e-16 rho=1e+08 support=416/12248
ADMM_ITER round=0/0 iteration=71675/100000 objective=0.00075157191980067229 r=2.36279e-09/1.10677e-08 s=0.110269/0.000395081 projection_inf=1.01603e-16 rho=1e+08 support=416/12248
ADMM_ITER round=0/0 iteration=71700/100000 objective=0.0007516505070103459 r=2.36349e-09/1.10677e-08 s=0.110015/0.000395093 projection_inf=1.12791e-16 rho=1e+08 support=416/12248
ADMM_ITER round=0/0 iteration=71725/100000 objective=0.00075173129278804083 r=2.36108e-09/1.10677e-08 s=0.110432/0.000395106 projection_inf=1.1564e-16 rho=1e+08 support=416/12248
ADMM_ITER round=0/0 iteration=71750/100000 objective=0.00075181475831307624 r=2.35541e-09/1.10677e-08 s=0.111538/0.000395118 projection_inf=1.20527e-16 rho=1e+08 support=416/12248
ADMM_ITER round=0/0 iteration=71775/100000 objective=0.00075189924355202652 r=2.34676e-09/1.10677e-08 s=0.113251/0.000395131 projection_inf=1.05846e-16 rho=1e+08 support=416/12248
ADMM_ITER round=0/0 iteration=71800/100000 objective=0.00075198247843955642 r=2.33541e-09/1.10677e-08 s=0.115482/0.000395143 projection_inf=1.07942e-16 rho=1e+08 support=416/12248
ADMM_ITER round=0/0 iteration=71825/100000 objective=0.00075206414973817432 r=2.32237e-09/1.10677e-08 s=0.117993/0.000395156 projection_inf=1.11442e-16 rho=1e+08 support=416/12248
ADMM_ITER round=0/0 iteration=71850/100000 objective=0.0007521450633769343 r=2.31031e-09/1.10677e-08 s=0.120251/0.000395168 projection_inf=1.11924e-16 rho=1e+08 support=416/12248
ADMM_ITER round=0/0 iteration=71875/100000 objective=0.00075222575259668053 r=2.30121e-09/1.10677e-08 s=0.1219/0.000395181 projection_inf=1.08558e-16 rho=1e+08 support=416/12248
ADMM_ITER round=0/0 iteration=71900/100000 objective=0.00075230672669478855 r=2.29625e-09/1.10677e-08 s=0.122749/0.000395193 projection_inf=1.06543e-16 rho=1e+08 support=416/12248
ADMM_ITER round=0/0 iteration=71925/100000 objective=0.0007523880717055961 r=2.29457e-09/1.10677e-08 s=0.122981/0.000395205 projection_inf=1.12905e-16 rho=1e+08 support=416/12248
ADMM_ITER round=0/0 iteration=71950/100000 objective=0.00075246870671772357 r=2.29445e-09/1.10677e-08 s=0.122922/0.000395217 projection_inf=1.03792e-16 rho=1e+08 support=416/12248
ADMM_ITER round=0/0 iteration=71975/100000 objective=0.00075254634110724693 r=2.29572e-09/1.10677e-08 s=0.122606/0.000395229 projection_inf=1.2766e-16 rho=1e+08 support=416/12248
ADMM_ITER round=0/0 iteration=72000/100000 objective=0.00075261872593059985 r=2.29851e-09/1.10677e-08 s=0.122/0.000395242 projection_inf=1.02689e-16 rho=1e+08 support=416/12248
ADMM_ITER round=0/0 iteration=72025/100000 objective=0.00075268535546796724 r=2.30178e-09/1.10677e-08 s=0.121303/0.000395254 projection_inf=1.01783e-16 rho=1e+08 support=416/12248
ADMM_ITER round=0/0 iteration=72050/100000 objective=0.00075274719523000155 r=2.3048e-09/1.10677e-08 s=0.120648/0.000395266 projection_inf=1.00726e-16 rho=1e+08 support=416/12248
ADMM_ITER round=0/0 iteration=72075/100000 objective=0.00075280551173331973 r=2.30738e-09/1.10677e-08 s=0.120076/0.000395278 projection_inf=1.1225e-16 rho=1e+08 support=416/12248
ADMM_ITER round=0/0 iteration=72100/100000 objective=0.00075286107678015338 r=2.30982e-09/1.10677e-08 s=0.119525/0.00039529 projection_inf=1.21536e-16 rho=1e+08 support=416/12248
ADMM_ITER round=0/0 iteration=72125/100000 objective=0.00075291366811246251 r=2.31287e-09/1.10677e-08 s=0.118855/0.000395302 projection_inf=1.13637e-16 rho=1e+08 support=416/12248
ADMM_ITER round=0/0 iteration=72150/100000 objective=0.00075296295706209898 r=2.31681e-09/1.10677e-08 s=0.118006/0.000395314 projection_inf=1.16134e-16 rho=1e+08 support=416/12248
ADMM_ITER round=0/0 iteration=72175/100000 objective=0.00075300897919395725 r=2.32105e-09/1.10677e-08 s=0.117091/0.000395325 projection_inf=1.13966e-16 rho=1e+08 support=416/12248
ADMM_ITER round=0/0 iteration=72200/100000 objective=0.00075305205871449533 r=2.32538e-09/1.10677e-08 s=0.116149/0.000395337 projection_inf=1.04127e-16 rho=1e+08 support=416/12248
ADMM_ITER round=0/0 iteration=72225/100000 objective=0.00075309308594391803 r=2.33016e-09/1.10677e-08 s=0.115108/0.000395349 projection_inf=1.07089e-16 rho=1e+08 support=416/12248
ADMM_ITER round=0/0 iteration=72250/100000 objective=0.00075313302099409602 r=2.33506e-09/1.10677e-08 s=0.114031/0.000395361 projection_inf=1.01319e-16 rho=1e+08 support=416/12248
ADMM_ITER round=0/0 iteration=72275/100000 objective=0.00075317198045390824 r=2.33924e-09/1.10677e-08 s=0.113092/0.000395373 projection_inf=1.00862e-16 rho=1e+08 support=416/12248
ADMM_ITER round=0/0 iteration=72300/100000 objective=0.0007532084048536067 r=2.34126e-09/1.10677e-08 s=0.112593/0.000395385 projection_inf=1.16804e-16 rho=1e+08 support=416/12248
ADMM_ITER round=0/0 iteration=72325/100000 objective=0.00075323963300329589 r=2.33897e-09/1.10677e-08 s=0.112989/0.000395396 projection_inf=1.06177e-16 rho=1e+08 support=416/12248
ADMM_ITER round=0/0 iteration=72350/100000 objective=0.00075326418392120836 r=2.33153e-09/1.10677e-08 s=0.114439/0.000395408 projection_inf=1.00363e-16 rho=1e+08 support=416/12248
ADMM_ITER round=0/0 iteration=72375/100000 objective=0.00075328241983766515 r=2.31969e-09/1.10677e-08 s=0.116746/0.00039542 projection_inf=1.0857e-16 rho=1e+08 support=416/12248
ADMM_ITER round=0/0 iteration=72400/100000 objective=0.00075329575620787233 r=2.30526e-09/1.10677e-08 s=0.119497/0.000395432 projection_inf=1.21338e-16 rho=1e+08 support=416/12248
ADMM_ITER round=0/0 iteration=72425/100000 objective=0.00075330641503627144 r=2.29072e-09/1.10677e-08 s=0.122189/0.000395444 projection_inf=1.03924e-16 rho=1e+08 support=416/12248
ADMM_ITER round=0/0 iteration=72450/100000 objective=0.00075331657098269967 r=2.27823e-09/1.10677e-08 s=0.124433/0.000395455 projection_inf=1.09642e-16 rho=1e+08 support=416/12248
ADMM_ITER round=0/0 iteration=72475/100000 objective=0.00075332739044125694 r=2.26903e-09/1.10677e-08 s=0.126035/0.000395467 projection_inf=1.24193e-16 rho=1e+08 support=416/12248
ADMM_ITER round=0/0 iteration=72500/100000 objective=0.00075333937894706568 r=2.26303e-09/1.10677e-08 s=0.127041/0.000395479 projection_inf=1.21837e-16 rho=1e+08 support=416/12248
ADMM_ITER round=0/0 iteration=72525/100000 objective=0.0007533531167559362 r=2.26005e-09/1.10677e-08 s=0.127503/0.000395491 projection_inf=1.09435e-16 rho=1e+08 support=416/12248
ADMM_ITER round=0/0 iteration=72550/100000 objective=0.00075336957112114706 r=2.26092e-09/1.10677e-08 s=0.127283/0.000395502 projection_inf=1.14529e-16 rho=1e+08 support=416/12248
ADMM_ITER round=0/0 iteration=72575/100000 objective=0.00075338981115739812 r=2.26618e-09/1.10677e-08 s=0.126278/0.000395514 projection_inf=1.0613e-16 rho=1e+08 support=416/12248
ADMM_ITER round=0/0 iteration=72600/100000 objective=0.00075341422133650175 r=2.2746e-09/1.10677e-08 s=0.124688/0.000395526 projection_inf=1.07767e-16 rho=1e+08 support=416/12248
ADMM_ITER round=0/0 iteration=72625/100000 objective=0.00075344193097101793 r=2.28392e-09/1.10677e-08 s=0.122905/0.000395538 projection_inf=1.26232e-16 rho=1e+08 support=416/12248
ADMM_ITER round=0/0 iteration=72650/100000 objective=0.00075347114102652186 r=2.29256e-09/1.10677e-08 s=0.121217/0.000395549 projection_inf=1.07813e-16 rho=1e+08 support=416/12248
ADMM_ITER round=0/0 iteration=72675/100000 objective=0.00075350018544555837 r=2.30003e-09/1.10677e-08 s=0.119724/0.000395561 projection_inf=1.15141e-16 rho=1e+08 support=416/12248
ADMM_ITER round=0/0 iteration=72700/100000 objective=0.00075352831184511164 r=2.30641e-09/1.10677e-08 s=0.11842/0.000395573 projection_inf=1.0619e-16 rho=1e+08 support=416/12248
ADMM_ITER round=0/0 iteration=72725/100000 objective=0.00075355558194702675 r=2.31185e-09/1.10677e-08 s=0.117285/0.000395584 projection_inf=1.12934e-16 rho=1e+08 support=416/12248
ADMM_ITER round=0/0 iteration=72750/100000 objective=0.00075358236689845057 r=2.31647e-09/1.10677e-08 s=0.116302/0.000395596 projection_inf=1.18162e-16 rho=1e+08 support=416/12248
ADMM_ITER round=0/0 iteration=72775/100000 objective=0.00075360889333290506 r=2.32052e-09/1.10677e-08 s=0.115421/0.000395608 projection_inf=1.07078e-16 rho=1e+08 support=416/12248
ADMM_ITER round=0/0 iteration=72800/100000 objective=0.00075363613971901958 r=2.32574e-09/1.10677e-08 s=0.114159/0.000395619 projection_inf=1.20283e-16 rho=1e+08 support=415/12248
ADMM_ITER round=0/0 iteration=72825/100000 objective=0.00075366295390258474 r=2.3308e-09/1.10677e-08 s=0.113015/0.000395631 projection_inf=1.15075e-16 rho=1e+08 support=415/12248
ADMM_ITER round=0/0 iteration=72850/100000 objective=0.00075368778279717502 r=2.3349e-09/1.10677e-08 s=0.112065/0.000395643 projection_inf=1.1134e-16 rho=1e+08 support=415/12248
ADMM_ITER round=0/0 iteration=72875/100000 objective=0.0007537094748592257 r=2.33841e-09/1.10677e-08 s=0.111059/0.000395654 projection_inf=1.20366e-16 rho=1e+08 support=414/12248
ADMM_ITER round=0/0 iteration=72900/100000 objective=0.00075372878240985712 r=2.33929e-09/1.10677e-08 s=0.110699/0.000395666 projection_inf=1.00773e-16 rho=1e+08 support=414/12248
ADMM_ITER round=0/0 iteration=72925/100000 objective=0.00075374926809531056 r=2.3379e-09/1.10677e-08 s=0.110856/0.000395677 projection_inf=1.08465e-16 rho=1e+08 support=414/12248
ADMM_ITER round=0/0 iteration=72950/100000 objective=0.00075376737716117612 r=2.33564e-09/1.10677e-08 s=0.111211/0.000395689 projection_inf=1.14673e-16 rho=1e+08 support=414/12248
ADMM_ITER round=0/0 iteration=72975/100000 objective=0.00075378146950036851 r=2.33248e-09/1.10677e-08 s=0.111749/0.000395701 projection_inf=1.18271e-16 rho=1e+08 support=415/12248
ADMM_ITER round=0/0 iteration=73000/100000 objective=0.00075379470988186001 r=2.32543e-09/1.10677e-08 s=0.113093/0.000395712 projection_inf=1.24728e-16 rho=1e+08 support=415/12248
ADMM_ITER round=0/0 iteration=73025/100000 objective=0.00075380609906209358 r=2.31405e-09/1.10677e-08 s=0.115296/0.000395724 projection_inf=1.07741e-16 rho=1e+08 support=415/12248
ADMM_ITER round=0/0 iteration=73050/100000 objective=0.00075381393675976285 r=2.29814e-09/1.10677e-08 s=0.118334/0.000395735 projection_inf=1.19732e-16 rho=1e+08 support=415/12248
ADMM_ITER round=0/0 iteration=73075/100000 objective=0.00075381626391644201 r=2.28127e-09/1.10677e-08 s=0.121458/0.000395747 projection_inf=1.16825e-16 rho=1e+08 support=415/12248
ADMM_ITER round=0/0 iteration=73100/100000 objective=0.00075381265038986477 r=2.2666e-09/1.10677e-08 s=0.124083/0.000395759 projection_inf=1.10322e-16 rho=1e+08 support=415/12248
ADMM_ITER round=0/0 iteration=73125/100000 objective=0.00075380360512921566 r=2.25643e-09/1.10677e-08 s=0.125833/0.00039577 projection_inf=1.42502e-16 rho=1e+08 support=415/12248
ADMM_ITER round=0/0 iteration=73150/100000 objective=0.00075378747693488537 r=2.25105e-09/1.10677e-08 s=0.126707/0.000395782 projection_inf=1.19424e-16 rho=1e+08 support=414/12248
ADMM_ITER round=0/0 iteration=73175/100000 objective=0.00075376220422791729 r=2.24758e-09/1.10677e-08 s=0.127237/0.000395793 projection_inf=1.09035e-16 rho=1e+08 support=414/12248
ADMM_ITER round=0/0 iteration=73200/100000 objective=0.00075372578605902409 r=2.24241e-09/1.10677e-08 s=0.128062/0.000395805 projection_inf=1.03924e-16 rho=1e+08 support=414/12248
ADMM_ITER round=0/0 iteration=73225/100000 objective=0.00075367960789092091 r=2.23413e-09/1.10677e-08 s=0.129419/0.000395817 projection_inf=1.0761e-16 rho=1e+08 support=414/12248
ADMM_ITER round=0/0 iteration=73250/100000 objective=0.00075362352538625721 r=2.22511e-09/1.10677e-08 s=0.130885/0.000395828 projection_inf=1.09108e-16 rho=1e+08 support=414/12248
ADMM_ITER round=0/0 iteration=73275/100000 objective=0.00075355696966338676 r=2.21915e-09/1.10677e-08 s=0.131815/0.00039584 projection_inf=1.28713e-16 rho=1e+08 support=414/12248
ADMM_ITER round=0/0 iteration=73300/100000 objective=0.00075348372370370525 r=2.21872e-09/1.10677e-08 s=0.13181/0.000395852 projection_inf=1.10498e-16 rho=1e+08 support=414/12248
ADMM_ITER round=0/0 iteration=73325/100000 objective=0.00075340751928920906 r=2.22296e-09/1.10677e-08 s=0.131017/0.000395864 projection_inf=1.09282e-16 rho=1e+08 support=414/12248
ADMM_ITER round=0/0 iteration=73350/100000 objective=0.00075332986411937551 r=2.22731e-09/1.10677e-08 s=0.130101/0.000395876 projection_inf=1.0646e-16 rho=1e+08 support=415/12248
ADMM_ITER round=0/0 iteration=73375/100000 objective=0.00075324896786083161 r=2.23565e-09/1.10677e-08 s=0.128485/0.000395888 projection_inf=1.2034e-16 rho=1e+08 support=415/12248
ADMM_ITER round=0/0 iteration=73400/100000 objective=0.00075316505144120446 r=2.24965e-09/1.10677e-08 s=0.125865/0.0003959 projection_inf=1.13687e-16 rho=1e+08 support=415/12248
ADMM_ITER round=0/0 iteration=73425/100000 objective=0.0007530786533028669 r=2.26667e-09/1.10677e-08 s=0.122588/0.000395912 projection_inf=1.06867e-16 rho=1e+08 support=416/12248
ADMM_ITER round=0/0 iteration=73450/100000 objective=0.00075298818043250922 r=2.28314e-09/1.10677e-08 s=0.119319/0.000395924 projection_inf=1.08796e-16 rho=1e+08 support=416/12248
ADMM_ITER round=0/0 iteration=73475/100000 objective=0.00075289309656754717 r=2.29929e-09/1.10677e-08 s=0.116014/0.000395936 projection_inf=1.17485e-16 rho=1e+08 support=416/12248
ADMM_ITER round=0/0 iteration=73500/100000 objective=0.00075279872494550862 r=2.31132e-09/1.10677e-08 s=0.113445/0.000395949 projection_inf=1.14995e-16 rho=1e+08 support=416/12248
ADMM_ITER round=0/0 iteration=73525/100000 objective=0.00075270242844936025 r=2.32106e-09/1.10677e-08 s=0.111289/0.000395961 projection_inf=1.01364e-16 rho=1e+08 support=416/12248
ADMM_ITER round=0/0 iteration=73550/100000 objective=0.0007526057592067818 r=2.32761e-09/1.10677e-08 s=0.109749/0.000395973 projection_inf=1.24723e-16 rho=1e+08 support=417/12248
ADMM_ITER round=0/0 iteration=73575/100000 objective=0.00075251086918682502 r=2.33226e-09/1.10677e-08 s=0.108605/0.000395986 projection_inf=1.10034e-16 rho=1e+08 support=417/12248
ADMM_ITER round=0/0 iteration=73600/100000 objective=0.00075241684282304747 r=2.33412e-09/1.10677e-08 s=0.108057/0.000395999 projection_inf=1.10521e-16 rho=1e+08 support=417/12248
ADMM_ITER round=0/0 iteration=73625/100000 objective=0.00075232397266593472 r=2.33424e-09/1.10677e-08 s=0.107892/0.000396011 projection_inf=1.04237e-16 rho=1e+08 support=417/12248
ADMM_ITER round=0/0 iteration=73650/100000 objective=0.0007522345194916802 r=2.33055e-09/1.10677e-08 s=0.108552/0.000396024 projection_inf=1.14363e-16 rho=1e+08 support=417/12248
ADMM_ITER round=0/0 iteration=73675/100000 objective=0.00075215262749590535 r=2.32098e-09/1.10677e-08 s=0.110453/0.000396037 projection_inf=1.22645e-16 rho=1e+08 support=417/12248
ADMM_ITER round=0/0 iteration=73700/100000 objective=0.00075208471946607914 r=2.3083e-09/1.10677e-08 s=0.112957/0.000396049 projection_inf=1.14277e-16 rho=1e+08 support=417/12248
ADMM_ITER round=0/0 iteration=73725/100000 objective=0.00075203180461774581 r=2.29507e-09/1.10677e-08 s=0.115501/0.000396062 projection_inf=1.07939e-16 rho=1e+08 support=418/12248
ADMM_ITER round=0/0 iteration=73750/100000 objective=0.00075199272396555162 r=2.28289e-09/1.10677e-08 s=0.117775/0.000396075 projection_inf=1.07465e-16 rho=1e+08 support=418/12248
ADMM_ITER round=0/0 iteration=73775/100000 objective=0.00075196437051904018 r=2.27378e-09/1.10677e-08 s=0.119414/0.000396088 projection_inf=1.19833e-16 rho=1e+08 support=418/12248
ADMM_ITER round=0/0 iteration=73800/100000 objective=0.00075194193967190268 r=2.26694e-09/1.10677e-08 s=0.1206/0.000396101 projection_inf=1.23441e-16 rho=1e+08 support=418/12248
ADMM_ITER round=0/0 iteration=73825/100000 objective=0.00075192214823337092 r=2.26038e-09/1.10677e-08 s=0.12172/0.000396114 projection_inf=1.28652e-16 rho=1e+08 support=418/12248
ADMM_ITER round=0/0 iteration=73850/100000 objective=0.00075190462538954079 r=2.25354e-09/1.10677e-08 s=0.122879/0.000396127 projection_inf=1.1052e-16 rho=1e+08 support=417/12248
ADMM_ITER round=0/0 iteration=73875/100000 objective=0.00075189071098175184 r=2.24896e-09/1.10677e-08 s=0.123567/0.00039614 projection_inf=1.20145e-16 rho=1e+08 support=417/12248
ADMM_ITER round=0/0 iteration=73900/100000 objective=0.00075187971717345485 r=2.24715e-09/1.10677e-08 s=0.123784/0.000396153 projection_inf=1.26387e-16 rho=1e+08 support=417/12248
ADMM_ITER round=0/0 iteration=73925/100000 objective=0.00075186872053938233 r=2.24619e-09/1.10677e-08 s=0.123851/0.000396166 projection_inf=1.10462e-16 rho=1e+08 support=417/12248
ADMM_ITER round=0/0 iteration=73950/100000 objective=0.00075185685758792284 r=2.24617e-09/1.10677e-08 s=0.123751/0.000396179 projection_inf=1.13072e-16 rho=1e+08 support=417/12248
ADMM_ITER round=0/0 iteration=73975/100000 objective=0.00075184415754262065 r=2.24868e-09/1.10677e-08 s=0.123196/0.000396192 projection_inf=1.16223e-16 rho=1e+08 support=417/12248
ADMM_ITER round=0/0 iteration=74000/100000 objective=0.00075182968930431174 r=2.25508e-09/1.10677e-08 s=0.121919/0.000396205 projection_inf=1.15772e-16 rho=1e+08 support=417/12248
ADMM_ITER round=0/0 iteration=74025/100000 objective=0.00075181196802382832 r=2.26521e-09/1.10677e-08 s=0.119831/0.000396218 projection_inf=1.10255e-16 rho=1e+08 support=417/12248
ADMM_ITER round=0/0 iteration=74050/100000 objective=0.00075179103788433708 r=2.27464e-09/1.10677e-08 s=0.117883/0.000396231 projection_inf=1.20631e-16 rho=1e+08 support=417/12248
ADMM_ITER round=0/0 iteration=74075/100000 objective=0.00075176864123677038 r=2.2794e-09/1.10677e-08 s=0.116829/0.000396244 projection_inf=1.23988e-16 rho=1e+08 support=417/12248
ADMM_ITER round=0/0 iteration=74100/100000 objective=0.00075174237560837482 r=2.28119e-09/1.10677e-08 s=0.116359/0.000396257 projection_inf=1.25207e-16 rho=1e+08 support=417/12248
ADMM_ITER round=0/0 iteration=74125/100000 objective=0.00075171066010958868 r=2.28339e-09/1.10677e-08 s=0.115809/0.00039627 projection_inf=1.18154e-16 rho=1e+08 support=417/12248
ADMM_ITER round=0/0 iteration=74150/100000 objective=0.00075167219746929569 r=2.28615e-09/1.10677e-08 s=0.11515/0.000396284 projection_inf=1.10567e-16 rho=1e+08 support=417/12248
ADMM_ITER round=0/0 iteration=74175/100000 objective=0.00075162493323214943 r=2.29101e-09/1.10677e-08 s=0.114068/0.000396297 projection_inf=1.14479e-16 rho=1e+08 support=417/12248
ADMM_ITER round=0/0 iteration=74200/100000 objective=0.00075157011243202627 r=2.2978e-09/1.10677e-08 s=0.112579/0.00039631 projection_inf=1.01934e-16 rho=1e+08 support=417/12248
ADMM_ITER round=0/0 iteration=74225/100000 objective=0.00075150963186964301 r=2.3033e-09/1.10677e-08 s=0.111327/0.000396323 projection_inf=1.06938e-16 rho=1e+08 support=418/12248
ADMM_ITER round=0/0 iteration=74250/100000 objective=0.0007514458838859139 r=2.30635e-09/1.10677e-08 s=0.110577/0.000396337 projection_inf=1.10875e-16 rho=1e+08 support=418/12248
ADMM_ITER round=0/0 iteration=74275/100000 objective=0.00075137894158249082 r=2.30848e-09/1.10677e-08 s=0.110017/0.00039635 projection_inf=1.10436e-16 rho=1e+08 support=418/12248
ADMM_ITER round=0/0 iteration=74300/100000 objective=0.00075130675194160412 r=2.31054e-09/1.10677e-08 s=0.10947/0.000396363 projection_inf=1.28863e-16 rho=1e+08 support=418/12248
ADMM_ITER round=0/0 iteration=74325/100000 objective=0.00075122870578784315 r=2.31258e-09/1.10677e-08 s=0.108927/0.000396377 projection_inf=1.16823e-16 rho=1e+08 support=418/12248
ADMM_ITER round=0/0 iteration=74350/100000 objective=0.00075114441179963999 r=2.31335e-09/1.10677e-08 s=0.108653/0.00039639 projection_inf=1.15974e-16 rho=1e+08 support=418/12248
ADMM_ITER round=0/0 iteration=74375/100000 objective=0.00075105967280804874 r=2.3203e-09/1.10677e-08 s=0.10429/0.000396404 projection_inf=1.19622e-16 rho=1e+08 support=416/12248
ADMM_ITER round=0/0 iteration=74400/100000 objective=0.00075096945404101061 r=2.31715e-09/1.10677e-08 s=0.104475/0.000396418 projection_inf=1.09584e-16 rho=1e+08 support=417/12248
ADMM_ITER round=0/0 iteration=74425/100000 objective=0.00075086838341275523 r=2.31467e-09/1.10677e-08 s=0.104657/0.000396431 projection_inf=1.04563e-16 rho=1e+08 support=417/12248
ADMM_ITER round=0/0 iteration=74450/100000 objective=0.00075076107010342227 r=2.30884e-09/1.10677e-08 s=0.105642/0.000396445 projection_inf=1.12367e-16 rho=1e+08 support=417/12248
ADMM_ITER round=0/0 iteration=74475/100000 objective=0.00075064629554567983 r=2.30235e-09/1.10677e-08 s=0.106778/0.000396459 projection_inf=1.03513e-16 rho=1e+08 support=416/12248
ADMM_ITER round=0/0 iteration=74500/100000 objective=0.00075052115891421673 r=2.29505e-09/1.10677e-08 s=0.108104/0.000396473 projection_inf=1.10809e-16 rho=1e+08 support=416/12248
ADMM_ITER round=0/0 iteration=74525/100000 objective=0.0007503846093006904 r=2.28587e-09/1.10677e-08 s=0.109819/0.000396487 projection_inf=1.07248e-16 rho=1e+08 support=416/12248
ADMM_ITER round=0/0 iteration=74550/100000 objective=0.00075024176251837701 r=2.26753e-09/1.10677e-08 s=0.113367/0.000396501 projection_inf=1.20675e-16 rho=1e+08 support=416/12248
ADMM_ITER round=0/0 iteration=74575/100000 objective=0.00075008981551653181 r=2.2446e-09/1.10677e-08 s=0.117669/0.000396515 projection_inf=1.03564e-16 rho=1e+08 support=416/12248
ADMM_ITER round=0/0 iteration=74600/100000 objective=0.00074992459377670262 r=2.21998e-09/1.10677e-08 s=0.12209/0.00039653 projection_inf=1.27624e-16 rho=1e+08 support=416/12248
ADMM_ITER round=0/0 iteration=74625/100000 objective=0.00074975061945440323 r=2.19858e-09/1.10677e-08 s=0.125753/0.000396544 projection_inf=1.09269e-16 rho=1e+08 support=416/12248
ADMM_ITER round=0/0 iteration=74650/100000 objective=0.00074956808961009543 r=2.17809e-09/1.10677e-08 s=0.129131/0.000396559 projection_inf=1.2752e-16 rho=1e+08 support=417/12248
ADMM_ITER round=0/0 iteration=74675/100000 objective=0.00074937710083374811 r=2.15916e-09/1.10677e-08 s=0.13214/0.000396573 projection_inf=1.0453e-16 rho=1e+08 support=417/12248
ADMM_ITER round=0/0 iteration=74700/100000 objective=0.00074917939959812433 r=2.13955e-09/1.10677e-08 s=0.135169/0.000396588 projection_inf=1.09618e-16 rho=1e+08 support=417/12248
ADMM_ITER round=0/0 iteration=74725/100000 objective=0.0007489803349925503 r=2.12782e-09/1.10677e-08 s=0.13689/0.000396603 projection_inf=1.04978e-16 rho=1e+08 support=417/12248
ADMM_ITER round=0/0 iteration=74750/100000 objective=0.00074877835227965051 r=2.12387e-09/1.10677e-08 s=0.137387/0.000396618 projection_inf=1.09039e-16 rho=1e+08 support=417/12248
ADMM_ITER round=0/0 iteration=74775/100000 objective=0.00074856982857668072 r=2.12737e-09/1.10677e-08 s=0.136733/0.000396634 projection_inf=1.32188e-16 rho=1e+08 support=417/12248
ADMM_ITER round=0/0 iteration=74800/100000 objective=0.00074835632657178778 r=2.1361e-09/1.10677e-08 s=0.135255/0.000396649 projection_inf=1.16366e-16 rho=1e+08 support=417/12248
ADMM_ITER round=0/0 iteration=74825/100000 objective=0.0007481431099343683 r=2.14983e-09/1.10677e-08 s=0.132952/0.000396664 projection_inf=1.00697e-16 rho=1e+08 support=417/12248
ADMM_ITER round=0/0 iteration=74850/100000 objective=0.0007479355121669121 r=2.16522e-09/1.10677e-08 s=0.130321/0.00039668 projection_inf=1.11066e-16 rho=1e+08 support=417/12248
ADMM_ITER round=0/0 iteration=74875/100000 objective=0.00074773592545043311 r=2.17956e-09/1.10677e-08 s=0.127799/0.000396696 projection_inf=1.16687e-16 rho=1e+08 support=417/12248
ADMM_ITER round=0/0 iteration=74900/100000 objective=0.00074754290774004439 r=2.19197e-09/1.10677e-08 s=0.12555/0.000396712 projection_inf=1.13002e-16 rho=1e+08 support=417/12248
ADMM_ITER round=0/0 iteration=74925/100000 objective=0.00074735506083566583 r=2.20138e-09/1.10677e-08 s=0.123785/0.000396728 projection_inf=1.17464e-16 rho=1e+08 support=417/12248
ADMM_ITER round=0/0 iteration=74950/100000 objective=0.00074717558754103307 r=2.20584e-09/1.10677e-08 s=0.122881/0.000396744 projection_inf=1.13577e-16 rho=1e+08 support=417/12248
ADMM_ITER round=0/0 iteration=74975/100000 objective=0.00074700550329590584 r=2.20572e-09/1.10677e-08 s=0.122643/0.00039676 projection_inf=1.04638e-16 rho=1e+08 support=416/12248
ADMM_ITER round=0/0 iteration=75000/100000 objective=0.00074684314272701344 r=2.19564e-09/1.10677e-08 s=0.12374/0.000396776 projection_inf=1.26816e-16 rho=1e+08 support=416/12248
ADMM_ITER round=0/0 iteration=75025/100000 objective=0.00074668552411117565 r=2.18343e-09/1.10677e-08 s=0.125704/0.000396793 projection_inf=1.08941e-16 rho=1e+08 support=416/12248
ADMM_ITER round=0/0 iteration=75050/100000 objective=0.00074652917693229391 r=2.17134e-09/1.10677e-08 s=0.127641/0.000396809 projection_inf=1.05674e-16 rho=1e+08 support=416/12248
ADMM_ITER round=0/0 iteration=75075/100000 objective=0.00074637402389903928 r=2.16215e-09/1.10677e-08 s=0.129068/0.000396826 projection_inf=1.16492e-16 rho=1e+08 support=416/12248
ADMM_ITER round=0/0 iteration=75100/100000 objective=0.00074621900454102327 r=2.15243e-09/1.10677e-08 s=0.130568/0.000396843 projection_inf=1.22398e-16 rho=1e+08 support=416/12248
ADMM_ITER round=0/0 iteration=75125/100000 objective=0.00074606054330785085 r=2.14296e-09/1.10677e-08 s=0.13201/0.00039686 projection_inf=1.18401e-16 rho=1e+08 support=416/12248
ADMM_ITER round=0/0 iteration=75150/100000 objective=0.00074589618206683309 r=2.13698e-09/1.10677e-08 s=0.132875/0.000396877 projection_inf=1.03535e-16 rho=1e+08 support=416/12248
ADMM_ITER round=0/0 iteration=75175/100000 objective=0.00074572680759500589 r=2.13361e-09/1.10677e-08 s=0.133317/0.000396894 projection_inf=1.24086e-16 rho=1e+08 support=416/12248
ADMM_ITER round=0/0 iteration=75200/100000 objective=0.00074555757751025966 r=2.13402e-09/1.10677e-08 s=0.133157/0.000396911 projection_inf=1.12309e-16 rho=1e+08 support=416/12248
ADMM_ITER round=0/0 iteration=75225/100000 objective=0.00074539334140473338 r=2.13868e-09/1.10677e-08 s=0.132313/0.000396928 projection_inf=1.24894e-16 rho=1e+08 support=416/12248
ADMM_ITER round=0/0 iteration=75250/100000 objective=0.00074523479217215968 r=2.14405e-09/1.10677e-08 s=0.131349/0.000396946 projection_inf=1.03944e-16 rho=1e+08 support=416/12248
ADMM_ITER round=0/0 iteration=75275/100000 objective=0.0007450793955266293 r=2.14789e-09/1.10677e-08 s=0.130629/0.000396963 projection_inf=1.17791e-16 rho=1e+08 support=416/12248
ADMM_ITER round=0/0 iteration=75300/100000 objective=0.00074492482182914087 r=2.15276e-09/1.10677e-08 s=0.12959/0.000396981 projection_inf=1.20167e-16 rho=1e+08 support=415/12248
ADMM_ITER round=0/0 iteration=75325/100000 objective=0.00074476955930573557 r=2.15895e-09/1.10677e-08 s=0.128421/0.000396998 projection_inf=1.13116e-16 rho=1e+08 support=415/12248
ADMM_ITER round=0/0 iteration=75350/100000 objective=0.00074461552958429277 r=2.16461e-09/1.10677e-08 s=0.127343/0.000397016 projection_inf=1.02536e-16 rho=1e+08 support=415/12248
ADMM_ITER round=0/0 iteration=75375/100000 objective=0.00074446624932110288 r=2.16932e-09/1.10677e-08 s=0.126255/0.000397034 projection_inf=1.38906e-16 rho=1e+08 support=414/12248
ADMM_ITER round=0/0 iteration=75400/100000 objective=0.00074432365520448168 r=2.16868e-09/1.10677e-08 s=0.126184/0.000397052 projection_inf=1.11449e-16 rho=1e+08 support=414/12248
ADMM_ITER round=0/0 iteration=75425/100000 objective=0.000744186620257073 r=2.16129e-09/1.10677e-08 s=0.127296/0.00039707 projection_inf=1.06644e-16 rho=1e+08 support=414/12248
ADMM_ITER round=0/0 iteration=75450/100000 objective=0.00074405114744040908 r=2.14667e-09/1.10677e-08 s=0.129613/0.000397088 projection_inf=1.06649e-16 rho=1e+08 support=414/12248
ADMM_ITER round=0/0 iteration=75475/100000 objective=0.00074391321858796545 r=2.12765e-09/1.10677e-08 s=0.13259/0.000397107 projection_inf=1.06307e-16 rho=1e+08 support=414/12248
ADMM_ITER round=0/0 iteration=75500/100000 objective=0.00074377074027343819 r=2.10573e-09/1.10677e-08 s=0.13593/0.000397125 projection_inf=1.106e-16 rho=1e+08 support=414/12248
ADMM_ITER round=0/0 iteration=75525/100000 objective=0.00074362155998938969 r=2.08186e-09/1.10677e-08 s=0.139452/0.000397143 projection_inf=1.27404e-16 rho=1e+08 support=414/12248
ADMM_ITER round=0/0 iteration=75550/100000 objective=0.00074346525121453259 r=2.05649e-09/1.10677e-08 s=0.143065/0.000397162 projection_inf=1.16132e-16 rho=1e+08 support=414/12248
ADMM_ITER round=0/0 iteration=75575/100000 objective=0.000743300487849579 r=2.03477e-09/1.10677e-08 s=0.146042/0.000397181 projection_inf=1.20598e-16 rho=1e+08 support=414/12248
ADMM_ITER round=0/0 iteration=75600/100000 objective=0.00074312815967819289 r=2.02162e-09/1.10677e-08 s=0.147763/0.000397199 projection_inf=1.17504e-16 rho=1e+08 support=414/12248
ADMM_ITER round=0/0 iteration=75625/100000 objective=0.00074294887412353181 r=2.01475e-09/1.10677e-08 s=0.148609/0.000397218 projection_inf=1.02774e-16 rho=1e+08 support=414/12248
ADMM_ITER round=0/0 iteration=75650/100000 objective=0.00074276116128115042 r=2.01105e-09/1.10677e-08 s=0.14902/0.000397237 projection_inf=1.11765e-16 rho=1e+08 support=414/12248
ADMM_ITER round=0/0 iteration=75675/100000 objective=0.00074256290861883533 r=2.01106e-09/1.10677e-08 s=0.148932/0.000397257 projection_inf=1.08875e-16 rho=1e+08 support=414/12248
ADMM_ITER round=0/0 iteration=75700/100000 objective=0.000742353443035395 r=2.01451e-09/1.10677e-08 s=0.148379/0.000397276 projection_inf=1.24861e-16 rho=1e+08 support=413/12248
ADMM_ITER round=0/0 iteration=75725/100000 objective=0.00074213354520697035 r=2.0202e-09/1.10677e-08 s=0.147514/0.000397295 projection_inf=1.08255e-16 rho=1e+08 support=413/12248
ADMM_ITER round=0/0 iteration=75750/100000 objective=0.0007419004679012454 r=2.02714e-09/1.10677e-08 s=0.146473/0.000397315 projection_inf=1.10856e-16 rho=1e+08 support=413/12248
ADMM_ITER round=0/0 iteration=75775/100000 objective=0.00074165126994492792 r=2.03457e-09/1.10677e-08 s=0.145355/0.000397334 projection_inf=1.31722e-16 rho=1e+08 support=413/12248
ADMM_ITER round=0/0 iteration=75800/100000 objective=0.00074138854498985668 r=2.03983e-09/1.10677e-08 s=0.144532/0.000397354 projection_inf=1.09086e-16 rho=1e+08 support=413/12248
ADMM_ITER round=0/0 iteration=75825/100000 objective=0.00074111751599148414 r=2.04142e-09/1.10677e-08 s=0.144223/0.000397374 projection_inf=1.12288e-16 rho=1e+08 support=413/12248
ADMM_ITER round=0/0 iteration=75850/100000 objective=0.00074084211675925723 r=2.04076e-09/1.10677e-08 s=0.144225/0.000397394 projection_inf=1.14876e-16 rho=1e+08 support=411/12248
ADMM_ITER round=0/0 iteration=75875/100000 objective=0.00074056464284341737 r=2.03972e-09/1.10677e-08 s=0.144281/0.000397415 projection_inf=1.13901e-16 rho=1e+08 support=412/12248
ADMM_ITER round=0/0 iteration=75900/100000 objective=0.00074028669206947621 r=2.03793e-09/1.10677e-08 s=0.144445/0.000397435 projection_inf=1.34518e-16 rho=1e+08 support=412/12248
ADMM_ITER round=0/0 iteration=75925/100000 objective=0.00074000915705716179 r=2.03307e-09/1.10677e-08 s=0.145042/0.000397456 projection_inf=1.03208e-16 rho=1e+08 support=412/12248
ADMM_ITER round=0/0 iteration=75950/100000 objective=0.00073973320497674468 r=2.02588e-09/1.10677e-08 s=0.14596/0.000397477 projection_inf=1.08139e-16 rho=1e+08 support=412/12248
ADMM_ITER round=0/0 iteration=75975/100000 objective=0.00073945949881963082 r=2.01846e-09/1.10677e-08 s=0.146904/0.000397498 projection_inf=1.16978e-16 rho=1e+08 support=412/12248
ADMM_ITER round=0/0 iteration=76000/100000 objective=0.0007391915082971903 r=2.01131e-09/1.10677e-08 s=0.147745/0.000397519 projection_inf=1.0796e-16 rho=1e+08 support=413/12248
ADMM_ITER round=0/0 iteration=76025/100000 objective=0.0007389280248575505 r=2.01048e-09/1.10676e-08 s=0.147749/0.000397541 projection_inf=1.1576e-16 rho=1e+08 support=413/12248
ADMM_ITER round=0/0 iteration=76050/100000 objective=0.00073867053166908633 r=2.01493e-09/1.10676e-08 s=0.147024/0.000397562 projection_inf=1.0184e-16 rho=1e+08 support=414/12248
ADMM_ITER round=0/0 iteration=76075/100000 objective=0.0007384209406719462 r=2.02026e-09/1.10676e-08 s=0.146159/0.000397584 projection_inf=1.08832e-16 rho=1e+08 support=414/12248
ADMM_ITER round=0/0 iteration=76100/100000 objective=0.00073817691272488038 r=2.02633e-09/1.10676e-08 s=0.145199/0.000397606 projection_inf=1.11015e-16 rho=1e+08 support=414/12248
ADMM_ITER round=0/0 iteration=76125/100000 objective=0.00073793821577059426 r=2.03415e-09/1.10676e-08 s=0.143988/0.000397628 projection_inf=1.17084e-16 rho=1e+08 support=414/12248
ADMM_ITER round=0/0 iteration=76150/100000 objective=0.0007377007416017584 r=2.04118e-09/1.10676e-08 s=0.142878/0.00039765 projection_inf=1.22793e-16 rho=1e+08 support=415/12248
ADMM_ITER round=0/0 iteration=76175/100000 objective=0.00073746350942576323 r=2.04273e-09/1.10676e-08 s=0.14255/0.000397673 projection_inf=1.12307e-16 rho=1e+08 support=415/12248
ADMM_ITER round=0/0 iteration=76200/100000 objective=0.00073722992853594773 r=2.03656e-09/1.10676e-08 s=0.143325/0.000397695 projection_inf=1.23784e-16 rho=1e+08 support=415/12248
ADMM_ITER round=0/0 iteration=76225/100000 objective=0.00073699897725067675 r=2.02339e-09/1.10676e-08 s=0.145079/0.000397718 projection_inf=1.03492e-16 rho=1e+08 support=415/12248
ADMM_ITER round=0/0 iteration=76250/100000 objective=0.00073677024921548352 r=2.00472e-09/1.10676e-08 s=0.147551/0.000397741 projection_inf=1.19366e-16 rho=1e+08 support=415/12248
ADMM_ITER round=0/0 iteration=76275/100000 objective=0.00073654300227113997 r=1.98298e-09/1.10676e-08 s=0.150368/0.000397764 projection_inf=1.19376e-16 rho=1e+08 support=415/12248
ADMM_ITER round=0/0 iteration=76300/100000 objective=0.0007363183577161434 r=1.95988e-09/1.10676e-08 s=0.153277/0.000397787 projection_inf=1.1861e-16 rho=1e+08 support=415/12248
ADMM_ITER round=0/0 iteration=76325/100000 objective=0.00073609584953008807 r=1.9379e-09/1.10676e-08 s=0.15596/0.00039781 projection_inf=1.36631e-16 rho=1e+08 support=415/12248
ADMM_ITER round=0/0 iteration=76350/100000 objective=0.0007358744601162336 r=1.9205e-09/1.10676e-08 s=0.158014/0.000397833 projection_inf=1.1386e-16 rho=1e+08 support=415/12248
ADMM_ITER round=0/0 iteration=76375/100000 objective=0.00073565591802727669 r=1.90841e-09/1.10676e-08 s=0.15939/0.000397857 projection_inf=1.05621e-16 rho=1e+08 support=415/12248
ADMM_ITER round=0/0 iteration=76400/100000 objective=0.00073544082723160827 r=1.90283e-09/1.10676e-08 s=0.159976/0.000397881 projection_inf=1.23835e-16 rho=1e+08 support=415/12248
ADMM_ITER round=0/0 iteration=76425/100000 objective=0.00073522877111737925 r=1.90506e-09/1.10676e-08 s=0.15963/0.000397904 projection_inf=1.04957e-16 rho=1e+08 support=415/12248
ADMM_ITER round=0/0 iteration=76450/100000 objective=0.00073501914140790216 r=1.91449e-09/1.10676e-08 s=0.158418/0.000397928 projection_inf=1.30714e-16 rho=1e+08 support=415/12248
ADMM_ITER round=0/0 iteration=76475/100000 objective=0.00073480885635602037 r=1.92964e-09/1.10676e-08 s=0.156489/0.000397952 projection_inf=1.04917e-16 rho=1e+08 support=415/12248
ADMM_ITER round=0/0 iteration=76500/100000 objective=0.00073459324799685902 r=1.94962e-09/1.10676e-08 s=0.153913/0.000397976 projection_inf=1.14724e-16 rho=1e+08 support=415/12248
ADMM_ITER round=0/0 iteration=76525/100000 objective=0.00073436883961173322 r=1.97275e-09/1.10676e-08 s=0.150856/0.000398001 projection_inf=1.14963e-16 rho=1e+08 support=415/12248
ADMM_ITER round=0/0 iteration=76550/100000 objective=0.00073413515250873049 r=1.9963e-09/1.10676e-08 s=0.147644/0.000398025 projection_inf=1.01363e-16 rho=1e+08 support=415/12248
ADMM_ITER round=0/0 iteration=76575/100000 objective=0.00073389385138901398 r=2.01785e-09/1.10676e-08 s=0.144602/0.00039805 projection_inf=1.13287e-16 rho=1e+08 support=415/12248
ADMM_ITER round=0/0 iteration=76600/100000 objective=0.00073364611373714353 r=2.037e-09/1.10676e-08 s=0.141807/0.000398075 projection_inf=1.0233e-16 rho=1e+08 support=415/12248
ADMM_ITER round=0/0 iteration=76625/100000 objective=0.0007333929431085867 r=2.05461e-09/1.10676e-08 s=0.13916/0.0003981 projection_inf=1.04247e-16 rho=1e+08 support=415/12248
ADMM_ITER round=0/0 iteration=76650/100000 objective=0.00073313518408542615 r=2.07025e-09/1.10676e-08 s=0.136736/0.000398125 projection_inf=1.1039e-16 rho=1e+08 support=415/12248
ADMM_ITER round=0/0 iteration=76675/100000 objective=0.00073287275987827009 r=2.0826e-09/1.10676e-08 s=0.134762/0.00039815 projection_inf=1.19741e-16 rho=1e+08 support=415/12248
ADMM_ITER round=0/0 iteration=76700/100000 objective=0.00073260492863830675 r=2.09001e-09/1.10676e-08 s=0.133525/0.000398175 projection_inf=1.1341e-16 rho=1e+08 support=414/12248
ADMM_ITER round=0/0 iteration=76725/100000 objective=0.00073233198322286155 r=2.08682e-09/1.10676e-08 s=0.133603/0.000398201 projection_inf=1.15516e-16 rho=1e+08 support=415/12248
ADMM_ITER round=0/0 iteration=76750/100000 objective=0.0007320513499449201 r=2.08162e-09/1.10676e-08 s=0.134205/0.000398227 projection_inf=1.02276e-16 rho=1e+08 support=415/12248
ADMM_ITER round=0/0 iteration=76775/100000 objective=0.00073177073025447188 r=2.06487e-09/1.10676e-08 s=0.136541/0.000398253 projection_inf=1.22379e-16 rho=1e+08 support=416/12248
ADMM_ITER round=0/0 iteration=76800/100000 objective=0.0007314886514331588 r=2.04458e-09/1.10676e-08 s=0.139374/0.000398279 projection_inf=1.16009e-16 rho=1e+08 support=416/12248
ADMM_ITER round=0/0 iteration=76825/100000 objective=0.00073120364399284986 r=2.02221e-09/1.10676e-08 s=0.142434/0.000398305 projection_inf=1.11111e-16 rho=1e+08 support=416/12248
ADMM_ITER round=0/0 iteration=76850/100000 objective=0.00073091973352690459 r=1.99863e-09/1.10676e-08 s=0.145573/0.000398332 projection_inf=1.28791e-16 rho=1e+08 support=415/12248
ADMM_ITER round=0/0 iteration=76875/100000 objective=0.00073064408359159178 r=1.97757e-09/1.10676e-08 s=0.148271/0.000398358 projection_inf=1.2418e-16 rho=1e+08 support=415/12248
ADMM_ITER round=0/0 iteration=76900/100000 objective=0.00073038086008171254 r=1.96468e-09/1.10676e-08 s=0.149836/0.000398385 projection_inf=1.06237e-16 rho=1e+08 support=415/12248
ADMM_ITER round=0/0 iteration=76925/100000 objective=0.00073012955494003169 r=1.96047e-09/1.10676e-08 s=0.150254/0.000398412 projection_inf=1.03148e-16 rho=1e+08 support=415/12248
ADMM_ITER round=0/0 iteration=76950/100000 objective=0.00072989020884029561 r=1.96208e-09/1.10676e-08 s=0.149918/0.000398439 projection_inf=1.24821e-16 rho=1e+08 support=415/12248
ADMM_ITER round=0/0 iteration=76975/100000 objective=0.000729660946941127 r=1.96731e-09/1.10676e-08 s=0.149107/0.000398467 projection_inf=1.0406e-16 rho=1e+08 support=415/12248
ADMM_ITER round=0/0 iteration=77000/100000 objective=0.0007294378656315018 r=1.97703e-09/1.10676e-08 s=0.147695/0.000398494 projection_inf=1.03614e-16 rho=1e+08 support=415/12248
ADMM_ITER round=0/0 iteration=77025/100000 objective=0.00072921736864738497 r=1.98637e-09/1.10676e-08 s=0.146319/0.000398522 projection_inf=1.04475e-16 rho=1e+08 support=415/12248
ADMM_ITER round=0/0 iteration=77050/100000 objective=0.00072899780628053257 r=1.99137e-09/1.10676e-08 s=0.14552/0.00039855 projection_inf=1.07863e-16 rho=1e+08 support=415/12248
ADMM_ITER round=0/0 iteration=77075/100000 objective=0.00072878270144235014 r=1.9974e-09/1.10676e-08 s=0.144577/0.000398577 projection_inf=1.31166e-16 rho=1e+08 support=415/12248
ADMM_ITER round=0/0 iteration=77100/100000 objective=0.00072857572188485286 r=2.00573e-09/1.10676e-08 s=0.143306/0.000398605 projection_inf=1.10667e-16 rho=1e+08 support=415/12248
ADMM_ITER round=0/0 iteration=77125/100000 objective=0.00072838133347020084 r=2.01045e-09/1.10676e-08 s=0.142529/0.000398634 projection_inf=1.28994e-16 rho=1e+08 support=416/12248
ADMM_ITER round=0/0 iteration=77150/100000 objective=0.00072820400124521377 r=2.0094e-09/1.10676e-08 s=0.14256/0.000398662 projection_inf=1.15609e-16 rho=1e+08 support=416/12248
ADMM_ITER round=0/0 iteration=77175/100000 objective=0.00072804388102433589 r=2.00186e-09/1.10676e-08 s=0.143503/0.00039869 projection_inf=1.13957e-16 rho=1e+08 support=416/12248
ADMM_ITER round=0/0 iteration=77200/100000 objective=0.00072789719480142686 r=1.98986e-09/1.10676e-08 s=0.145052/0.000398719 projection_inf=1.14438e-16 rho=1e+08 support=416/12248
ADMM_ITER round=0/0 iteration=77225/100000 objective=0.000727760232188653 r=1.97418e-09/1.10676e-08 s=0.147072/0.000398747 projection_inf=1.10937e-16 rho=1e+08 support=416/12248
ADMM_ITER round=0/0 iteration=77250/100000 objective=0.00072763285644595244 r=1.9524e-09/1.10676e-08 s=0.149847/0.000398776 projection_inf=1.0395e-16 rho=1e+08 support=416/12248
ADMM_ITER round=0/0 iteration=77275/100000 objective=0.00072751475720279717 r=1.92668e-09/1.10676e-08 s=0.153041/0.000398804 projection_inf=1.32081e-16 rho=1e+08 support=416/12248
ADMM_ITER round=0/0 iteration=77300/100000 objective=0.00072740289909663941 r=1.90247e-09/1.10676e-08 s=0.155943/0.000398833 projection_inf=1.18715e-16 rho=1e+08 support=416/12248
ADMM_ITER round=0/0 iteration=77325/100000 objective=0.00072729478694813152 r=1.88633e-09/1.10676e-08 s=0.157798/0.000398862 projection_inf=1.14021e-16 rho=1e+08 support=416/12248
ADMM_ITER round=0/0 iteration=77350/100000 objective=0.00072718947725086474 r=1.88116e-09/1.10676e-08 s=0.158321/0.000398891 projection_inf=1.17975e-16 rho=1e+08 support=416/12248
ADMM_ITER round=0/0 iteration=77375/100000 objective=0.00072708563863386057 r=1.88437e-09/1.10676e-08 s=0.157846/0.00039892 projection_inf=1.15011e-16 rho=1e+08 support=416/12248
ADMM_ITER round=0/0 iteration=77400/100000 objective=0.00072698166695147682 r=1.89237e-09/1.10676e-08 s=0.156795/0.000398949 projection_inf=1.08829e-16 rho=1e+08 support=416/12248
ADMM_ITER round=0/0 iteration=77425/100000 objective=0.000726879746077713 r=1.90807e-09/1.10676e-08 s=0.154055/0.000398978 projection_inf=1.11543e-16 rho=1e+08 support=415/12248
ADMM_ITER round=0/0 iteration=77450/100000 objective=0.0007267841331662164 r=1.93297e-09/1.10676e-08 s=0.150677/0.000399007 projection_inf=1.17981e-16 rho=1e+08 support=415/12248
ADMM_ITER round=0/0 iteration=77475/100000 objective=0.00072668580388745663 r=1.95968e-09/1.10676e-08 s=0.147011/0.000399036 projection_inf=1.09831e-16 rho=1e+08 support=415/12248
ADMM_ITER round=0/0 iteration=77500/100000 objective=0.00072658587654035134 r=1.97634e-09/1.10676e-08 s=0.144606/0.000399066 projection_inf=1.11898e-16 rho=1e+08 support=415/12248
ADMM_ITER round=0/0 iteration=77525/100000 objective=0.0007264890575558972 r=1.982e-09/1.10676e-08 s=0.143682/0.000399095 projection_inf=1.23521e-16 rho=1e+08 support=415/12248
ADMM_ITER round=0/0 iteration=77550/100000 objective=0.00072639778257824411 r=1.97892e-09/1.10676e-08 s=0.143966/0.000399124 projection_inf=1.08672e-16 rho=1e+08 support=415/12248
ADMM_ITER round=0/0 iteration=77575/100000 objective=0.00072630832820829274 r=1.97048e-09/1.10676e-08 s=0.144986/0.000399154 projection_inf=1.11177e-16 rho=1e+08 support=415/12248
ADMM_ITER round=0/0 iteration=77600/100000 objective=0.0007262219245459077 r=1.95985e-09/1.10676e-08 s=0.146292/0.000399183 projection_inf=1.18535e-16 rho=1e+08 support=415/12248
ADMM_ITER round=0/0 iteration=77625/100000 objective=0.0007261380344116005 r=1.94865e-09/1.10676e-08 s=0.147658/0.000399213 projection_inf=1.21102e-16 rho=1e+08 support=415/12248
ADMM_ITER round=0/0 iteration=77650/100000 objective=0.00072605166903016831 r=1.93845e-09/1.10676e-08 s=0.148877/0.000399243 projection_inf=1.2067e-16 rho=1e+08 support=415/12248
ADMM_ITER round=0/0 iteration=77675/100000 objective=0.00072596023534266592 r=1.92746e-09/1.10676e-08 s=0.150182/0.000399272 projection_inf=1.11176e-16 rho=1e+08 support=415/12248
ADMM_ITER round=0/0 iteration=77700/100000 objective=0.00072586015356707328 r=1.91552e-09/1.10676e-08 s=0.151591/0.000399302 projection_inf=1.16888e-16 rho=1e+08 support=415/12248
ADMM_ITER round=0/0 iteration=77725/100000 objective=0.00072574908005725697 r=1.90761e-09/1.10676e-08 s=0.152475/0.000399332 projection_inf=1.25985e-16 rho=1e+08 support=415/12248
ADMM_ITER round=0/0 iteration=77750/100000 objective=0.00072563256608811349 r=1.91224e-09/1.10676e-08 s=0.150462/0.000399362 projection_inf=1.30076e-16 rho=1e+08 support=414/12248
ADMM_ITER round=0/0 iteration=77775/100000 objective=0.00072551546142958663 r=1.92105e-09/1.10676e-08 s=0.148992/0.000399392 projection_inf=1.14997e-16 rho=1e+08 support=414/12248
ADMM_ITER round=0/0 iteration=77800/100000 objective=0.00072540585307744629 r=1.93573e-09/1.10676e-08 s=0.146833/0.000399422 projection_inf=1.06255e-16 rho=1e+08 support=414/12248
ADMM_ITER round=0/0 iteration=77825/100000 objective=0.00072530387268072549 r=1.9541e-09/1.10676e-08 s=0.144171/0.000399452 projection_inf=1.28786e-16 rho=1e+08 support=414/12248
ADMM_ITER round=0/0 iteration=77850/100000 objective=0.00072520941290741495 r=1.97434e-09/1.10676e-08 s=0.1412/0.000399482 projection_inf=1.13207e-16 rho=1e+08 support=414/12248
ADMM_ITER round=0/0 iteration=77875/100000 objective=0.00072511568631071152 r=1.99677e-09/1.10676e-08 s=0.137836/0.000399512 projection_inf=1.03152e-16 rho=1e+08 support=414/12248
ADMM_ITER round=0/0 iteration=77900/100000 objective=0.00072502394676341602 r=2.01481e-09/1.10676e-08 s=0.135019/0.000399543 projection_inf=1.09635e-16 rho=1e+08 support=414/12248
ADMM_ITER round=0/0 iteration=77925/100000 objective=0.00072493385444636683 r=2.02493e-09/1.10676e-08 s=0.133337/0.000399573 projection_inf=1.07321e-16 rho=1e+08 support=414/12248
ADMM_ITER round=0/0 iteration=77950/100000 objective=0.00072484155660429764 r=2.02358e-09/1.10676e-08 s=0.133389/0.000399603 projection_inf=1.29772e-16 rho=1e+08 support=414/12248
ADMM_ITER round=0/0 iteration=77975/100000 objective=0.00072474724749765039 r=2.01115e-09/1.10676e-08 s=0.135088/0.000399634 projection_inf=1.12701e-16 rho=1e+08 support=415/12248
ADMM_ITER round=0/0 iteration=78000/100000 objective=0.00072465339148632428 r=1.99308e-09/1.10676e-08 s=0.137577/0.000399664 projection_inf=1.18764e-16 rho=1e+08 support=415/12248
ADMM_ITER round=0/0 iteration=78025/100000 objective=0.00072455802427421256 r=1.96984e-09/1.10676e-08 s=0.140439/0.000399695 projection_inf=1.16769e-16 rho=1e+08 support=416/12248
ADMM_ITER round=0/0 iteration=78050/100000 objective=0.00072445865337474632 r=1.94899e-09/1.10676e-08 s=0.143028/0.000399725 projection_inf=1.1857e-16 rho=1e+08 support=416/12248
ADMM_ITER round=0/0 iteration=78075/100000 objective=0.00072436433702851677 r=1.9341e-09/1.10676e-08 s=0.144813/0.000399756 projection_inf=1.23984e-16 rho=1e+08 support=415/12248
ADMM_ITER round=0/0 iteration=78100/100000 objective=0.00072427922455672606 r=1.92448e-09/1.10676e-08 s=0.145892/0.000399787 projection_inf=1.12811e-16 rho=1e+08 support=415/12248
ADMM_ITER round=0/0 iteration=78125/100000 objective=0.00072420519702709333 r=1.91613e-09/1.10676e-08 s=0.146809/0.000399818 projection_inf=1.23314e-16 rho=1e+08 support=415/12248
ADMM_ITER round=0/0 iteration=78150/100000 objective=0.00072414756438369979 r=1.90999e-09/1.10676e-08 s=0.14744/0.000399848 projection_inf=1.06396e-16 rho=1e+08 support=415/12248
ADMM_ITER round=0/0 iteration=78175/100000 objective=0.00072410587021980936 r=1.90741e-09/1.10676e-08 s=0.147614/0.000399879 projection_inf=1.11449e-16 rho=1e+08 support=415/12248
ADMM_ITER round=0/0 iteration=78200/100000 objective=0.00072407657354953494 r=1.91075e-09/1.10676e-08 s=0.147027/0.00039991 projection_inf=1.099e-16 rho=1e+08 support=415/12248
ADMM_ITER round=0/0 iteration=78225/100000 objective=0.00072405524555448509 r=1.9182e-09/1.10676e-08 s=0.145905/0.000399941 projection_inf=1.14383e-16 rho=1e+08 support=415/12248
ADMM_ITER round=0/0 iteration=78250/100000 objective=0.00072403860028315487 r=1.92734e-09/1.10676e-08 s=0.144548/0.000399972 projection_inf=1.1559e-16 rho=1e+08 support=415/12248
ADMM_ITER round=0/0 iteration=78275/100000 objective=0.00072402505311128468 r=1.93926e-09/1.10676e-08 s=0.142799/0.000400003 projection_inf=1.0503e-16 rho=1e+08 support=415/12248
ADMM_ITER round=0/0 iteration=78300/100000 objective=0.00072400963167653276 r=1.95299e-09/1.10676e-08 s=0.140772/0.000400034 projection_inf=1.24831e-16 rho=1e+08 support=415/12248
ADMM_ITER round=0/0 iteration=78325/100000 objective=0.00072398813354906662 r=1.96925e-09/1.10676e-08 s=0.138345/0.000400065 projection_inf=1.2557e-16 rho=1e+08 support=415/12248
ADMM_ITER round=0/0 iteration=78350/100000 objective=0.00072395839879440475 r=1.98862e-09/1.10676e-08 s=0.135403/0.000400096 projection_inf=1.20672e-16 rho=1e+08 support=415/12248
ADMM_ITER round=0/0 iteration=78375/100000 objective=0.00072392107071327647 r=2.00658e-09/1.10676e-08 s=0.132583/0.000400127 projection_inf=1.08374e-16 rho=1e+08 support=415/12248
ADMM_ITER round=0/0 iteration=78400/100000 objective=0.00072387451426522318 r=2.02085e-09/1.10676e-08 s=0.130253/0.000400158 projection_inf=1.10904e-16 rho=1e+08 support=415/12248
ADMM_ITER round=0/0 iteration=78425/100000 objective=0.00072381729723707076 r=2.02951e-09/1.10676e-08 s=0.128756/0.000400189 projection_inf=1.09706e-16 rho=1e+08 support=415/12248
ADMM_ITER round=0/0 iteration=78450/100000 objective=0.00072375385674350106 r=2.03105e-09/1.10676e-08 s=0.12837/0.00040022 projection_inf=1.06049e-16 rho=1e+08 support=415/12248
ADMM_ITER round=0/0 iteration=78475/100000 objective=0.00072368877726778052 r=2.02714e-09/1.10676e-08 s=0.128773/0.000400251 projection_inf=1.09075e-16 rho=1e+08 support=414/12248
ADMM_ITER round=0/0 iteration=78500/100000 objective=0.00072361857579933853 r=2.0213e-09/1.10676e-08 s=0.129534/0.000400282 projection_inf=1.1621e-16 rho=1e+08 support=414/12248
ADMM_ITER round=0/0 iteration=78525/100000 objective=0.0007235409240472228 r=2.01247e-09/1.10676e-08 s=0.130656/0.000400314 projection_inf=1.12426e-16 rho=1e+08 support=415/12248
ADMM_ITER round=0/0 iteration=78550/100000 objective=0.00072345734736730337 r=2.00376e-09/1.10676e-08 s=0.131796/0.000400345 projection_inf=1.15174e-16 rho=1e+08 support=415/12248
ADMM_ITER round=0/0 iteration=78575/100000 objective=0.00072336922815762481 r=1.99433e-09/1.10676e-08 s=0.133045/0.000400376 projection_inf=1.08475e-16 rho=1e+08 support=415/12248
ADMM_ITER round=0/0 iteration=78600/100000 objective=0.00072327530032524222 r=1.98531e-09/1.10676e-08 s=0.134227/0.000400408 projection_inf=1.10773e-16 rho=1e+08 support=415/12248
ADMM_ITER round=0/0 iteration=78625/100000 objective=0.00072318086912448508 r=1.97779e-09/1.10676e-08 s=0.135171/0.000400439 projection_inf=1.06564e-16 rho=1e+08 support=416/12248
ADMM_ITER round=0/0 iteration=78650/100000 objective=0.00072309246242414633 r=1.96868e-09/1.10676e-08 s=0.136335/0.00040047 projection_inf=1.0833e-16 rho=1e+08 support=415/12248
ADMM_ITER round=0/0 iteration=78675/100000 objective=0.00072301090394422997 r=1.96118e-09/1.10676e-08 s=0.137249/0.000400502 projection_inf=1.0435e-16 rho=1e+08 support=415/12248
ADMM_ITER round=0/0 iteration=78700/100000 objective=0.00072293774233466129 r=1.95739e-09/1.10676e-08 s=0.137638/0.000400534 projection_inf=1.10101e-16 rho=1e+08 support=415/12248
ADMM_ITER round=0/0 iteration=78725/100000 objective=0.00072287297458701553 r=1.95992e-09/1.10676e-08 s=0.137131/0.000400565 projection_inf=1.13406e-16 rho=1e+08 support=415/12248
ADMM_ITER round=0/0 iteration=78750/100000 objective=0.00072281984663698023 r=1.96883e-09/1.10676e-08 s=0.135704/0.000400597 projection_inf=1.09877e-16 rho=1e+08 support=415/12248
ADMM_ITER round=0/0 iteration=78775/100000 objective=0.0007227754704374655 r=1.97848e-09/1.10676e-08 s=0.134152/0.000400629 projection_inf=1.06179e-16 rho=1e+08 support=415/12248
ADMM_ITER round=0/0 iteration=78800/100000 objective=0.00072273695869001656 r=1.98847e-09/1.10676e-08 s=0.132526/0.00040066 projection_inf=1.07567e-16 rho=1e+08 support=415/12248
ADMM_ITER round=0/0 iteration=78825/100000 objective=0.00072270404651852374 r=2.00358e-09/1.10676e-08 s=0.13009/0.000400692 projection_inf=1.10556e-16 rho=1e+08 support=415/12248
ADMM_ITER round=0/0 iteration=78850/100000 objective=0.00072267277483039846 r=2.01963e-09/1.10676e-08 s=0.127444/0.000400724 projection_inf=1.13384e-16 rho=1e+08 support=415/12248
ADMM_ITER round=0/0 iteration=78875/100000 objective=0.00072263973453752083 r=2.03048e-09/1.10676e-08 s=0.125568/0.000400756 projection_inf=1.21731e-16 rho=1e+08 support=415/12248
ADMM_ITER round=0/0 iteration=78900/100000 objective=0.00072260159639159639 r=2.0319e-09/1.10676e-08 s=0.125199/0.000400788 projection_inf=1.06714e-16 rho=1e+08 support=415/12248
ADMM_ITER round=0/0 iteration=78925/100000 objective=0.00072255923102253097 r=2.0251e-09/1.10676e-08 s=0.126158/0.000400819 projection_inf=1.07559e-16 rho=1e+08 support=415/12248
ADMM_ITER round=0/0 iteration=78950/100000 objective=0.00072251642200061531 r=2.01346e-09/1.10676e-08 s=0.127792/0.000400851 projection_inf=1.18646e-16 rho=1e+08 support=416/12248
ADMM_ITER round=0/0 iteration=78975/100000 objective=0.00072247697704036419 r=1.9999e-09/1.10676e-08 s=0.129739/0.000400883 projection_inf=1.06308e-16 rho=1e+08 support=416/12248
ADMM_ITER round=0/0 iteration=79000/100000 objective=0.00072244274895269978 r=1.98395e-09/1.10676e-08 s=0.132015/0.000400915 projection_inf=1.17951e-16 rho=1e+08 support=416/12248
ADMM_ITER round=0/0 iteration=79025/100000 objective=0.00072241755091297056 r=1.96641e-09/1.10676e-08 s=0.134475/0.000400947 projection_inf=1.27009e-16 rho=1e+08 support=416/12248
ADMM_ITER round=0/0 iteration=79050/100000 objective=0.00072239873370533115 r=1.95047e-09/1.10676e-08 s=0.136643/0.000400979 projection_inf=1.14608e-16 rho=1e+08 support=416/12248
ADMM_ITER round=0/0 iteration=79075/100000 objective=0.00072238903187478681 r=1.94798e-09/1.10676e-08 s=0.134848/0.000401011 projection_inf=1.12995e-16 rho=1e+08 support=416/12248
ADMM_ITER round=0/0 iteration=79100/100000 objective=0.00072238834383346422 r=1.93939e-09/1.10676e-08 s=0.135351/0.000401043 projection_inf=1.2885e-16 rho=1e+08 support=416/12248
ADMM_ITER round=0/0 iteration=79125/100000 objective=0.00072238999521515219 r=1.93676e-09/1.10676e-08 s=0.135247/0.000401075 projection_inf=1.19224e-16 rho=1e+08 support=416/12248
ADMM_ITER round=0/0 iteration=79150/100000 objective=0.00072239648514956444 r=1.9328e-09/1.10676e-08 s=0.135438/0.000401107 projection_inf=1.21776e-16 rho=1e+08 support=416/12248
ADMM_ITER round=0/0 iteration=79175/100000 objective=0.00072241034205770317 r=1.922e-09/1.10676e-08 s=0.136654/0.000401139 projection_inf=1.11147e-16 rho=1e+08 support=416/12248
ADMM_ITER round=0/0 iteration=79200/100000 objective=0.00072242630652850307 r=1.90782e-09/1.10676e-08 s=0.138357/0.000401171 projection_inf=1.1532e-16 rho=1e+08 support=416/12248
ADMM_ITER round=0/0 iteration=79225/100000 objective=0.00072243928786927146 r=1.89121e-09/1.10676e-08 s=0.140379/0.000401203 projection_inf=1.09123e-16 rho=1e+08 support=416/12248
ADMM_ITER round=0/0 iteration=79250/100000 objective=0.00072244792156418746 r=1.87434e-09/1.10676e-08 s=0.142408/0.000401235 projection_inf=1.30101e-16 rho=1e+08 support=416/12248
ADMM_ITER round=0/0 iteration=79275/100000 objective=0.00072245595835182801 r=1.86012e-09/1.10676e-08 s=0.144062/0.000401267 projection_inf=1.13536e-16 rho=1e+08 support=416/12248
ADMM_ITER round=0/0 iteration=79300/100000 objective=0.00072245785216350179 r=1.85151e-09/1.10676e-08 s=0.144981/0.000401299 projection_inf=1.10816e-16 rho=1e+08 support=416/12248
ADMM_ITER round=0/0 iteration=79325/100000 objective=0.00072245719982984215 r=1.85287e-09/1.10676e-08 s=0.144631/0.000401331 projection_inf=1.05515e-16 rho=1e+08 support=416/12248
ADMM_ITER round=0/0 iteration=79350/100000 objective=0.00072245162986121715 r=1.86451e-09/1.10676e-08 s=0.142957/0.000401363 projection_inf=1.10162e-16 rho=1e+08 support=416/12248
ADMM_ITER round=0/0 iteration=79375/100000 objective=0.00072243856792323041 r=1.88745e-09/1.10676e-08 s=0.139749/0.000401395 projection_inf=1.21505e-16 rho=1e+08 support=416/12248
ADMM_ITER round=0/0 iteration=79400/100000 objective=0.00072242169896838545 r=1.90977e-09/1.10676e-08 s=0.136518/0.000401427 projection_inf=1.05611e-16 rho=1e+08 support=416/12248
ADMM_ITER round=0/0 iteration=79425/100000 objective=0.0007223989018909704 r=1.92729e-09/1.10676e-08 s=0.13387/0.000401459 projection_inf=1.1611e-16 rho=1e+08 support=416/12248
ADMM_ITER round=0/0 iteration=79450/100000 objective=0.00072236798399764987 r=1.94044e-09/1.10676e-08 s=0.131733/0.000401491 projection_inf=1.07518e-16 rho=1e+08 support=417/12248
ADMM_ITER round=0/0 iteration=79475/100000 objective=0.00072232863204269395 r=1.95021e-09/1.10676e-08 s=0.130027/0.000401523 projection_inf=1.10598e-16 rho=1e+08 support=417/12248
ADMM_ITER round=0/0 iteration=79500/100000 objective=0.00072228306506617705 r=1.95471e-09/1.10676e-08 s=0.129121/0.000401555 projection_inf=1.31587e-16 rho=1e+08 support=417/12248
ADMM_ITER round=0/0 iteration=79525/100000 objective=0.00072223227954827641 r=1.95444e-09/1.10676e-08 s=0.12895/0.000401587 projection_inf=1.35408e-16 rho=1e+08 support=417/12248
ADMM_ITER round=0/0 iteration=79550/100000 objective=0.0007221723999897607 r=1.94643e-09/1.10676e-08 s=0.129958/0.000401619 projection_inf=1.16103e-16 rho=1e+08 support=417/12248
ADMM_ITER round=0/0 iteration=79575/100000 objective=0.00072210786473798471 r=1.93786e-09/1.10676e-08 s=0.131043/0.000401651 projection_inf=1.22946e-16 rho=1e+08 support=417/12248
ADMM_ITER round=0/0 iteration=79600/100000 objective=0.00072204000912521606 r=1.93726e-09/1.10676e-08 s=0.130949/0.000401683 projection_inf=1.24893e-16 rho=1e+08 support=417/12248
ADMM_ITER round=0/0 iteration=79625/100000 objective=0.00072197472517891053 r=1.93986e-09/1.10676e-08 s=0.130388/0.000401715 projection_inf=1.15798e-16 rho=1e+08 support=417/12248
ADMM_ITER round=0/0 iteration=79650/100000 objective=0.00072191353674193933 r=1.94309e-09/1.10676e-08 s=0.129734/0.000401748 projection_inf=1.22649e-16 rho=1e+08 support=417/12248
ADMM_ITER round=0/0 iteration=79675/100000 objective=0.00072185549327477008 r=1.94958e-09/1.10676e-08 s=0.128586/0.00040178 projection_inf=1.17465e-16 rho=1e+08 support=417/12248
ADMM_ITER round=0/0 iteration=79700/100000 objective=0.00072180540921443779 r=1.9611e-09/1.10676e-08 s=0.126655/0.000401812 projection_inf=1.22096e-16 rho=1e+08 support=417/12248
ADMM_ITER round=0/0 iteration=79725/100000 objective=0.0007217746486874409 r=2.00097e-09/1.10676e-08 s=0.117297/0.000401845 projection_inf=1.12353e-16 rho=1e+08 support=416/12248
ADMM_ITER round=0/0 iteration=79750/100000 objective=0.0007217598718874059 r=2.02001e-09/1.10676e-08 s=0.113065/0.000401877 projection_inf=1.22821e-16 rho=1e+08 support=416/12248
ADMM_ITER round=0/0 iteration=79775/100000 objective=0.00072175703602816109 r=2.02366e-09/1.10676e-08 s=0.1117/0.000401909 projection_inf=1.06415e-16 rho=1e+08 support=415/12248
ADMM_ITER round=0/0 iteration=79800/100000 objective=0.00072176426372420129 r=2.02788e-09/1.10676e-08 s=0.110333/0.000401942 projection_inf=1.03384e-16 rho=1e+08 support=416/12248
ADMM_ITER round=0/0 iteration=79825/100000 objective=0.00072178392527214312 r=2.02823e-09/1.10676e-08 s=0.109743/0.000401974 projection_inf=1.04967e-16 rho=1e+08 support=416/12248
ADMM_ITER round=0/0 iteration=79850/100000 objective=0.00072181168152133334 r=2.02454e-09/1.10676e-08 s=0.10995/0.000402007 projection_inf=1.15677e-16 rho=1e+08 support=416/12248
ADMM_ITER round=0/0 iteration=79875/100000 objective=0.00072183964188738358 r=2.02456e-09/1.10676e-08 s=0.109511/0.000402039 projection_inf=1.37221e-16 rho=1e+08 support=416/12248
ADMM_ITER round=0/0 iteration=79900/100000 objective=0.00072185984569789218 r=2.02956e-09/1.10676e-08 s=0.108172/0.000402071 projection_inf=1.25519e-16 rho=1e+08 support=416/12248
ADMM_ITER round=0/0 iteration=79925/100000 objective=0.00072188213669808555 r=2.03159e-09/1.10676e-08 s=0.107402/0.000402104 projection_inf=1.05934e-16 rho=1e+08 support=416/12248
ADMM_ITER round=0/0 iteration=79950/100000 objective=0.00072191274016442932 r=2.02725e-09/1.10676e-08 s=0.107854/0.000402136 projection_inf=1.21919e-16 rho=1e+08 support=416/12248
ADMM_ITER round=0/0 iteration=79975/100000 objective=0.00072194468402277188 r=2.02534e-09/1.10676e-08 s=0.107864/0.000402168 projection_inf=1.13635e-16 rho=1e+08 support=416/12248
ADMM_ITER round=0/0 iteration=80000/100000 objective=0.00072196561653630658 r=2.0269e-09/1.10676e-08 s=0.107234/0.000402201 projection_inf=1.04755e-16 rho=1e+08 support=416/12248
ADMM_ITER round=0/0 iteration=80025/100000 objective=0.00072197317262320056 r=2.01947e-09/1.10676e-08 s=0.108309/0.000402233 projection_inf=1.09477e-16 rho=1e+08 support=416/12248
ADMM_ITER round=0/0 iteration=80050/100000 objective=0.00072196835140713313 r=2.00483e-09/1.10676e-08 s=0.110695/0.000402265 projection_inf=1.06797e-16 rho=1e+08 support=416/12248
ADMM_ITER round=0/0 iteration=80075/100000 objective=0.00072195473742565214 r=1.99337e-09/1.10676e-08 s=0.112459/0.000402297 projection_inf=1.22322e-16 rho=1e+08 support=416/12248
ADMM_ITER round=0/0 iteration=80100/100000 objective=0.00072193951122892074 r=1.98598e-09/1.10676e-08 s=0.113476/0.00040233 projection_inf=1.19925e-16 rho=1e+08 support=415/12248
ADMM_ITER round=0/0 iteration=80125/100000 objective=0.00072192614926557398 r=1.98785e-09/1.10676e-08 s=0.112873/0.000402362 projection_inf=1.17474e-16 rho=1e+08 support=415/12248
ADMM_ITER round=0/0 iteration=80150/100000 objective=0.00072191040118987741 r=1.99577e-09/1.10676e-08 s=0.111198/0.000402394 projection_inf=1.13525e-16 rho=1e+08 support=415/12248
ADMM_ITER round=0/0 iteration=80175/100000 objective=0.00072188426535471477 r=2.00954e-09/1.10676e-08 s=0.108421/0.000402427 projection_inf=1.08903e-16 rho=1e+08 support=415/12248
ADMM_ITER round=0/0 iteration=80200/100000 objective=0.00072184594924497606 r=2.02633e-09/1.10676e-08 s=0.104981/0.000402459 projection_inf=1.12197e-16 rho=1e+08 support=415/12248
ADMM_ITER round=0/0 iteration=80225/100000 objective=0.00072180093745813616 r=2.03837e-09/1.10676e-08 s=0.102339/0.000402491 projection_inf=1.1239e-16 rho=1e+08 support=415/12248
ADMM_ITER round=0/0 iteration=80250/100000 objective=0.00072175593219002908 r=2.04337e-09/1.10676e-08 s=0.101011/0.000402524 projection_inf=1.13712e-16 rho=1e+08 support=416/12248
ADMM_ITER round=0/0 iteration=80275/100000 objective=0.00072171607142989007 r=2.03794e-09/1.10676e-08 s=0.101806/0.000402556 projection_inf=1.20616e-16 rho=1e+08 support=416/12248
ADMM_ITER round=0/0 iteration=80300/100000 objective=0.00072168408685967505 r=2.01552e-09/1.10676e-08 s=0.105902/0.000402589 projection_inf=1.19277e-16 rho=1e+08 support=416/12248
ADMM_ITER round=0/0 iteration=80325/100000 objective=0.00072165639097752725 r=1.98958e-09/1.10676e-08 s=0.110443/0.000402621 projection_inf=1.07712e-16 rho=1e+08 support=416/12248
ADMM_ITER round=0/0 iteration=80350/100000 objective=0.00072162399547658648 r=1.96585e-09/1.10676e-08 s=0.114374/0.000402654 projection_inf=1.16108e-16 rho=1e+08 support=416/12248
ADMM_ITER round=0/0 iteration=80375/100000 objective=0.00072157795021370464 r=1.94019e-09/1.10676e-08 s=0.118449/0.000402686 projection_inf=1.15807e-16 rho=1e+08 support=416/12248
ADMM_ITER round=0/0 iteration=80400/100000 objective=0.00072152144797808966 r=1.92044e-09/1.10676e-08 s=0.12141/0.000402719 projection_inf=1.15756e-16 rho=1e+08 support=416/12248
ADMM_ITER round=0/0 iteration=80425/100000 objective=0.00072146526154884575 r=1.91419e-09/1.10676e-08 s=0.122182/0.000402751 projection_inf=1.20467e-16 rho=1e+08 support=416/12248
ADMM_ITER round=0/0 iteration=80450/100000 objective=0.00072141737496967447 r=1.9172e-09/1.10676e-08 s=0.121502/0.000402784 projection_inf=1.23834e-16 rho=1e+08 support=416/12248
ADMM_ITER round=0/0 iteration=80475/100000 objective=0.00072137789754853554 r=1.92454e-09/1.10676e-08 s=0.120132/0.000402817 projection_inf=1.32246e-16 rho=1e+08 support=416/12248
ADMM_ITER round=0/0 iteration=80500/100000 objective=0.00072134114071826215 r=1.93522e-09/1.10676e-08 s=0.118199/0.000402849 projection_inf=1.30247e-16 rho=1e+08 support=416/12248
ADMM_ITER round=0/0 iteration=80525/100000 objective=0.00072130030607921083 r=1.94802e-09/1.10676e-08 s=0.11587/0.000402882 projection_inf=1.12008e-16 rho=1e+08 support=416/12248
ADMM_ITER round=0/0 iteration=80550/100000 objective=0.00072125171480334359 r=1.9585e-09/1.10676e-08 s=0.113885/0.000402915 projection_inf=1.18003e-16 rho=1e+08 support=416/12248
ADMM_ITER round=0/0 iteration=80575/100000 objective=0.00072119636375385019 r=1.96364e-09/1.10676e-08 s=0.112792/0.000402948 projection_inf=1.21393e-16 rho=1e+08 support=416/12248
ADMM_ITER round=0/0 iteration=80600/100000 objective=0.00072113742044823434 r=1.96038e-09/1.10676e-08 s=0.113158/0.00040298 projection_inf=1.05925e-16 rho=1e+08 support=416/12248
ADMM_ITER round=0/0 iteration=80625/100000 objective=0.00072107735951350001 r=1.94364e-09/1.10676e-08 s=0.115816/0.000403013 projection_inf=1.06223e-16 rho=1e+08 support=416/12248
ADMM_ITER round=0/0 iteration=80650/100000 objective=0.00072101784804604551 r=1.91564e-09/1.10676e-08 s=0.120209/0.000403046 projection_inf=1.05686e-16 rho=1e+08 support=416/12248
ADMM_ITER round=0/0 iteration=80675/100000 objective=0.00072095982916313786 r=1.88781e-09/1.10676e-08 s=0.1243/0.000403079 projection_inf=1.22935e-16 rho=1e+08 support=417/12248
ADMM_ITER round=0/0 iteration=80700/100000 objective=0.00072090238035825318 r=1.87075e-09/1.10676e-08 s=0.126642/0.000403112 projection_inf=1.09287e-16 rho=1e+08 support=417/12248
ADMM_ITER round=0/0 iteration=80725/100000 objective=0.00072084646879523324 r=1.86484e-09/1.10676e-08 s=0.127322/0.000403145 projection_inf=1.28271e-16 rho=1e+08 support=417/12248
ADMM_ITER round=0/0 iteration=80750/100000 objective=0.00072079235505556572 r=1.86741e-09/1.10676e-08 s=0.126764/0.000403178 projection_inf=1.15633e-16 rho=1e+08 support=417/12248
ADMM_ITER round=0/0 iteration=80775/100000 objective=0.00072074705909697763 r=1.87791e-09/1.10676e-08 s=0.125028/0.000403211 projection_inf=1.17263e-16 rho=1e+08 support=417/12248
ADMM_ITER round=0/0 iteration=80800/100000 objective=0.00072071753706073535 r=1.89414e-09/1.10676e-08 s=0.122381/0.000403244 projection_inf=1.21371e-16 rho=1e+08 support=417/12248
ADMM_ITER round=0/0 iteration=80825/100000 objective=0.00072070589083485486 r=1.91094e-09/1.10676e-08 s=0.119565/0.000403277 projection_inf=1.28705e-16 rho=1e+08 support=417/12248
ADMM_ITER round=0/0 iteration=80850/100000 objective=0.00072071394638471788 r=1.92231e-09/1.10676e-08 s=0.117553/0.00040331 projection_inf=1.05073e-16 rho=1e+08 support=417/12248
ADMM_ITER round=0/0 iteration=80875/100000 objective=0.00072073864631960847 r=1.92493e-09/1.10676e-08 s=0.116952/0.000403344 projection_inf=1.15321e-16 rho=1e+08 support=417/12248
ADMM_ITER round=0/0 iteration=80900/100000 objective=0.00072077596269802947 r=1.9217e-09/1.10676e-08 s=0.117314/0.000403377 projection_inf=1.14958e-16 rho=1e+08 support=417/12248
ADMM_ITER round=0/0 iteration=80925/100000 objective=0.00072082411902190128 r=1.91667e-09/1.10676e-08 s=0.117968/0.00040341 projection_inf=1.33458e-16 rho=1e+08 support=417/12248
ADMM_ITER round=0/0 iteration=80950/100000 objective=0.00072088411398011005 r=1.9099e-09/1.10676e-08 s=0.118899/0.000403443 projection_inf=1.39071e-16 rho=1e+08 support=417/12248
ADMM_ITER round=0/0 iteration=80975/100000 objective=0.00072095763489451483 r=1.90245e-09/1.10676e-08 s=0.119929/0.000403476 projection_inf=1.06781e-16 rho=1e+08 support=417/12248
ADMM_ITER round=0/0 iteration=81000/100000 objective=0.00072104217823611464 r=1.89973e-09/1.10676e-08 s=0.120203/0.000403509 projection_inf=1.05489e-16 rho=1e+08 support=417/12248
ADMM_ITER round=0/0 iteration=81025/100000 objective=0.00072113276748154141 r=1.90403e-09/1.10676e-08 s=0.119365/0.000403541 projection_inf=1.08776e-16 rho=1e+08 support=417/12248
ADMM_ITER round=0/0 iteration=81050/100000 objective=0.00072122530681034734 r=1.91147e-09/1.10676e-08 s=0.118016/0.000403574 projection_inf=1.23334e-16 rho=1e+08 support=417/12248
ADMM_ITER round=0/0 iteration=81075/100000 objective=0.00072131695959835765 r=1.9139e-09/1.10676e-08 s=0.117463/0.000403607 projection_inf=1.17656e-16 rho=1e+08 support=417/12248
ADMM_ITER round=0/0 iteration=81100/100000 objective=0.00072140618235540612 r=1.91007e-09/1.10676e-08 s=0.117918/0.00040364 projection_inf=1.09941e-16 rho=1e+08 support=418/12248
ADMM_ITER round=0/0 iteration=81125/100000 objective=0.0007214911157066322 r=1.91037e-09/1.10676e-08 s=0.117709/0.000403672 projection_inf=1.25134e-16 rho=1e+08 support=418/12248
ADMM_ITER round=0/0 iteration=81150/100000 objective=0.00072157177492325898 r=1.91857e-09/1.10676e-08 s=0.116207/0.000403705 projection_inf=1.1425e-16 rho=1e+08 support=418/12248
ADMM_ITER round=0/0 iteration=81175/100000 objective=0.00072164846452134844 r=1.92682e-09/1.10676e-08 s=0.114675/0.000403737 projection_inf=1.09458e-16 rho=1e+08 support=418/12248
ADMM_ITER round=0/0 iteration=81200/100000 objective=0.00072171907606361136 r=1.92996e-09/1.10676e-08 s=0.113987/0.00040377 projection_inf=1.07721e-16 rho=1e+08 support=418/12248
ADMM_ITER round=0/0 iteration=81225/100000 objective=0.00072177942148485014 r=1.93064e-09/1.10676e-08 s=0.113715/0.000403802 projection_inf=1.08865e-16 rho=1e+08 support=418/12248
ADMM_ITER round=0/0 iteration=81250/100000 objective=0.00072182480877617085 r=1.92844e-09/1.10676e-08 s=0.113933/0.000403835 projection_inf=1.12421e-16 rho=1e+08 support=418/12248
ADMM_ITER round=0/0 iteration=81275/100000 objective=0.00072185321337488997 r=1.92222e-09/1.10676e-08 s=0.114828/0.000403867 projection_inf=1.1213e-16 rho=1e+08 support=418/12248
ADMM_ITER round=0/0 iteration=81300/100000 objective=0.00072186905017180333 r=1.91307e-09/1.10676e-08 s=0.116197/0.0004039 projection_inf=1.09892e-16 rho=1e+08 support=418/12248
ADMM_ITER round=0/0 iteration=81325/100000 objective=0.00072187758416445498 r=1.9007e-09/1.10676e-08 s=0.118067/0.000403932 projection_inf=1.11907e-16 rho=1e+08 support=418/12248
ADMM_ITER round=0/0 iteration=81350/100000 objective=0.00072188086978663111 r=1.88734e-09/1.10676e-08 s=0.120051/0.000403965 projection_inf=1.2751e-16 rho=1e+08 support=418/12248
ADMM_ITER round=0/0 iteration=81375/100000 objective=0.00072187835131029283 r=1.87914e-09/1.10676e-08 s=0.121191/0.000403997 projection_inf=1.10917e-16 rho=1e+08 support=418/12248
ADMM_ITER round=0/0 iteration=81400/100000 objective=0.0007218695979190027 r=1.87784e-09/1.10676e-08 s=0.121257/0.000404029 projection_inf=1.17572e-16 rho=1e+08 support=418/12248
ADMM_ITER round=0/0 iteration=81425/100000 objective=0.00072185610657338499 r=1.8792e-09/1.10676e-08 s=0.120911/0.000404062 projection_inf=1.35492e-16 rho=1e+08 support=418/12248
ADMM_ITER round=0/0 iteration=81450/100000 objective=0.00072184160948692976 r=1.88275e-09/1.10676e-08 s=0.120222/0.000404094 projection_inf=1.14716e-16 rho=1e+08 support=418/12248
ADMM_ITER round=0/0 iteration=81475/100000 objective=0.00072183057146444436 r=1.88996e-09/1.10676e-08 s=0.11895/0.000404127 projection_inf=1.19649e-16 rho=1e+08 support=418/12248
ADMM_ITER round=0/0 iteration=81500/100000 objective=0.00072182598350878 r=1.89746e-09/1.10676e-08 s=0.117613/0.000404159 projection_inf=1.12431e-16 rho=1e+08 support=418/12248
ADMM_ITER round=0/0 iteration=81525/100000 objective=0.00072182831155069452 r=1.90305e-09/1.10676e-08 s=0.1165/0.000404191 projection_inf=1.1393e-16 rho=1e+08 support=417/12248
ADMM_ITER round=0/0 iteration=81550/100000 objective=0.00072183676470508626 r=1.90707e-09/1.10676e-08 s=0.11567/0.000404224 projection_inf=1.26645e-16 rho=1e+08 support=417/12248
ADMM_ITER round=0/0 iteration=81575/100000 objective=0.00072184762755708363 r=1.91007e-09/1.10676e-08 s=0.115018/0.000404256 projection_inf=1.04783e-16 rho=1e+08 support=417/12248
ADMM_ITER round=0/0 iteration=81600/100000 objective=0.00072185969979326049 r=1.9123e-09/1.10676e-08 s=0.114498/0.000404289 projection_inf=1.17098e-16 rho=1e+08 support=417/12248
ADMM_ITER round=0/0 iteration=81625/100000 objective=0.00072187326020588369 r=1.91193e-09/1.10676e-08 s=0.114409/0.000404321 projection_inf=1.15481e-16 rho=1e+08 support=418/12248
ADMM_ITER round=0/0 iteration=81650/100000 objective=0.00072188910987412442 r=1.90702e-09/1.10676e-08 s=0.115075/0.000404353 projection_inf=1.16562e-16 rho=1e+08 support=418/12248
ADMM_ITER round=0/0 iteration=81675/100000 objective=0.0007219058352029539 r=1.89982e-09/1.10676e-08 s=0.116116/0.000404386 projection_inf=1.15289e-16 rho=1e+08 support=418/12248
ADMM_ITER round=0/0 iteration=81700/100000 objective=0.00072191861560133141 r=1.89157e-09/1.10676e-08 s=0.117317/0.000404418 projection_inf=1.14453e-16 rho=1e+08 support=418/12248
ADMM_ITER round=0/0 iteration=81725/100000 objective=0.00072192299239351454 r=1.88419e-09/1.10676e-08 s=0.118364/0.000404451 projection_inf=1.15061e-16 rho=1e+08 support=418/12248
ADMM_ITER round=0/0 iteration=81750/100000 objective=0.00072191751340299458 r=1.87831e-09/1.10676e-08 s=0.119163/0.000404483 projection_inf=1.34785e-16 rho=1e+08 support=418/12248
ADMM_ITER round=0/0 iteration=81775/100000 objective=0.00072190075278306216 r=1.8743e-09/1.10676e-08 s=0.119663/0.000404515 projection_inf=1.06997e-16 rho=1e+08 support=418/12248
ADMM_ITER round=0/0 iteration=81800/100000 objective=0.00072187062236880601 r=1.87404e-09/1.10676e-08 s=0.119576/0.000404548 projection_inf=1.21756e-16 rho=1e+08 support=418/12248
ADMM_ITER round=0/0 iteration=81825/100000 objective=0.00072182755553481311 r=1.87841e-09/1.10676e-08 s=0.118761/0.00040458 projection_inf=1.26945e-16 rho=1e+08 support=418/12248
ADMM_ITER round=0/0 iteration=81850/100000 objective=0.00072177668177065277 r=1.88621e-09/1.10676e-08 s=0.11739/0.000404613 projection_inf=1.26673e-16 rho=1e+08 support=418/12248
ADMM_ITER round=0/0 iteration=81875/100000 objective=0.00072172207599926965 r=1.89232e-09/1.10676e-08 s=0.116276/0.000404645 projection_inf=1.10303e-16 rho=1e+08 support=418/12248
ADMM_ITER round=0/0 iteration=81900/100000 objective=0.00072166500121133965 r=1.89503e-09/1.10676e-08 s=0.115708/0.000404678 projection_inf=1.18375e-16 rho=1e+08 support=418/12248
ADMM_ITER round=0/0 iteration=81925/100000 objective=0.00072160508119770226 r=1.89558e-09/1.10676e-08 s=0.115493/0.00040471 projection_inf=1.06693e-16 rho=1e+08 support=418/12248
ADMM_ITER round=0/0 iteration=81950/100000 objective=0.00072154318767148594 r=1.89414e-09/1.10676e-08 s=0.115596/0.000404743 projection_inf=1.15553e-16 rho=1e+08 support=419/12248
ADMM_ITER round=0/0 iteration=81975/100000 objective=0.00072148137246418704 r=1.89095e-09/1.10676e-08 s=0.115987/0.000404776 projection_inf=1.13082e-16 rho=1e+08 support=419/12248
ADMM_ITER round=0/0 iteration=82000/100000 objective=0.00072142151333171479 r=1.88768e-09/1.10676e-08 s=0.116391/0.000404808 projection_inf=1.09564e-16 rho=1e+08 support=419/12248
ADMM_ITER round=0/0 iteration=82025/100000 objective=0.00072136523839516024 r=1.88531e-09/1.10676e-08 s=0.116649/0.000404841 projection_inf=1.11979e-16 rho=1e+08 support=419/12248
ADMM_ITER round=0/0 iteration=82050/100000 objective=0.00072131498109180938 r=1.88721e-09/1.10676e-08 s=0.116133/0.000404874 projection_inf=1.20353e-16 rho=1e+08 support=418/12248
ADMM_ITER round=0/0 iteration=82075/100000 objective=0.0007212727573114191 r=1.89483e-09/1.10676e-08 s=0.114727/0.000404906 projection_inf=1.12851e-16 rho=1e+08 support=418/12248
ADMM_ITER round=0/0 iteration=82100/100000 objective=0.00072123828677882456 r=1.90803e-09/1.10676e-08 s=0.112083/0.000404939 projection_inf=1.1003e-16 rho=1e+08 support=416/12248
ADMM_ITER round=0/0 iteration=82125/100000 objective=0.00072121517861946491 r=1.9203e-09/1.10676e-08 s=0.109657/0.000404972 projection_inf=1.23493e-16 rho=1e+08 support=416/12248
ADMM_ITER round=0/0 iteration=82150/100000 objective=0.00072120226448451437 r=1.92827e-09/1.10676e-08 s=0.108023/0.000405005 projection_inf=1.10834e-16 rho=1e+08 support=416/12248
ADMM_ITER round=0/0 iteration=82175/100000 objective=0.00072119924088235373 r=1.93188e-09/1.10676e-08 s=0.107175/0.000405038 projection_inf=1.0397e-16 rho=1e+08 support=416/12248
ADMM_ITER round=0/0 iteration=82200/100000 objective=0.00072120303985840468 r=1.92982e-09/1.10676e-08 s=0.107355/0.000405071 projection_inf=1.13917e-16 rho=1e+08 support=416/12248
ADMM_ITER round=0/0 iteration=82225/100000 objective=0.0007212132685923831 r=1.91485e-09/1.10676e-08 s=0.109765/0.000405103 projection_inf=1.16278e-16 rho=1e+08 support=417/12248
ADMM_ITER round=0/0 iteration=82250/100000 objective=0.00072122976400404383 r=1.89364e-09/1.10676e-08 s=0.113199/0.000405136 projection_inf=1.20991e-16 rho=1e+08 support=417/12248
ADMM_ITER round=0/0 iteration=82275/100000 objective=0.00072125020257585452 r=1.87296e-09/1.10676e-08 s=0.116423/0.000405169 projection_inf=1.07571e-16 rho=1e+08 support=417/12248
ADMM_ITER round=0/0 iteration=82300/100000 objective=0.00072127489251559154 r=1.85918e-09/1.10676e-08 s=0.118458/0.000405202 projection_inf=1.05154e-16 rho=1e+08 support=417/12248
ADMM_ITER round=0/0 iteration=82325/100000 objective=0.00072129941765663205 r=1.85224e-09/1.10676e-08 s=0.119386/0.000405235 projection_inf=1.11252e-16 rho=1e+08 support=418/12248
ADMM_ITER round=0/0 iteration=82350/100000 objective=0.00072132619218362817 r=1.85146e-09/1.10676e-08 s=0.119353/0.000405267 projection_inf=1.2015e-16 rho=1e+08 support=418/12248
ADMM_ITER round=0/0 iteration=82375/100000 objective=0.00072135821143995838 r=1.85465e-09/1.10676e-08 s=0.118492/0.0004053 projection_inf=1.07829e-16 rho=1e+08 support=419/12248
ADMM_ITER round=0/0 iteration=82400/100000 objective=0.00072138682775966623 r=1.86844e-09/1.10676e-08 s=0.116047/0.000405333 projection_inf=1.22902e-16 rho=1e+08 support=419/12248
ADMM_ITER round=0/0 iteration=82425/100000 objective=0.00072141694798841922 r=1.88198e-09/1.10676e-08 s=0.11361/0.000405366 projection_inf=1.16444e-16 rho=1e+08 support=419/12248
ADMM_ITER round=0/0 iteration=82450/100000 objective=0.00072145412941252004 r=1.89394e-09/1.10676e-08 s=0.111397/0.000405398 projection_inf=1.27354e-16 rho=1e+08 support=419/12248
ADMM_ITER round=0/0 iteration=82475/100000 objective=0.00072149758592137097 r=1.90047e-09/1.10676e-08 s=0.110083/0.000405431 projection_inf=1.15698e-16 rho=1e+08 support=419/12248
ADMM_ITER round=0/0 iteration=82500/100000 objective=0.00072154464872076348 r=1.90211e-09/1.10676e-08 s=0.109615/0.000405464 projection_inf=1.08266e-16 rho=1e+08 support=419/12248
ADMM_ITER round=0/0 iteration=82525/100000 objective=0.00072159542408004322 r=1.89835e-09/1.10676e-08 s=0.11009/0.000405496 projection_inf=1.05652e-16 rho=1e+08 support=419/12248
ADMM_ITER round=0/0 iteration=82550/100000 objective=0.00072165543056974531 r=1.88906e-09/1.10676e-08 s=0.111511/0.000405529 projection_inf=1.13578e-16 rho=1e+08 support=419/12248
ADMM_ITER round=0/0 iteration=82575/100000 objective=0.00072172686479412282 r=1.87482e-09/1.10676e-08 s=0.113733/0.000405561 projection_inf=1.3155e-16 rho=1e+08 support=419/12248
ADMM_ITER round=0/0 iteration=82600/100000 objective=0.00072180634305038407 r=1.85596e-09/1.10676e-08 s=0.116637/0.000405594 projection_inf=1.10922e-16 rho=1e+08 support=419/12248
ADMM_ITER round=0/0 iteration=82625/100000 objective=0.00072189217607164014 r=1.83845e-09/1.10676e-08 s=0.119238/0.000405626 projection_inf=1.07718e-16 rho=1e+08 support=419/12248
ADMM_ITER round=0/0 iteration=82650/100000 objective=0.00072197996858218297 r=1.82276e-09/1.10676e-08 s=0.121489/0.000405659 projection_inf=1.14112e-16 rho=1e+08 support=418/12248
ADMM_ITER round=0/0 iteration=82675/100000 objective=0.00072206832575835852 r=1.81087e-09/1.10676e-08 s=0.12312/0.000405691 projection_inf=1.26568e-16 rho=1e+08 support=418/12248
ADMM_ITER round=0/0 iteration=82700/100000 objective=0.00072215822178559399 r=1.80466e-09/1.10676e-08 s=0.123778/0.000405723 projection_inf=1.05101e-16 rho=1e+08 support=416/12248
ADMM_ITER round=0/0 iteration=82725/100000 objective=0.00072225124703916997 r=1.80459e-09/1.10676e-08 s=0.123628/0.000405756 projection_inf=1.2658e-16 rho=1e+08 support=417/12248
ADMM_ITER round=0/0 iteration=82750/100000 objective=0.00072234633899832248 r=1.80721e-09/1.10676e-08 s=0.123097/0.000405788 projection_inf=1.06324e-16 rho=1e+08 support=417/12248
ADMM_ITER round=0/0 iteration=82775/100000 objective=0.00072244293949639909 r=1.81089e-09/1.10676e-08 s=0.122415/0.00040582 projection_inf=1.10526e-16 rho=1e+08 support=417/12248
ADMM_ITER round=0/0 iteration=82800/100000 objective=0.00072254175741177072 r=1.81406e-09/1.10676e-08 s=0.121811/0.000405852 projection_inf=1.18708e-16 rho=1e+08 support=417/12248
ADMM_ITER round=0/0 iteration=82825/100000 objective=0.00072264651939642709 r=1.81557e-09/1.10676e-08 s=0.121453/0.000405884 projection_inf=1.11266e-16 rho=1e+08 support=417/12248
ADMM_ITER round=0/0 iteration=82850/100000 objective=0.00072275505427917951 r=1.81346e-09/1.10676e-08 s=0.121637/0.000405916 projection_inf=1.18079e-16 rho=1e+08 support=416/12248
ADMM_ITER round=0/0 iteration=82875/100000 objective=0.00072286448828121031 r=1.80637e-09/1.10676e-08 s=0.122555/0.000405948 projection_inf=1.16269e-16 rho=1e+08 support=416/12248
ADMM_ITER round=0/0 iteration=82900/100000 objective=0.00072297351726369663 r=1.7927e-09/1.10676e-08 s=0.12437/0.00040598 projection_inf=1.0507e-16 rho=1e+08 support=417/12248
ADMM_ITER round=0/0 iteration=82925/100000 objective=0.00072308672510525238 r=1.77411e-09/1.10676e-08 s=0.126797/0.000406011 projection_inf=1.18247e-16 rho=1e+08 support=417/12248
ADMM_ITER round=0/0 iteration=82950/100000 objective=0.00072320715612099798 r=1.75504e-09/1.10676e-08 s=0.129263/0.000406043 projection_inf=1.23057e-16 rho=1e+08 support=417/12248
ADMM_ITER round=0/0 iteration=82975/100000 objective=0.00072333144477883856 r=1.73971e-09/1.10676e-08 s=0.131177/0.000406075 projection_inf=1.13396e-16 rho=1e+08 support=416/12248
ADMM_ITER round=0/0 iteration=83000/100000 objective=0.00072345640443360708 r=1.73e-09/1.10676e-08 s=0.132307/0.000406106 projection_inf=1.22563e-16 rho=1e+08 support=416/12248
ADMM_ITER round=0/0 iteration=83025/100000 objective=0.0007235782415563498 r=1.72416e-09/1.10676e-08 s=0.132932/0.000406138 projection_inf=1.11746e-16 rho=1e+08 support=416/12248
ADMM_ITER round=0/0 iteration=83050/100000 objective=0.00072369813531684502 r=1.71601e-09/1.10676e-08 s=0.133841/0.000406169 projection_inf=1.10176e-16 rho=1e+08 support=417/12248
ADMM_ITER round=0/0 iteration=83075/100000 objective=0.00072381617425855654 r=1.7083e-09/1.10676e-08 s=0.134343/0.0004062 projection_inf=1.19807e-16 rho=1e+08 support=416/12248
ADMM_ITER round=0/0 iteration=83100/100000 objective=0.00072393625608206094 r=1.69746e-09/1.10676e-08 s=0.135483/0.000406231 projection_inf=1.0926e-16 rho=1e+08 support=416/12248
ADMM_ITER round=0/0 iteration=83125/100000 objective=0.00072405623853630371 r=1.68288e-09/1.10676e-08 s=0.137108/0.000406263 projection_inf=1.09745e-16 rho=1e+08 support=416/12248
ADMM_ITER round=0/0 iteration=83150/100000 objective=0.00072417261695886044 r=1.66845e-09/1.10676e-08 s=0.138701/0.000406294 projection_inf=1.2332e-16 rho=1e+08 support=416/12248
ADMM_ITER round=0/0 iteration=83175/100000 objective=0.00072428622536468751 r=1.65161e-09/1.10676e-08 s=0.140555/0.000406325 projection_inf=1.17658e-16 rho=1e+08 support=416/12248
ADMM_ITER round=0/0 iteration=83200/100000 objective=0.00072439888616098911 r=1.63732e-09/1.10676e-08 s=0.14208/0.000406355 projection_inf=1.21453e-16 rho=1e+08 support=416/12248
ADMM_ITER round=0/0 iteration=83225/100000 objective=0.00072451069003848841 r=1.62579e-09/1.10676e-08 s=0.143268/0.000406386 projection_inf=1.07138e-16 rho=1e+08 support=416/12248
ADMM_ITER round=0/0 iteration=83250/100000 objective=0.00072462430525191662 r=1.61653e-09/1.10676e-08 s=0.144174/0.000406417 projection_inf=1.04523e-16 rho=1e+08 support=417/12248
ADMM_ITER round=0/0 iteration=83275/100000 objective=0.00072473963621397708 r=1.61174e-09/1.10676e-08 s=0.144577/0.000406448 projection_inf=1.15318e-16 rho=1e+08 support=417/12248
ADMM_ITER round=0/0 iteration=83300/100000 objective=0.00072485759011409483 r=1.61391e-09/1.10676e-08 s=0.144208/0.000406478 projection_inf=1.16971e-16 rho=1e+08 support=417/12248
ADMM_ITER round=0/0 iteration=83325/100000 objective=0.0007249816049735736 r=1.62586e-09/1.10676e-08 s=0.142414/0.000406509 projection_inf=1.19274e-16 rho=1e+08 support=416/12248
ADMM_ITER round=0/0 iteration=83350/100000 objective=0.00072510199848479985 r=1.64179e-09/1.10676e-08 s=0.140414/0.000406539 projection_inf=1.04996e-16 rho=1e+08 support=416/12248
ADMM_ITER round=0/0 iteration=83375/100000 objective=0.00072521749337906027 r=1.65729e-09/1.10676e-08 s=0.138431/0.00040657 projection_inf=1.25373e-16 rho=1e+08 support=416/12248
ADMM_ITER round=0/0 iteration=83400/100000 objective=0.00072533406229332523 r=1.66911e-09/1.10676e-08 s=0.136479/0.0004066 projection_inf=1.14129e-16 rho=1e+08 support=415/12248
ADMM_ITER round=0/0 iteration=83425/100000 objective=0.0007254590919898294 r=1.67112e-09/1.10676e-08 s=0.136052/0.00040663 projection_inf=1.24665e-16 rho=1e+08 support=415/12248
ADMM_ITER round=0/0 iteration=83450/100000 objective=0.00072559450959983431 r=1.66999e-09/1.10676e-08 s=0.135911/0.000406661 projection_inf=1.09689e-16 rho=1e+08 support=414/12248
ADMM_ITER round=0/0 iteration=83475/100000 objective=0.00072574426339753551 r=1.66626e-09/1.10676e-08 s=0.136145/0.000406691 projection_inf=1.15792e-16 rho=1e+08 support=415/12248
ADMM_ITER round=0/0 iteration=83500/100000 objective=0.00072590703975449963 r=1.66415e-09/1.10676e-08 s=0.136171/0.000406721 projection_inf=1.18426e-16 rho=1e+08 support=416/12248
ADMM_ITER round=0/0 iteration=83525/100000 objective=0.00072608361545192996 r=1.67046e-09/1.10676e-08 s=0.135181/0.000406751 projection_inf=1.16197e-16 rho=1e+08 support=415/12248
ADMM_ITER round=0/0 iteration=83550/100000 objective=0.00072627415427033973 r=1.68355e-09/1.10676e-08 s=0.13302/0.00040678 projection_inf=1.07602e-16 rho=1e+08 support=415/12248
ADMM_ITER round=0/0 iteration=83575/100000 objective=0.0007264823588281835 r=1.69118e-09/1.10676e-08 s=0.131796/0.00040681 projection_inf=1.10563e-16 rho=1e+08 support=415/12248
ADMM_ITER round=0/0 iteration=83600/100000 objective=0.00072670534282852969 r=1.69275e-09/1.10676e-08 s=0.13137/0.000406839 projection_inf=1.24945e-16 rho=1e+08 support=415/12248
ADMM_ITER round=0/0 iteration=83625/100000 objective=0.00072694187854917616 r=1.69404e-09/1.10676e-08 s=0.131/0.000406869 projection_inf=1.2343e-16 rho=1e+08 support=415/12248
ADMM_ITER round=0/0 iteration=83650/100000 objective=0.0007271896057293272 r=1.69127e-09/1.10676e-08 s=0.131165/0.000406898 projection_inf=1.16934e-16 rho=1e+08 support=415/12248
ADMM_ITER round=0/0 iteration=83675/100000 objective=0.00072744794753402855 r=1.68892e-09/1.10676e-08 s=0.131286/0.000406927 projection_inf=1.26721e-16 rho=1e+08 support=415/12248
ADMM_ITER round=0/0 iteration=83700/100000 objective=0.00072771640169496678 r=1.68068e-09/1.10676e-08 s=0.132166/0.000406956 projection_inf=1.21659e-16 rho=1e+08 support=415/12248
ADMM_ITER round=0/0 iteration=83725/100000 objective=0.00072799383336839211 r=1.67224e-09/1.10676e-08 s=0.133069/0.000406985 projection_inf=1.28937e-16 rho=1e+08 support=415/12248
ADMM_ITER round=0/0 iteration=83750/100000 objective=0.0007282714579650081 r=1.66422e-09/1.10676e-08 s=0.133912/0.000407013 projection_inf=1.27079e-16 rho=1e+08 support=415/12248
ADMM_ITER round=0/0 iteration=83775/100000 objective=0.00072854124996690674 r=1.65514e-09/1.10676e-08 s=0.134883/0.000407042 projection_inf=1.13143e-16 rho=1e+08 support=415/12248
ADMM_ITER round=0/0 iteration=83800/100000 objective=0.00072880205950478518 r=1.65064e-09/1.10676e-08 s=0.135288/0.00040707 projection_inf=1.12483e-16 rho=1e+08 support=415/12248
ADMM_ITER round=0/0 iteration=83825/100000 objective=0.00072905710688630652 r=1.64717e-09/1.10676e-08 s=0.135366/0.000407098 projection_inf=1.17938e-16 rho=1e+08 support=415/12248
ADMM_ITER round=0/0 iteration=83850/100000 objective=0.00072930364345114495 r=1.64213e-09/1.10676e-08 s=0.135802/0.000407126 projection_inf=1.15491e-16 rho=1e+08 support=415/12248
ADMM_ITER round=0/0 iteration=83875/100000 objective=0.00072954382550108148 r=1.63438e-09/1.10676e-08 s=0.136573/0.000407154 projection_inf=1.13454e-16 rho=1e+08 support=415/12248
ADMM_ITER round=0/0 iteration=83900/100000 objective=0.00072978140331118467 r=1.62933e-09/1.10676e-08 s=0.137024/0.000407181 projection_inf=1.17149e-16 rho=1e+08 support=414/12248
ADMM_ITER round=0/0 iteration=83925/100000 objective=0.00073001561285478654 r=1.62637e-09/1.10676e-08 s=0.137228/0.000407209 projection_inf=1.35508e-16 rho=1e+08 support=414/12248
ADMM_ITER round=0/0 iteration=83950/100000 objective=0.00073024147972587986 r=1.62832e-09/1.10676e-08 s=0.136855/0.000407236 projection_inf=1.09634e-16 rho=1e+08 support=414/12248
ADMM_ITER round=0/0 iteration=83975/100000 objective=0.00073045873373640087 r=1.63416e-09/1.10676e-08 s=0.136022/0.000407263 projection_inf=1.05416e-16 rho=1e+08 support=414/12248
ADMM_ITER round=0/0 iteration=84000/100000 objective=0.0007306728185610922 r=1.64266e-09/1.10676e-08 s=0.134856/0.00040729 projection_inf=1.23497e-16 rho=1e+08 support=415/12248
ADMM_ITER round=0/0 iteration=84025/100000 objective=0.00073088740321588673 r=1.65454e-09/1.10676e-08 s=0.133245/0.000407317 projection_inf=1.19391e-16 rho=1e+08 support=416/12248
ADMM_ITER round=0/0 iteration=84050/100000 objective=0.00073110248780583237 r=1.6613e-09/1.10676e-08 s=0.132253/0.000407344 projection_inf=1.09291e-16 rho=1e+08 support=416/12248
ADMM_ITER round=0/0 iteration=84075/100000 objective=0.00073131283344038758 r=1.66196e-09/1.10676e-08 s=0.132027/0.000407371 projection_inf=1.06916e-16 rho=1e+08 support=416/12248
ADMM_ITER round=0/0 iteration=84100/100000 objective=0.0007315165845136793 r=1.66018e-09/1.10676e-08 s=0.132106/0.000407397 projection_inf=1.13634e-16 rho=1e+08 support=417/12248
ADMM_ITER round=0/0 iteration=84125/100000 objective=0.00073171395376805373 r=1.6573e-09/1.10676e-08 s=0.132329/0.000407424 projection_inf=1.1795e-16 rho=1e+08 support=417/12248
ADMM_ITER round=0/0 iteration=84150/100000 objective=0.00073190630716991304 r=1.64739e-09/1.10676e-08 s=0.133429/0.00040745 projection_inf=1.34032e-16 rho=1e+08 support=417/12248
ADMM_ITER round=0/0 iteration=84175/100000 objective=0.0007320933404256129 r=1.63696e-09/1.10676e-08 s=0.134579/0.000407476 projection_inf=1.25133e-16 rho=1e+08 support=417/12248
ADMM_ITER round=0/0 iteration=84200/100000 objective=0.00073227656288380003 r=1.63114e-09/1.10676e-08 s=0.135158/0.000407502 projection_inf=1.31534e-16 rho=1e+08 support=417/12248
ADMM_ITER round=0/0 iteration=84225/100000 objective=0.00073245895677092406 r=1.62599e-09/1.10676e-08 s=0.135656/0.000407528 projection_inf=1.22652e-16 rho=1e+08 support=417/12248
ADMM_ITER round=0/0 iteration=84250/100000 objective=0.00073264229179694277 r=1.62167e-09/1.10676e-08 s=0.136054/0.000407554 projection_inf=1.25249e-16 rho=1e+08 support=417/12248
ADMM_ITER round=0/0 iteration=84275/100000 objective=0.00073282358131535584 r=1.62246e-09/1.10676e-08 s=0.135844/0.00040758 projection_inf=1.19069e-16 rho=1e+08 support=417/12248
ADMM_ITER round=0/0 iteration=84300/100000 objective=0.00073299759377215795 r=1.62716e-09/1.10676e-08 s=0.135166/0.000407605 projection_inf=1.26546e-16 rho=1e+08 support=417/12248
ADMM_ITER round=0/0 iteration=84325/100000 objective=0.00073316427598383715 r=1.63407e-09/1.10676e-08 s=0.134217/0.000407631 projection_inf=1.1854e-16 rho=1e+08 support=417/12248
ADMM_ITER round=0/0 iteration=84350/100000 objective=0.00073332853213012078 r=1.64256e-09/1.10676e-08 s=0.133064/0.000407656 projection_inf=1.22414e-16 rho=1e+08 support=417/12248
ADMM_ITER round=0/0 iteration=84375/100000 objective=0.00073349731114919349 r=1.65249e-09/1.10676e-08 s=0.13128/0.000407682 projection_inf=1.15563e-16 rho=1e+08 support=416/12248
ADMM_ITER round=0/0 iteration=84400/100000 objective=0.00073367426752503416 r=1.66119e-09/1.10676e-08 s=0.129983/0.000407707 projection_inf=1.1438e-16 rho=1e+08 support=416/12248
ADMM_ITER round=0/0 iteration=84425/100000 objective=0.00073385114903610073 r=1.66412e-09/1.10676e-08 s=0.129451/0.000407732 projection_inf=1.20889e-16 rho=1e+08 support=416/12248
ADMM_ITER round=0/0 iteration=84450/100000 objective=0.00073402548505517736 r=1.66312e-09/1.10676e-08 s=0.129434/0.000407757 projection_inf=1.10316e-16 rho=1e+08 support=416/12248
ADMM_ITER round=0/0 iteration=84475/100000 objective=0.00073419984597612178 r=1.66141e-09/1.10676e-08 s=0.129517/0.000407782 projection_inf=1.17373e-16 rho=1e+08 support=416/12248
ADMM_ITER round=0/0 iteration=84500/100000 objective=0.00073437662804493064 r=1.66378e-09/1.10676e-08 s=0.12908/0.000407807 projection_inf=1.27943e-16 rho=1e+08 support=416/12248
ADMM_ITER round=0/0 iteration=84525/100000 objective=0.00073455568307043736 r=1.67083e-09/1.10676e-08 s=0.128036/0.000407831 projection_inf=1.23935e-16 rho=1e+08 support=416/12248
ADMM_ITER round=0/0 iteration=84550/100000 objective=0.00073473983980146132 r=1.68026e-09/1.10676e-08 s=0.12667/0.000407856 projection_inf=1.20809e-16 rho=1e+08 support=416/12248
ADMM_ITER round=0/0 iteration=84575/100000 objective=0.00073492817086295251 r=1.6866e-09/1.10676e-08 s=0.1257/0.00040788 projection_inf=1.23388e-16 rho=1e+08 support=416/12248
ADMM_ITER round=0/0 iteration=84600/100000 objective=0.00073511749441733669 r=1.68734e-09/1.10676e-08 s=0.125477/0.000407905 projection_inf=1.21093e-16 rho=1e+08 support=416/12248
ADMM_ITER round=0/0 iteration=84625/100000 objective=0.0007353091781360586 r=1.68374e-09/1.10676e-08 s=0.12584/0.000407929 projection_inf=1.06639e-16 rho=1e+08 support=416/12248
ADMM_ITER round=0/0 iteration=84650/100000 objective=0.00073550534180897187 r=1.67488e-09/1.10676e-08 s=0.1269/0.000407953 projection_inf=1.13607e-16 rho=1e+08 support=416/12248
ADMM_ITER round=0/0 iteration=84675/100000 objective=0.00073570879384091234 r=1.66172e-09/1.10676e-08 s=0.128506/0.000407977 projection_inf=1.31919e-16 rho=1e+08 support=416/12248
ADMM_ITER round=0/0 iteration=84700/100000 objective=0.00073592320488660441 r=1.6453e-09/1.10676e-08 s=0.130493/0.000408001 projection_inf=1.21579e-16 rho=1e+08 support=416/12248
ADMM_ITER round=0/0 iteration=84725/100000 objective=0.00073615408771702097 r=1.62763e-09/1.10676e-08 s=0.132584/0.000408025 projection_inf=1.09665e-16 rho=1e+08 support=416/12248
ADMM_ITER round=0/0 iteration=84750/100000 objective=0.00073640410211154466 r=1.6098e-09/1.10676e-08 s=0.134641/0.000408048 projection_inf=1.0935e-16 rho=1e+08 support=416/12248
ADMM_ITER round=0/0 iteration=84775/100000 objective=0.00073667004092099839 r=1.59446e-09/1.10676e-08 s=0.136354/0.000408071 projection_inf=1.17939e-16 rho=1e+08 support=416/12248
ADMM_ITER round=0/0 iteration=84800/100000 objective=0.00073694705518847093 r=1.58724e-09/1.10676e-08 s=0.137096/0.000408095 projection_inf=1.35615e-16 rho=1e+08 support=416/12248
ADMM_ITER round=0/0 iteration=84825/100000 objective=0.0007372312299351616 r=1.59089e-09/1.10676e-08 s=0.136574/0.000408118 projection_inf=1.24786e-16 rho=1e+08 support=416/12248
ADMM_ITER round=0/0 iteration=84850/100000 objective=0.00073751999288400175 r=1.60575e-09/1.10676e-08 s=0.134727/0.000408141 projection_inf=1.20604e-16 rho=1e+08 support=416/12248
ADMM_ITER round=0/0 iteration=84875/100000 objective=0.00073781099521169895 r=1.62784e-09/1.10676e-08 s=0.131951/0.000408163 projection_inf=1.05976e-16 rho=1e+08 support=416/12248
ADMM_ITER round=0/0 iteration=84900/100000 objective=0.00073810111683432489 r=1.65128e-09/1.10676e-08 s=0.128908/0.000408186 projection_inf=1.13666e-16 rho=1e+08 support=416/12248
ADMM_ITER round=0/0 iteration=84925/100000 objective=0.0007383880832883572 r=1.66955e-09/1.10677e-08 s=0.126432/0.000408208 projection_inf=1.2196e-16 rho=1e+08 support=416/12248
ADMM_ITER round=0/0 iteration=84950/100000 objective=0.00073867171777699744 r=1.67775e-09/1.10677e-08 s=0.125243/0.00040823 projection_inf=1.09995e-16 rho=1e+08 support=416/12248
ADMM_ITER round=0/0 iteration=84975/100000 objective=0.00073895393942113234 r=1.67492e-09/1.10677e-08 s=0.125523/0.000408252 projection_inf=1.20789e-16 rho=1e+08 support=416/12248
ADMM_ITER round=0/0 iteration=85000/100000 objective=0.00073923658097019545 r=1.66406e-09/1.10677e-08 s=0.126862/0.000408274 projection_inf=1.3103e-16 rho=1e+08 support=416/12248
ADMM_ITER round=0/0 iteration=85025/100000 objective=0.00073951920237433507 r=1.65125e-09/1.10677e-08 s=0.128432/0.000408296 projection_inf=1.22373e-16 rho=1e+08 support=416/12248
ADMM_ITER round=0/0 iteration=85050/100000 objective=0.00073980025364970507 r=1.64035e-09/1.10677e-08 s=0.129729/0.000408317 projection_inf=1.2334e-16 rho=1e+08 support=416/12248
ADMM_ITER round=0/0 iteration=85075/100000 objective=0.00074007913718464791 r=1.63193e-09/1.10677e-08 s=0.130696/0.000408339 projection_inf=1.1486e-16 rho=1e+08 support=416/12248
ADMM_ITER round=0/0 iteration=85100/100000 objective=0.0007403563715809385 r=1.62406e-09/1.10677e-08 s=0.131584/0.00040836 projection_inf=1.19021e-16 rho=1e+08 support=416/12248
ADMM_ITER round=0/0 iteration=85125/100000 objective=0.0007406323944050882 r=1.61393e-09/1.10677e-08 s=0.132737/0.000408381 projection_inf=1.14753e-16 rho=1e+08 support=416/12248
ADMM_ITER round=0/0 iteration=85150/100000 objective=0.00074090942224242374 r=1.59712e-09/1.10677e-08 s=0.134641/0.000408402 projection_inf=1.06785e-16 rho=1e+08 support=417/12248
ADMM_ITER round=0/0 iteration=85175/100000 objective=0.00074118612255187882 r=1.58047e-09/1.10677e-08 s=0.136485/0.000408422 projection_inf=1.21819e-16 rho=1e+08 support=417/12248
ADMM_ITER round=0/0 iteration=85200/100000 objective=0.0007414568699530569 r=1.57178e-09/1.10677e-08 s=0.137381/0.000408443 projection_inf=1.21857e-16 rho=1e+08 support=417/12248
ADMM_ITER round=0/0 iteration=85225/100000 objective=0.00074171961010167996 r=1.57018e-09/1.10677e-08 s=0.137462/0.000408463 projection_inf=1.26804e-16 rho=1e+08 support=417/12248
ADMM_ITER round=0/0 iteration=85250/100000 objective=0.00074197724483982029 r=1.57509e-09/1.10677e-08 s=0.1368/0.000408483 projection_inf=1.08766e-16 rho=1e+08 support=417/12248
ADMM_ITER round=0/0 iteration=85275/100000 objective=0.00074223206540007989 r=1.58127e-09/1.10677e-08 s=0.135987/0.000408503 projection_inf=1.18491e-16 rho=1e+08 support=417/12248
ADMM_ITER round=0/0 iteration=85300/100000 objective=0.0007424824515196044 r=1.58296e-09/1.10677e-08 s=0.135694/0.000408523 projection_inf=1.15574e-16 rho=1e+08 support=417/12248
ADMM_ITER round=0/0 iteration=85325/100000 objective=0.00074272732557679035 r=1.57943e-09/1.10677e-08 s=0.136009/0.000408543 projection_inf=1.25508e-16 rho=1e+08 support=417/12248
ADMM_ITER round=0/0 iteration=85350/100000 objective=0.00074296652558914487 r=1.57596e-09/1.10677e-08 s=0.136318/0.000408562 projection_inf=1.14929e-16 rho=1e+08 support=417/12248
ADMM_ITER round=0/0 iteration=85375/100000 objective=0.00074320186177757267 r=1.5738e-09/1.10677e-08 s=0.136476/0.000408582 projection_inf=1.20997e-16 rho=1e+08 support=417/12248
ADMM_ITER round=0/0 iteration=85400/100000 objective=0.00074343581562428304 r=1.56999e-09/1.10677e-08 s=0.136823/0.000408601 projection_inf=1.24827e-16 rho=1e+08 support=417/12248
ADMM_ITER round=0/0 iteration=85425/100000 objective=0.00074366832410766059 r=1.56627e-09/1.10677e-08 s=0.13716/0.00040862 projection_inf=1.06949e-16 rho=1e+08 support=417/12248
ADMM_ITER round=0/0 iteration=85450/100000 objective=0.00074389899251056603 r=1.56364e-09/1.10677e-08 s=0.137371/0.000408639 projection_inf=1.10602e-16 rho=1e+08 support=417/12248
ADMM_ITER round=0/0 iteration=85475/100000 objective=0.00074412839739320833 r=1.55834e-09/1.10677e-08 s=0.137879/0.000408658 projection_inf=1.30608e-16 rho=1e+08 support=416/12248
ADMM_ITER round=0/0 iteration=85500/100000 objective=0.00074435912502230066 r=1.54871e-09/1.10677e-08 s=0.138848/0.000408677 projection_inf=1.14244e-16 rho=1e+08 support=416/12248
ADMM_ITER round=0/0 iteration=85525/100000 objective=0.00074459209514353604 r=1.53432e-09/1.10677e-08 s=0.140345/0.000408695 projection_inf=1.0989e-16 rho=1e+08 support=416/12248
ADMM_ITER round=0/0 iteration=85550/100000 objective=0.00074482566843791511 r=1.51756e-09/1.10677e-08 s=0.142069/0.000408714 projection_inf=1.04604e-16 rho=1e+08 support=416/12248
ADMM_ITER round=0/0 iteration=85575/100000 objective=0.00074505610251231799 r=1.50479e-09/1.10677e-08 s=0.143336/0.000408732 projection_inf=1.17431e-16 rho=1e+08 support=416/12248
ADMM_ITER round=0/0 iteration=85600/100000 objective=0.00074528205642155731 r=1.4988e-09/1.10677e-08 s=0.143879/0.00040875 projection_inf=1.12182e-16 rho=1e+08 support=416/12248
ADMM_ITER round=0/0 iteration=85625/100000 objective=0.00074550370734523827 r=1.49406e-09/1.10677e-08 s=0.144289/0.000408768 projection_inf=1.31098e-16 rho=1e+08 support=416/12248
ADMM_ITER round=0/0 iteration=85650/100000 objective=0.00074572103784615088 r=1.4835e-09/1.10677e-08 s=0.145295/0.000408786 projection_inf=1.14556e-16 rho=1e+08 support=416/12248
ADMM_ITER round=0/0 iteration=85675/100000 objective=0.00074593242923677008 r=1.46571e-09/1.10677e-08 s=0.147011/0.000408803 projection_inf=1.25366e-16 rho=1e+08 support=416/12248
ADMM_ITER round=0/0 iteration=85700/100000 objective=0.00074613657233224399 r=1.44577e-09/1.10677e-08 s=0.148465/0.000408821 projection_inf=1.16547e-16 rho=1e+08 support=415/12248
ADMM_ITER round=0/0 iteration=85725/100000 objective=0.0007463330231008684 r=1.42559e-09/1.10677e-08 s=0.150265/0.000408839 projection_inf=1.19315e-16 rho=1e+08 support=415/12248
ADMM_ITER round=0/0 iteration=85750/100000 objective=0.00074652390413905694 r=1.41245e-09/1.10677e-08 s=0.151388/0.000408856 projection_inf=1.18713e-16 rho=1e+08 support=415/12248
ADMM_ITER round=0/0 iteration=85775/100000 objective=0.0007467130931613058 r=1.4057e-09/1.10677e-08 s=0.151913/0.000408873 projection_inf=1.14912e-16 rho=1e+08 support=415/12248
ADMM_ITER round=0/0 iteration=85800/100000 objective=0.00074690103781628625 r=1.40879e-09/1.10677e-08 s=0.151532/0.00040889 projection_inf=1.23252e-16 rho=1e+08 support=415/12248
ADMM_ITER round=0/0 iteration=85825/100000 objective=0.00074708771842401875 r=1.41893e-09/1.10677e-08 s=0.150491/0.000408907 projection_inf=1.22235e-16 rho=1e+08 support=415/12248
ADMM_ITER round=0/0 iteration=85850/100000 objective=0.0007472755299571469 r=1.43092e-09/1.10677e-08 s=0.149262/0.000408924 projection_inf=1.09422e-16 rho=1e+08 support=415/12248
ADMM_ITER round=0/0 iteration=85875/100000 objective=0.00074747115999631132 r=1.44354e-09/1.10677e-08 s=0.147956/0.000408941 projection_inf=1.18807e-16 rho=1e+08 support=415/12248
ADMM_ITER round=0/0 iteration=85900/100000 objective=0.0007476733940916788 r=1.45011e-09/1.10677e-08 s=0.147119/0.000408957 projection_inf=1.12868e-16 rho=1e+08 support=416/12248
ADMM_ITER round=0/0 iteration=85925/100000 objective=0.00074787832710976592 r=1.4547e-09/1.10677e-08 s=0.146468/0.000408974 projection_inf=1.17637e-16 rho=1e+08 support=416/12248
ADMM_ITER round=0/0 iteration=85950/100000 objective=0.00074808641110111725 r=1.45981e-09/1.10677e-08 s=0.14579/0.00040899 projection_inf=1.17031e-16 rho=1e+08 support=416/12248
ADMM_ITER round=0/0 iteration=85975/100000 objective=0.00074829625957515994 r=1.46033e-09/1.10677e-08 s=0.145585/0.000409007 projection_inf=1.20811e-16 rho=1e+08 support=416/12248
ADMM_ITER round=0/0 iteration=86000/100000 objective=0.00074850343793254274 r=1.46006e-09/1.10677e-08 s=0.145469/0.000409023 projection_inf=1.18506e-16 rho=1e+08 support=416/12248
ADMM_ITER round=0/0 iteration=86025/100000 objective=0.00074871096987434347 r=1.45806e-09/1.10677e-08 s=0.145377/0.000409039 projection_inf=1.04782e-16 rho=1e+08 support=415/12248
ADMM_ITER round=0/0 iteration=86050/100000 objective=0.00074891777029695305 r=1.44938e-09/1.10677e-08 s=0.146083/0.000409055 projection_inf=1.2869e-16 rho=1e+08 support=415/12248
ADMM_ITER round=0/0 iteration=86075/100000 objective=0.00074912004214681028 r=1.44503e-09/1.10677e-08 s=0.146366/0.00040907 projection_inf=1.06226e-16 rho=1e+08 support=415/12248
ADMM_ITER round=0/0 iteration=86100/100000 objective=0.00074931437715347181 r=1.4511e-09/1.10677e-08 s=0.145625/0.000409086 projection_inf=1.07532e-16 rho=1e+08 support=415/12248
ADMM_ITER round=0/0 iteration=86125/100000 objective=0.00074950236219354901 r=1.46607e-09/1.10677e-08 s=0.143982/0.000409102 projection_inf=1.08772e-16 rho=1e+08 support=415/12248
ADMM_ITER round=0/0 iteration=86150/100000 objective=0.00074968746599062865 r=1.48995e-09/1.10677e-08 s=0.141377/0.000409117 projection_inf=1.04292e-16 rho=1e+08 support=415/12248
ADMM_ITER round=0/0 iteration=86175/100000 objective=0.00074987076123348318 r=1.51354e-09/1.10677e-08 s=0.13872/0.000409132 projection_inf=1.08193e-16 rho=1e+08 support=415/12248
ADMM_ITER round=0/0 iteration=86200/100000 objective=0.00075005399306952124 r=1.52993e-09/1.10677e-08 s=0.136782/0.000409147 projection_inf=1.19647e-16 rho=1e+08 support=415/12248
ADMM_ITER round=0/0 iteration=86225/100000 objective=0.00075024078786467151 r=1.54316e-09/1.10677e-08 s=0.134749/0.000409162 projection_inf=1.08268e-16 rho=1e+08 support=414/12248
ADMM_ITER round=0/0 iteration=86250/100000 objective=0.00075043704258793476 r=1.55418e-09/1.10677e-08 s=0.133161/0.000409177 projection_inf=1.14653e-16 rho=1e+08 support=414/12248
ADMM_ITER round=0/0 iteration=86275/100000 objective=0.00075064323562662081 r=1.56504e-09/1.10677e-08 s=0.131634/0.000409192 projection_inf=1.11023e-16 rho=1e+08 support=414/12248
ADMM_ITER round=0/0 iteration=86300/100000 objective=0.00075085875256743445 r=1.57731e-09/1.10677e-08 s=0.129942/0.000409207 projection_inf=1.14266e-16 rho=1e+08 support=414/12248
ADMM_ITER round=0/0 iteration=86325/100000 objective=0.00075108077000388422 r=1.58436e-09/1.10677e-08 s=0.128881/0.000409221 projection_inf=1.19109e-16 rho=1e+08 support=415/12248
ADMM_ITER round=0/0 iteration=86350/100000 objective=0.0007513079962432217 r=1.58423e-09/1.10677e-08 s=0.12871/0.000409236 projection_inf=1.09867e-16 rho=1e+08 support=415/12248
ADMM_ITER round=0/0 iteration=86375/100000 objective=0.000751541205363973 r=1.58285e-09/1.10677e-08 s=0.128661/0.00040925 projection_inf=1.06861e-16 rho=1e+08 support=416/12248
ADMM_ITER round=0/0 iteration=86400/100000 objective=0.0007517751113594619 r=1.58693e-09/1.10677e-08 s=0.12786/0.000409264 projection_inf=1.14511e-16 rho=1e+08 support=416/12248
ADMM_ITER round=0/0 iteration=86425/100000 objective=0.00075199868764883515 r=1.59962e-09/1.10677e-08 s=0.126032/0.000409278 projection_inf=1.10307e-16 rho=1e+08 support=416/12248
ADMM_ITER round=0/0 iteration=86450/100000 objective=0.00075221340534401308 r=1.61711e-09/1.10677e-08 s=0.123565/0.000409292 projection_inf=1.0794e-16 rho=1e+08 support=416/12248
ADMM_ITER round=0/0 iteration=86475/100000 objective=0.00075242636871294954 r=1.63893e-09/1.10677e-08 s=0.120453/0.000409306 projection_inf=1.30424e-16 rho=1e+08 support=416/12248
ADMM_ITER round=0/0 iteration=86500/100000 objective=0.00075263709210676287 r=1.65915e-09/1.10677e-08 s=0.117456/0.00040932 projection_inf=1.31997e-16 rho=1e+08 support=416/12248
ADMM_ITER round=0/0 iteration=86525/100000 objective=0.00075284725725633566 r=1.66925e-09/1.10677e-08 s=0.115829/0.000409333 projection_inf=1.22271e-16 rho=1e+08 support=416/12248
ADMM_ITER round=0/0 iteration=86550/100000 objective=0.00075305630362785842 r=1.66962e-09/1.10677e-08 s=0.115595/0.000409346 projection_inf=1.18527e-16 rho=1e+08 support=416/12248
ADMM_ITER round=0/0 iteration=86575/100000 objective=0.00075326562568300446 r=1.66424e-09/1.10677e-08 s=0.116195/0.00040936 projection_inf=1.15209e-16 rho=1e+08 support=416/12248
ADMM_ITER round=0/0 iteration=86600/100000 objective=0.00075347884469638274 r=1.65375e-09/1.10677e-08 s=0.117518/0.000409373 projection_inf=1.21409e-16 rho=1e+08 support=416/12248
ADMM_ITER round=0/0 iteration=86625/100000 objective=0.00075369364628219773 r=1.64397e-09/1.10677e-08 s=0.118724/0.000409386 projection_inf=1.19676e-16 rho=1e+08 support=416/12248
ADMM_ITER round=0/0 iteration=86650/100000 objective=0.00075391013399159765 r=1.63563e-09/1.10677e-08 s=0.119718/0.000409399 projection_inf=1.14355e-16 rho=1e+08 support=416/12248
ADMM_ITER round=0/0 iteration=86675/100000 objective=0.00075412587062756572 r=1.62462e-09/1.10677e-08 s=0.12106/0.000409411 projection_inf=1.12719e-16 rho=1e+08 support=416/12248
ADMM_ITER round=0/0 iteration=86700/100000 objective=0.00075433751583771011 r=1.61228e-09/1.10677e-08 s=0.122557/0.000409424 projection_inf=1.14228e-16 rho=1e+08 support=416/12248
ADMM_ITER round=0/0 iteration=86725/100000 objective=0.00075454717795789413 r=1.60045e-09/1.10677e-08 s=0.12396/0.000409436 projection_inf=1.09881e-16 rho=1e+08 support=416/12248
ADMM_ITER round=0/0 iteration=86750/100000 objective=0.00075475336397270532 r=1.59136e-09/1.10677e-08 s=0.124992/0.000409449 projection_inf=1.21123e-16 rho=1e+08 support=416/12248
ADMM_ITER round=0/0 iteration=86775/100000 objective=0.00075495554460426519 r=1.58598e-09/1.10677e-08 s=0.125543/0.000409461 projection_inf=1.3806e-16 rho=1e+08 support=416/12248
ADMM_ITER round=0/0 iteration=86800/100000 objective=0.00075515460793469191 r=1.58092e-09/1.10677e-08 s=0.126052/0.000409473 projection_inf=1.2985e-16 rho=1e+08 support=416/12248
ADMM_ITER round=0/0 iteration=86825/100000 objective=0.00075535165998890806 r=1.57728e-09/1.10677e-08 s=0.126383/0.000409485 projection_inf=1.15651e-16 rho=1e+08 support=416/12248
ADMM_ITER round=0/0 iteration=86850/100000 objective=0.00075554241971762036 r=1.57452e-09/1.10677e-08 s=0.126604/0.000409497 projection_inf=1.1877e-16 rho=1e+08 support=416/12248
ADMM_ITER round=0/0 iteration=86875/100000 objective=0.00075572468153472193 r=1.57393e-09/1.10677e-08 s=0.12551/0.000409508 projection_inf=1.06942e-16 rho=1e+08 support=415/12248
ADMM_ITER round=0/0 iteration=86900/100000 objective=0.00075589623652801293 r=1.56996e-09/1.10677e-08 s=0.125519/0.00040952 projection_inf=1.18657e-16 rho=1e+08 support=414/12248
ADMM_ITER round=0/0 iteration=86925/100000 objective=0.00075606772901880075 r=1.57112e-09/1.10677e-08 s=0.125046/0.000409532 projection_inf=1.21246e-16 rho=1e+08 support=414/12248
ADMM_ITER round=0/0 iteration=86950/100000 objective=0.00075623598098118437 r=1.5744e-09/1.10677e-08 s=0.124405/0.000409543 projection_inf=1.25829e-16 rho=1e+08 support=414/12248
ADMM_ITER round=0/0 iteration=86975/100000 objective=0.00075640096984926856 r=1.58089e-09/1.10677e-08 s=0.123377/0.000409554 projection_inf=1.08786e-16 rho=1e+08 support=414/12248
ADMM_ITER round=0/0 iteration=87000/100000 objective=0.00075656181692147371 r=1.58769e-09/1.10677e-08 s=0.122315/0.000409566 projection_inf=1.10849e-16 rho=1e+08 support=414/12248
ADMM_ITER round=0/0 iteration=87025/100000 objective=0.00075672101697013691 r=1.59564e-09/1.10677e-08 s=0.121101/0.000409577 projection_inf=1.06181e-16 rho=1e+08 support=414/12248
ADMM_ITER round=0/0 iteration=87050/100000 objective=0.00075687567654714356 r=1.59904e-09/1.10677e-08 s=0.120484/0.000409588 projection_inf=1.33223e-16 rho=1e+08 support=414/12248
ADMM_ITER round=0/0 iteration=87075/100000 objective=0.0007570301423575858 r=1.60099e-09/1.10677e-08 s=0.120064/0.000409599 projection_inf=1.21742e-16 rho=1e+08 support=414/12248
ADMM_ITER round=0/0 iteration=87100/100000 objective=0.00075718944030134813 r=1.60488e-09/1.10677e-08 s=0.119387/0.00040961 projection_inf=1.08892e-16 rho=1e+08 support=414/12248
ADMM_ITER round=0/0 iteration=87125/100000 objective=0.00075734915938885144 r=1.60994e-09/1.10677e-08 s=0.118552/0.00040962 projection_inf=1.28739e-16 rho=1e+08 support=414/12248
ADMM_ITER round=0/0 iteration=87150/100000 objective=0.00075750748786731505 r=1.61635e-09/1.10677e-08 s=0.117526/0.000409631 projection_inf=1.18095e-16 rho=1e+08 support=414/12248
ADMM_ITER round=0/0 iteration=87175/100000 objective=0.00075766421298045891 r=1.62189e-09/1.10677e-08 s=0.116607/0.000409642 projection_inf=1.13991e-16 rho=1e+08 support=415/12248
ADMM_ITER round=0/0 iteration=87200/100000 objective=0.00075781594364828159 r=1.62203e-09/1.10677e-08 s=0.116438/0.000409652 projection_inf=1.30488e-16 rho=1e+08 support=415/12248
ADMM_ITER round=0/0 iteration=87225/100000 objective=0.00075796026721458955 r=1.61727e-09/1.10677e-08 s=0.116953/0.000409662 projection_inf=1.12311e-16 rho=1e+08 support=415/12248
ADMM_ITER round=0/0 iteration=87250/100000 objective=0.00075810055380716272 r=1.60795e-09/1.10677e-08 s=0.11809/0.000409673 projection_inf=1.23973e-16 rho=1e+08 support=415/12248
ADMM_ITER round=0/0 iteration=87275/100000 objective=0.00075824035957711936 r=1.59476e-09/1.10677e-08 s=0.11973/0.000409683 projection_inf=1.10813e-16 rho=1e+08 support=414/12248
ADMM_ITER round=0/0 iteration=87300/100000 objective=0.00075838293752656684 r=1.58734e-09/1.10677e-08 s=0.120487/0.000409693 projection_inf=1.14698e-16 rho=1e+08 support=414/12248
ADMM_ITER round=0/0 iteration=87325/100000 objective=0.00075853262270933128 r=1.58825e-09/1.10677e-08 s=0.120211/0.000409703 projection_inf=1.12984e-16 rho=1e+08 support=414/12248
ADMM_ITER round=0/0 iteration=87350/100000 objective=0.00075869303752451546 r=1.59212e-09/1.10677e-08 s=0.119549/0.000409713 projection_inf=1.15278e-16 rho=1e+08 support=414/12248
ADMM_ITER round=0/0 iteration=87375/100000 objective=0.00075886220086949477 r=1.59646e-09/1.10677e-08 s=0.118823/0.000409723 projection_inf=1.15962e-16 rho=1e+08 support=414/12248
ADMM_ITER round=0/0 iteration=87400/100000 objective=0.0007590380033010765 r=1.59995e-09/1.10677e-08 s=0.118212/0.000409733 projection_inf=1.14249e-16 rho=1e+08 support=414/12248
ADMM_ITER round=0/0 iteration=87425/100000 objective=0.00075922008934017145 r=1.60015e-09/1.10677e-08 s=0.118046/0.000409742 projection_inf=1.24881e-16 rho=1e+08 support=414/12248
ADMM_ITER round=0/0 iteration=87450/100000 objective=0.00075941013214005982 r=1.59812e-09/1.10677e-08 s=0.118185/0.000409752 projection_inf=1.18527e-16 rho=1e+08 support=414/12248
ADMM_ITER round=0/0 iteration=87475/100000 objective=0.00075960680735345581 r=1.59627e-09/1.10677e-08 s=0.1183/0.000409761 projection_inf=1.2127e-16 rho=1e+08 support=414/12248
ADMM_ITER round=0/0 iteration=87500/100000 objective=0.00075980400383448253 r=1.59637e-09/1.10677e-08 s=0.118155/0.00040977 projection_inf=1.37778e-16 rho=1e+08 support=414/12248
ADMM_ITER round=0/0 iteration=87525/100000 objective=0.00075999699744482376 r=1.59829e-09/1.10677e-08 s=0.117766/0.00040978 projection_inf=1.10917e-16 rho=1e+08 support=414/12248
ADMM_ITER round=0/0 iteration=87550/100000 objective=0.00076018387954756704 r=1.59864e-09/1.10677e-08 s=0.117589/0.000409789 projection_inf=1.05692e-16 rho=1e+08 support=414/12248
ADMM_ITER round=0/0 iteration=87575/100000 objective=0.00076036520017850717 r=1.59449e-09/1.10677e-08 s=0.11802/0.000409798 projection_inf=1.20763e-16 rho=1e+08 support=415/12248
ADMM_ITER round=0/0 iteration=87600/100000 objective=0.00076054212922468478 r=1.58606e-09/1.10677e-08 s=0.119015/0.000409806 projection_inf=1.2496e-16 rho=1e+08 support=415/12248
ADMM_ITER round=0/0 iteration=87625/100000 objective=0.00076071270429727369 r=1.57851e-09/1.10677e-08 s=0.119885/0.000409815 projection_inf=1.11459e-16 rho=1e+08 support=415/12248
ADMM_ITER round=0/0 iteration=87650/100000 objective=0.00076087499661482651 r=1.573e-09/1.10677e-08 s=0.12048/0.000409824 projection_inf=1.32804e-16 rho=1e+08 support=415/12248
ADMM_ITER round=0/0 iteration=87675/100000 objective=0.00076103108795875672 r=1.56965e-09/1.10677e-08 s=0.120792/0.000409832 projection_inf=1.09589e-16 rho=1e+08 support=415/12248
ADMM_ITER round=0/0 iteration=87700/100000 objective=0.00076118316181425331 r=1.56977e-09/1.10677e-08 s=0.120653/0.000409841 projection_inf=1.1125e-16 rho=1e+08 support=415/12248
ADMM_ITER round=0/0 iteration=87725/100000 objective=0.00076133349976413914 r=1.57243e-09/1.10677e-08 s=0.120185/0.000409849 projection_inf=1.17612e-16 rho=1e+08 support=415/12248
ADMM_ITER round=0/0 iteration=87750/100000 objective=0.0007614839121078134 r=1.57869e-09/1.10677e-08 s=0.11924/0.000409857 projection_inf=1.04073e-16 rho=1e+08 support=415/12248
ADMM_ITER round=0/0 iteration=87775/100000 objective=0.00076163415188568401 r=1.58801e-09/1.10677e-08 s=0.117876/0.000409866 projection_inf=1.23186e-16 rho=1e+08 support=415/12248
ADMM_ITER round=0/0 iteration=87800/100000 objective=0.00076178401543466716 r=1.59478e-09/1.10677e-08 s=0.116838/0.000409874 projection_inf=1.29918e-16 rho=1e+08 support=415/12248
ADMM_ITER round=0/0 iteration=87825/100000 objective=0.00076193392300357712 r=1.59868e-09/1.10677e-08 s=0.116183/0.000409882 projection_inf=1.0878e-16 rho=1e+08 support=415/12248
ADMM_ITER round=0/0 iteration=87850/100000 objective=0.00076208386775345209 r=1.60303e-09/1.10677e-08 s=0.115442/0.00040989 projection_inf=1.19393e-16 rho=1e+08 support=416/12248
ADMM_ITER round=0/0 iteration=87875/100000 objective=0.00076223232129267774 r=1.61159e-09/1.10677e-08 s=0.114106/0.000409897 projection_inf=1.16569e-16 rho=1e+08 support=416/12248
ADMM_ITER round=0/0 iteration=87900/100000 objective=0.00076237299102723704 r=1.628e-09/1.10677e-08 s=0.11124/0.000409905 projection_inf=1.45735e-16 rho=1e+08 support=415/12248
ADMM_ITER round=0/0 iteration=87925/100000 objective=0.00076250083103545177 r=1.64011e-09/1.10677e-08 s=0.109121/0.000409913 projection_inf=1.25684e-16 rho=1e+08 support=415/12248
ADMM_ITER round=0/0 iteration=87950/100000 objective=0.00076261864357763201 r=1.64099e-09/1.10677e-08 s=0.108734/0.00040992 projection_inf=1.25759e-16 rho=1e+08 support=415/12248
ADMM_ITER round=0/0 iteration=87975/100000 objective=0.00076272995301555923 r=1.63628e-09/1.10677e-08 s=0.109219/0.000409928 projection_inf=1.09634e-16 rho=1e+08 support=415/12248
ADMM_ITER round=0/0 iteration=88000/100000 objective=0.00076283760878310437 r=1.62065e-09/1.10677e-08 s=0.111307/0.000409935 projection_inf=1.21236e-16 rho=1e+08 support=416/12248
ADMM_ITER round=0/0 iteration=88025/100000 objective=0.00076293930834803506 r=1.59011e-09/1.10677e-08 s=0.115424/0.000409943 projection_inf=1.12364e-16 rho=1e+08 support=416/12248
ADMM_ITER round=0/0 iteration=88050/100000 objective=0.00076303301867108647 r=1.55597e-09/1.10677e-08 s=0.119801/0.00040995 projection_inf=1.12518e-16 rho=1e+08 support=416/12248
ADMM_ITER round=0/0 iteration=88075/100000 objective=0.00076312133905717455 r=1.53565e-09/1.10677e-08 s=0.122197/0.000409957 projection_inf=1.13141e-16 rho=1e+08 support=415/12248
ADMM_ITER round=0/0 iteration=88100/100000 objective=0.00076321512720439971 r=1.53065e-09/1.10677e-08 s=0.122638/0.000409965 projection_inf=1.21623e-16 rho=1e+08 support=415/12248
ADMM_ITER round=0/0 iteration=88125/100000 objective=0.0007633189772347607 r=1.53314e-09/1.10677e-08 s=0.121879/0.000409972 projection_inf=1.27326e-16 rho=1e+08 support=414/12248
ADMM_ITER round=0/0 iteration=88150/100000 objective=0.00076342892930319963 r=1.54091e-09/1.10677e-08 s=0.120676/0.000409979 projection_inf=1.14196e-16 rho=1e+08 support=414/12248
ADMM_ITER round=0/0 iteration=88175/100000 objective=0.00076353698481161246 r=1.54826e-09/1.10677e-08 s=0.119527/0.000409986 projection_inf=1.09448e-16 rho=1e+08 support=414/12248
ADMM_ITER round=0/0 iteration=88200/100000 objective=0.00076364764596089036 r=1.55574e-09/1.10677e-08 s=0.118323/0.000409993 projection_inf=1.12226e-16 rho=1e+08 support=415/12248
ADMM_ITER round=0/0 iteration=88225/100000 objective=0.00076376813019801812 r=1.56162e-09/1.10677e-08 s=0.117327/0.00041 projection_inf=1.14886e-16 rho=1e+08 support=415/12248
ADMM_ITER round=0/0 iteration=88250/100000 objective=0.00076389414306173042 r=1.56529e-09/1.10677e-08 s=0.116631/0.000410006 projection_inf=1.06146e-16 rho=1e+08 support=415/12248
ADMM_ITER round=0/0 iteration=88275/100000 objective=0.00076401422223783917 r=1.56966e-09/1.10677e-08 s=0.115845/0.000410013 projection_inf=1.16983e-16 rho=1e+08 support=415/12248
ADMM_ITER round=0/0 iteration=88300/100000 objective=0.00076412443992224222 r=1.56928e-09/1.10677e-08 s=0.115708/0.00041002 projection_inf=1.17312e-16 rho=1e+08 support=415/12248
ADMM_ITER round=0/0 iteration=88325/100000 objective=0.00076422968940773246 r=1.56521e-09/1.10677e-08 s=0.116076/0.000410026 projection_inf=1.26065e-16 rho=1e+08 support=415/12248
ADMM_ITER round=0/0 iteration=88350/100000 objective=0.00076433569581217165 r=1.56272e-09/1.10677e-08 s=0.116235/0.000410033 projection_inf=1.29643e-16 rho=1e+08 support=415/12248
ADMM_ITER round=0/0 iteration=88375/100000 objective=0.00076444503600145224 r=1.55982e-09/1.10677e-08 s=0.116453/0.00041004 projection_inf=1.14837e-16 rho=1e+08 support=415/12248
ADMM_ITER round=0/0 iteration=88400/100000 objective=0.00076455372203973438 r=1.56054e-09/1.10677e-08 s=0.116189/0.000410046 projection_inf=1.0881e-16 rho=1e+08 support=415/12248
ADMM_ITER round=0/0 iteration=88425/100000 objective=0.00076466082618542033 r=1.58108e-09/1.10677e-08 s=0.112201/0.000410052 projection_inf=1.15679e-16 rho=1e+08 support=414/12248
ADMM_ITER round=0/0 iteration=88450/100000 objective=0.00076476122593630914 r=1.61405e-09/1.10677e-08 s=0.107058/0.000410059 projection_inf=1.11157e-16 rho=1e+08 support=414/12248
ADMM_ITER round=0/0 iteration=88475/100000 objective=0.00076485003785955216 r=1.6401e-09/1.10677e-08 s=0.102724/0.000410065 projection_inf=1.11981e-16 rho=1e+08 support=414/12248
ADMM_ITER round=0/0 iteration=88500/100000 objective=0.00076493208252218577 r=1.65889e-09/1.10677e-08 s=0.0993754/0.000410071 projection_inf=1.29927e-16 rho=1e+08 support=414/12248
ADMM_ITER round=0/0 iteration=88525/100000 objective=0.00076501494356402211 r=1.66494e-09/1.10677e-08 s=0.0980866/0.000410077 projection_inf=1.15125e-16 rho=1e+08 support=414/12248
ADMM_ITER round=0/0 iteration=88550/100000 objective=0.00076510387937691205 r=1.65373e-09/1.10677e-08 s=0.0997104/0.000410083 projection_inf=1.2428e-16 rho=1e+08 support=414/12248
ADMM_ITER round=0/0 iteration=88575/100000 objective=0.00076519665707430306 r=1.63206e-09/1.10677e-08 s=0.10298/0.000410089 projection_inf=1.05775e-16 rho=1e+08 support=414/12248
ADMM_ITER round=0/0 iteration=88600/100000 objective=0.00076529126475709881 r=1.60885e-09/1.10677e-08 s=0.106346/0.000410095 projection_inf=1.12681e-16 rho=1e+08 support=414/12248
ADMM_ITER round=0/0 iteration=88625/100000 objective=0.00076538174429359863 r=1.5938e-09/1.10677e-08 s=0.108375/0.000410101 projection_inf=1.23014e-16 rho=1e+08 support=414/12248
ADMM_ITER round=0/0 iteration=88650/100000 objective=0.00076546151696030588 r=1.59675e-09/1.10677e-08 s=0.107731/0.000410107 projection_inf=1.20168e-16 rho=1e+08 support=414/12248
ADMM_ITER round=0/0 iteration=88675/100000 objective=0.00076552947701768266 r=1.60856e-09/1.10677e-08 s=0.105736/0.000410113 projection_inf=1.29153e-16 rho=1e+08 support=415/12248
ADMM_ITER round=0/0 iteration=88700/100000 objective=0.00076558764808212765 r=1.61768e-09/1.10677e-08 s=0.104119/0.000410119 projection_inf=1.06988e-16 rho=1e+08 support=415/12248
ADMM_ITER round=0/0 iteration=88725/100000 objective=0.00076563880560903122 r=1.61669e-09/1.10677e-08 s=0.104061/0.000410125 projection_inf=1.17086e-16 rho=1e+08 support=415/12248
ADMM_ITER round=0/0 iteration=88750/100000 objective=0.00076568464304908618 r=1.60775e-09/1.10677e-08 s=0.105235/0.00041013 projection_inf=1.17641e-16 rho=1e+08 support=415/12248
ADMM_ITER round=0/0 iteration=88775/100000 objective=0.0007657242588051949 r=1.6028e-09/1.10677e-08 s=0.10579/0.000410136 projection_inf=1.18905e-16 rho=1e+08 support=415/12248
ADMM_ITER round=0/0 iteration=88800/100000 objective=0.00076575673644301674 r=1.60129e-09/1.10677e-08 s=0.105828/0.000410142 projection_inf=1.1803e-16 rho=1e+08 support=415/12248
ADMM_ITER round=0/0 iteration=88825/100000 objective=0.00076578519149765828 r=1.60274e-09/1.10677e-08 s=0.105418/0.000410147 projection_inf=1.47933e-16 rho=1e+08 support=415/12248
ADMM_ITER round=0/0 iteration=88850/100000 objective=0.00076581133637234136 r=1.61133e-09/1.10677e-08 s=0.103914/0.000410153 projection_inf=1.12034e-16 rho=1e+08 support=415/12248
ADMM_ITER round=0/0 iteration=88875/100000 objective=0.00076583247745664392 r=1.62173e-09/1.10677e-08 s=0.102097/0.000410159 projection_inf=1.11173e-16 rho=1e+08 support=415/12248
ADMM_ITER round=0/0 iteration=88900/100000 objective=0.00076584262470763076 r=1.61901e-09/1.10677e-08 s=0.102343/0.000410164 projection_inf=1.41732e-16 rho=1e+08 support=415/12248
ADMM_ITER round=0/0 iteration=88925/100000 objective=0.00076583903337194999 r=1.60346e-09/1.10677e-08 s=0.104586/0.00041017 projection_inf=1.1292e-16 rho=1e+08 support=415/12248
ADMM_ITER round=0/0 iteration=88950/100000 objective=0.00076582169766998718 r=1.58686e-09/1.10677e-08 s=0.106919/0.000410176 projection_inf=1.31021e-16 rho=1e+08 support=415/12248
ADMM_ITER round=0/0 iteration=88975/100000 objective=0.00076579133953880532 r=1.57629e-09/1.10677e-08 s=0.108306/0.000410181 projection_inf=1.04701e-16 rho=1e+08 support=415/12248
ADMM_ITER round=0/0 iteration=89000/100000 objective=0.000765747615414176 r=1.5735e-09/1.10677e-08 s=0.108551/0.000410187 projection_inf=1.10515e-16 rho=1e+08 support=415/12248
ADMM_ITER round=0/0 iteration=89025/100000 objective=0.00076569009965965626 r=1.58349e-09/1.10677e-08 s=0.106907/0.000410193 projection_inf=1.17671e-16 rho=1e+08 support=414/12248
ADMM_ITER round=0/0 iteration=89050/100000 objective=0.00076561967151317302 r=1.60907e-09/1.10677e-08 s=0.102686/0.000410199 projection_inf=1.36739e-16 rho=1e+08 support=414/12248
ADMM_ITER round=0/0 iteration=89075/100000 objective=0.0007655397577167024 r=1.63438e-09/1.10677e-08 s=0.098375/0.000410204 projection_inf=1.23716e-16 rho=1e+08 support=414/12248
ADMM_ITER round=0/0 iteration=89100/100000 objective=0.00076545353244378332 r=1.63967e-09/1.10677e-08 s=0.0972745/0.00041021 projection_inf=1.11059e-16 rho=1e+08 support=414/12248
ADMM_ITER round=0/0 iteration=89125/100000 objective=0.00076536293452667719 r=1.62342e-09/1.10677e-08 s=0.0997634/0.000410216 projection_inf=1.16396e-16 rho=1e+08 support=414/12248
ADMM_ITER round=0/0 iteration=89150/100000 objective=0.00076526620313029526 r=1.59913e-09/1.10677e-08 s=0.103403/0.000410222 projection_inf=1.0764e-16 rho=1e+08 support=415/12248
ADMM_ITER round=0/0 iteration=89175/100000 objective=0.00076516284088537652 r=1.57761e-09/1.10677e-08 s=0.106463/0.000410228 projection_inf=1.08218e-16 rho=1e+08 support=415/12248
ADMM_ITER round=0/0 iteration=89200/100000 objective=0.00076505318043830375 r=1.56726e-09/1.10677e-08 s=0.107798/0.000410234 projection_inf=1.08689e-16 rho=1e+08 support=415/12248
ADMM_ITER round=0/0 iteration=89225/100000 objective=0.00076494021680323637 r=1.57352e-09/1.10677e-08 s=0.106648/0.000410241 projection_inf=1.05361e-16 rho=1e+08 support=414/12248
ADMM_ITER round=0/0 iteration=89250/100000 objective=0.00076483051357131143 r=1.58957e-09/1.10677e-08 s=0.103903/0.000410247 projection_inf=1.2224e-16 rho=1e+08 support=414/12248
ADMM_ITER round=0/0 iteration=89275/100000 objective=0.00076472878124313345 r=1.60198e-09/1.10677e-08 s=0.101746/0.000410253 projection_inf=1.12714e-16 rho=1e+08 support=414/12248
ADMM_ITER round=0/0 iteration=89300/100000 objective=0.00076463603923300797 r=1.60178e-09/1.10677e-08 s=0.101567/0.00041026 projection_inf=1.23296e-16 rho=1e+08 support=414/12248
ADMM_ITER round=0/0 iteration=89325/100000 objective=0.00076455081696822703 r=1.58823e-09/1.10677e-08 s=0.103479/0.000410266 projection_inf=1.18131e-16 rho=1e+08 support=414/12248
ADMM_ITER round=0/0 iteration=89350/100000 objective=0.0007644727718444566 r=1.57285e-09/1.10677e-08 s=0.105618/0.000410273 projection_inf=1.24204e-16 rho=1e+08 support=414/12248
ADMM_ITER round=0/0 iteration=89375/100000 objective=0.00076440223516710949 r=1.56807e-09/1.10677e-08 s=0.10615/0.000410279 projection_inf=1.05652e-16 rho=1e+08 support=414/12248
ADMM_ITER round=0/0 iteration=89400/100000 objective=0.00076434203783958758 r=1.57534e-09/1.10677e-08 s=0.104896/0.000410286 projection_inf=1.22389e-16 rho=1e+08 support=414/12248
ADMM_ITER round=0/0 iteration=89425/100000 objective=0.00076429326876080049 r=1.59133e-09/1.10677e-08 s=0.10228/0.000410292 projection_inf=1.13605e-16 rho=1e+08 support=414/12248
ADMM_ITER round=0/0 iteration=89450/100000 objective=0.00076425284066592889 r=1.60449e-09/1.10677e-08 s=0.10003/0.000410299 projection_inf=1.17784e-16 rho=1e+08 support=414/12248
ADMM_ITER round=0/0 iteration=89475/100000 objective=0.00076421999947806065 r=1.60452e-09/1.10677e-08 s=0.0998546/0.000410306 projection_inf=1.29115e-16 rho=1e+08 support=414/12248
ADMM_ITER round=0/0 iteration=89500/100000 objective=0.00076419440144697857 r=1.59165e-09/1.10677e-08 s=0.101729/0.000410312 projection_inf=1.06506e-16 rho=1e+08 support=414/12248
ADMM_ITER round=0/0 iteration=89525/100000 objective=0.00076417269361914685 r=1.57265e-09/1.10677e-08 s=0.104485/0.000410319 projection_inf=1.26985e-16 rho=1e+08 support=414/12248
ADMM_ITER round=0/0 iteration=89550/100000 objective=0.00076415070760445236 r=1.55555e-09/1.10677e-08 s=0.106864/0.000410326 projection_inf=1.1016e-16 rho=1e+08 support=414/12248
ADMM_ITER round=0/0 iteration=89575/100000 objective=0.00076412820776776739 r=1.54739e-09/1.10677e-08 s=0.107895/0.000410332 projection_inf=1.28178e-16 rho=1e+08 support=414/12248
ADMM_ITER round=0/0 iteration=89600/100000 objective=0.00076411016239623429 r=1.54866e-09/1.10677e-08 s=0.107567/0.000410339 projection_inf=1.12631e-16 rho=1e+08 support=414/12248
ADMM_ITER round=0/0 iteration=89625/100000 objective=0.00076410193226362274 r=1.54944e-09/1.10677e-08 s=0.107311/0.000410346 projection_inf=1.10307e-16 rho=1e+08 support=414/12248
ADMM_ITER round=0/0 iteration=89650/100000 objective=0.00076410610579507612 r=1.5404e-09/1.10677e-08 s=0.108465/0.000410353 projection_inf=1.21356e-16 rho=1e+08 support=414/12248
ADMM_ITER round=0/0 iteration=89675/100000 objective=0.00076412234398177709 r=1.51905e-09/1.10677e-08 s=0.111294/0.00041036 projection_inf=1.09376e-16 rho=1e+08 support=415/12248
ADMM_ITER round=0/0 iteration=89700/100000 objective=0.00076414724532793609 r=1.48643e-09/1.10677e-08 s=0.115478/0.000410366 projection_inf=1.37164e-16 rho=1e+08 support=415/12248
ADMM_ITER round=0/0 iteration=89725/100000 objective=0.00076417551693763611 r=1.45084e-09/1.10677e-08 s=0.119791/0.000410373 projection_inf=1.12775e-16 rho=1e+08 support=415/12248
ADMM_ITER round=0/0 iteration=89750/100000 objective=0.00076420456741437155 r=1.42248e-09/1.10677e-08 s=0.123022/0.00041038 projection_inf=1.14653e-16 rho=1e+08 support=415/12248
ADMM_ITER round=0/0 iteration=89775/100000 objective=0.00076423398651205305 r=1.40629e-09/1.10677e-08 s=0.12475/0.000410386 projection_inf=1.09076e-16 rho=1e+08 support=415/12248
ADMM_ITER round=0/0 iteration=89800/100000 objective=0.00076426428049056064 r=1.4033e-09/1.10677e-08 s=0.12497/0.000410393 projection_inf=1.24257e-16 rho=1e+08 support=415/12248
ADMM_ITER round=0/0 iteration=89825/100000 objective=0.00076429651322848697 r=1.40665e-09/1.10677e-08 s=0.124476/0.0004104 projection_inf=1.41454e-16 rho=1e+08 support=415/12248
ADMM_ITER round=0/0 iteration=89850/100000 objective=0.00076433021843074595 r=1.40397e-09/1.10677e-08 s=0.124664/0.000410406 projection_inf=1.06281e-16 rho=1e+08 support=415/12248
ADMM_ITER round=0/0 iteration=89875/100000 objective=0.00076436227101061942 r=1.39049e-09/1.10677e-08 s=0.126055/0.000410413 projection_inf=1.25422e-16 rho=1e+08 support=415/12248
ADMM_ITER round=0/0 iteration=89900/100000 objective=0.00076438932449669934 r=1.37281e-09/1.10677e-08 s=0.127869/0.00041042 projection_inf=1.18123e-16 rho=1e+08 support=415/12248
ADMM_ITER round=0/0 iteration=89925/100000 objective=0.00076440877807048082 r=1.35924e-09/1.10677e-08 s=0.129205/0.000410426 projection_inf=1.26277e-16 rho=1e+08 support=415/12248
ADMM_ITER round=0/0 iteration=89950/100000 objective=0.00076441903892659731 r=1.35212e-09/1.10677e-08 s=0.129845/0.000410433 projection_inf=1.16245e-16 rho=1e+08 support=415/12248
ADMM_ITER round=0/0 iteration=89975/100000 objective=0.0007644201721679235 r=1.35314e-09/1.10677e-08 s=0.129635/0.00041044 projection_inf=1.06773e-16 rho=1e+08 support=414/12248
ADMM_ITER round=0/0 iteration=90000/100000 objective=0.00076441393467882634 r=1.36346e-09/1.10677e-08 s=0.128437/0.000410446 projection_inf=1.31873e-16 rho=1e+08 support=414/12248
ADMM_ITER round=0/0 iteration=90025/100000 objective=0.00076440239256763841 r=1.37565e-09/1.10677e-08 s=0.127023/0.000410453 projection_inf=1.16964e-16 rho=1e+08 support=414/12248
ADMM_ITER round=0/0 iteration=90050/100000 objective=0.00076438522243050535 r=1.37889e-09/1.10677e-08 s=0.126564/0.000410459 projection_inf=1.20619e-16 rho=1e+08 support=414/12248
ADMM_ITER round=0/0 iteration=90075/100000 objective=0.00076436054213701514 r=1.37192e-09/1.10677e-08 s=0.127194/0.000410466 projection_inf=1.22866e-16 rho=1e+08 support=415/12248
ADMM_ITER round=0/0 iteration=90100/100000 objective=0.00076432318255509172 r=1.36632e-09/1.10677e-08 s=0.127661/0.000410473 projection_inf=1.2331e-16 rho=1e+08 support=415/12248
ADMM_ITER round=0/0 iteration=90125/100000 objective=0.00076427313758882889 r=1.36986e-09/1.10677e-08 s=0.127163/0.000410479 projection_inf=1.11606e-16 rho=1e+08 support=415/12248
ADMM_ITER round=0/0 iteration=90150/100000 objective=0.00076420981547114868 r=1.3822e-09/1.10677e-08 s=0.125709/0.000410486 projection_inf=1.25438e-16 rho=1e+08 support=415/12248
ADMM_ITER round=0/0 iteration=90175/100000 objective=0.0007641304667782233 r=1.39904e-09/1.10677e-08 s=0.12372/0.000410493 projection_inf=1.29291e-16 rho=1e+08 support=415/12248
ADMM_ITER round=0/0 iteration=90200/100000 objective=0.00076403616728727317 r=1.41567e-09/1.10677e-08 s=0.121704/0.000410499 projection_inf=1.16962e-16 rho=1e+08 support=415/12248
ADMM_ITER round=0/0 iteration=90225/100000 objective=0.0007639267965012282 r=1.4278e-09/1.10677e-08 s=0.120169/0.000410506 projection_inf=1.27811e-16 rho=1e+08 support=415/12248
ADMM_ITER round=0/0 iteration=90250/100000 objective=0.00076380600546116116 r=1.43103e-09/1.10677e-08 s=0.119676/0.000410513 projection_inf=1.17959e-16 rho=1e+08 support=415/12248
ADMM_ITER round=0/0 iteration=90275/100000 objective=0.00076367457620505805 r=1.42724e-09/1.10677e-08 s=0.120022/0.00041052 projection_inf=1.27675e-16 rho=1e+08 support=415/12248
ADMM_ITER round=0/0 iteration=90300/100000 objective=0.00076353294044724941 r=1.42589e-09/1.10677e-08 s=0.120079/0.000410527 projection_inf=1.1867e-16 rho=1e+08 support=415/12248
ADMM_ITER round=0/0 iteration=90325/100000 objective=0.00076338317721809433 r=1.43565e-09/1.10677e-08 s=0.118806/0.000410535 projection_inf=1.50535e-16 rho=1e+08 support=415/12248
ADMM_ITER round=0/0 iteration=90350/100000 objective=0.00076322879396861136 r=1.45679e-09/1.10677e-08 s=0.1161/0.000410542 projection_inf=1.32482e-16 rho=1e+08 support=415/12248
ADMM_ITER round=0/0 iteration=90375/100000 objective=0.00076307422111475311 r=1.48449e-09/1.10677e-08 s=0.11243/0.000410549 projection_inf=1.15441e-16 rho=1e+08 support=415/12248
ADMM_ITER round=0/0 iteration=90400/100000 objective=0.00076292415196504526 r=1.51326e-09/1.10677e-08 s=0.108416/0.000410557 projection_inf=1.21985e-16 rho=1e+08 support=415/12248
ADMM_ITER round=0/0 iteration=90425/100000 objective=0.00076278126791145704 r=1.53099e-09/1.10677e-08 s=0.10574/0.000410564 projection_inf=1.125e-16 rho=1e+08 support=416/12248
ADMM_ITER round=0/0 iteration=90450/100000 objective=0.00076264646746069371 r=1.53096e-09/1.10677e-08 s=0.105595/0.000410572 projection_inf=1.19298e-16 rho=1e+08 support=416/12248
ADMM_ITER round=0/0 iteration=90475/100000 objective=0.00076251948953560901 r=1.51942e-09/1.10677e-08 s=0.107111/0.00041058 projection_inf=1.09589e-16 rho=1e+08 support=416/12248
ADMM_ITER round=0/0 iteration=90500/100000 objective=0.00076239674664608647 r=1.50996e-09/1.10677e-08 s=0.10831/0.000410587 projection_inf=1.07336e-16 rho=1e+08 support=416/12248
ADMM_ITER round=0/0 iteration=90525/100000 objective=0.00076227609678047945 r=1.50971e-09/1.10677e-08 s=0.108219/0.000410595 projection_inf=1.13119e-16 rho=1e+08 support=416/12248
ADMM_ITER round=0/0 iteration=90550/100000 objective=0.00076215302378792042 r=1.51416e-09/1.10677e-08 s=0.107461/0.000410603 projection_inf=1.11862e-16 rho=1e+08 support=416/12248
ADMM_ITER round=0/0 iteration=90575/100000 objective=0.00076202520798450933 r=1.51283e-09/1.10677e-08 s=0.107499/0.000410611 projection_inf=1.12168e-16 rho=1e+08 support=417/12248
ADMM_ITER round=0/0 iteration=90600/100000 objective=0.00076188862137846741 r=1.50057e-09/1.10677e-08 s=0.109067/0.000410619 projection_inf=1.15514e-16 rho=1e+08 support=417/12248
ADMM_ITER round=0/0 iteration=90625/100000 objective=0.00076174452832770446 r=1.4776e-09/1.10677e-08 s=0.112032/0.000410628 projection_inf=1.1838e-16 rho=1e+08 support=417/12248
ADMM_ITER round=0/0 iteration=90650/100000 objective=0.00076159401218089484 r=1.45237e-09/1.10677e-08 s=0.115162/0.000410636 projection_inf=1.17302e-16 rho=1e+08 support=417/12248
ADMM_ITER round=0/0 iteration=90675/100000 objective=0.00076143850319503829 r=1.43628e-09/1.10677e-08 s=0.117046/0.000410644 projection_inf=1.10371e-16 rho=1e+08 support=417/12248
ADMM_ITER round=0/0 iteration=90700/100000 objective=0.00076128187377241764 r=1.43537e-09/1.10677e-08 s=0.117042/0.000410653 projection_inf=1.19807e-16 rho=1e+08 support=417/12248
ADMM_ITER round=0/0 iteration=90725/100000 objective=0.00076112859783386642 r=1.44475e-09/1.10677e-08 s=0.115769/0.000410661 projection_inf=1.13719e-16 rho=1e+08 support=417/12248
ADMM_ITER round=0/0 iteration=90750/100000 objective=0.00076098065512837231 r=1.45495e-09/1.10677e-08 s=0.11437/0.00041067 projection_inf=1.16376e-16 rho=1e+08 support=417/12248
ADMM_ITER round=0/0 iteration=90775/100000 objective=0.00076083739295545669 r=1.45807e-09/1.10677e-08 s=0.11386/0.000410679 projection_inf=1.1814e-16 rho=1e+08 support=417/12248
ADMM_ITER round=0/0 iteration=90800/100000 objective=0.00076069731939217911 r=1.44901e-09/1.10677e-08 s=0.114902/0.000410688 projection_inf=1.27846e-16 rho=1e+08 support=417/12248
ADMM_ITER round=0/0 iteration=90825/100000 objective=0.00076055900281184023 r=1.43274e-09/1.10677e-08 s=0.116818/0.000410696 projection_inf=1.38554e-16 rho=1e+08 support=417/12248
ADMM_ITER round=0/0 iteration=90850/100000 objective=0.00076042058230196548 r=1.42107e-09/1.10677e-08 s=0.11813/0.000410705 projection_inf=1.19578e-16 rho=1e+08 support=417/12248
ADMM_ITER round=0/0 iteration=90875/100000 objective=0.00076028135994895207 r=1.42222e-09/1.10677e-08 s=0.117889/0.000410715 projection_inf=1.17173e-16 rho=1e+08 support=417/12248
ADMM_ITER round=0/0 iteration=90900/100000 objective=0.00076014085120146659 r=1.43474e-09/1.10677e-08 s=0.116259/0.000410724 projection_inf=1.17264e-16 rho=1e+08 support=417/12248
ADMM_ITER round=0/0 iteration=90925/100000 objective=0.00075999630891213879 r=1.44956e-09/1.10677e-08 s=0.114302/0.000410733 projection_inf=1.27662e-16 rho=1e+08 support=417/12248
ADMM_ITER round=0/0 iteration=90950/100000 objective=0.0007598448032762273 r=1.45828e-09/1.10677e-08 s=0.113083/0.000410742 projection_inf=1.13748e-16 rho=1e+08 support=416/12248
ADMM_ITER round=0/0 iteration=90975/100000 objective=0.00075968420077561494 r=1.45805e-09/1.10677e-08 s=0.11296/0.000410752 projection_inf=1.27389e-16 rho=1e+08 support=416/12248
ADMM_ITER round=0/0 iteration=91000/100000 objective=0.000759514075962381 r=1.44943e-09/1.10677e-08 s=0.113947/0.000410761 projection_inf=1.29063e-16 rho=1e+08 support=416/12248
ADMM_ITER round=0/0 iteration=91025/100000 objective=0.000759337842484806 r=1.43753e-09/1.10677e-08 s=0.115336/0.000410771 projection_inf=1.2114e-16 rho=1e+08 support=416/12248
ADMM_ITER round=0/0 iteration=91050/100000 objective=0.00075915943629189793 r=1.42888e-09/1.10677e-08 s=0.116302/0.000410781 projection_inf=1.19476e-16 rho=1e+08 support=416/12248
ADMM_ITER round=0/0 iteration=91075/100000 objective=0.00075898349252707335 r=1.425e-09/1.10677e-08 s=0.116675/0.000410791 projection_inf=1.08126e-16 rho=1e+08 support=416/12248
ADMM_ITER round=0/0 iteration=91100/100000 objective=0.00075881170003326039 r=1.4206e-09/1.10677e-08 s=0.11711/0.000410801 projection_inf=1.06938e-16 rho=1e+08 support=416/12248
ADMM_ITER round=0/0 iteration=91125/100000 objective=0.00075864519904931507 r=1.411e-09/1.10677e-08 s=0.118168/0.000410811 projection_inf=1.10163e-16 rho=1e+08 support=416/12248
ADMM_ITER round=0/0 iteration=91150/100000 objective=0.00075848502321055136 r=1.39618e-09/1.10677e-08 s=0.11982/0.000410821 projection_inf=1.23598e-16 rho=1e+08 support=416/12248
ADMM_ITER round=0/0 iteration=91175/100000 objective=0.00075833047649224387 r=1.37953e-09/1.10677e-08 s=0.121642/0.000410831 projection_inf=1.22201e-16 rho=1e+08 support=416/12248
ADMM_ITER round=0/0 iteration=91200/100000 objective=0.00075818140934301784 r=1.36733e-09/1.10677e-08 s=0.122921/0.000410842 projection_inf=1.15009e-16 rho=1e+08 support=416/12248
ADMM_ITER round=0/0 iteration=91225/100000 objective=0.00075803756165400524 r=1.36514e-09/1.10677e-08 s=0.123075/0.000410852 projection_inf=1.09897e-16 rho=1e+08 support=416/12248
ADMM_ITER round=0/0 iteration=91250/100000 objective=0.00075790082975361634 r=1.39211e-09/1.10677e-08 s=0.118214/0.000410863 projection_inf=1.20101e-16 rho=1e+08 support=415/12248
ADMM_ITER round=0/0 iteration=91275/100000 objective=0.00075777339268940464 r=1.42091e-09/1.10677e-08 s=0.114191/0.000410873 projection_inf=1.21178e-16 rho=1e+08 support=415/12248
ADMM_ITER round=0/0 iteration=91300/100000 objective=0.00075764868520761307 r=1.44181e-09/1.10677e-08 s=0.111123/0.000410884 projection_inf=1.29482e-16 rho=1e+08 support=416/12248
ADMM_ITER round=0/0 iteration=91325/100000 objective=0.00075752191883883243 r=1.45733e-09/1.10677e-08 s=0.108723/0.000410895 projection_inf=1.39e-16 rho=1e+08 support=416/12248
ADMM_ITER round=0/0 iteration=91350/100000 objective=0.00075739035313880524 r=1.46787e-09/1.10677e-08 s=0.106978/0.000410906 projection_inf=1.25237e-16 rho=1e+08 support=416/12248
ADMM_ITER round=0/0 iteration=91375/100000 objective=0.00075725250622476711 r=1.47549e-09/1.10677e-08 s=0.105633/0.000410917 projection_inf=1.26124e-16 rho=1e+08 support=416/12248
ADMM_ITER round=0/0 iteration=91400/100000 objective=0.00075710846146333569 r=1.47319e-09/1.10677e-08 s=0.105686/0.000410928 projection_inf=1.24933e-16 rho=1e+08 support=416/12248
ADMM_ITER round=0/0 iteration=91425/100000 objective=0.000756969578960469 r=1.46466e-09/1.10677e-08 s=0.106617/0.000410939 projection_inf=1.15672e-16 rho=1e+08 support=416/12248
ADMM_ITER round=0/0 iteration=91450/100000 objective=0.00075683604978953392 r=1.45625e-09/1.10677e-08 s=0.107533/0.00041095 projection_inf=1.22736e-16 rho=1e+08 support=416/12248
ADMM_ITER round=0/0 iteration=91475/100000 objective=0.00075670642218605608 r=1.44789e-09/1.10677e-08 s=0.108438/0.000410961 projection_inf=1.20194e-16 rho=1e+08 support=416/12248
ADMM_ITER round=0/0 iteration=91500/100000 objective=0.00075657398329119843 r=1.44026e-09/1.10677e-08 s=0.109245/0.000410973 projection_inf=1.0825e-16 rho=1e+08 support=416/12248
ADMM_ITER round=0/0 iteration=91525/100000 objective=0.0007564425085185212 r=1.44069e-09/1.10677e-08 s=0.108991/0.000410984 projection_inf=1.21852e-16 rho=1e+08 support=416/12248
ADMM_ITER round=0/0 iteration=91550/100000 objective=0.00075631658518831701 r=1.44371e-09/1.10677e-08 s=0.108401/0.000410996 projection_inf=1.19033e-16 rho=1e+08 support=416/12248
ADMM_ITER round=0/0 iteration=91575/100000 objective=0.00075619983587035995 r=1.45361e-09/1.10677e-08 s=0.106035/0.000411007 projection_inf=1.15e-16 rho=1e+08 support=415/12248
ADMM_ITER round=0/0 iteration=91600/100000 objective=0.00075609469799302884 r=1.47092e-09/1.10677e-08 s=0.103142/0.000411019 projection_inf=1.14667e-16 rho=1e+08 support=415/12248
ADMM_ITER round=0/0 iteration=91625/100000 objective=0.00075598979198106774 r=1.48398e-09/1.10677e-08 s=0.100928/0.000411031 projection_inf=1.13609e-16 rho=1e+08 support=415/12248
ADMM_ITER round=0/0 iteration=91650/100000 objective=0.00075588252487824084 r=1.49242e-09/1.10677e-08 s=0.0993877/0.000411043 projection_inf=1.13768e-16 rho=1e+08 support=415/12248
ADMM_ITER round=0/0 iteration=91675/100000 objective=0.00075577626494779558 r=1.49187e-09/1.10677e-08 s=0.0992087/0.000411055 projection_inf=1.1148e-16 rho=1e+08 support=415/12248
ADMM_ITER round=0/0 iteration=91700/100000 objective=0.00075567251077110779 r=1.48389e-09/1.10677e-08 s=0.100157/0.000411067 projection_inf=1.10191e-16 rho=1e+08 support=415/12248
ADMM_ITER round=0/0 iteration=91725/100000 objective=0.00075557207845175088 r=1.47342e-09/1.10677e-08 s=0.101462/0.000411079 projection_inf=1.34602e-16 rho=1e+08 support=414/12248
ADMM_ITER round=0/0 iteration=91750/100000 objective=0.00075546858461866058 r=1.45998e-09/1.10677e-08 s=0.103174/0.000411091 projection_inf=1.14837e-16 rho=1e+08 support=414/12248
ADMM_ITER round=0/0 iteration=91775/100000 objective=0.00075536497207490431 r=1.44685e-09/1.10677e-08 s=0.103929/0.000411103 projection_inf=1.16365e-16 rho=1e+08 support=413/12248
ADMM_ITER round=0/0 iteration=91800/100000 objective=0.00075527129283398857 r=1.44052e-09/1.10677e-08 s=0.103755/0.000411115 projection_inf=1.18352e-16 rho=1e+08 support=413/12248
ADMM_ITER round=0/0 iteration=91825/100000 objective=0.00075519189312686673 r=1.43588e-09/1.10677e-08 s=0.103901/0.000411127 projection_inf=1.07346e-16 rho=1e+08 support=413/12248
ADMM_ITER round=0/0 iteration=91850/100000 objective=0.00075512101765882978 r=1.42141e-09/1.10677e-08 s=0.105496/0.000411139 projection_inf=1.09441e-16 rho=1e+08 support=413/12248
ADMM_ITER round=0/0 iteration=91875/100000 objective=0.00075505214674490494 r=1.40874e-09/1.10677e-08 s=0.106859/0.000411152 projection_inf=1.11082e-16 rho=1e+08 support=413/12248
ADMM_ITER round=0/0 iteration=91900/100000 objective=0.0007549844103089525 r=1.40276e-09/1.10677e-08 s=0.107352/0.000411164 projection_inf=1.18608e-16 rho=1e+08 support=413/12248
ADMM_ITER round=0/0 iteration=91925/100000 objective=0.00075491807543130089 r=1.40692e-09/1.10677e-08 s=0.106535/0.000411177 projection_inf=1.27707e-16 rho=1e+08 support=413/12248
ADMM_ITER round=0/0 iteration=91950/100000 objective=0.00075485406191460615 r=1.4198e-09/1.10677e-08 s=0.104552/0.000411189 projection_inf=1.19533e-16 rho=1e+08 support=412/12248
ADMM_ITER round=0/0 iteration=91975/100000 objective=0.00075479618791796934 r=1.44052e-09/1.10677e-08 s=0.101346/0.000411202 projection_inf=1.23366e-16 rho=1e+08 support=411/12248
ADMM_ITER round=0/0 iteration=92000/100000 objective=0.00075473718362909219 r=1.46554e-09/1.10677e-08 s=0.0974158/0.000411214 projection_inf=1.19375e-16 rho=1e+08 support=411/12248
ADMM_ITER round=0/0 iteration=92025/100000 objective=0.00075466922833011482 r=1.47203e-09/1.10677e-08 s=0.0961691/0.000411227 projection_inf=1.15466e-16 rho=1e+08 support=411/12248
ADMM_ITER round=0/0 iteration=92050/100000 objective=0.00075459008711395339 r=1.46056e-09/1.10677e-08 s=0.0976558/0.000411239 projection_inf=1.29601e-16 rho=1e+08 support=411/12248
ADMM_ITER round=0/0 iteration=92075/100000 objective=0.00075450285149246659 r=1.44868e-09/1.10677e-08 s=0.099178/0.000411252 projection_inf=1.19249e-16 rho=1e+08 support=411/12248
ADMM_ITER round=0/0 iteration=92100/100000 objective=0.00075441213593730795 r=1.43825e-09/1.10677e-08 s=0.100462/0.000411265 projection_inf=1.24548e-16 rho=1e+08 support=411/12248
ADMM_ITER round=0/0 iteration=92125/100000 objective=0.00075432027198145228 r=1.42656e-09/1.10677e-08 s=0.101903/0.000411278 projection_inf=1.16482e-16 rho=1e+08 support=411/12248
ADMM_ITER round=0/0 iteration=92150/100000 objective=0.00075422897132149547 r=1.41273e-09/1.10677e-08 s=0.103595/0.00041129 projection_inf=1.23238e-16 rho=1e+08 support=412/12248
ADMM_ITER round=0/0 iteration=92175/100000 objective=0.00075413563533777107 r=1.40531e-09/1.10677e-08 s=0.104395/0.000411303 projection_inf=1.19016e-16 rho=1e+08 support=412/12248
ADMM_ITER round=0/0 iteration=92200/100000 objective=0.00075403876048316706 r=1.40852e-09/1.10677e-08 s=0.103762/0.000411316 projection_inf=1.31916e-16 rho=1e+08 support=412/12248
ADMM_ITER round=0/0 iteration=92225/100000 objective=0.00075393864853462369 r=1.41375e-09/1.10677e-08 s=0.102853/0.000411329 projection_inf=1.23627e-16 rho=1e+08 support=412/12248
ADMM_ITER round=0/0 iteration=92250/100000 objective=0.00075383430306432883 r=1.41858e-09/1.10677e-08 s=0.101995/0.000411342 projection_inf=1.10222e-16 rho=1e+08 support=412/12248
ADMM_ITER round=0/0 iteration=92275/100000 objective=0.00075372308814387196 r=1.43456e-09/1.10677e-08 s=0.0995426/0.000411356 projection_inf=1.26107e-16 rho=1e+08 support=412/12248
ADMM_ITER round=0/0 iteration=92300/100000 objective=0.00075360338509502156 r=1.45528e-09/1.10677e-08 s=0.0962949/0.000411369 projection_inf=1.07706e-16 rho=1e+08 support=412/12248
ADMM_ITER round=0/0 iteration=92325/100000 objective=0.00075347843598032684 r=1.46975e-09/1.10677e-08 s=0.093876/0.000411382 projection_inf=1.18895e-16 rho=1e+08 support=412/12248
ADMM_ITER round=0/0 iteration=92350/100000 objective=0.00075335066618024006 r=1.48135e-09/1.10677e-08 s=0.0918404/0.000411396 projection_inf=1.19348e-16 rho=1e+08 support=412/12248
ADMM_ITER round=0/0 iteration=92375/100000 objective=0.00075322077976439886 r=1.48621e-09/1.10677e-08 s=0.0908574/0.000411409 projection_inf=1.2132e-16 rho=1e+08 support=412/12248
ADMM_ITER round=0/0 iteration=92400/100000 objective=0.00075308925420910383 r=1.4717e-09/1.10677e-08 s=0.0928744/0.000411423 projection_inf=1.23244e-16 rho=1e+08 support=413/12248
ADMM_ITER round=0/0 iteration=92425/100000 objective=0.00075295786021170239 r=1.4449e-09/1.10677e-08 s=0.0966662/0.000411436 projection_inf=1.20479e-16 rho=1e+08 support=412/12248
ADMM_ITER round=0/0 iteration=92450/100000 objective=0.00075282407558608234 r=1.41399e-09/1.10677e-08 s=0.100805/0.00041145 projection_inf=1.16845e-16 rho=1e+08 support=412/12248
ADMM_ITER round=0/0 iteration=92475/100000 objective=0.00075269170555370888 r=1.38751e-09/1.10677e-08 s=0.104178/0.000411464 projection_inf=1.26324e-16 rho=1e+08 support=412/12248
ADMM_ITER round=0/0 iteration=92500/100000 objective=0.00075256075253474642 r=1.3717e-09/1.10677e-08 s=0.106036/0.000411478 projection_inf=1.1828e-16 rho=1e+08 support=412/12248
ADMM_ITER round=0/0 iteration=92525/100000 objective=0.00075242992130146436 r=1.36209e-09/1.10677e-08 s=0.10703/0.000411491 projection_inf=1.10913e-16 rho=1e+08 support=411/12248
ADMM_ITER round=0/0 iteration=92550/100000 objective=0.0007522998530840949 r=1.35385e-09/1.10677e-08 s=0.107861/0.000411505 projection_inf=1.20235e-16 rho=1e+08 support=411/12248
ADMM_ITER round=0/0 iteration=92575/100000 objective=0.0007521655181136922 r=1.33959e-09/1.10677e-08 s=0.109417/0.00041152 projection_inf=1.23349e-16 rho=1e+08 support=412/12248
ADMM_ITER round=0/0 iteration=92600/100000 objective=0.00075202282256164085 r=1.3249e-09/1.10677e-08 s=0.111/0.000411534 projection_inf=1.10716e-16 rho=1e+08 support=412/12248
ADMM_ITER round=0/0 iteration=92625/100000 objective=0.00075187366015127177 r=1.32116e-09/1.10677e-08 s=0.111264/0.000411548 projection_inf=1.35511e-16 rho=1e+08 support=412/12248
ADMM_ITER round=0/0 iteration=92650/100000 objective=0.00075172082296052589 r=1.32929e-09/1.10677e-08 s=0.110115/0.000411562 projection_inf=1.0662e-16 rho=1e+08 support=412/12248
ADMM_ITER round=0/0 iteration=92675/100000 objective=0.00075156344647009279 r=1.34157e-09/1.10677e-08 s=0.108436/0.000411577 projection_inf=1.28969e-16 rho=1e+08 support=412/12248
ADMM_ITER round=0/0 iteration=92700/100000 objective=0.00075140201430394093 r=1.34576e-09/1.10677e-08 s=0.107725/0.000411591 projection_inf=1.08486e-16 rho=1e+08 support=413/12248
ADMM_ITER round=0/0 iteration=92725/100000 objective=0.00075123572620516962 r=1.3371e-09/1.10677e-08 s=0.108622/0.000411606 projection_inf=1.23736e-16 rho=1e+08 support=413/12248
ADMM_ITER round=0/0 iteration=92750/100000 objective=0.00075106469240175449 r=1.3176e-09/1.10677e-08 s=0.110815/0.000411621 projection_inf=1.08398e-16 rho=1e+08 support=413/12248
ADMM_ITER round=0/0 iteration=92775/100000 objective=0.00075089111107593345 r=1.29625e-09/1.10677e-08 s=0.113149/0.000411636 projection_inf=1.0878e-16 rho=1e+08 support=413/12248
ADMM_ITER round=0/0 iteration=92800/100000 objective=0.00075071824076731769 r=1.27341e-09/1.10677e-08 s=0.115565/0.000411651 projection_inf=1.15946e-16 rho=1e+08 support=413/12248
ADMM_ITER round=0/0 iteration=92825/100000 objective=0.0007505472708642611 r=1.2605e-09/1.10677e-08 s=0.11683/0.000411666 projection_inf=1.20541e-16 rho=1e+08 support=413/12248
ADMM_ITER round=0/0 iteration=92850/100000 objective=0.00075037552100781367 r=1.26495e-09/1.10677e-08 s=0.116207/0.000411681 projection_inf=1.25583e-16 rho=1e+08 support=413/12248
ADMM_ITER round=0/0 iteration=92875/100000 objective=0.00075020062386670007 r=1.27877e-09/1.10677e-08 s=0.114536/0.000411696 projection_inf=1.17966e-16 rho=1e+08 support=412/12248
ADMM_ITER round=0/0 iteration=92900/100000 objective=0.00075002682833591244 r=1.29745e-09/1.10677e-08 s=0.112266/0.000411712 projection_inf=1.24241e-16 rho=1e+08 support=412/12248
ADMM_ITER round=0/0 iteration=92925/100000 objective=0.00074985779547061965 r=1.31463e-09/1.10677e-08 s=0.110103/0.000411727 projection_inf=1.18388e-16 rho=1e+08 support=412/12248
ADMM_ITER round=0/0 iteration=92950/100000 objective=0.00074969570267121156 r=1.32622e-09/1.10677e-08 s=0.108554/0.000411743 projection_inf=1.19722e-16 rho=1e+08 support=413/12248
ADMM_ITER round=0/0 iteration=92975/100000 objective=0.00074954244315211826 r=1.33632e-09/1.10677e-08 s=0.107164/0.000411759 projection_inf=1.14773e-16 rho=1e+08 support=413/12248
ADMM_ITER round=0/0 iteration=93000/100000 objective=0.00074940040162140866 r=1.34743e-09/1.10677e-08 s=0.105417/0.000411774 projection_inf=1.20997e-16 rho=1e+08 support=412/12248
ADMM_ITER round=0/0 iteration=93025/100000 objective=0.00074926778129460352 r=1.35915e-09/1.10677e-08 s=0.103721/0.00041179 projection_inf=1.1517e-16 rho=1e+08 support=412/12248
ADMM_ITER round=0/0 iteration=93050/100000 objective=0.00074914741784342157 r=1.36815e-09/1.10677e-08 s=0.102366/0.000411806 projection_inf=1.14737e-16 rho=1e+08 support=412/12248
ADMM_ITER round=0/0 iteration=93075/100000 objective=0.00074903921275064074 r=1.36415e-09/1.10677e-08 s=0.102744/0.000411822 projection_inf=1.32832e-16 rho=1e+08 support=412/12248
ADMM_ITER round=0/0 iteration=93100/100000 objective=0.00074894091356459466 r=1.35126e-09/1.10677e-08 s=0.104285/0.000411838 projection_inf=1.05917e-16 rho=1e+08 support=412/12248
ADMM_ITER round=0/0 iteration=93125/100000 objective=0.00074884803951193711 r=1.33858e-09/1.10677e-08 s=0.105767/0.000411854 projection_inf=1.18891e-16 rho=1e+08 support=412/12248
ADMM_ITER round=0/0 iteration=93150/100000 objective=0.00074875618528480871 r=1.32485e-09/1.10677e-08 s=0.107348/0.000411871 projection_inf=1.27693e-16 rho=1e+08 support=412/12248
ADMM_ITER round=0/0 iteration=93175/100000 objective=0.00074866633695646191 r=1.31659e-09/1.10677e-08 s=0.108229/0.000411887 projection_inf=1.12014e-16 rho=1e+08 support=412/12248
ADMM_ITER round=0/0 iteration=93200/100000 objective=0.00074858220610832108 r=1.32097e-09/1.10677e-08 s=0.107565/0.000411903 projection_inf=1.25883e-16 rho=1e+08 support=412/12248
ADMM_ITER round=0/0 iteration=93225/100000 objective=0.00074850283053992152 r=1.33229e-09/1.10677e-08 s=0.106032/0.00041192 projection_inf=1.19438e-16 rho=1e+08 support=412/12248
ADMM_ITER round=0/0 iteration=93250/100000 objective=0.00074842689630906208 r=1.34085e-09/1.10677e-08 s=0.104821/0.000411936 projection_inf=1.17902e-16 rho=1e+08 support=412/12248
ADMM_ITER round=0/0 iteration=93275/100000 objective=0.00074835195712480787 r=1.34138e-09/1.10677e-08 s=0.104628/0.000411952 projection_inf=1.0539e-16 rho=1e+08 support=412/12248
ADMM_ITER round=0/0 iteration=93300/100000 objective=0.00074827842077765567 r=1.33747e-09/1.10677e-08 s=0.104998/0.000411969 projection_inf=1.2526e-16 rho=1e+08 support=413/12248
ADMM_ITER round=0/0 iteration=93325/100000 objective=0.00074820775604845862 r=1.33658e-09/1.10677e-08 s=0.104984/0.000411985 projection_inf=1.1219e-16 rho=1e+08 support=413/12248
ADMM_ITER round=0/0 iteration=93350/100000 objective=0.00074813967201253296 r=1.33856e-09/1.10677e-08 s=0.104608/0.000412002 projection_inf=1.19762e-16 rho=1e+08 support=413/12248
ADMM_ITER round=0/0 iteration=93375/100000 objective=0.00074807286011822915 r=1.34052e-09/1.10677e-08 s=0.104234/0.000412019 projection_inf=1.12545e-16 rho=1e+08 support=413/12248
ADMM_ITER round=0/0 iteration=93400/100000 objective=0.00074800609895159329 r=1.3408e-09/1.10677e-08 s=0.104077/0.000412035 projection_inf=1.24617e-16 rho=1e+08 support=413/12248
ADMM_ITER round=0/0 iteration=93425/100000 objective=0.00074793835403055451 r=1.33636e-09/1.10677e-08 s=0.104528/0.000412052 projection_inf=1.09388e-16 rho=1e+08 support=413/12248
ADMM_ITER round=0/0 iteration=93450/100000 objective=0.00074786995368200551 r=1.32414e-09/1.10677e-08 s=0.105957/0.000412069 projection_inf=1.22399e-16 rho=1e+08 support=413/12248
ADMM_ITER round=0/0 iteration=93475/100000 objective=0.00074780216854930135 r=1.30358e-09/1.10677e-08 s=0.108366/0.000412086 projection_inf=1.21305e-16 rho=1e+08 support=413/12248
ADMM_ITER round=0/0 iteration=93500/100000 objective=0.00074773496997482367 r=1.28031e-09/1.10677e-08 s=0.110942/0.000412102 projection_inf=1.21088e-16 rho=1e+08 support=412/12248
ADMM_ITER round=0/0 iteration=93525/100000 objective=0.00074766401376247032 r=1.26363e-09/1.10677e-08 s=0.112727/0.000412119 projection_inf=1.29617e-16 rho=1e+08 support=412/12248
ADMM_ITER round=0/0 iteration=93550/100000 objective=0.00074758624918047254 r=1.2581e-09/1.10677e-08 s=0.113231/0.000412136 projection_inf=1.30795e-16 rho=1e+08 support=413/12248
ADMM_ITER round=0/0 iteration=93575/100000 objective=0.00074750105252898433 r=1.26184e-09/1.10677e-08 s=0.112702/0.000412153 projection_inf=1.0889e-16 rho=1e+08 support=413/12248
ADMM_ITER round=0/0 iteration=93600/100000 objective=0.00074741064751070153 r=1.26947e-09/1.10677e-08 s=0.11173/0.00041217 projection_inf=1.08718e-16 rho=1e+08 support=414/12248
ADMM_ITER round=0/0 iteration=93625/100000 objective=0.00074731865047016511 r=1.27461e-09/1.10677e-08 s=0.111035/0.000412187 projection_inf=1.18001e-16 rho=1e+08 support=414/12248
ADMM_ITER round=0/0 iteration=93650/100000 objective=0.00074722736835859498 r=1.27514e-09/1.10677e-08 s=0.110851/0.000412204 projection_inf=1.32663e-16 rho=1e+08 support=413/12248
ADMM_ITER round=0/0 iteration=93675/100000 objective=0.00074713859586651374 r=1.27193e-09/1.10677e-08 s=0.111112/0.000412222 projection_inf=1.10461e-16 rho=1e+08 support=413/12248
ADMM_ITER round=0/0 iteration=93700/100000 objective=0.0007470531835398487 r=1.26522e-09/1.10677e-08 s=0.111772/0.000412239 projection_inf=1.22544e-16 rho=1e+08 support=413/12248
ADMM_ITER round=0/0 iteration=93725/100000 objective=0.00074696909990852665 r=1.25871e-09/1.10677e-08 s=0.112403/0.000412256 projection_inf=1.2452e-16 rho=1e+08 support=413/12248
ADMM_ITER round=0/0 iteration=93750/100000 objective=0.00074688644293386557 r=1.25407e-09/1.10677e-08 s=0.112817/0.000412273 projection_inf=1.10495e-16 rho=1e+08 support=414/12248
ADMM_ITER round=0/0 iteration=93775/100000 objective=0.00074680589568951921 r=1.24802e-09/1.10677e-08 s=0.113381/0.000412291 projection_inf=1.11999e-16 rho=1e+08 support=414/12248
ADMM_ITER round=0/0 iteration=93800/100000 objective=0.00074672571350388537 r=1.24003e-09/1.10677e-08 s=0.114152/0.000412308 projection_inf=1.09327e-16 rho=1e+08 support=414/12248
ADMM_ITER round=0/0 iteration=93825/100000 objective=0.0007466412216833244 r=1.23034e-09/1.10677e-08 s=0.115097/0.000412326 projection_inf=1.27583e-16 rho=1e+08 support=414/12248
ADMM_ITER round=0/0 iteration=93850/100000 objective=0.00074655006434510445 r=1.22235e-09/1.10677e-08 s=0.115849/0.000412343 projection_inf=1.19356e-16 rho=1e+08 support=414/12248
ADMM_ITER round=0/0 iteration=93875/100000 objective=0.00074645195642324971 r=1.21946e-09/1.10677e-08 s=0.116058/0.000412361 projection_inf=1.0697e-16 rho=1e+08 support=414/12248
ADMM_ITER round=0/0 iteration=93900/100000 objective=0.00074634757058037371 r=1.22384e-09/1.10677e-08 s=0.115502/0.000412379 projection_inf=1.11705e-16 rho=1e+08 support=414/12248
ADMM_ITER round=0/0 iteration=93925/100000 objective=0.0007462399947902853 r=1.23489e-09/1.10677e-08 s=0.114227/0.000412396 projection_inf=1.20272e-16 rho=1e+08 support=414/12248
ADMM_ITER round=0/0 iteration=93950/100000 objective=0.00074613539338271354 r=1.25105e-09/1.10677e-08 s=0.112361/0.000412414 projection_inf=1.16221e-16 rho=1e+08 support=414/12248
ADMM_ITER round=0/0 iteration=93975/100000 objective=0.00074603712696462681 r=1.26783e-09/1.10677e-08 s=0.11037/0.000412432 projection_inf=1.20869e-16 rho=1e+08 support=414/12248
ADMM_ITER round=0/0 iteration=94000/100000 objective=0.00074594371843973728 r=1.28142e-09/1.10677e-08 s=0.108694/0.00041245 projection_inf=1.12499e-16 rho=1e+08 support=414/12248
ADMM_ITER round=0/0 iteration=94025/100000 objective=0.00074585300529801321 r=1.28929e-09/1.10677e-08 s=0.107665/0.000412468 projection_inf=1.35333e-16 rho=1e+08 support=414/12248
ADMM_ITER round=0/0 iteration=94050/100000 objective=0.00074576450214194727 r=1.29245e-09/1.10677e-08 s=0.107192/0.000412486 projection_inf=1.31965e-16 rho=1e+08 support=414/12248
ADMM_ITER round=0/0 iteration=94075/100000 objective=0.00074567743803024937 r=1.29495e-09/1.10677e-08 s=0.106797/0.000412504 projection_inf=1.38912e-16 rho=1e+08 support=414/12248
ADMM_ITER round=0/0 iteration=94100/100000 objective=0.00074559023290031109 r=1.29894e-09/1.10677e-08 s=0.106218/0.000412522 projection_inf=1.21192e-16 rho=1e+08 support=414/12248
ADMM_ITER round=0/0 iteration=94125/100000 objective=0.00074550144924007025 r=1.30228e-09/1.10677e-08 s=0.105716/0.00041254 projection_inf=1.08106e-16 rho=1e+08 support=414/12248
ADMM_ITER round=0/0 iteration=94150/100000 objective=0.00074541079002873694 r=1.30239e-09/1.10677e-08 s=0.105612/0.000412558 projection_inf=1.14677e-16 rho=1e+08 support=414/12248
ADMM_ITER round=0/0 iteration=94175/100000 objective=0.00074531822458839012 r=1.29981e-09/1.10677e-08 s=0.105839/0.000412577 projection_inf=1.13677e-16 rho=1e+08 support=414/12248
ADMM_ITER round=0/0 iteration=94200/100000 objective=0.00074522423673858767 r=1.29815e-09/1.10677e-08 s=0.105954/0.000412595 projection_inf=1.25826e-16 rho=1e+08 support=414/12248
ADMM_ITER round=0/0 iteration=94225/100000 objective=0.00074512948419728716 r=1.30169e-09/1.10677e-08 s=0.10543/0.000412613 projection_inf=1.14725e-16 rho=1e+08 support=414/12248
ADMM_ITER round=0/0 iteration=94250/100000 objective=0.00074503448259180148 r=1.31228e-09/1.10677e-08 s=0.104021/0.000412632 projection_inf=1.35747e-16 rho=1e+08 support=414/12248
ADMM_ITER round=0/0 iteration=94275/100000 objective=0.00074493994380064974 r=1.32712e-09/1.10677e-08 s=0.10203/0.00041265 projection_inf=1.13634e-16 rho=1e+08 support=414/12248
ADMM_ITER round=0/0 iteration=94300/100000 objective=0.0007448466076756629 r=1.34168e-09/1.10677e-08 s=0.100017/0.000412669 projection_inf=1.13153e-16 rho=1e+08 support=414/12248
ADMM_ITER round=0/0 iteration=94325/100000 objective=0.0007447545066385353 r=1.35439e-09/1.10677e-08 s=0.0981973/0.000412688 projection_inf=1.08533e-16 rho=1e+08 support=414/12248
ADMM_ITER round=0/0 iteration=94350/100000 objective=0.00074466353033934862 r=1.36569e-09/1.10677e-08 s=0.0965269/0.000412706 projection_inf=1.20741e-16 rho=1e+08 support=414/12248
ADMM_ITER round=0/0 iteration=94375/100000 objective=0.00074457379895338696 r=1.37597e-09/1.10677e-08 s=0.0949622/0.000412725 projection_inf=1.2125e-16 rho=1e+08 support=414/12248
ADMM_ITER round=0/0 iteration=94400/100000 objective=0.0007444847633764145 r=1.38568e-09/1.10677e-08 s=0.0934457/0.000412744 projection_inf=1.21106e-16 rho=1e+08 support=414/12248
ADMM_ITER round=0/0 iteration=94425/100000 objective=0.00074439486855966018 r=1.39432e-09/1.10677e-08 s=0.0920571/0.000412763 projection_inf=1.16815e-16 rho=1e+08 support=414/12248
ADMM_ITER round=0/0 iteration=94450/100000 objective=0.00074430237872711506 r=1.40061e-09/1.10677e-08 s=0.0910014/0.000412782 projection_inf=1.18245e-16 rho=1e+08 support=414/12248
ADMM_ITER round=0/0 iteration=94475/100000 objective=0.00074420586643827579 r=1.40479e-09/1.10677e-08 s=0.0902611/0.0004128 projection_inf=1.18548e-16 rho=1e+08 support=414/12248
ADMM_ITER round=0/0 iteration=94500/100000 objective=0.00074410398532459012 r=1.40732e-09/1.10677e-08 s=0.0897301/0.000412819 projection_inf=1.0979e-16 rho=1e+08 support=413/12248
ADMM_ITER round=0/0 iteration=94525/100000 objective=0.00074399574985397449 r=1.40753e-09/1.10677e-08 s=0.0895642/0.000412839 projection_inf=1.31918e-16 rho=1e+08 support=412/12248
ADMM_ITER round=0/0 iteration=94550/100000 objective=0.00074388152250506304 r=1.40569e-09/1.10677e-08 s=0.0896946/0.000412858 projection_inf=1.31303e-16 rho=1e+08 support=412/12248
ADMM_ITER round=0/0 iteration=94575/100000 objective=0.0007437643548690435 r=1.40249e-09/1.10677e-08 s=0.0900707/0.000412877 projection_inf=1.32597e-16 rho=1e+08 support=412/12248
ADMM_ITER round=0/0 iteration=94600/100000 objective=0.00074364834661797203 r=1.39979e-09/1.10677e-08 s=0.0903751/0.000412896 projection_inf=1.13685e-16 rho=1e+08 support=412/12248
ADMM_ITER round=0/0 iteration=94625/100000 objective=0.00074353636154554452 r=1.39956e-09/1.10677e-08 s=0.0903019/0.000412916 projection_inf=1.13588e-16 rho=1e+08 support=412/12248
ADMM_ITER round=0/0 iteration=94650/100000 objective=0.00074342741013612716 r=1.39989e-09/1.10677e-08 s=0.0901434/0.000412935 projection_inf=1.13923e-16 rho=1e+08 support=412/12248
ADMM_ITER round=0/0 iteration=94675/100000 objective=0.00074331953430061535 r=1.39783e-09/1.10677e-08 s=0.0903578/0.000412955 projection_inf=1.28333e-16 rho=1e+08 support=412/12248
ADMM_ITER round=0/0 iteration=94700/100000 objective=0.00074321249566648674 r=1.39472e-09/1.10677e-08 s=0.0907365/0.000412974 projection_inf=1.1071e-16 rho=1e+08 support=412/12248
ADMM_ITER round=0/0 iteration=94725/100000 objective=0.0007431070031800064 r=1.3933e-09/1.10677e-08 s=0.090854/0.000412994 projection_inf=1.19338e-16 rho=1e+08 support=412/12248
ADMM_ITER round=0/0 iteration=94750/100000 objective=0.00074300493351019451 r=1.40012e-09/1.10677e-08 s=0.0880597/0.000413013 projection_inf=1.28553e-16 rho=1e+08 support=412/12248
ADMM_ITER round=0/0 iteration=94775/100000 objective=0.00074290443916523224 r=1.41009e-09/1.10677e-08 s=0.0859619/0.000413033 projection_inf=1.30457e-16 rho=1e+08 support=412/12248
ADMM_ITER round=0/0 iteration=94800/100000 objective=0.00074280858154971211 r=1.42082e-09/1.10677e-08 s=0.0838825/0.000413053 projection_inf=1.27317e-16 rho=1e+08 support=412/12248
ADMM_ITER round=0/0 iteration=94825/100000 objective=0.00074271544419786558 r=1.43034e-09/1.10677e-08 s=0.082014/0.000413073 projection_inf=1.23318e-16 rho=1e+08 support=412/12248
ADMM_ITER round=0/0 iteration=94850/100000 objective=0.00074262855055629419 r=1.43858e-09/1.10677e-08 s=0.080354/0.000413093 projection_inf=1.08264e-16 rho=1e+08 support=412/12248
ADMM_ITER round=0/0 iteration=94875/100000 objective=0.00074254447800511871 r=1.44231e-09/1.10677e-08 s=0.0794934/0.000413113 projection_inf=1.13964e-16 rho=1e+08 support=412/12248
ADMM_ITER round=0/0 iteration=94900/100000 objective=0.00074246501308424114 r=1.4411e-09/1.10677e-08 s=0.0795382/0.000413133 projection_inf=1.19684e-16 rho=1e+08 support=412/12248
ADMM_ITER round=0/0 iteration=94925/100000 objective=0.00074238807710551801 r=1.43645e-09/1.10677e-08 s=0.0802088/0.000413153 projection_inf=1.13992e-16 rho=1e+08 support=412/12248
ADMM_ITER round=0/0 iteration=94950/100000 objective=0.00074231522091290256 r=1.43162e-09/1.10677e-08 s=0.0809113/0.000413173 projection_inf=1.35256e-16 rho=1e+08 support=412/12248
ADMM_ITER round=0/0 iteration=94975/100000 objective=0.00074224641542493231 r=1.42956e-09/1.10677e-08 s=0.0811234/0.000413193 projection_inf=1.10364e-16 rho=1e+08 support=412/12248
ADMM_ITER round=0/0 iteration=95000/100000 objective=0.00074218394346087918 r=1.43271e-09/1.10677e-08 s=0.0804191/0.000413213 projection_inf=1.08463e-16 rho=1e+08 support=412/12248
ADMM_ITER round=0/0 iteration=95025/100000 objective=0.00074212843400728128 r=1.43669e-09/1.10677e-08 s=0.0795612/0.000413234 projection_inf=1.46657e-16 rho=1e+08 support=412/12248
ADMM_ITER round=0/0 iteration=95050/100000 objective=0.00074207969696328719 r=1.43741e-09/1.10677e-08 s=0.0792882/0.000413254 projection_inf=1.13598e-16 rho=1e+08 support=412/12248
ADMM_ITER round=0/0 iteration=95075/100000 objective=0.00074203673996859417 r=1.4361e-09/1.10677e-08 s=0.079386/0.000413274 projection_inf=1.12528e-16 rho=1e+08 support=412/12248
ADMM_ITER round=0/0 iteration=95100/100000 objective=0.00074199823520980086 r=1.43221e-09/1.10677e-08 s=0.0799509/0.000413295 projection_inf=1.08922e-16 rho=1e+08 support=412/12248
ADMM_ITER round=0/0 iteration=95125/100000 objective=0.00074196379496328508 r=1.42561e-09/1.10677e-08 s=0.0809913/0.000413315 projection_inf=1.16512e-16 rho=1e+08 support=412/12248
ADMM_ITER round=0/0 iteration=95150/100000 objective=0.0007419346070740336 r=1.41818e-09/1.10677e-08 s=0.0821572/0.000413335 projection_inf=1.23877e-16 rho=1e+08 support=412/12248
ADMM_ITER round=0/0 iteration=95175/100000 objective=0.0007419107709104541 r=1.40982e-09/1.10677e-08 s=0.0834607/0.000413356 projection_inf=1.25992e-16 rho=1e+08 support=412/12248
ADMM_ITER round=0/0 iteration=95200/100000 objective=0.00074189203055440142 r=1.39934e-09/1.10677e-08 s=0.0850868/0.000413376 projection_inf=1.07269e-16 rho=1e+08 support=412/12248
ADMM_ITER round=0/0 iteration=95225/100000 objective=0.00074187668584821517 r=1.38947e-09/1.10677e-08 s=0.0865731/0.000413397 projection_inf=1.07423e-16 rho=1e+08 support=412/12248
ADMM_ITER round=0/0 iteration=95250/100000 objective=0.00074186349301435389 r=1.38296e-09/1.10677e-08 s=0.0874981/0.000413417 projection_inf=1.12114e-16 rho=1e+08 support=412/12248
ADMM_ITER round=0/0 iteration=95275/100000 objective=0.00074185278753010806 r=1.37754e-09/1.10677e-08 s=0.0882382/0.000413438 projection_inf=1.27596e-16 rho=1e+08 support=412/12248
ADMM_ITER round=0/0 iteration=95300/100000 objective=0.00074184456267403613 r=1.37228e-09/1.10677e-08 s=0.0889456/0.000413458 projection_inf=1.08436e-16 rho=1e+08 support=412/12248
ADMM_ITER round=0/0 iteration=95325/100000 objective=0.00074183796654991169 r=1.36846e-09/1.10677e-08 s=0.0894261/0.000413478 projection_inf=1.18865e-16 rho=1e+08 support=412/12248
ADMM_ITER round=0/0 iteration=95350/100000 objective=0.00074183158285861519 r=1.36823e-09/1.10677e-08 s=0.0893568/0.000413499 projection_inf=1.07598e-16 rho=1e+08 support=412/12248
ADMM_ITER round=0/0 iteration=95375/100000 objective=0.0007418232670981914 r=1.37407e-09/1.10677e-08 s=0.088351/0.000413519 projection_inf=1.11783e-16 rho=1e+08 support=412/12248
ADMM_ITER round=0/0 iteration=95400/100000 objective=0.00074181143049055801 r=1.38452e-09/1.10677e-08 s=0.0865969/0.00041354 projection_inf=1.39111e-16 rho=1e+08 support=412/12248
ADMM_ITER round=0/0 iteration=95425/100000 objective=0.00074179679902411637 r=1.39448e-09/1.10677e-08 s=0.0848771/0.00041356 projection_inf=1.07973e-16 rho=1e+08 support=412/12248
ADMM_ITER round=0/0 iteration=95450/100000 objective=0.00074178087061080073 r=1.4002e-09/1.10677e-08 s=0.0838237/0.000413581 projection_inf=1.23106e-16 rho=1e+08 support=412/12248
ADMM_ITER round=0/0 iteration=95475/100000 objective=0.00074176445334223019 r=1.40127e-09/1.10677e-08 s=0.083537/0.000413601 projection_inf=1.26498e-16 rho=1e+08 support=412/12248
ADMM_ITER round=0/0 iteration=95500/100000 objective=0.00074174799719557369 r=1.39982e-09/1.10677e-08 s=0.0836748/0.000413622 projection_inf=1.29996e-16 rho=1e+08 support=412/12248
ADMM_ITER round=0/0 iteration=95525/100000 objective=0.00074173181173072021 r=1.39833e-09/1.10677e-08 s=0.0838192/0.000413642 projection_inf=1.2127e-16 rho=1e+08 support=412/12248
ADMM_ITER round=0/0 iteration=95550/100000 objective=0.00074171677570835704 r=1.39822e-09/1.10677e-08 s=0.0837341/0.000413663 projection_inf=1.20116e-16 rho=1e+08 support=412/12248
ADMM_ITER round=0/0 iteration=95575/100000 objective=0.000741704712252306 r=1.39921e-09/1.10677e-08 s=0.083465/0.000413683 projection_inf=1.10273e-16 rho=1e+08 support=412/12248
ADMM_ITER round=0/0 iteration=95600/100000 objective=0.00074169755687490538 r=1.40145e-09/1.10677e-08 s=0.0829857/0.000413704 projection_inf=1.10244e-16 rho=1e+08 support=412/12248
ADMM_ITER round=0/0 iteration=95625/100000 objective=0.00074169643697614561 r=1.40488e-09/1.10677e-08 s=0.0823013/0.000413724 projection_inf=1.15137e-16 rho=1e+08 support=412/12248
ADMM_ITER round=0/0 iteration=95650/100000 objective=0.00074170152950937644 r=1.40736e-09/1.10677e-08 s=0.0817747/0.000413745 projection_inf=1.10707e-16 rho=1e+08 support=412/12248
ADMM_ITER round=0/0 iteration=95675/100000 objective=0.00074171227004804204 r=1.40669e-09/1.10677e-08 s=0.0817892/0.000413766 projection_inf=1.10339e-16 rho=1e+08 support=412/12248
ADMM_ITER round=0/0 iteration=95700/100000 objective=0.0007417266382557492 r=1.40389e-09/1.10677e-08 s=0.0821685/0.000413786 projection_inf=1.08762e-16 rho=1e+08 support=412/12248
ADMM_ITER round=0/0 iteration=95725/100000 objective=0.00074174153420930361 r=1.40197e-09/1.10677e-08 s=0.0823971/0.000413807 projection_inf=1.11722e-16 rho=1e+08 support=412/12248
ADMM_ITER round=0/0 iteration=95750/100000 objective=0.00074175460380484148 r=1.40215e-09/1.10677e-08 s=0.0822671/0.000413827 projection_inf=1.14263e-16 rho=1e+08 support=412/12248
ADMM_ITER round=0/0 iteration=95775/100000 objective=0.00074176506697208719 r=1.40459e-09/1.10677e-08 s=0.0817514/0.000413848 projection_inf=1.09405e-16 rho=1e+08 support=412/12248
ADMM_ITER round=0/0 iteration=95800/100000 objective=0.00074177306750051032 r=1.40784e-09/1.10677e-08 s=0.0810929/0.000413868 projection_inf=1.11923e-16 rho=1e+08 support=412/12248
ADMM_ITER round=0/0 iteration=95825/100000 objective=0.00074177911363005353 r=1.40873e-09/1.10677e-08 s=0.0808401/0.000413889 projection_inf=1.23224e-16 rho=1e+08 support=412/12248
ADMM_ITER round=0/0 iteration=95850/100000 objective=0.00074178367996099981 r=1.40581e-09/1.10677e-08 s=0.0812501/0.000413909 projection_inf=1.2898e-16 rho=1e+08 support=412/12248
ADMM_ITER round=0/0 iteration=95875/100000 objective=0.00074178716088555937 r=1.401e-09/1.10677e-08 s=0.0819815/0.00041393 projection_inf=1.40965e-16 rho=1e+08 support=412/12248
ADMM_ITER round=0/0 iteration=95900/100000 objective=0.00074179042119262471 r=1.39677e-09/1.10677e-08 s=0.0826067/0.00041395 projection_inf=1.16274e-16 rho=1e+08 support=412/12248
ADMM_ITER round=0/0 iteration=95925/100000 objective=0.00074179472887075601 r=1.39309e-09/1.10677e-08 s=0.0831334/0.000413971 projection_inf=1.1938e-16 rho=1e+08 support=412/12248
ADMM_ITER round=0/0 iteration=95950/100000 objective=0.00074180058215672846 r=1.38861e-09/1.10677e-08 s=0.0837881/0.000413991 projection_inf=1.44947e-16 rho=1e+08 support=412/12248
ADMM_ITER round=0/0 iteration=95975/100000 objective=0.00074180724416587083 r=1.38653e-09/1.10677e-08 s=0.0837835/0.000414012 projection_inf=1.34758e-16 rho=1e+08 support=411/12248
ADMM_ITER round=0/0 iteration=96000/100000 objective=0.00074181409363528565 r=1.38656e-09/1.10677e-08 s=0.0835585/0.000414032 projection_inf=1.14821e-16 rho=1e+08 support=411/12248
ADMM_ITER round=0/0 iteration=96025/100000 objective=0.00074182200130182611 r=1.3836e-09/1.10677e-08 s=0.0838744/0.000414053 projection_inf=1.26066e-16 rho=1e+08 support=411/12248
ADMM_ITER round=0/0 iteration=96050/100000 objective=0.00074182978148165744 r=1.37888e-09/1.10677e-08 s=0.0844962/0.000414073 projection_inf=1.18313e-16 rho=1e+08 support=411/12248
ADMM_ITER round=0/0 iteration=96075/100000 objective=0.00074183591288210025 r=1.37648e-09/1.10677e-08 s=0.0847438/0.000414094 projection_inf=1.18909e-16 rho=1e+08 support=411/12248
ADMM_ITER round=0/0 iteration=96100/100000 objective=0.00074183667510739799 r=1.3754e-09/1.10677e-08 s=0.0847839/0.000414114 projection_inf=1.12842e-16 rho=1e+08 support=411/12248
ADMM_ITER round=0/0 iteration=96125/100000 objective=0.00074183085298358043 r=1.37422e-09/1.10677e-08 s=0.0848446/0.000414135 projection_inf=1.14842e-16 rho=1e+08 support=411/12248
ADMM_ITER round=0/0 iteration=96150/100000 objective=0.0007418180748244486 r=1.37595e-09/1.10677e-08 s=0.0844381/0.000414155 projection_inf=1.29635e-16 rho=1e+08 support=411/12248
ADMM_ITER round=0/0 iteration=96175/100000 objective=0.00074180249473423715 r=1.38338e-09/1.10677e-08 s=0.0830895/0.000414176 projection_inf=1.18521e-16 rho=1e+08 support=411/12248
ADMM_ITER round=0/0 iteration=96200/100000 objective=0.00074178781673840568 r=1.39084e-09/1.10677e-08 s=0.0817112/0.000414196 projection_inf=1.19668e-16 rho=1e+08 support=411/12248
ADMM_ITER round=0/0 iteration=96225/100000 objective=0.00074177753055001462 r=1.39456e-09/1.10677e-08 s=0.0809533/0.000414217 projection_inf=1.24345e-16 rho=1e+08 support=411/12248
ADMM_ITER round=0/0 iteration=96250/100000 objective=0.00074177260090709429 r=1.394e-09/1.10677e-08 s=0.0809294/0.000414237 projection_inf=1.25392e-16 rho=1e+08 support=411/12248
ADMM_ITER round=0/0 iteration=96275/100000 objective=0.00074177152901512371 r=1.38851e-09/1.10677e-08 s=0.0817509/0.000414258 projection_inf=1.26842e-16 rho=1e+08 support=411/12248
ADMM_ITER round=0/0 iteration=96300/100000 objective=0.00074177269631613087 r=1.37936e-09/1.10677e-08 s=0.0831723/0.000414278 projection_inf=1.17909e-16 rho=1e+08 support=411/12248
ADMM_ITER round=0/0 iteration=96325/100000 objective=0.00074177559087580734 r=1.36939e-09/1.10677e-08 s=0.0846949/0.000414299 projection_inf=1.30379e-16 rho=1e+08 support=411/12248
ADMM_ITER round=0/0 iteration=96350/100000 objective=0.00074178156711254589 r=1.36068e-09/1.10677e-08 s=0.0859816/0.000414319 projection_inf=1.13171e-16 rho=1e+08 support=411/12248
ADMM_ITER round=0/0 iteration=96375/100000 objective=0.00074179218635661234 r=1.3542e-09/1.10677e-08 s=0.0868958/0.00041434 projection_inf=1.28354e-16 rho=1e+08 support=411/12248
ADMM_ITER round=0/0 iteration=96400/100000 objective=0.00074180758008402555 r=1.34911e-09/1.10677e-08 s=0.0875827/0.00041436 projection_inf=1.13343e-16 rho=1e+08 support=411/12248
ADMM_ITER round=0/0 iteration=96425/100000 objective=0.00074182834128956154 r=1.34387e-09/1.10677e-08 s=0.0882854/0.000414381 projection_inf=1.19589e-16 rho=1e+08 support=411/12248
ADMM_ITER round=0/0 iteration=96450/100000 objective=0.00074185363351975857 r=1.33634e-09/1.10677e-08 s=0.0893239/0.000414401 projection_inf=1.23034e-16 rho=1e+08 support=411/12248
ADMM_ITER round=0/0 iteration=96475/100000 objective=0.00074187947584588838 r=1.32709e-09/1.10677e-08 s=0.0905979/0.000414422 projection_inf=1.15235e-16 rho=1e+08 support=411/12248
ADMM_ITER round=0/0 iteration=96500/100000 objective=0.00074190161011324725 r=1.31924e-09/1.10677e-08 s=0.0916459/0.000414442 projection_inf=1.20933e-16 rho=1e+08 support=411/12248
ADMM_ITER round=0/0 iteration=96525/100000 objective=0.00074191816874670275 r=1.31433e-09/1.10677e-08 s=0.0922576/0.000414463 projection_inf=1.10997e-16 rho=1e+08 support=411/12248
ADMM_ITER round=0/0 iteration=96550/100000 objective=0.00074193067791098605 r=1.3121e-09/1.10677e-08 s=0.0924854/0.000414483 projection_inf=1.13546e-16 rho=1e+08 support=411/12248
ADMM_ITER round=0/0 iteration=96575/100000 objective=0.00074194196783671613 r=1.31209e-09/1.10677e-08 s=0.0923978/0.000414504 projection_inf=1.21433e-16 rho=1e+08 support=411/12248
ADMM_ITER round=0/0 iteration=96600/100000 objective=0.00074195427550870143 r=1.31293e-09/1.10677e-08 s=0.0921905/0.000414524 projection_inf=1.24016e-16 rho=1e+08 support=411/12248
ADMM_ITER round=0/0 iteration=96625/100000 objective=0.00074196866452945715 r=1.31418e-09/1.10677e-08 s=0.091926/0.000414544 projection_inf=1.07809e-16 rho=1e+08 support=411/12248
ADMM_ITER round=0/0 iteration=96650/100000 objective=0.00074198454551630433 r=1.31619e-09/1.10677e-08 s=0.091551/0.000414565 projection_inf=1.09044e-16 rho=1e+08 support=411/12248
ADMM_ITER round=0/0 iteration=96675/100000 objective=0.00074200118365532115 r=1.32034e-09/1.10677e-08 s=0.0908654/0.000414585 projection_inf=1.21717e-16 rho=1e+08 support=411/12248
ADMM_ITER round=0/0 iteration=96700/100000 objective=0.00074201984613118943 r=1.32822e-09/1.10677e-08 s=0.0896222/0.000414606 projection_inf=1.15829e-16 rho=1e+08 support=411/12248
ADMM_ITER round=0/0 iteration=96725/100000 objective=0.00074204260012056896 r=1.33824e-09/1.10677e-08 s=0.0880317/0.000414626 projection_inf=1.25801e-16 rho=1e+08 support=411/12248
ADMM_ITER round=0/0 iteration=96750/100000 objective=0.00074207067648661873 r=1.34646e-09/1.10677e-08 s=0.0866813/0.000414646 projection_inf=1.18289e-16 rho=1e+08 support=411/12248
ADMM_ITER round=0/0 iteration=96775/100000 objective=0.00074210496561313908 r=1.34668e-09/1.10677e-08 s=0.0865152/0.000414667 projection_inf=1.12347e-16 rho=1e+08 support=412/12248
ADMM_ITER round=0/0 iteration=96800/100000 objective=0.00074214549738171604 r=1.33554e-09/1.10677e-08 s=0.0880726/0.000414687 projection_inf=1.32953e-16 rho=1e+08 support=412/12248
ADMM_ITER round=0/0 iteration=96825/100000 objective=0.00074219203163608126 r=1.3221e-09/1.10677e-08 s=0.0899382/0.000414707 projection_inf=1.12448e-16 rho=1e+08 support=412/12248
ADMM_ITER round=0/0 iteration=96850/100000 objective=0.00074224440472447071 r=1.31204e-09/1.10677e-08 s=0.0912699/0.000414728 projection_inf=1.27567e-16 rho=1e+08 support=412/12248
ADMM_ITER round=0/0 iteration=96875/100000 objective=0.00074230378312901372 r=1.30651e-09/1.10677e-08 s=0.0919343/0.000414748 projection_inf=1.1671e-16 rho=1e+08 support=412/12248
ADMM_ITER round=0/0 iteration=96900/100000 objective=0.00074236912448636945 r=1.30276e-09/1.10677e-08 s=0.092345/0.000414768 projection_inf=1.24626e-16 rho=1e+08 support=412/12248
ADMM_ITER round=0/0 iteration=96925/100000 objective=0.00074243680057933684 r=1.30072e-09/1.10677e-08 s=0.0925156/0.000414788 projection_inf=1.20247e-16 rho=1e+08 support=412/12248
ADMM_ITER round=0/0 iteration=96950/100000 objective=0.00074250309509413552 r=1.30034e-09/1.10677e-08 s=0.0924562/0.000414808 projection_inf=1.1029e-16 rho=1e+08 support=412/12248
ADMM_ITER round=0/0 iteration=96975/100000 objective=0.00074256923360366538 r=1.30449e-09/1.10677e-08 s=0.0917568/0.000414828 projection_inf=1.13501e-16 rho=1e+08 support=412/12248
ADMM_ITER round=0/0 iteration=97000/100000 objective=0.0007426348544626682 r=1.31182e-09/1.10677e-08 s=0.0905946/0.000414849 projection_inf=1.32446e-16 rho=1e+08 support=412/12248
ADMM_ITER round=0/0 iteration=97025/100000 objective=0.00074269723991967609 r=1.31988e-09/1.10677e-08 s=0.089306/0.000414869 projection_inf=1.27761e-16 rho=1e+08 support=412/12248
ADMM_ITER round=0/0 iteration=97050/100000 objective=0.00074275578020520274 r=1.32513e-09/1.10677e-08 s=0.0884154/0.000414888 projection_inf=1.2581e-16 rho=1e+08 support=412/12248
ADMM_ITER round=0/0 iteration=97075/100000 objective=0.00074281255143687774 r=1.32699e-09/1.10677e-08 s=0.0880263/0.000414908 projection_inf=1.18856e-16 rho=1e+08 support=412/12248
ADMM_ITER round=0/0 iteration=97100/100000 objective=0.00074287047239910634 r=1.32813e-09/1.10677e-08 s=0.087747/0.000414928 projection_inf=1.13636e-16 rho=1e+08 support=412/12248
ADMM_ITER round=0/0 iteration=97125/100000 objective=0.00074293110523458153 r=1.33181e-09/1.10677e-08 s=0.087082/0.000414948 projection_inf=1.12921e-16 rho=1e+08 support=412/12248
ADMM_ITER round=0/0 iteration=97150/100000 objective=0.00074299636101920357 r=1.33659e-09/1.10677e-08 s=0.0862397/0.000414968 projection_inf=1.12735e-16 rho=1e+08 support=412/12248
ADMM_ITER round=0/0 iteration=97175/100000 objective=0.00074306917095612551 r=1.3383e-09/1.10677e-08 s=0.0858699/0.000414988 projection_inf=1.20515e-16 rho=1e+08 support=412/12248
ADMM_ITER round=0/0 iteration=97200/100000 objective=0.00074315007769365222 r=1.33598e-09/1.10677e-08 s=0.0861256/0.000415008 projection_inf=1.27168e-16 rho=1e+08 support=412/12248
ADMM_ITER round=0/0 iteration=97225/100000 objective=0.00074323780006019897 r=1.33328e-09/1.10677e-08 s=0.0864412/0.000415027 projection_inf=1.19057e-16 rho=1e+08 support=412/12248
ADMM_ITER round=0/0 iteration=97250/100000 objective=0.00074332983870167477 r=1.33448e-09/1.10677e-08 s=0.086156/0.000415047 projection_inf=1.12514e-16 rho=1e+08 support=412/12248
ADMM_ITER round=0/0 iteration=97275/100000 objective=0.00074342304701637571 r=1.34039e-09/1.10677e-08 s=0.0851317/0.000415066 projection_inf=1.30254e-16 rho=1e+08 support=412/12248
ADMM_ITER round=0/0 iteration=97300/100000 objective=0.00074351491748894454 r=1.34966e-09/1.10677e-08 s=0.0835531/0.000415086 projection_inf=1.23324e-16 rho=1e+08 support=412/12248
ADMM_ITER round=0/0 iteration=97325/100000 objective=0.0007436028844551826 r=1.35977e-09/1.10677e-08 s=0.0817944/0.000415105 projection_inf=1.21867e-16 rho=1e+08 support=412/12248
ADMM_ITER round=0/0 iteration=97350/100000 objective=0.00074368471350749071 r=1.36875e-09/1.10677e-08 s=0.0801786/0.000415125 projection_inf=1.35561e-16 rho=1e+08 support=412/12248
ADMM_ITER round=0/0 iteration=97375/100000 objective=0.00074376032674042757 r=1.3752e-09/1.10677e-08 s=0.0789634/0.000415144 projection_inf=1.08202e-16 rho=1e+08 support=412/12248
ADMM_ITER round=0/0 iteration=97400/100000 objective=0.00074383220567800419 r=1.37898e-09/1.10677e-08 s=0.078197/0.000415164 projection_inf=1.25922e-16 rho=1e+08 support=412/12248
ADMM_ITER round=0/0 iteration=97425/100000 objective=0.0007439042557403745 r=1.37977e-09/1.10677e-08 s=0.0779552/0.000415183 projection_inf=1.14804e-16 rho=1e+08 support=412/12248
ADMM_ITER round=0/0 iteration=97450/100000 objective=0.00074397942120083037 r=1.37602e-09/1.10677e-08 s=0.078513/0.000415202 projection_inf=1.08583e-16 rho=1e+08 support=412/12248
ADMM_ITER round=0/0 iteration=97475/100000 objective=0.00074405891663395485 r=1.36643e-09/1.10677e-08 s=0.0800713/0.000415221 projection_inf=1.20283e-16 rho=1e+08 support=412/12248
ADMM_ITER round=0/0 iteration=97500/100000 objective=0.00074414314855233748 r=1.35167e-09/1.10677e-08 s=0.0824432/0.00041524 projection_inf=1.07235e-16 rho=1e+08 support=412/12248
ADMM_ITER round=0/0 iteration=97525/100000 objective=0.00074423148492538352 r=1.33554e-09/1.10677e-08 s=0.0849404/0.00041526 projection_inf=1.22244e-16 rho=1e+08 support=412/12248
ADMM_ITER round=0/0 iteration=97550/100000 objective=0.00074432204174090311 r=1.32257e-09/1.10677e-08 s=0.0868584/0.000415279 projection_inf=1.2046e-16 rho=1e+08 support=412/12248
ADMM_ITER round=0/0 iteration=97575/100000 objective=0.00074441235769072184 r=1.3145e-09/1.10677e-08 s=0.0879878/0.000415298 projection_inf=1.07927e-16 rho=1e+08 support=412/12248
ADMM_ITER round=0/0 iteration=97600/100000 objective=0.00074450003366256735 r=1.30992e-09/1.10677e-08 s=0.0885821/0.000415317 projection_inf=1.2231e-16 rho=1e+08 support=412/12248
ADMM_ITER round=0/0 iteration=97625/100000 objective=0.00074458330442285817 r=1.3078e-09/1.10677e-08 s=0.0888109/0.000415335 projection_inf=1.31388e-16 rho=1e+08 support=412/12248
ADMM_ITER round=0/0 iteration=97650/100000 objective=0.00074466146522105729 r=1.30705e-09/1.10677e-08 s=0.0888289/0.000415354 projection_inf=1.214e-16 rho=1e+08 support=411/12248
ADMM_ITER round=0/0 iteration=97675/100000 objective=0.00074473520674456521 r=1.30712e-09/1.10677e-08 s=0.0887253/0.000415373 projection_inf=1.24615e-16 rho=1e+08 support=411/12248
ADMM_ITER round=0/0 iteration=97700/100000 objective=0.00074480538154341575 r=1.30798e-09/1.10677e-08 s=0.0885096/0.000415392 projection_inf=1.17836e-16 rho=1e+08 support=411/12248
ADMM_ITER round=0/0 iteration=97725/100000 objective=0.0007448734190910705 r=1.3108e-09/1.10677e-08 s=0.088003/0.000415411 projection_inf=1.15643e-16 rho=1e+08 support=411/12248
ADMM_ITER round=0/0 iteration=97750/100000 objective=0.00074494157034569336 r=1.31487e-09/1.10677e-08 s=0.0873/0.000415429 projection_inf=1.21301e-16 rho=1e+08 support=412/12248
ADMM_ITER round=0/0 iteration=97775/100000 objective=0.0007450100210818285 r=1.31698e-09/1.10677e-08 s=0.0868888/0.000415448 projection_inf=1.09253e-16 rho=1e+08 support=412/12248
ADMM_ITER round=0/0 iteration=97800/100000 objective=0.00074507947417608961 r=1.31523e-09/1.10677e-08 s=0.0870623/0.000415466 projection_inf=1.22517e-16 rho=1e+08 support=412/12248
ADMM_ITER round=0/0 iteration=97825/100000 objective=0.00074514976341724388 r=1.30995e-09/1.10677e-08 s=0.0877658/0.000415485 projection_inf=1.15953e-16 rho=1e+08 support=412/12248
ADMM_ITER round=0/0 iteration=97850/100000 objective=0.00074522116352716123 r=1.30255e-09/1.10677e-08 s=0.0887729/0.000415503 projection_inf=1.27151e-16 rho=1e+08 support=412/12248
ADMM_ITER round=0/0 iteration=97875/100000 objective=0.00074529357736856578 r=1.29453e-09/1.10677e-08 s=0.0898539/0.000415522 projection_inf=1.24178e-16 rho=1e+08 support=412/12248
ADMM_ITER round=0/0 iteration=97900/100000 objective=0.00074536689817888318 r=1.28776e-09/1.10677e-08 s=0.0907373/0.00041554 projection_inf=1.26678e-16 rho=1e+08 support=411/12248
ADMM_ITER round=0/0 iteration=97925/100000 objective=0.0007454399820730818 r=1.28374e-09/1.10677e-08 s=0.0912197/0.000415559 projection_inf=1.18851e-16 rho=1e+08 support=411/12248
ADMM_ITER round=0/0 iteration=97950/100000 objective=0.00074551144436135763 r=1.28246e-09/1.10677e-08 s=0.0913178/0.000415577 projection_inf=1.37624e-16 rho=1e+08 support=411/12248
ADMM_ITER round=0/0 iteration=97975/100000 objective=0.00074558087353562689 r=1.2816e-09/1.10677e-08 s=0.0913569/0.000415595 projection_inf=1.26513e-16 rho=1e+08 support=412/12248
ADMM_ITER round=0/0 iteration=98000/100000 objective=0.00074564907616174827 r=1.27973e-09/1.10677e-08 s=0.0915379/0.000415614 projection_inf=1.18867e-16 rho=1e+08 support=412/12248
ADMM_ITER round=0/0 iteration=98025/100000 objective=0.00074571720986316289 r=1.27743e-09/1.10677e-08 s=0.0917787/0.000415632 projection_inf=1.18619e-16 rho=1e+08 support=412/12248
ADMM_ITER round=0/0 iteration=98050/100000 objective=0.000745785858867662 r=1.27476e-09/1.10677e-08 s=0.0920703/0.00041565 projection_inf=1.20605e-16 rho=1e+08 support=412/12248
ADMM_ITER round=0/0 iteration=98075/100000 objective=0.00074585470658996601 r=1.27223e-09/1.10677e-08 s=0.0923409/0.000415668 projection_inf=1.27719e-16 rho=1e+08 support=412/12248
ADMM_ITER round=0/0 iteration=98100/100000 objective=0.00074592242283987736 r=1.27151e-09/1.10677e-08 s=0.0923618/0.000415686 projection_inf=1.31722e-16 rho=1e+08 support=412/12248
ADMM_ITER round=0/0 iteration=98125/100000 objective=0.0007459871838299539 r=1.27292e-09/1.10677e-08 s=0.092091/0.000415704 projection_inf=1.2781e-16 rho=1e+08 support=412/12248
ADMM_ITER round=0/0 iteration=98150/100000 objective=0.000746047653680103 r=1.27483e-09/1.10677e-08 s=0.091749/0.000415722 projection_inf=1.12187e-16 rho=1e+08 support=412/12248
ADMM_ITER round=0/0 iteration=98175/100000 objective=0.00074610325619599922 r=1.27603e-09/1.10677e-08 s=0.0915049/0.00041574 projection_inf=1.16172e-16 rho=1e+08 support=412/12248
ADMM_ITER round=0/0 iteration=98200/100000 objective=0.00074615327781579071 r=1.27605e-09/1.10677e-08 s=0.0914258/0.000415758 projection_inf=1.26561e-16 rho=1e+08 support=412/12248
ADMM_ITER round=0/0 iteration=98225/100000 objective=0.00074619711952773784 r=1.27448e-09/1.10677e-08 s=0.0915685/0.000415776 projection_inf=1.11979e-16 rho=1e+08 support=412/12248
ADMM_ITER round=0/0 iteration=98250/100000 objective=0.00074623518473745476 r=1.27149e-09/1.10677e-08 s=0.0919081/0.000415794 projection_inf=1.43576e-16 rho=1e+08 support=412/12248
ADMM_ITER round=0/0 iteration=98275/100000 objective=0.00074626910108059543 r=1.2679e-09/1.10677e-08 s=0.0923285/0.000415812 projection_inf=1.11977e-16 rho=1e+08 support=412/12248
ADMM_ITER round=0/0 iteration=98300/100000 objective=0.00074630101474131851 r=1.26448e-09/1.10677e-08 s=0.0927239/0.00041583 projection_inf=1.2671e-16 rho=1e+08 support=412/12248
ADMM_ITER round=0/0 iteration=98325/100000 objective=0.0007463327278374078 r=1.26165e-09/1.10677e-08 s=0.0930351/0.000415848 projection_inf=1.29369e-16 rho=1e+08 support=412/12248
ADMM_ITER round=0/0 iteration=98350/100000 objective=0.00074636553385994532 r=1.25993e-09/1.10677e-08 s=0.0931958/0.000415865 projection_inf=1.22037e-16 rho=1e+08 support=412/12248
ADMM_ITER round=0/0 iteration=98375/100000 objective=0.00074640047592586657 r=1.25945e-09/1.10677e-08 s=0.0931887/0.000415883 projection_inf=1.17184e-16 rho=1e+08 support=412/12248
ADMM_ITER round=0/0 iteration=98400/100000 objective=0.00074643876751006894 r=1.25998e-09/1.10677e-08 s=0.093046/0.000415901 projection_inf=1.14246e-16 rho=1e+08 support=412/12248
ADMM_ITER round=0/0 iteration=98425/100000 objective=0.00074648180974633347 r=1.26214e-09/1.10677e-08 s=0.0926808/0.000415919 projection_inf=1.26281e-16 rho=1e+08 support=412/12248
ADMM_ITER round=0/0 iteration=98450/100000 objective=0.00074653069044462055 r=1.26728e-09/1.10677e-08 s=0.091906/0.000415936 projection_inf=1.16493e-16 rho=1e+08 support=412/12248
ADMM_ITER round=0/0 iteration=98475/100000 objective=0.00074658619309664852 r=1.27537e-09/1.10677e-08 s=0.0907076/0.000415954 projection_inf=1.19581e-16 rho=1e+08 support=412/12248
ADMM_ITER round=0/0 iteration=98500/100000 objective=0.00074664928940092158 r=1.28399e-09/1.10677e-08 s=0.0894104/0.000415972 projection_inf=1.24595e-16 rho=1e+08 support=412/12248
ADMM_ITER round=0/0 iteration=98525/100000 objective=0.00074672099327268522 r=1.28937e-09/1.10677e-08 s=0.0885601/0.000415989 projection_inf=1.12715e-16 rho=1e+08 support=412/12248
ADMM_ITER round=0/0 iteration=98550/100000 objective=0.00074680192698377669 r=1.28814e-09/1.10677e-08 s=0.088667/0.000416007 projection_inf=1.22569e-16 rho=1e+08 support=412/12248
ADMM_ITER round=0/0 iteration=98575/100000 objective=0.00074689212385452806 r=1.2791e-09/1.10677e-08 s=0.0898944/0.000416024 projection_inf=1.17067e-16 rho=1e+08 support=412/12248
ADMM_ITER round=0/0 iteration=98600/100000 objective=0.00074699107738087928 r=1.26431e-09/1.10677e-08 s=0.0918952/0.000416042 projection_inf=1.19185e-16 rho=1e+08 support=412/12248
ADMM_ITER round=0/0 iteration=98625/100000 objective=0.00074709788449516565 r=1.24796e-09/1.10677e-08 s=0.0940351/0.000416059 projection_inf=1.24011e-16 rho=1e+08 support=412/12248
ADMM_ITER round=0/0 iteration=98650/100000 objective=0.00074721131142733066 r=1.23478e-09/1.10677e-08 s=0.095694/0.000416077 projection_inf=1.08411e-16 rho=1e+08 support=412/12248
ADMM_ITER round=0/0 iteration=98675/100000 objective=0.00074732980163775154 r=1.22906e-09/1.10677e-08 s=0.0963635/0.000416094 projection_inf=1.32335e-16 rho=1e+08 support=412/12248
ADMM_ITER round=0/0 iteration=98700/100000 objective=0.00074745151120069625 r=1.23364e-09/1.10677e-08 s=0.0957106/0.000416111 projection_inf=1.09566e-16 rho=1e+08 support=412/12248
ADMM_ITER round=0/0 iteration=98725/100000 objective=0.00074757451530419784 r=1.24825e-09/1.10677e-08 s=0.0937322/0.000416128 projection_inf=1.10911e-16 rho=1e+08 support=412/12248
ADMM_ITER round=0/0 iteration=98750/100000 objective=0.00074769703215640316 r=1.26875e-09/1.10677e-08 s=0.0908696/0.000416145 projection_inf=1.2175e-16 rho=1e+08 support=412/12248
ADMM_ITER round=0/0 iteration=98775/100000 objective=0.00074781754443079722 r=1.2891e-09/1.10677e-08 s=0.0878903/0.000416162 projection_inf=1.16318e-16 rho=1e+08 support=412/12248
ADMM_ITER round=0/0 iteration=98800/100000 objective=0.00074793503088546706 r=1.30452e-09/1.10677e-08 s=0.0855127/0.000416179 projection_inf=1.23027e-16 rho=1e+08 support=412/12248
ADMM_ITER round=0/0 iteration=98825/100000 objective=0.00074804930991536711 r=1.31376e-09/1.10677e-08 s=0.084015/0.000416196 projection_inf=1.17367e-16 rho=1e+08 support=412/12248
ADMM_ITER round=0/0 iteration=98850/100000 objective=0.00074816121511441262 r=1.31829e-09/1.10677e-08 s=0.0832297/0.000416213 projection_inf=1.18775e-16 rho=1e+08 support=412/12248
ADMM_ITER round=0/0 iteration=98875/100000 objective=0.00074827242268405813 r=1.31977e-09/1.10677e-08 s=0.0829222/0.000416229 projection_inf=1.18397e-16 rho=1e+08 support=412/12248
ADMM_ITER round=0/0 iteration=98900/100000 objective=0.00074838486895444382 r=1.31852e-09/1.10677e-08 s=0.0830492/0.000416246 projection_inf=1.1724e-16 rho=1e+08 support=412/12248
ADMM_ITER round=0/0 iteration=98925/100000 objective=0.00074849983961415697 r=1.31428e-09/1.10677e-08 s=0.0836484/0.000416263 projection_inf=1.28893e-16 rho=1e+08 support=412/12248
ADMM_ITER round=0/0 iteration=98950/100000 objective=0.00074861728949190021 r=1.30748e-09/1.10677e-08 s=0.084637/0.000416279 projection_inf=1.33723e-16 rho=1e+08 support=412/12248
ADMM_ITER round=0/0 iteration=98975/100000 objective=0.00074873602286743544 r=1.29948e-09/1.10677e-08 s=0.0857915/0.000416296 projection_inf=1.39736e-16 rho=1e+08 support=412/12248
ADMM_ITER round=0/0 iteration=99000/100000 objective=0.00074885461512341192 r=1.2919e-09/1.10677e-08 s=0.0868622/0.000416312 projection_inf=1.25438e-16 rho=1e+08 support=412/12248
ADMM_ITER round=0/0 iteration=99025/100000 objective=0.0007489722558175273 r=1.28593e-09/1.10677e-08 s=0.0876772/0.000416328 projection_inf=1.36915e-16 rho=1e+08 support=412/12248
ADMM_ITER round=0/0 iteration=99050/100000 objective=0.00074908885547914127 r=1.28229e-09/1.10677e-08 s=0.0881429/0.000416344 projection_inf=1.23374e-16 rho=1e+08 support=412/12248
ADMM_ITER round=0/0 iteration=99075/100000 objective=0.00074920451869117915 r=1.28133e-09/1.10677e-08 s=0.0882173/0.000416361 projection_inf=1.40213e-16 rho=1e+08 support=412/12248
ADMM_ITER round=0/0 iteration=99100/100000 objective=0.00074931900697712073 r=1.28276e-09/1.10677e-08 s=0.0879443/0.000416377 projection_inf=1.25051e-16 rho=1e+08 support=412/12248
ADMM_ITER round=0/0 iteration=99125/100000 objective=0.00074943167527244294 r=1.28513e-09/1.10677e-08 s=0.0875227/0.000416393 projection_inf=1.22169e-16 rho=1e+08 support=412/12248
ADMM_ITER round=0/0 iteration=99150/100000 objective=0.00074954196776518835 r=1.28533e-09/1.10677e-08 s=0.0874087/0.000416409 projection_inf=1.14983e-16 rho=1e+08 support=413/12248
ADMM_ITER round=0/0 iteration=99175/100000 objective=0.0007496499311482346 r=1.28143e-09/1.10677e-08 s=0.0878988/0.000416425 projection_inf=1.24282e-16 rho=1e+08 support=413/12248
ADMM_ITER round=0/0 iteration=99200/100000 objective=0.00074975652609788929 r=1.27009e-09/1.10677e-08 s=0.089368/0.00041644 projection_inf=1.36064e-16 rho=1e+08 support=414/12248
ADMM_ITER round=0/0 iteration=99225/100000 objective=0.00074986114548944167 r=1.25675e-09/1.10677e-08 s=0.0911236/0.000416456 projection_inf=1.10983e-16 rho=1e+08 support=414/12248
ADMM_ITER round=0/0 iteration=99250/100000 objective=0.00074996116736021569 r=1.24267e-09/1.10677e-08 s=0.0929403/0.000416472 projection_inf=1.15662e-16 rho=1e+08 support=414/12248
ADMM_ITER round=0/0 iteration=99275/100000 objective=0.00075005725279582414 r=1.23132e-09/1.10677e-08 s=0.0943535/0.000416487 projection_inf=1.33408e-16 rho=1e+08 support=414/12248
ADMM_ITER round=0/0 iteration=99300/100000 objective=0.00075014642894293188 r=1.22464e-09/1.10677e-08 s=0.0951383/0.000416503 projection_inf=1.25931e-16 rho=1e+08 support=414/12248
ADMM_ITER round=0/0 iteration=99325/100000 objective=0.00075022978286502751 r=1.22235e-09/1.10677e-08 s=0.0953546/0.000416519 projection_inf=1.22134e-16 rho=1e+08 support=414/12248
ADMM_ITER round=0/0 iteration=99350/100000 objective=0.0007503085449936008 r=1.22108e-09/1.10677e-08 s=0.0954427/0.000416534 projection_inf=1.33514e-16 rho=1e+08 support=414/12248
ADMM_ITER round=0/0 iteration=99375/100000 objective=0.00075038257200999835 r=1.21771e-09/1.10677e-08 s=0.0958011/0.00041655 projection_inf=1.31306e-16 rho=1e+08 support=414/12248
ADMM_ITER round=0/0 iteration=99400/100000 objective=0.00075045377782957906 r=1.21321e-09/1.10677e-08 s=0.0962994/0.000416565 projection_inf=1.3574e-16 rho=1e+08 support=414/12248
ADMM_ITER round=0/0 iteration=99425/100000 objective=0.00075052371379145607 r=1.20923e-09/1.10677e-08 s=0.0967309/0.00041658 projection_inf=1.13992e-16 rho=1e+08 support=414/12248
ADMM_ITER round=0/0 iteration=99450/100000 objective=0.00075059369435252462 r=1.20812e-09/1.10677e-08 s=0.096802/0.000416596 projection_inf=1.12105e-16 rho=1e+08 support=414/12248
ADMM_ITER round=0/0 iteration=99475/100000 objective=0.00075066576545206509 r=1.20969e-09/1.10677e-08 s=0.0965397/0.000416611 projection_inf=1.26296e-16 rho=1e+08 support=414/12248
ADMM_ITER round=0/0 iteration=99500/100000 objective=0.00075074162878425998 r=1.21193e-09/1.10677e-08 s=0.0961922/0.000416626 projection_inf=1.18839e-16 rho=1e+08 support=414/12248
ADMM_ITER round=0/0 iteration=99525/100000 objective=0.00075082388992161401 r=1.21403e-09/1.10677e-08 s=0.095862/0.000416641 projection_inf=1.1421e-16 rho=1e+08 support=414/12248
ADMM_ITER round=0/0 iteration=99550/100000 objective=0.00075091281178861198 r=1.21607e-09/1.10677e-08 s=0.0955395/0.000416656 projection_inf=1.22524e-16 rho=1e+08 support=414/12248
ADMM_ITER round=0/0 iteration=99575/100000 objective=0.00075100744041906638 r=1.21903e-09/1.10677e-08 s=0.0950977/0.000416671 projection_inf=1.3089e-16 rho=1e+08 support=414/12248
ADMM_ITER round=0/0 iteration=99600/100000 objective=0.00075110761725609204 r=1.22376e-09/1.10677e-08 s=0.094424/0.000416686 projection_inf=1.16113e-16 rho=1e+08 support=414/12248
ADMM_ITER round=0/0 iteration=99625/100000 objective=0.00075121240649147223 r=1.22967e-09/1.10677e-08 s=0.0935898/0.000416701 projection_inf=1.21949e-16 rho=1e+08 support=414/12248
ADMM_ITER round=0/0 iteration=99650/100000 objective=0.00075132054164267644 r=1.23511e-09/1.10677e-08 s=0.0928071/0.000416716 projection_inf=1.2018e-16 rho=1e+08 support=414/12248
ADMM_ITER round=0/0 iteration=99675/100000 objective=0.00075143152188656673 r=1.23868e-09/1.10677e-08 s=0.0922654/0.000416731 projection_inf=1.13876e-16 rho=1e+08 support=414/12248
ADMM_ITER round=0/0 iteration=99700/100000 objective=0.00075154617795649033 r=1.23896e-09/1.10677e-08 s=0.0921654/0.000416746 projection_inf=1.40823e-16 rho=1e+08 support=414/12248
ADMM_ITER round=0/0 iteration=99725/100000 objective=0.00075166462965394344 r=1.23465e-09/1.10677e-08 s=0.0926795/0.000416761 projection_inf=1.21518e-16 rho=1e+08 support=414/12248
ADMM_ITER round=0/0 iteration=99750/100000 objective=0.00075178620566528271 r=1.22633e-09/1.10677e-08 s=0.093717/0.000416775 projection_inf=1.1778e-16 rho=1e+08 support=414/12248
ADMM_ITER round=0/0 iteration=99775/100000 objective=0.00075191092145456874 r=1.2163e-09/1.10677e-08 s=0.0949547/0.00041679 projection_inf=1.22791e-16 rho=1e+08 support=414/12248
ADMM_ITER round=0/0 iteration=99800/100000 objective=0.00075203834766998027 r=1.20752e-09/1.10677e-08 s=0.0960107/0.000416804 projection_inf=1.09455e-16 rho=1e+08 support=414/12248
ADMM_ITER round=0/0 iteration=99825/100000 objective=0.00075216711552034035 r=1.20324e-09/1.10677e-08 s=0.0964885/0.000416819 projection_inf=1.24755e-16 rho=1e+08 support=414/12248
ADMM_ITER round=0/0 iteration=99850/100000 objective=0.00075229667527105246 r=1.20558e-09/1.10677e-08 s=0.0961381/0.000416833 projection_inf=1.29001e-16 rho=1e+08 support=414/12248
ADMM_ITER round=0/0 iteration=99875/100000 objective=0.00075242766753281132 r=1.21409e-09/1.10677e-08 s=0.0950024/0.000416847 projection_inf=1.113e-16 rho=1e+08 support=415/12248
ADMM_ITER round=0/0 iteration=99900/100000 objective=0.00075256043866018575 r=1.22607e-09/1.10677e-08 s=0.0933911/0.000416861 projection_inf=1.11539e-16 rho=1e+08 support=415/12248
ADMM_ITER round=0/0 iteration=99925/100000 objective=0.0007526940853674807 r=1.2382e-09/1.10677e-08 s=0.0917163/0.000416875 projection_inf=1.11115e-16 rho=1e+08 support=414/12248
ADMM_ITER round=0/0 iteration=99950/100000 objective=0.00075282718728714583 r=1.24856e-09/1.10677e-08 s=0.0902375/0.000416889 projection_inf=1.11962e-16 rho=1e+08 support=414/12248
ADMM_ITER round=0/0 iteration=99975/100000 objective=0.00075295827259651597 r=1.25647e-09/1.10677e-08 s=0.0890714/0.000416903 projection_inf=1.09983e-16 rho=1e+08 support=414/12248
ADMM_ITER round=0/0 iteration=100000/100000 objective=0.0007530863962692309 r=1.26239e-09/1.10677e-08 s=0.0881679/0.000416917 projection_inf=1.07834e-16 rho=1e+08 support=414/12248
{
  "schema": "max11-sparse-l1-admm-report-v1",
  "verdict": "CANDIDATES",
  "total_seconds": 456.0627681640908,
  "max_rss_kib": 210936
}
