Setting parameter method to 1
Setting parameter pdlp_solver_mode to 4
Setting parameter presolve to 0
Setting parameter crossover to false
Setting parameter log_file to artifacts/math/n11-sparse-certificate/n10-cuopt-preconditioned-base.log
Setting parameter log_to_console to true
Setting parameter num_cpu_threads to 16
Setting parameter time_limit to 9.000000e+02
Setting parameter absolute_dual_tolerance to 1.000000e-08
Setting parameter relative_dual_tolerance to 1.000000e-08
Setting parameter absolute_primal_tolerance to 1.000000e-08
Setting parameter relative_primal_tolerance to 1.000000e-08
Setting parameter absolute_gap_tolerance to 1.000000e-08
Setting parameter relative_gap_tolerance to 1.000000e-08
cuOpt version: 26.2.0, git hash: f73da24d, host arch: x86_64, device archs: 70-real,75-real,80-real,86-real,90a-real,100f-real,120a-real,120
CPU: AMD EPYC 7713 64-Core Processor, threads (physical/logical): 128/128, RAM: 536.83 GiB
CUDA 12.9, device: NVIDIA A100-SXM4-80GB (ID 0), VRAM: 79.25 GiB
CUDA device UUID: ffffffc42cffffffa82e-ffffffbe0a-7c7a

Solving a problem with 26662 constraints, 24496 variables (0 integers), and 9745672 nonzeros
Problem scaling:
Objective coefficents range:          [8e-01, 1e+00]
Constraint matrix coefficients range: [6e-07, 1e+00]
Constraint rhs / bounds range:        [0e+00, 1e+00]
Variable bounds range:                [0e+00, 0e+00]
Warning: input problem contains a large range of coefficients: consider reformulating to avoid numerical difficulties.

Third-party presolve is disabled, skipping
Objective offset 0.000000 scaling_factor 1.000000
   Iter    Primal Obj.      Dual Obj.    Gap        Primal Res.  Dual Res.   Time
      0 +2.65733081e+03 +0.00000000e+00  2.66e+03   6.19e-14     1.11e+02   0.155s
   1000 +1.38221563e+03 +1.13914723e-01  1.38e+03   2.15e+00     1.26e+01   0.393s
   2000 +1.84283463e+00 +1.40806609e-01  1.70e+00   9.96e-01     2.88e-02   0.583s
   3000 +2.55919594e-04 +1.51737720e-01  1.51e-01   9.57e-01     1.48e-04   0.774s
   4000 +3.08967228e-04 +1.73421171e-01  1.73e-01   9.56e-01     1.59e-04   0.964s
   5000 +2.46530501e+00 +1.27702117e+01  1.03e+01   5.51e-01     1.38e+00   1.154s
   6000 +9.64335051e+00 +4.73520652e+01  3.77e+01   3.75e-01     3.02e+01   1.344s
   7000 +1.63411433e+01 +5.41992091e+01  3.79e+01   2.69e-01     1.82e+01   1.534s
   8000 +1.95044354e+01 +6.72453581e+01  4.77e+01   2.38e-01     2.27e+01   1.723s
   9000 +2.46577763e+01 +8.44686681e+01  5.98e+01   1.95e-01     3.26e+01   1.913s
  10000 +2.97447106e+01 +9.60442293e+01  6.63e+01   1.65e-01     3.61e+01   2.103s
  11000 +3.37372398e+01 +1.01669512e+02  6.79e+01   1.47e-01     3.19e+01   2.292s
  12000 +3.51463212e+01 +1.03809750e+02  6.87e+01   1.39e-01     2.82e+01   2.480s
  13000 +3.54306232e+01 +1.08188028e+02  7.28e+01   1.34e-01     2.77e+01   2.668s
  14000 +3.63134340e+01 +1.21010535e+02  8.47e+01   1.30e-01     3.58e+01   2.856s
  15000 +3.75152292e+01 +1.34849458e+02  9.73e+01   1.26e-01     4.47e+01   3.044s
  16000 +3.94827016e+01 +1.49958341e+02  1.10e+02   1.21e-01     5.26e+01   3.232s
  17000 +4.24127374e+01 +1.65247298e+02  1.23e+02   1.14e-01     5.95e+01   3.420s
  18000 +4.62512227e+01 +1.78596099e+02  1.32e+02   1.04e-01     6.56e+01   3.608s
  19000 +5.07123793e+01 +1.88780102e+02  1.38e+02   9.22e-02     7.04e+01   3.795s
  20000 +5.54657981e+01 +1.94949049e+02  1.39e+02   8.12e-02     7.33e+01   3.983s
  21000 +5.92226351e+01 +2.02869557e+02  1.44e+02   7.31e-02     7.77e+01   4.171s
  22000 +6.26097286e+01 +2.12021519e+02  1.49e+02   6.64e-02     8.29e+01   4.360s
  23000 +6.62507253e+01 +2.19908278e+02  1.54e+02   5.95e-02     8.66e+01   4.548s
  24000 +7.00826150e+01 +2.26131584e+02  1.56e+02   5.28e-02     8.86e+01   4.736s
  25000 +7.39669640e+01 +2.29931581e+02  1.56e+02   4.65e-02     8.89e+01   4.925s
  26000 +7.77080703e+01 +2.31059987e+02  1.53e+02   4.14e-02     8.77e+01   5.116s
  27000 +8.11884408e+01 +2.30007084e+02  1.49e+02   3.76e-02     8.51e+01   5.305s
  28000 +8.43203165e+01 +2.27088942e+02  1.43e+02   3.52e-02     8.15e+01   5.493s
  29000 +8.70234651e+01 +2.22884312e+02  1.36e+02   3.40e-02     7.72e+01   5.681s
  30000 +8.92504582e+01 +2.17564675e+02  1.28e+02   3.36e-02     7.22e+01   5.870s
  31000 +9.10060075e+01 +2.11727758e+02  1.21e+02   3.35e-02     6.74e+01   6.058s
  32000 +9.23170689e+01 +2.05329726e+02  1.13e+02   3.35e-02     6.24e+01   6.246s
  33000 +9.50394992e+01 +2.02677230e+02  1.08e+02   3.49e-02     5.99e+01   6.434s
  34000 +9.74990217e+01 +1.99022056e+02  1.02e+02   3.67e-02     5.73e+01   6.622s
  35000 +9.96858942e+01 +1.93961189e+02  9.43e+01   3.87e-02     5.42e+01   6.810s
  36000 +1.01456540e+02 +1.88471831e+02  8.70e+01   4.02e-02     5.11e+01   6.998s
  37000 +1.02841075e+02 +1.82922309e+02  8.01e+01   4.10e-02     4.80e+01   7.185s
  38000 +1.03803810e+02 +1.77118760e+02  7.33e+01   4.11e-02     4.51e+01   7.373s
  39000 +1.04419487e+02 +1.71771166e+02  6.74e+01   4.08e-02     4.26e+01   7.561s
  40000 +1.04664015e+02 +1.66276404e+02  6.16e+01   4.01e-02     4.05e+01   7.749s
  41000 +1.04643088e+02 +1.61482961e+02  5.68e+01   3.89e-02     3.86e+01   7.936s
  42000 +1.04368830e+02 +1.56747867e+02  5.24e+01   3.72e-02     3.72e+01   8.124s
  43000 +1.03825249e+02 +1.52730797e+02  4.89e+01   3.51e-02     3.62e+01   8.311s
  44000 +1.03137500e+02 +1.49442552e+02  4.63e+01   3.29e-02     3.52e+01   8.499s
  45000 +1.02324836e+02 +1.46617579e+02  4.43e+01   3.06e-02     3.45e+01   8.687s
  46000 +1.01421211e+02 +1.44579224e+02  4.32e+01   2.83e-02     3.39e+01   8.874s
  47000 +1.00477313e+02 +1.43031216e+02  4.26e+01   2.60e-02     3.35e+01   9.062s
  48000 +9.95281405e+01 +1.42097282e+02  4.26e+01   2.40e-02     3.28e+01   9.250s
  49000 +9.86364200e+01 +1.41627976e+02  4.30e+01   2.22e-02     3.23e+01   9.438s
  50000 +9.78203010e+01 +1.41092375e+02  4.33e+01   2.07e-02     3.12e+01   9.626s
  51000 +9.77770759e+01 +1.38948556e+02  4.12e+01   2.00e-02     3.05e+01   9.815s
  52000 +9.76497254e+01 +1.37295310e+02  3.96e+01   1.91e-02     3.10e+01   10.003s
  53000 +9.74614159e+01 +1.36026668e+02  3.86e+01   1.83e-02     3.13e+01   10.192s
  54000 +9.72382447e+01 +1.35039489e+02  3.78e+01   1.76e-02     3.16e+01   10.380s
  55000 +9.69795434e+01 +1.34305053e+02  3.73e+01   1.69e-02     3.19e+01   10.569s
  56000 +9.66956268e+01 +1.33853315e+02  3.72e+01   1.62e-02     3.19e+01   10.757s
  57000 +9.63999089e+01 +1.33766070e+02  3.74e+01   1.56e-02     3.18e+01   10.946s
  58000 +9.61160978e+01 +1.34087161e+02  3.80e+01   1.51e-02     3.15e+01   11.134s
  59000 +9.58804480e+01 +1.34652473e+02  3.88e+01   1.48e-02     3.10e+01   11.323s
  60000 +9.56879928e+01 +1.35495127e+02  3.98e+01   1.45e-02     3.04e+01   11.511s
  61000 +9.55558081e+01 +1.36444114e+02  4.09e+01   1.43e-02     2.98e+01   11.699s
  62000 +9.54647988e+01 +1.37448650e+02  4.20e+01   1.42e-02     2.92e+01   11.887s
  63000 +9.54228271e+01 +1.38650480e+02  4.32e+01   1.41e-02     2.86e+01   12.076s
  64000 +9.54228897e+01 +1.39909273e+02  4.45e+01   1.40e-02     2.82e+01   12.264s
  65000 +9.54596124e+01 +1.41288112e+02  4.58e+01   1.39e-02     2.77e+01   12.453s
  66000 +9.55388937e+01 +1.42567834e+02  4.70e+01   1.38e-02     2.71e+01   12.641s
  67000 +9.56518115e+01 +1.43780088e+02  4.81e+01   1.37e-02     2.66e+01   12.829s
  68000 +9.57922791e+01 +1.45000046e+02  4.92e+01   1.35e-02     2.60e+01   13.018s
  69000 +9.59746046e+01 +1.46106268e+02  5.01e+01   1.34e-02     2.56e+01   13.206s
  70000 +9.61778492e+01 +1.47141663e+02  5.10e+01   1.32e-02     2.51e+01   13.394s
  71000 +9.64010119e+01 +1.48003725e+02  5.16e+01   1.31e-02     2.47e+01   13.583s
  72000 +9.66337321e+01 +1.48740403e+02  5.21e+01   1.29e-02     2.43e+01   13.771s
  73000 +9.68756453e+01 +1.49369419e+02  5.25e+01   1.28e-02     2.39e+01   13.959s
  74000 +9.71240952e+01 +1.49908664e+02  5.28e+01   1.26e-02     2.35e+01   14.147s
  75000 +9.73825864e+01 +1.50336215e+02  5.30e+01   1.25e-02     2.32e+01   14.336s
  76000 +9.76370817e+01 +1.50577522e+02  5.29e+01   1.23e-02     2.29e+01   14.524s
  77000 +9.78801771e+01 +1.50727982e+02  5.28e+01   1.22e-02     2.27e+01   14.713s
  78000 +9.81089098e+01 +1.50787372e+02  5.27e+01   1.21e-02     2.24e+01   14.901s
  79000 +9.83018670e+01 +1.50935125e+02  5.26e+01   1.20e-02     2.18e+01   15.089s
  80000 +9.84890705e+01 +1.51181019e+02  5.27e+01   1.19e-02     2.18e+01   15.277s
  81000 +9.86754616e+01 +1.51368941e+02  5.27e+01   1.18e-02     2.18e+01   15.465s
  82000 +9.88564700e+01 +1.51513553e+02  5.27e+01   1.16e-02     2.19e+01   15.653s
  83000 +9.90322503e+01 +1.51655174e+02  5.26e+01   1.15e-02     2.19e+01   15.840s
  84000 +9.92047066e+01 +1.51868810e+02  5.27e+01   1.14e-02     2.19e+01   16.028s
  85000 +9.93737670e+01 +1.52068133e+02  5.27e+01   1.13e-02     2.19e+01   16.216s
  86000 +9.95433839e+01 +1.52265769e+02  5.27e+01   1.12e-02     2.19e+01   16.403s
  87000 +9.97161839e+01 +1.52403230e+02  5.27e+01   1.11e-02     2.18e+01   16.591s
  88000 +9.98806338e+01 +1.52399449e+02  5.25e+01   1.10e-02     2.18e+01   16.779s
  89000 +1.00028802e+02 +1.52346418e+02  5.23e+01   1.09e-02     2.18e+01   16.967s
  90000 +1.00168107e+02 +1.52454603e+02  5.23e+01   1.08e-02     2.18e+01   17.154s
  91000 +1.00305270e+02 +1.52577858e+02  5.23e+01   1.07e-02     2.16e+01   17.342s
  92000 +1.00441931e+02 +1.52603577e+02  5.22e+01   1.06e-02     2.15e+01   17.530s
  93000 +1.00574550e+02 +1.52702774e+02  5.21e+01   1.05e-02     2.14e+01   17.718s
  94000 +1.00701793e+02 +1.52745902e+02  5.20e+01   1.04e-02     2.13e+01   17.906s
  95000 +1.00820989e+02 +1.52731746e+02  5.19e+01   1.03e-02     2.12e+01   18.094s
  96000 +1.00931794e+02 +1.52767917e+02  5.18e+01   1.02e-02     2.11e+01   18.282s
  97000 +1.01032467e+02 +1.52810810e+02  5.18e+01   1.01e-02     2.10e+01   18.469s
  98000 +1.01131689e+02 +1.52877521e+02  5.17e+01   1.00e-02     2.09e+01   18.657s
  99000 +1.01224857e+02 +1.53012755e+02  5.18e+01   9.90e-03     2.08e+01   18.845s
 100000 +1.01320571e+02 +1.53143954e+02  5.18e+01   9.80e-03     2.08e+01   19.033s
 101000 +1.01417158e+02 +1.53272813e+02  5.19e+01   9.71e-03     2.07e+01   19.221s
 102000 +1.01514389e+02 +1.53204784e+02  5.17e+01   9.62e-03     2.06e+01   19.408s
 103000 +1.01599337e+02 +1.53240410e+02  5.16e+01   9.52e-03     2.05e+01   19.596s
 104000 +1.01683720e+02 +1.53416087e+02  5.17e+01   9.42e-03     2.04e+01   19.783s
 105000 +1.01766794e+02 +1.53523359e+02  5.18e+01   9.32e-03     2.04e+01   19.971s
 106000 +1.01845718e+02 +1.53694334e+02  5.18e+01   9.23e-03     2.03e+01   20.159s
 107000 +1.01930552e+02 +1.53891258e+02  5.20e+01   9.13e-03     2.02e+01   20.346s
 108000 +1.02018100e+02 +1.54109031e+02  5.21e+01   9.03e-03     2.02e+01   20.534s
 109000 +1.02103978e+02 +1.54251870e+02  5.21e+01   8.93e-03     2.01e+01   20.722s
 110000 +1.02189844e+02 +1.54479636e+02  5.23e+01   8.83e-03     2.01e+01   20.909s
 111000 +1.02277996e+02 +1.54664594e+02  5.24e+01   8.73e-03     2.00e+01   21.097s
 112000 +1.02371676e+02 +1.54804937e+02  5.24e+01   8.63e-03     2.00e+01   21.285s
 113000 +1.02461346e+02 +1.54935192e+02  5.25e+01   8.54e-03     1.99e+01   21.472s
 114000 +1.02554604e+02 +1.55058679e+02  5.25e+01   8.45e-03     1.98e+01   21.660s
 115000 +1.02652520e+02 +1.55235989e+02  5.26e+01   8.36e-03     1.97e+01   21.847s
 116000 +1.02755177e+02 +1.55444818e+02  5.27e+01   8.27e-03     1.97e+01   22.035s
 117000 +1.02865437e+02 +1.55601702e+02  5.27e+01   8.18e-03     1.96e+01   22.223s
 118000 +1.02976387e+02 +1.55816222e+02  5.28e+01   8.09e-03     1.95e+01   22.411s
 119000 +1.03092689e+02 +1.55983001e+02  5.29e+01   8.00e-03     1.94e+01   22.598s
 120000 +1.03209189e+02 +1.56106630e+02  5.29e+01   7.90e-03     1.92e+01   22.786s
 121000 +1.03325777e+02 +1.56217272e+02  5.29e+01   7.81e-03     1.91e+01   22.974s
 122000 +1.03455930e+02 +1.56365540e+02  5.29e+01   7.71e-03     1.90e+01   23.162s
 123000 +1.03608408e+02 +1.56487663e+02  5.29e+01   7.62e-03     1.87e+01   23.350s
 124000 +1.03764976e+02 +1.56534409e+02  5.28e+01   7.53e-03     1.87e+01   23.538s
 125000 +1.03916738e+02 +1.56633079e+02  5.27e+01   7.44e-03     1.87e+01   23.727s
 126000 +1.04066651e+02 +1.56756490e+02  5.27e+01   7.35e-03     1.87e+01   23.915s
 127000 +1.04215412e+02 +1.56826362e+02  5.26e+01   7.26e-03     1.88e+01   24.104s
 128000 +1.04361942e+02 +1.56893064e+02  5.25e+01   7.17e-03     1.88e+01   24.292s
 129000 +1.04505983e+02 +1.56952957e+02  5.24e+01   7.08e-03     1.88e+01   24.480s
 130000 +1.04647308e+02 +1.57028221e+02  5.24e+01   6.99e-03     1.88e+01   24.669s
 131000 +1.04786071e+02 +1.57112811e+02  5.23e+01   6.91e-03     1.89e+01   24.857s
 132000 +1.04923332e+02 +1.57170380e+02  5.22e+01   6.82e-03     1.89e+01   25.045s
 133000 +1.05059421e+02 +1.57238124e+02  5.22e+01   6.73e-03     1.89e+01   25.234s
 134000 +1.05195954e+02 +1.57267666e+02  5.21e+01   6.64e-03     1.89e+01   25.422s
 135000 +1.05339768e+02 +1.57260424e+02  5.19e+01   6.55e-03     1.88e+01   25.610s
 136000 +1.05484483e+02 +1.57302512e+02  5.18e+01   6.46e-03     1.89e+01   25.799s
 137000 +1.05628458e+02 +1.57400649e+02  5.18e+01   6.37e-03     1.88e+01   25.988s
 138000 +1.05771353e+02 +1.57446297e+02  5.17e+01   6.29e-03     1.89e+01   26.176s
 139000 +1.05908837e+02 +1.57459785e+02  5.16e+01   6.21e-03     1.89e+01   26.364s
 140000 +1.06041287e+02 +1.57500710e+02  5.15e+01   6.12e-03     1.89e+01   26.553s
 141000 +1.06176740e+02 +1.57532973e+02  5.14e+01   6.04e-03     1.88e+01   26.741s
 142000 +1.06312088e+02 +1.57581280e+02  5.13e+01   5.95e-03     1.89e+01   26.929s
 143000 +1.06444439e+02 +1.57631753e+02  5.12e+01   5.87e-03     1.89e+01   27.118s
 144000 +1.06577116e+02 +1.57682004e+02  5.11e+01   5.78e-03     1.89e+01   27.306s
 145000 +1.06706215e+02 +1.57683497e+02  5.10e+01   5.69e-03     1.89e+01   27.494s
 146000 +1.06833119e+02 +1.57702607e+02  5.09e+01   5.61e-03     1.88e+01   27.683s
 147000 +1.06961366e+02 +1.57801749e+02  5.08e+01   5.52e-03     1.88e+01   27.871s
 148000 +1.07093031e+02 +1.57930233e+02  5.08e+01   5.43e-03     1.88e+01   28.060s
 149000 +1.07226020e+02 +1.58026600e+02  5.08e+01   5.34e-03     1.88e+01   28.248s
 150000 +1.07363281e+02 +1.58098908e+02  5.07e+01   5.26e-03     1.87e+01   28.436s
 151000 +1.07503176e+02 +1.58188175e+02  5.07e+01   5.17e-03     1.86e+01   28.624s
 152000 +1.07649980e+02 +1.58247866e+02  5.06e+01   5.08e-03     1.85e+01   28.813s
 153000 +1.07794771e+02 +1.58223603e+02  5.04e+01   4.98e-03     1.85e+01   29.001s
 154000 +1.07939614e+02 +1.58298699e+02  5.04e+01   4.89e-03     1.84e+01   29.190s
 155000 +1.08089201e+02 +1.58359107e+02  5.03e+01   4.80e-03     1.83e+01   29.378s
 156000 +1.08237713e+02 +1.58360895e+02  5.01e+01   4.71e-03     1.83e+01   29.567s
 157000 +1.08386532e+02 +1.58377115e+02  5.00e+01   4.63e-03     1.82e+01   29.755s
 158000 +1.08533107e+02 +1.58375293e+02  4.98e+01   4.54e-03     1.82e+01   29.943s
 159000 +1.08677345e+02 +1.58310633e+02  4.96e+01   4.44e-03     1.82e+01   30.132s
 160000 +1.08816704e+02 +1.58265407e+02  4.94e+01   4.34e-03     1.82e+01   30.320s
 161000 +1.08958187e+02 +1.58368463e+02  4.94e+01   4.25e-03     1.81e+01   30.508s
 162000 +1.09103458e+02 +1.58433595e+02  4.93e+01   4.15e-03     1.81e+01   30.696s
 163000 +1.09245063e+02 +1.58430583e+02  4.92e+01   4.06e-03     1.80e+01   30.884s
 164000 +1.09384907e+02 +1.58431242e+02  4.90e+01   3.98e-03     1.80e+01   31.073s
 165000 +1.09524904e+02 +1.58361995e+02  4.88e+01   3.89e-03     1.79e+01   31.261s
 166000 +1.09658507e+02 +1.58322110e+02  4.87e+01   3.79e-03     1.79e+01   31.449s
 167000 +1.09788816e+02 +1.58312537e+02  4.85e+01   3.70e-03     1.78e+01   31.638s
 168000 +1.09919593e+02 +1.58355429e+02  4.84e+01   3.60e-03     1.77e+01   31.826s
 169000 +1.10055281e+02 +1.58409292e+02  4.84e+01   3.51e-03     1.76e+01   32.014s
 170000 +1.10195126e+02 +1.58472257e+02  4.83e+01   3.42e-03     1.75e+01   32.203s
 171000 +1.10333971e+02 +1.58482778e+02  4.81e+01   3.34e-03     1.75e+01   32.391s
 172000 +1.10469248e+02 +1.58474003e+02  4.80e+01   3.26e-03     1.74e+01   32.579s
 173000 +1.10602484e+02 +1.58413239e+02  4.78e+01   3.19e-03     1.74e+01   32.768s
 174000 +1.10732433e+02 +1.58380038e+02  4.76e+01   3.11e-03     1.74e+01   32.956s
 175000 +1.10863004e+02 +1.58367258e+02  4.75e+01   3.04e-03     1.74e+01   33.144s
 176000 +1.10994664e+02 +1.58307459e+02  4.73e+01   2.96e-03     1.73e+01   33.332s
 177000 +1.11125157e+02 +1.58288328e+02  4.72e+01   2.88e-03     1.73e+01   33.521s
 178000 +1.11262062e+02 +1.58329045e+02  4.71e+01   2.81e-03     1.72e+01   33.709s
 179000 +1.11404801e+02 +1.58229403e+02  4.68e+01   2.74e-03     1.72e+01   33.898s
 180000 +1.11538569e+02 +1.58057329e+02  4.65e+01   2.66e-03     1.71e+01   34.086s
 181000 +1.11666610e+02 +1.58001008e+02  4.63e+01   2.58e-03     1.71e+01   34.274s
 182000 +1.11796055e+02 +1.57996543e+02  4.62e+01   2.51e-03     1.70e+01   34.463s
 183000 +1.11926187e+02 +1.58025423e+02  4.61e+01   2.44e-03     1.70e+01   34.651s
 184000 +1.12101282e+02 +1.58028484e+02  4.59e+01   2.36e-03     1.67e+01   34.839s
 185000 +1.12287205e+02 +1.58003837e+02  4.57e+01   2.28e-03     1.67e+01   35.027s
 186000 +1.12473825e+02 +1.57960182e+02  4.55e+01   2.20e-03     1.67e+01   35.215s
 187000 +1.12658562e+02 +1.57893788e+02  4.52e+01   2.12e-03     1.67e+01   35.403s
 188000 +1.12842739e+02 +1.57827580e+02  4.50e+01   2.04e-03     1.67e+01   35.591s
 189000 +1.13027766e+02 +1.57765275e+02  4.47e+01   1.97e-03     1.66e+01   35.778s
 190000 +1.13214128e+02 +1.57679469e+02  4.45e+01   1.90e-03     1.66e+01   35.966s
 191000 +1.13399213e+02 +1.57582071e+02  4.42e+01   1.83e-03     1.66e+01   36.154s
 192000 +1.13583019e+02 +1.57497078e+02  4.39e+01   1.75e-03     1.65e+01   36.342s
 193000 +1.13765019e+02 +1.57395136e+02  4.36e+01   1.68e-03     1.65e+01   36.529s
 194000 +1.13943821e+02 +1.57301740e+02  4.34e+01   1.61e-03     1.65e+01   36.717s
 195000 +1.14122361e+02 +1.57229309e+02  4.31e+01   1.55e-03     1.65e+01   36.904s
 196000 +1.14300891e+02 +1.57135025e+02  4.28e+01   1.48e-03     1.64e+01   37.093s
 197000 +1.14477680e+02 +1.57040354e+02  4.26e+01   1.42e-03     1.64e+01   37.280s
 198000 +1.14652209e+02 +1.56915898e+02  4.23e+01   1.35e-03     1.64e+01   37.468s
 199000 +1.14824529e+02 +1.56818644e+02  4.20e+01   1.29e-03     1.63e+01   37.656s
 200000 +1.14997308e+02 +1.56744425e+02  4.17e+01   1.23e-03     1.63e+01   37.843s
 201000 +1.15167933e+02 +1.56647482e+02  4.15e+01   1.17e-03     1.63e+01   38.031s
 202000 +1.15335843e+02 +1.56566750e+02  4.12e+01   1.12e-03     1.62e+01   38.219s
 203000 +1.15502130e+02 +1.56483401e+02  4.10e+01   1.07e-03     1.62e+01   38.407s
 204000 +1.15666457e+02 +1.56400532e+02  4.07e+01   1.02e-03     1.61e+01   38.595s
 205000 +1.15830075e+02 +1.56312056e+02  4.05e+01   9.80e-04     1.61e+01   38.783s
 206000 +1.15990430e+02 +1.56204028e+02  4.02e+01   9.39e-04     1.60e+01   38.971s
 207000 +1.16150655e+02 +1.56148085e+02  4.00e+01   9.04e-04     1.60e+01   39.158s
 208000 +1.16310826e+02 +1.56055189e+02  3.97e+01   8.72e-04     1.59e+01   39.346s
 209000 +1.16475789e+02 +1.55642922e+02  3.92e+01   8.65e-04     1.59e+01   39.534s
 210000 +1.16631178e+02 +1.55518760e+02  3.89e+01   8.42e-04     1.58e+01   39.722s
 211000 +1.16791877e+02 +1.55581933e+02  3.88e+01   8.38e-04     1.57e+01   39.910s
 212000 +1.16955003e+02 +1.55435181e+02  3.85e+01   8.46e-04     1.56e+01   40.098s
 213000 +1.17112750e+02 +1.55285909e+02  3.82e+01   8.50e-04     1.56e+01   40.285s
 214000 +1.17270246e+02 +1.55216113e+02  3.79e+01   8.75e-04     1.55e+01   40.473s
 215000 +1.17425626e+02 +1.55077830e+02  3.77e+01   9.07e-04     1.55e+01   40.661s
 216000 +1.17576832e+02 +1.54894422e+02  3.73e+01   9.43e-04     1.54e+01   40.849s
 217000 +1.17726485e+02 +1.54729736e+02  3.70e+01   9.78e-04     1.53e+01   41.036s
 218000 +1.17872663e+02 +1.54552149e+02  3.67e+01   1.01e-03     1.52e+01   41.224s
 219000 +1.18015555e+02 +1.54393466e+02  3.64e+01   1.04e-03     1.52e+01   41.412s
 220000 +1.18154815e+02 +1.54248952e+02  3.61e+01   1.08e-03     1.51e+01   41.600s
 221000 +1.18291716e+02 +1.54143934e+02  3.59e+01   1.12e-03     1.50e+01   41.787s
 222000 +1.18426724e+02 +1.53975739e+02  3.55e+01   1.15e-03     1.50e+01   41.975s
 223000 +1.18557920e+02 +1.53762221e+02  3.52e+01   1.18e-03     1.49e+01   42.163s
 224000 +1.18683140e+02 +1.53580550e+02  3.49e+01   1.21e-03     1.49e+01   42.351s
 225000 +1.18805782e+02 +1.53435321e+02  3.46e+01   1.23e-03     1.48e+01   42.538s
 226000 +1.18931264e+02 +1.53284767e+02  3.44e+01   1.27e-03     1.47e+01   42.726s
 227000 +1.19054632e+02 +1.53134875e+02  3.41e+01   1.31e-03     1.46e+01   42.914s
 228000 +1.19173386e+02 +1.53004694e+02  3.38e+01   1.34e-03     1.46e+01   43.101s
 229000 +1.19289774e+02 +1.52853402e+02  3.36e+01   1.38e-03     1.45e+01   43.289s
 230000 +1.19404180e+02 +1.52704642e+02  3.33e+01   1.41e-03     1.44e+01   43.477s
 231000 +1.19516577e+02 +1.52609340e+02  3.31e+01   1.44e-03     1.44e+01   43.664s
 232000 +1.19628020e+02 +1.52445031e+02  3.28e+01   1.48e-03     1.43e+01   43.852s
 233000 +1.19734412e+02 +1.52281494e+02  3.25e+01   1.52e-03     1.42e+01   44.040s
 234000 +1.19837906e+02 +1.52159289e+02  3.23e+01   1.56e-03     1.42e+01   44.228s
 235000 +1.19940600e+02 +1.52023723e+02  3.21e+01   1.59e-03     1.41e+01   44.416s
 236000 +1.20040757e+02 +1.51868651e+02  3.18e+01   1.63e-03     1.40e+01   44.604s
 237000 +1.20140344e+02 +1.51693473e+02  3.16e+01   1.66e-03     1.40e+01   44.791s
 238000 +1.20237183e+02 +1.51513454e+02  3.13e+01   1.69e-03     1.39e+01   44.979s
 239000 +1.20332030e+02 +1.51375644e+02  3.10e+01   1.72e-03     1.38e+01   45.167s
 240000 +1.20422173e+02 +1.51152920e+02  3.07e+01   1.74e-03     1.37e+01   45.355s
 241000 +1.20507730e+02 +1.50982603e+02  3.05e+01   1.77e-03     1.37e+01   45.543s
 242000 +1.20593711e+02 +1.50892827e+02  3.03e+01   1.81e-03     1.36e+01   45.731s
 243000 +1.20678418e+02 +1.50718843e+02  3.00e+01   1.84e-03     1.35e+01   45.918s
 244000 +1.20756499e+02 +1.50555517e+02  2.98e+01   1.86e-03     1.35e+01   46.106s
 245000 +1.20830535e+02 +1.50423381e+02  2.96e+01   1.89e-03     1.34e+01   46.293s
 246000 +1.20925934e+02 +1.50269668e+02  2.93e+01   1.94e-03     1.32e+01   46.481s
 247000 +1.21111247e+02 +1.50098042e+02  2.90e+01   2.01e-03     1.31e+01   46.670s
 248000 +1.21293868e+02 +1.49986208e+02  2.87e+01   2.08e-03     1.31e+01   46.858s
 249000 +1.21474243e+02 +1.49863266e+02  2.84e+01   2.16e-03     1.30e+01   47.046s
 250000 +1.21650867e+02 +1.49730177e+02  2.81e+01   2.23e-03     1.30e+01   47.234s
 251000 +1.21825023e+02 +1.49601322e+02  2.78e+01   2.30e-03     1.29e+01   47.423s
 252000 +1.21997403e+02 +1.49478778e+02  2.75e+01   2.38e-03     1.29e+01   47.611s
 253000 +1.22167693e+02 +1.49349038e+02  2.72e+01   2.45e-03     1.29e+01   47.799s
 254000 +1.22335130e+02 +1.49224793e+02  2.69e+01   2.52e-03     1.28e+01   47.988s
 255000 +1.22501113e+02 +1.49097803e+02  2.66e+01   2.59e-03     1.28e+01   48.176s
 256000 +1.22665883e+02 +1.48956404e+02  2.63e+01   2.66e-03     1.27e+01   48.364s
 257000 +1.22829692e+02 +1.48816680e+02  2.60e+01   2.73e-03     1.27e+01   48.552s
 258000 +1.22991622e+02 +1.48684609e+02  2.57e+01   2.80e-03     1.26e+01   48.741s
 259000 +1.23153169e+02 +1.48565907e+02  2.54e+01   2.87e-03     1.26e+01   48.929s
 260000 +1.23314449e+02 +1.48419460e+02  2.51e+01   2.94e-03     1.25e+01   49.117s
 261000 +1.23473748e+02 +1.48251603e+02  2.48e+01   3.01e-03     1.24e+01   49.305s
 262000 +1.23630250e+02 +1.48103406e+02  2.45e+01   3.07e-03     1.24e+01   49.493s
 263000 +1.23786090e+02 +1.47964706e+02  2.42e+01   3.14e-03     1.22e+01   49.682s
 264000 +1.23939610e+02 +1.47808807e+02  2.39e+01   3.21e-03     1.22e+01   49.870s
 265000 +1.24091206e+02 +1.47652177e+02  2.36e+01   3.29e-03     1.21e+01   50.058s
 266000 +1.24240544e+02 +1.47521425e+02  2.33e+01   3.37e-03     1.20e+01   50.247s
 267000 +1.24390698e+02 +1.47400466e+02  2.30e+01   3.44e-03     1.19e+01   50.435s
 268000 +1.24540522e+02 +1.47231778e+02  2.27e+01   3.51e-03     1.18e+01   50.623s
 269000 +1.24686539e+02 +1.47053141e+02  2.24e+01   3.58e-03     1.17e+01   50.812s
 270000 +1.24828835e+02 +1.46857983e+02  2.20e+01   3.66e-03     1.17e+01   51.000s
 271000 +1.24966409e+02 +1.46664030e+02  2.17e+01   3.72e-03     1.16e+01   51.189s
 272000 +1.25100189e+02 +1.46472666e+02  2.14e+01   3.79e-03     1.15e+01   51.377s
 273000 +1.25230388e+02 +1.46286197e+02  2.11e+01   3.86e-03     1.14e+01   51.565s
 274000 +1.25358266e+02 +1.46114647e+02  2.08e+01   3.92e-03     1.14e+01   51.754s
 275000 +1.25484417e+02 +1.45954405e+02  2.05e+01   3.97e-03     1.13e+01   51.942s
 276000 +1.25607892e+02 +1.45771421e+02  2.02e+01   4.03e-03     1.12e+01   52.131s
 277000 +1.25723299e+02 +1.45525496e+02  1.98e+01   4.10e-03     1.11e+01   52.320s
 278000 +1.25834275e+02 +1.45377901e+02  1.95e+01   4.15e-03     1.10e+01   52.508s
 279000 +1.25947558e+02 +1.45234542e+02  1.93e+01   4.21e-03     1.10e+01   52.697s
 280000 +1.26058432e+02 +1.45020720e+02  1.90e+01   4.27e-03     1.09e+01   52.885s
 281000 +1.26164859e+02 +1.44828664e+02  1.87e+01   4.33e-03     1.08e+01   53.073s
 282000 +1.26267980e+02 +1.44619611e+02  1.84e+01   4.38e-03     1.07e+01   53.262s
 283000 +1.26367107e+02 +1.44359946e+02  1.80e+01   4.43e-03     1.06e+01   53.450s
 284000 +1.26459941e+02 +1.44159373e+02  1.77e+01   4.48e-03     1.06e+01   53.639s
 285000 +1.26549471e+02 +1.43976228e+02  1.74e+01   4.53e-03     1.05e+01   53.827s
 286000 +1.26633964e+02 +1.43762393e+02  1.71e+01   4.57e-03     1.04e+01   54.016s
 287000 +1.26717106e+02 +1.43592464e+02  1.69e+01   4.63e-03     1.03e+01   54.204s
 288000 +1.26802350e+02 +1.43426060e+02  1.66e+01   4.67e-03     1.03e+01   54.392s
 289000 +1.26884617e+02 +1.43222190e+02  1.63e+01   4.71e-03     1.02e+01   54.581s
 290000 +1.26962905e+02 +1.42987809e+02  1.60e+01   4.74e-03     1.01e+01   54.769s
 291000 +1.27035229e+02 +1.42748501e+02  1.57e+01   4.77e-03     1.01e+01   54.957s
 292000 +1.27101179e+02 +1.42527892e+02  1.54e+01   4.80e-03     1.00e+01   55.146s
 293000 +1.27165097e+02 +1.42310471e+02  1.51e+01   4.83e-03     9.97e+00   55.334s
 294000 +1.27225900e+02 +1.42118000e+02  1.49e+01   4.85e-03     9.90e+00   55.522s
 295000 +1.27282331e+02 +1.41929364e+02  1.46e+01   4.87e-03     9.85e+00   55.711s
 296000 +1.27333823e+02 +1.41717369e+02  1.44e+01   4.89e-03     9.78e+00   55.899s
 297000 +1.27382246e+02 +1.41529829e+02  1.41e+01   4.91e-03     9.70e+00   56.087s
 298000 +1.27432215e+02 +1.41332453e+02  1.39e+01   4.92e-03     9.64e+00   56.276s
 299000 +1.27480335e+02 +1.41098611e+02  1.36e+01   4.93e-03     9.60e+00   56.464s
 300000 +1.27520455e+02 +1.40852766e+02  1.33e+01   4.94e-03     9.55e+00   56.652s
 301000 +1.27551139e+02 +1.40630697e+02  1.31e+01   4.95e-03     9.48e+00   56.841s
 302000 +1.27577987e+02 +1.40459214e+02  1.29e+01   4.96e-03     9.40e+00   57.029s
 303000 +1.27603455e+02 +1.40233189e+02  1.26e+01   4.97e-03     9.31e+00   57.217s
 304000 +1.27625814e+02 +1.40019664e+02  1.24e+01   4.98e-03     9.26e+00   57.406s
 305000 +1.27645556e+02 +1.39869312e+02  1.22e+01   4.99e-03     9.22e+00   57.594s
 306000 +1.27664325e+02 +1.39681337e+02  1.20e+01   5.00e-03     9.16e+00   57.783s
 307000 +1.27678781e+02 +1.39487683e+02  1.18e+01   5.00e-03     9.09e+00   57.971s
 308000 +1.27748886e+02 +1.39320479e+02  1.16e+01   5.04e-03     8.90e+00   58.159s
 309000 +1.27855765e+02 +1.39149121e+02  1.13e+01   5.09e-03     8.86e+00   58.347s
 310000 +1.27959567e+02 +1.38975837e+02  1.10e+01   5.14e-03     8.82e+00   58.535s
 311000 +1.28060107e+02 +1.38797200e+02  1.07e+01   5.19e-03     8.78e+00   58.723s
 312000 +1.28156734e+02 +1.38624751e+02  1.05e+01   5.24e-03     8.73e+00   58.910s
 313000 +1.28253904e+02 +1.38439396e+02  1.02e+01   5.29e-03     8.67e+00   59.098s
 314000 +1.28353409e+02 +1.38226323e+02  9.87e+00   5.34e-03     8.60e+00   59.285s
 315000 +1.28457693e+02 +1.37861688e+02  9.40e+00   5.41e-03     8.54e+00   59.473s
 316000 +1.28545264e+02 +1.37453779e+02  8.91e+00   5.44e-03     8.44e+00   59.660s
 317000 +1.28622902e+02 +1.37098735e+02  8.48e+00   5.47e-03     8.39e+00   59.848s
 318000 +1.28692790e+02 +1.36795443e+02  8.10e+00   5.49e-03     8.34e+00   60.036s
 319000 +1.28756413e+02 +1.36544464e+02  7.79e+00   5.51e-03     8.29e+00   60.223s
 320000 +1.28817240e+02 +1.36358974e+02  7.54e+00   5.54e-03     8.24e+00   60.411s
 321000 +1.28877556e+02 +1.36205045e+02  7.33e+00   5.56e-03     8.20e+00   60.599s
 322000 +1.28937082e+02 +1.36065967e+02  7.13e+00   5.58e-03     8.16e+00   60.786s
 323000 +1.28994999e+02 +1.35905689e+02  6.91e+00   5.60e-03     8.11e+00   60.974s
 324000 +1.29051651e+02 +1.35717590e+02  6.67e+00   5.62e-03     8.05e+00   61.162s
 325000 +1.29105653e+02 +1.35507566e+02  6.40e+00   5.63e-03     7.99e+00   61.350s
 326000 +1.29152895e+02 +1.35290005e+02  6.14e+00   5.64e-03     7.93e+00   61.538s
 327000 +1.29195154e+02 +1.35088965e+02  5.89e+00   5.65e-03     7.88e+00   61.726s
 328000 +1.29231572e+02 +1.34904540e+02  5.67e+00   5.66e-03     7.84e+00   61.914s
 329000 +1.29264459e+02 +1.34750825e+02  5.49e+00   5.67e-03     7.80e+00   62.101s
 330000 +1.29296009e+02 +1.34611619e+02  5.32e+00   5.68e-03     7.74e+00   62.289s
 331000 +1.29327293e+02 +1.34467061e+02  5.14e+00   5.68e-03     7.70e+00   62.477s
 332000 +1.29357816e+02 +1.34337058e+02  4.98e+00   5.69e-03     7.64e+00   62.664s
 333000 +1.29385870e+02 +1.34207292e+02  4.82e+00   5.69e-03     7.61e+00   62.852s
 334000 +1.29412420e+02 +1.34084578e+02  4.67e+00   5.69e-03     7.57e+00   63.040s
 335000 +1.29437002e+02 +1.33935220e+02  4.50e+00   5.69e-03     7.53e+00   63.228s
 336000 +1.29458350e+02 +1.33762637e+02  4.30e+00   5.70e-03     7.50e+00   63.415s
 337000 +1.29476936e+02 +1.33613693e+02  4.14e+00   5.70e-03     7.46e+00   63.603s
 338000 +1.29493756e+02 +1.33450552e+02  3.96e+00   5.71e-03     7.41e+00   63.791s
 339000 +1.29506861e+02 +1.33309160e+02  3.80e+00   5.71e-03     7.37e+00   63.979s
 340000 +1.29516523e+02 +1.33161082e+02  3.64e+00   5.71e-03     7.33e+00   64.167s
 341000 +1.29522709e+02 +1.33002345e+02  3.48e+00   5.70e-03     7.29e+00   64.354s
 342000 +1.29526861e+02 +1.32866726e+02  3.34e+00   5.70e-03     7.25e+00   64.542s
 343000 +1.29527287e+02 +1.32727864e+02  3.20e+00   5.69e-03     7.22e+00   64.730s
 344000 +1.29526188e+02 +1.32593887e+02  3.07e+00   5.69e-03     7.17e+00   64.918s
 345000 +1.29524387e+02 +1.32453089e+02  2.93e+00   5.68e-03     7.14e+00   65.105s
 346000 +1.29519608e+02 +1.32307702e+02  2.79e+00   5.68e-03     7.08e+00   65.293s
 347000 +1.29514419e+02 +1.32190727e+02  2.68e+00   5.67e-03     7.05e+00   65.481s
 348000 +1.29508359e+02 +1.32078105e+02  2.57e+00   5.67e-03     7.02e+00   65.669s
 349000 +1.29501003e+02 +1.31949406e+02  2.45e+00   5.66e-03     6.98e+00   65.856s
 350000 +1.29492107e+02 +1.31829179e+02  2.34e+00   5.65e-03     6.95e+00   66.044s
 351000 +1.29481493e+02 +1.31694402e+02  2.21e+00   5.65e-03     6.92e+00   66.232s
 352000 +1.29465124e+02 +1.31551309e+02  2.09e+00   5.64e-03     6.87e+00   66.420s
 353000 +1.29446409e+02 +1.31410683e+02  1.96e+00   5.64e-03     6.83e+00   66.607s
 354000 +1.29424940e+02 +1.31272370e+02  1.85e+00   5.63e-03     6.81e+00   66.795s
 355000 +1.29399178e+02 +1.31144044e+02  1.74e+00   5.62e-03     6.77e+00   66.983s
 356000 +1.29371987e+02 +1.31013137e+02  1.64e+00   5.61e-03     6.74e+00   67.171s
 357000 +1.29341395e+02 +1.30861499e+02  1.52e+00   5.59e-03     6.68e+00   67.359s
 358000 +1.29307377e+02 +1.30723094e+02  1.42e+00   5.58e-03     6.67e+00   67.546s
 359000 +1.29271999e+02 +1.30608271e+02  1.34e+00   5.56e-03     6.65e+00   67.734s
 360000 +1.29232271e+02 +1.30479950e+02  1.25e+00   5.54e-03     6.62e+00   67.922s
 361000 +1.29189295e+02 +1.30351242e+02  1.16e+00   5.52e-03     6.58e+00   68.110s
 362000 +1.29144406e+02 +1.30250923e+02  1.11e+00   5.49e-03     6.57e+00   68.297s
 363000 +1.29099079e+02 +1.30142451e+02  1.04e+00   5.48e-03     6.56e+00   68.485s
 364000 +1.29052639e+02 +1.30041056e+02  9.88e-01   5.46e-03     6.53e+00   68.673s
 365000 +1.29005359e+02 +1.29930543e+02  9.25e-01   5.44e-03     6.49e+00   68.860s
 366000 +1.28957380e+02 +1.29821374e+02  8.64e-01   5.42e-03     6.44e+00   69.048s
 367000 +1.28910331e+02 +1.29729705e+02  8.19e-01   5.41e-03     6.44e+00   69.236s
 368000 +1.28862451e+02 +1.29634211e+02  7.72e-01   5.39e-03     6.39e+00   69.424s
 369000 +1.28812023e+02 +1.29533323e+02  7.21e-01   5.37e-03     6.38e+00   69.612s
 370000 +1.28761168e+02 +1.29414193e+02  6.53e-01   5.35e-03     6.35e+00   69.800s
 371000 +1.28709862e+02 +1.29283515e+02  5.74e-01   5.34e-03     6.34e+00   69.987s
 372000 +1.28656113e+02 +1.29145408e+02  4.89e-01   5.32e-03     6.31e+00   70.175s
 373000 +1.28599331e+02 +1.29008377e+02  4.09e-01   5.30e-03     6.27e+00   70.363s
 374000 +1.28540540e+02 +1.28886667e+02  3.46e-01   5.28e-03     6.25e+00   70.551s
 375000 +1.28479363e+02 +1.28800682e+02  3.21e-01   5.25e-03     6.23e+00   70.739s
 376000 +1.28417303e+02 +1.28697370e+02  2.80e-01   5.23e-03     6.22e+00   70.927s
 377000 +1.28353848e+02 +1.28596042e+02  2.42e-01   5.20e-03     6.21e+00   71.115s
 378000 +1.28289807e+02 +1.28486469e+02  1.97e-01   5.16e-03     6.20e+00   71.302s
 379000 +1.28224922e+02 +1.28363924e+02  1.39e-01   5.13e-03     6.16e+00   71.490s
 380000 +1.28156679e+02 +1.28242832e+02  8.62e-02   5.10e-03     6.13e+00   71.678s
 381000 +1.28087687e+02 +1.28114160e+02  2.65e-02   5.07e-03     6.11e+00   71.866s
 382000 +1.28015899e+02 +1.28006788e+02  9.11e-03   5.03e-03     6.09e+00   72.053s
 383000 +1.27943302e+02 +1.27919507e+02  2.38e-02   5.00e-03     6.06e+00   72.241s
 384000 +1.27870803e+02 +1.27857094e+02  1.37e-02   4.97e-03     6.03e+00   72.429s
 385000 +1.27799894e+02 +1.27776718e+02  2.32e-02   4.94e-03     6.00e+00   72.617s
 386000 +1.27728750e+02 +1.27698257e+02  3.05e-02   4.90e-03     5.97e+00   72.804s
 387000 +1.27655367e+02 +1.27614926e+02  4.04e-02   4.87e-03     5.95e+00   72.992s
 388000 +1.27581927e+02 +1.27534433e+02  4.75e-02   4.84e-03     5.93e+00   73.180s
 389000 +1.27564408e+02 +1.27434642e+02  1.30e-01   4.83e-03     5.75e+00   73.369s
 390000 +1.27546144e+02 +1.27307329e+02  2.39e-01   4.82e-03     5.73e+00   73.557s
 391000 +1.27524199e+02 +1.27174143e+02  3.50e-01   4.81e-03     5.70e+00   73.745s
 392000 +1.27499831e+02 +1.27047202e+02  4.53e-01   4.79e-03     5.68e+00   73.934s
 393000 +1.27473059e+02 +1.26918527e+02  5.55e-01   4.78e-03     5.65e+00   74.122s
 394000 +1.27443679e+02 +1.26782618e+02  6.61e-01   4.77e-03     5.64e+00   74.310s
 395000 +1.27410984e+02 +1.26647790e+02  7.63e-01   4.75e-03     5.62e+00   74.499s
 396000 +1.27375756e+02 +1.26513585e+02  8.62e-01   4.73e-03     5.61e+00   74.687s
 397000 +1.27339253e+02 +1.26382073e+02  9.57e-01   4.71e-03     5.57e+00   74.875s
 398000 +1.27301646e+02 +1.26259615e+02  1.04e+00   4.69e-03     5.55e+00   75.064s
 399000 +1.27262882e+02 +1.26140726e+02  1.12e+00   4.67e-03     5.53e+00   75.252s
 400000 +1.27220992e+02 +1.26024972e+02  1.20e+00   4.65e-03     5.51e+00   75.440s
 401000 +1.27177215e+02 +1.25914412e+02  1.26e+00   4.62e-03     5.48e+00   75.629s
 402000 +1.27133489e+02 +1.25801502e+02  1.33e+00   4.60e-03     5.47e+00   75.817s
 403000 +1.27088153e+02 +1.25689950e+02  1.40e+00   4.57e-03     5.44e+00   76.006s
 404000 +1.27042168e+02 +1.25580951e+02  1.46e+00   4.55e-03     5.43e+00   76.194s
 405000 +1.26995873e+02 +1.25472766e+02  1.52e+00   4.52e-03     5.40e+00   76.382s
 406000 +1.26947269e+02 +1.25376660e+02  1.57e+00   4.50e-03     5.40e+00   76.571s
 407000 +1.26898034e+02 +1.25279153e+02  1.62e+00   4.47e-03     5.38e+00   76.759s
 408000 +1.26847190e+02 +1.25198750e+02  1.65e+00   4.45e-03     5.37e+00   76.947s
 409000 +1.26796505e+02 +1.25118380e+02  1.68e+00   4.42e-03     5.35e+00   77.136s
 410000 +1.26746416e+02 +1.25043160e+02  1.70e+00   4.39e-03     5.34e+00   77.324s
 411000 +1.26695405e+02 +1.24949740e+02  1.75e+00   4.37e-03     5.32e+00   77.512s
 412000 +1.26642836e+02 +1.24851553e+02  1.79e+00   4.34e-03     5.30e+00   77.701s
 413000 +1.26589252e+02 +1.24759893e+02  1.83e+00   4.31e-03     5.27e+00   77.889s
 414000 +1.26533488e+02 +1.24654050e+02  1.88e+00   4.28e-03     5.25e+00   78.078s
 415000 +1.26477482e+02 +1.24556510e+02  1.92e+00   4.26e-03     5.22e+00   78.266s
 416000 +1.26419477e+02 +1.24465913e+02  1.95e+00   4.23e-03     5.19e+00   78.455s
 417000 +1.26360959e+02 +1.24382915e+02  1.98e+00   4.20e-03     5.16e+00   78.643s
 418000 +1.26301966e+02 +1.24294636e+02  2.01e+00   4.18e-03     5.16e+00   78.832s
 419000 +1.26242128e+02 +1.24214698e+02  2.03e+00   4.15e-03     5.13e+00   79.020s
 420000 +1.26183268e+02 +1.24152888e+02  2.03e+00   4.13e-03     5.11e+00   79.209s
 421000 +1.26124618e+02 +1.24091185e+02  2.03e+00   4.10e-03     5.07e+00   79.398s
 422000 +1.26065377e+02 +1.24016432e+02  2.05e+00   4.08e-03     5.07e+00   79.586s
 423000 +1.26006008e+02 +1.23962364e+02  2.04e+00   4.06e-03     5.05e+00   79.774s
 424000 +1.25947425e+02 +1.23909193e+02  2.04e+00   4.04e-03     5.01e+00   79.963s
 425000 +1.25887134e+02 +1.23830465e+02  2.06e+00   4.02e-03     5.00e+00   80.151s
 426000 +1.25825340e+02 +1.23759899e+02  2.07e+00   4.00e-03     4.99e+00   80.340s
 427000 +1.25760140e+02 +1.23684818e+02  2.08e+00   3.98e-03     4.98e+00   80.528s
 428000 +1.25692982e+02 +1.23616598e+02  2.08e+00   3.95e-03     4.97e+00   80.717s
 429000 +1.25624203e+02 +1.23549496e+02  2.07e+00   3.93e-03     4.95e+00   80.905s
 430000 +1.25555126e+02 +1.23495111e+02  2.06e+00   3.91e-03     4.94e+00   81.094s
 431000 +1.25485221e+02 +1.23424166e+02  2.06e+00   3.88e-03     4.93e+00   81.282s
 432000 +1.25415942e+02 +1.23352198e+02  2.06e+00   3.86e-03     4.91e+00   81.471s
 433000 +1.25345779e+02 +1.23276029e+02  2.07e+00   3.83e-03     4.89e+00   81.659s
 434000 +1.25274518e+02 +1.23212862e+02  2.06e+00   3.80e-03     4.87e+00   81.847s
 435000 +1.25204482e+02 +1.23153550e+02  2.05e+00   3.78e-03     4.86e+00   82.036s
 436000 +1.25133231e+02 +1.23077799e+02  2.06e+00   3.75e-03     4.84e+00   82.224s
 437000 +1.25060617e+02 +1.23007567e+02  2.05e+00   3.72e-03     4.82e+00   82.412s
 438000 +1.24987038e+02 +1.22931775e+02  2.06e+00   3.69e-03     4.82e+00   82.601s
 439000 +1.24910314e+02 +1.22872205e+02  2.04e+00   3.66e-03     4.81e+00   82.789s
 440000 +1.24832591e+02 +1.22797170e+02  2.04e+00   3.62e-03     4.80e+00   82.977s
 441000 +1.24752682e+02 +1.22733268e+02  2.02e+00   3.59e-03     4.80e+00   83.166s
 442000 +1.24669738e+02 +1.22657000e+02  2.01e+00   3.56e-03     4.79e+00   83.354s
 443000 +1.24584163e+02 +1.22590385e+02  1.99e+00   3.52e-03     4.79e+00   83.542s
 444000 +1.24497971e+02 +1.22538086e+02  1.96e+00   3.48e-03     4.77e+00   83.731s
 445000 +1.24412343e+02 +1.22521240e+02  1.89e+00   3.45e-03     4.77e+00   83.919s
 446000 +1.24327472e+02 +1.22495657e+02  1.83e+00   3.42e-03     4.76e+00   84.107s
 447000 +1.24244909e+02 +1.22454603e+02  1.79e+00   3.38e-03     4.75e+00   84.295s
 448000 +1.24163649e+02 +1.22399901e+02  1.76e+00   3.35e-03     4.74e+00   84.483s
 449000 +1.24080856e+02 +1.22331536e+02  1.75e+00   3.31e-03     4.73e+00   84.672s
 450000 +1.23996739e+02 +1.22280654e+02  1.72e+00   3.27e-03     4.70e+00   84.860s
 451000 +1.23912497e+02 +1.22234053e+02  1.68e+00   3.24e-03     4.71e+00   85.048s
 452000 +1.23830437e+02 +1.22204817e+02  1.63e+00   3.21e-03     4.67e+00   85.237s
 453000 +1.23750013e+02 +1.22155011e+02  1.60e+00   3.17e-03     4.66e+00   85.425s
 454000 +1.23667817e+02 +1.22107652e+02  1.56e+00   3.14e-03     4.64e+00   85.613s
 455000 +1.23584008e+02 +1.22056089e+02  1.53e+00   3.11e-03     4.63e+00   85.802s
 456000 +1.23501218e+02 +1.22053292e+02  1.45e+00   3.08e-03     4.62e+00   85.990s
 457000 +1.23420607e+02 +1.22033056e+02  1.39e+00   3.05e-03     4.60e+00   86.178s
 458000 +1.23359108e+02 +1.21990194e+02  1.37e+00   3.03e-03     4.51e+00   86.366s
 459000 +1.23302810e+02 +1.21923140e+02  1.38e+00   3.00e-03     4.50e+00   86.554s
 460000 +1.23245603e+02 +1.21850280e+02  1.40e+00   2.98e-03     4.49e+00   86.742s
 461000 +1.23187468e+02 +1.21773268e+02  1.41e+00   2.95e-03     4.46e+00   86.929s
 462000 +1.23128313e+02 +1.21692500e+02  1.44e+00   2.92e-03     4.46e+00   87.117s
 463000 +1.23067802e+02 +1.21611422e+02  1.46e+00   2.90e-03     4.46e+00   87.304s
 464000 +1.23005381e+02 +1.21538071e+02  1.47e+00   2.87e-03     4.45e+00   87.492s
 465000 +1.22942361e+02 +1.21474615e+02  1.47e+00   2.84e-03     4.45e+00   87.680s
 466000 +1.22878790e+02 +1.21417555e+02  1.46e+00   2.81e-03     4.45e+00   87.867s
 467000 +1.22814735e+02 +1.21364862e+02  1.45e+00   2.79e-03     4.44e+00   88.056s
 468000 +1.22750171e+02 +1.21317388e+02  1.43e+00   2.76e-03     4.45e+00   88.243s
 469000 +1.22685553e+02 +1.21273513e+02  1.41e+00   2.73e-03     4.45e+00   88.431s
 470000 +1.22620576e+02 +1.21233883e+02  1.39e+00   2.70e-03     4.45e+00   88.619s
 471000 +1.22556595e+02 +1.21202059e+02  1.35e+00   2.67e-03     4.43e+00   88.807s
 472000 +1.22493416e+02 +1.21158950e+02  1.33e+00   2.65e-03     4.42e+00   88.995s
 473000 +1.22430340e+02 +1.21108775e+02  1.32e+00   2.62e-03     4.41e+00   89.182s
 474000 +1.22366560e+02 +1.21060960e+02  1.31e+00   2.59e-03     4.41e+00   89.370s
 475000 +1.22301441e+02 +1.21011845e+02  1.29e+00   2.57e-03     4.41e+00   89.558s
 476000 +1.22235739e+02 +1.20975381e+02  1.26e+00   2.54e-03     4.39e+00   89.746s
 477000 +1.22169578e+02 +1.20937309e+02  1.23e+00   2.52e-03     4.38e+00   89.934s
 478000 +1.22104380e+02 +1.20889699e+02  1.21e+00   2.49e-03     4.38e+00   90.121s
 479000 +1.22039172e+02 +1.20846062e+02  1.19e+00   2.46e-03     4.37e+00   90.309s
 480000 +1.21973780e+02 +1.20807562e+02  1.17e+00   2.44e-03     4.37e+00   90.496s
 481000 +1.21907889e+02 +1.20779753e+02  1.13e+00   2.41e-03     4.37e+00   90.684s
 482000 +1.21841623e+02 +1.20744697e+02  1.10e+00   2.38e-03     4.36e+00   90.872s
 483000 +1.21775598e+02 +1.20712649e+02  1.06e+00   2.36e-03     4.36e+00   91.059s
 484000 +1.21709473e+02 +1.20675559e+02  1.03e+00   2.33e-03     4.36e+00   91.247s
 485000 +1.21643482e+02 +1.20641771e+02  1.00e+00   2.31e-03     4.34e+00   91.434s
 486000 +1.21578805e+02 +1.20616436e+02  9.62e-01   2.28e-03     4.33e+00   91.622s
 487000 +1.21514100e+02 +1.20578470e+02  9.36e-01   2.25e-03     4.33e+00   91.810s
 488000 +1.21448134e+02 +1.20545424e+02  9.03e-01   2.23e-03     4.33e+00   91.997s
 489000 +1.21379732e+02 +1.20492097e+02  8.88e-01   2.20e-03     4.32e+00   92.185s
 490000 +1.21309957e+02 +1.20448706e+02  8.61e-01   2.18e-03     4.31e+00   92.373s
 491000 +1.21239471e+02 +1.20427218e+02  8.12e-01   2.15e-03     4.31e+00   92.561s
 492000 +1.21169824e+02 +1.20409820e+02  7.60e-01   2.12e-03     4.30e+00   92.748s
 493000 +1.21100238e+02 +1.20394191e+02  7.06e-01   2.10e-03     4.30e+00   92.936s
 494000 +1.21029396e+02 +1.20387930e+02  6.41e-01   2.07e-03     4.29e+00   93.124s
 495000 +1.20960071e+02 +1.20374556e+02  5.86e-01   2.05e-03     4.27e+00   93.312s
 496000 +1.20891812e+02 +1.20367192e+02  5.25e-01   2.02e-03     4.26e+00   93.499s
 497000 +1.20824314e+02 +1.20354171e+02  4.70e-01   1.99e-03     4.26e+00   93.687s
 498000 +1.20756986e+02 +1.20321877e+02  4.35e-01   1.97e-03     4.24e+00   93.875s
 499000 +1.20688415e+02 +1.20296136e+02  3.92e-01   1.94e-03     4.23e+00   94.063s
 500000 +1.20619745e+02 +1.20274783e+02  3.45e-01   1.91e-03     4.23e+00   94.250s
 501000 +1.20551525e+02 +1.20257295e+02  2.94e-01   1.89e-03     4.22e+00   94.438s
 502000 +1.20482363e+02 +1.20236605e+02  2.46e-01   1.86e-03     4.22e+00   94.626s
 503000 +1.20413264e+02 +1.20219909e+02  1.93e-01   1.83e-03     4.20e+00   94.814s
 504000 +1.20344436e+02 +1.20211647e+02  1.33e-01   1.81e-03     4.19e+00   95.001s
 505000 +1.20274225e+02 +1.20199496e+02  7.47e-02   1.78e-03     4.18e+00   95.189s
 506000 +1.20205258e+02 +1.20200847e+02  4.41e-03   1.76e-03     4.17e+00   95.377s
 507000 +1.20137107e+02 +1.20204110e+02  6.70e-02   1.73e-03     4.16e+00   95.565s
 508000 +1.20069093e+02 +1.20210670e+02  1.42e-01   1.71e-03     4.16e+00   95.753s
 509000 +1.20002547e+02 +1.20210036e+02  2.07e-01   1.68e-03     4.15e+00   95.940s
 510000 +1.19937570e+02 +1.20201080e+02  2.64e-01   1.66e-03     4.13e+00   96.128s
 511000 +1.19873632e+02 +1.20193101e+02  3.19e-01   1.64e-03     4.12e+00   96.316s
 512000 +1.19808892e+02 +1.20167657e+02  3.59e-01   1.61e-03     4.12e+00   96.504s
 513000 +1.19742966e+02 +1.20144965e+02  4.02e-01   1.59e-03     4.11e+00   96.692s
 514000 +1.19676732e+02 +1.20123441e+02  4.47e-01   1.57e-03     4.11e+00   96.880s
 515000 +1.19610288e+02 +1.20115820e+02  5.06e-01   1.54e-03     4.10e+00   97.068s
 516000 +1.19546363e+02 +1.20112348e+02  5.66e-01   1.52e-03     4.09e+00   97.255s
 517000 +1.19483066e+02 +1.20120626e+02  6.38e-01   1.49e-03     4.08e+00   97.443s
 518000 +1.19420451e+02 +1.20120260e+02  7.00e-01   1.47e-03     4.06e+00   97.630s
 519000 +1.19358499e+02 +1.20122650e+02  7.64e-01   1.45e-03     4.05e+00   97.818s
 520000 +1.19297441e+02 +1.20109307e+02  8.12e-01   1.43e-03     4.04e+00   98.006s
 521000 +1.19236389e+02 +1.20102028e+02  8.66e-01   1.41e-03     4.03e+00   98.194s
 522000 +1.19175121e+02 +1.20086057e+02  9.11e-01   1.38e-03     4.01e+00   98.382s
 523000 +1.19115572e+02 +1.20067979e+02  9.52e-01   1.36e-03     3.99e+00   98.569s
 524000 +1.19056481e+02 +1.20058567e+02  1.00e+00   1.34e-03     3.98e+00   98.757s
 525000 +1.18999634e+02 +1.20057822e+02  1.06e+00   1.32e-03     3.97e+00   98.945s
 526000 +1.18942344e+02 +1.20054534e+02  1.11e+00   1.29e-03     3.96e+00   99.132s
 527000 +1.18884988e+02 +1.20038236e+02  1.15e+00   1.27e-03     3.95e+00   99.320s
 528000 +1.18828959e+02 +1.20022998e+02  1.19e+00   1.25e-03     3.92e+00   99.508s
 529000 +1.18772578e+02 +1.20012298e+02  1.24e+00   1.23e-03     3.91e+00   99.695s
 530000 +1.18712835e+02 +1.19994324e+02  1.28e+00   1.21e-03     3.85e+00   99.884s
 531000 +1.18651316e+02 +1.19971752e+02  1.32e+00   1.18e-03     3.83e+00   100.072s
 532000 +1.18590211e+02 +1.19951947e+02  1.36e+00   1.16e-03     3.82e+00   100.261s
 533000 +1.18529956e+02 +1.19931259e+02  1.40e+00   1.13e-03     3.82e+00   100.449s
 534000 +1.18469588e+02 +1.19909132e+02  1.44e+00   1.11e-03     3.81e+00   100.638s
 535000 +1.18409307e+02 +1.19886007e+02  1.48e+00   1.08e-03     3.80e+00   100.826s
 536000 +1.18349044e+02 +1.19860415e+02  1.51e+00   1.06e-03     3.79e+00   101.014s
 537000 +1.18287705e+02 +1.19833634e+02  1.55e+00   1.04e-03     3.78e+00   101.203s
 538000 +1.18225913e+02 +1.19810965e+02  1.59e+00   1.01e-03     3.77e+00   101.391s
 539000 +1.18164370e+02 +1.19795045e+02  1.63e+00   9.88e-04     3.76e+00   101.579s
 540000 +1.18102965e+02 +1.19776456e+02  1.67e+00   9.65e-04     3.75e+00   101.767s
 541000 +1.18041905e+02 +1.19756510e+02  1.71e+00   9.42e-04     3.75e+00   101.956s
 542000 +1.17980443e+02 +1.19736020e+02  1.76e+00   9.19e-04     3.74e+00   102.144s
 543000 +1.17919771e+02 +1.19720827e+02  1.80e+00   8.95e-04     3.73e+00   102.332s
 544000 +1.17859251e+02 +1.19707134e+02  1.85e+00   8.71e-04     3.73e+00   102.520s
 545000 +1.17798928e+02 +1.19684863e+02  1.89e+00   8.48e-04     3.72e+00   102.709s
 546000 +1.17739566e+02 +1.19664653e+02  1.93e+00   8.27e-04     3.71e+00   102.897s
 547000 +1.17681436e+02 +1.19646903e+02  1.97e+00   8.07e-04     3.70e+00   103.086s
 548000 +1.17624428e+02 +1.19627565e+02  2.00e+00   7.87e-04     3.68e+00   103.274s
 549000 +1.17568844e+02 +1.19615358e+02  2.05e+00   7.68e-04     3.66e+00   103.463s
 550000 +1.17513845e+02 +1.19612564e+02  2.10e+00   7.51e-04     3.65e+00   103.651s
 551000 +1.17459996e+02 +1.19612347e+02  2.15e+00   7.33e-04     3.65e+00   103.840s
 552000 +1.17406521e+02 +1.19612306e+02  2.21e+00   7.15e-04     3.64e+00   104.029s
 553000 +1.17352948e+02 +1.19603229e+02  2.25e+00   6.98e-04     3.64e+00   104.217s
 554000 +1.17300420e+02 +1.19595743e+02  2.30e+00   6.80e-04     3.63e+00   104.406s
 555000 +1.17248535e+02 +1.19599432e+02  2.35e+00   6.63e-04     3.62e+00   104.594s
 556000 +1.17198025e+02 +1.19594435e+02  2.40e+00   6.46e-04     3.61e+00   104.783s
 557000 +1.17147410e+02 +1.19586166e+02  2.44e+00   6.29e-04     3.59e+00   104.972s
 558000 +1.17097773e+02 +1.19571125e+02  2.47e+00   6.13e-04     3.57e+00   105.160s
 559000 +1.17048491e+02 +1.19549610e+02  2.50e+00   5.98e-04     3.56e+00   105.348s
 560000 +1.16998932e+02 +1.19533410e+02  2.53e+00   5.81e-04     3.55e+00   105.536s
 561000 +1.16948762e+02 +1.19519816e+02  2.57e+00   5.64e-04     3.53e+00   105.725s
 562000 +1.16897991e+02 +1.19509518e+02  2.61e+00   5.47e-04     3.52e+00   105.913s
 563000 +1.16847210e+02 +1.19508560e+02  2.66e+00   5.30e-04     3.50e+00   106.101s
 564000 +1.16796428e+02 +1.19504280e+02  2.71e+00   5.15e-04     3.49e+00   106.289s
 565000 +1.16746446e+02 +1.19506590e+02  2.76e+00   4.99e-04     3.47e+00   106.478s
 566000 +1.16696076e+02 +1.19512236e+02  2.82e+00   4.83e-04     3.45e+00   106.666s
 567000 +1.16646543e+02 +1.19505800e+02  2.86e+00   4.68e-04     3.44e+00   106.854s
 568000 +1.16595637e+02 +1.19501088e+02  2.91e+00   4.54e-04     3.42e+00   107.042s
 569000 +1.16545811e+02 +1.19495348e+02  2.95e+00   4.40e-04     3.42e+00   107.231s
 570000 +1.16496528e+02 +1.19486999e+02  2.99e+00   4.29e-04     3.40e+00   107.419s
 571000 +1.16446351e+02 +1.19462523e+02  3.02e+00   4.18e-04     3.39e+00   107.607s
 572000 +1.16394380e+02 +1.19444639e+02  3.05e+00   4.01e-04     3.38e+00   107.795s
 573000 +1.16342236e+02 +1.19448504e+02  3.11e+00   3.87e-04     3.37e+00   107.984s
 574000 +1.16290801e+02 +1.19448077e+02  3.16e+00   3.73e-04     3.35e+00   108.172s
 575000 +1.16241616e+02 +1.19447030e+02  3.21e+00   3.62e-04     3.33e+00   108.360s
 576000 +1.16192025e+02 +1.19451129e+02  3.26e+00   3.49e-04     3.31e+00   108.548s
 577000 +1.16142868e+02 +1.19454278e+02  3.31e+00   3.38e-04     3.28e+00   108.736s
 578000 +1.16093864e+02 +1.19451843e+02  3.36e+00   3.31e-04     3.26e+00   108.925s
 579000 +1.16044717e+02 +1.19438896e+02  3.39e+00   3.23e-04     3.25e+00   109.113s
 580000 +1.15995597e+02 +1.19425015e+02  3.43e+00   3.13e-04     3.24e+00   109.301s
 581000 +1.15947013e+02 +1.19425420e+02  3.48e+00   3.05e-04     3.23e+00   109.490s
 582000 +1.15899268e+02 +1.19422617e+02  3.52e+00   2.97e-04     3.21e+00   109.678s
 583000 +1.15851476e+02 +1.19417673e+02  3.57e+00   2.90e-04     3.20e+00   109.867s
 584000 +1.15804091e+02 +1.19422075e+02  3.62e+00   2.88e-04     3.19e+00   110.055s
 585000 +1.15757733e+02 +1.19418259e+02  3.66e+00   2.85e-04     3.19e+00   110.243s
 586000 +1.15711357e+02 +1.19415645e+02  3.70e+00   2.82e-04     3.17e+00   110.432s
 587000 +1.15664520e+02 +1.19410961e+02  3.75e+00   2.80e-04     3.17e+00   110.620s
 588000 +1.15617465e+02 +1.19406212e+02  3.79e+00   2.77e-04     3.15e+00   110.808s
 589000 +1.15570597e+02 +1.19406309e+02  3.84e+00   2.76e-04     3.15e+00   110.997s
 590000 +1.15525650e+02 +1.19416638e+02  3.89e+00   2.77e-04     3.13e+00   111.185s
 591000 +1.15481423e+02 +1.19420547e+02  3.94e+00   2.77e-04     3.14e+00   111.373s
 592000 +1.15437696e+02 +1.19421423e+02  3.98e+00   2.77e-04     3.12e+00   111.561s
 593000 +1.15394543e+02 +1.19411426e+02  4.02e+00   2.78e-04     3.11e+00   111.750s
 594000 +1.15351546e+02 +1.19426362e+02  4.07e+00   2.80e-04     3.09e+00   111.938s
 595000 +1.15310979e+02 +1.19437997e+02  4.13e+00   2.86e-04     3.08e+00   112.127s
 596000 +1.15272159e+02 +1.19444727e+02  4.17e+00   2.87e-04     3.06e+00   112.315s
 597000 +1.15233843e+02 +1.19441774e+02  4.21e+00   2.89e-04     3.05e+00   112.504s
 598000 +1.15195184e+02 +1.19436820e+02  4.24e+00   2.95e-04     3.03e+00   112.692s
 599000 +1.15156518e+02 +1.19436158e+02  4.28e+00   2.94e-04     3.04e+00   112.881s
 600000 +1.15118340e+02 +1.19440216e+02  4.32e+00   2.98e-04     3.02e+00   113.069s
 601000 +1.15071158e+02 +1.19436320e+02  4.37e+00   3.09e-04     2.97e+00   113.257s
 602000 +1.15022603e+02 +1.19431236e+02  4.41e+00   3.21e-04     2.96e+00   113.445s
 603000 +1.14974245e+02 +1.19415610e+02  4.44e+00   3.34e-04     2.95e+00   113.633s
 604000 +1.14925532e+02 +1.19395704e+02  4.47e+00   3.44e-04     2.94e+00   113.820s
 605000 +1.14877248e+02 +1.19379917e+02  4.50e+00   3.50e-04     2.93e+00   114.008s
 606000 +1.14829728e+02 +1.19363955e+02  4.53e+00   3.55e-04     2.92e+00   114.196s
 607000 +1.14782503e+02 +1.19351491e+02  4.57e+00   3.55e-04     2.91e+00   114.384s
 608000 +1.14735604e+02 +1.19345683e+02  4.61e+00   3.60e-04     2.90e+00   114.572s
 609000 +1.14689059e+02 +1.19340408e+02  4.65e+00   3.67e-04     2.89e+00   114.760s
 610000 +1.14642247e+02 +1.19335813e+02  4.69e+00   3.76e-04     2.88e+00   114.948s
 611000 +1.14594885e+02 +1.19335924e+02  4.74e+00   3.88e-04     2.88e+00   115.136s
 612000 +1.14547980e+02 +1.19333593e+02  4.79e+00   4.00e-04     2.87e+00   115.324s
 613000 +1.14501206e+02 +1.19325363e+02  4.82e+00   4.14e-04     2.86e+00   115.512s
 614000 +1.14454627e+02 +1.19315374e+02  4.86e+00   4.27e-04     2.86e+00   115.700s
 615000 +1.14407252e+02 +1.19307151e+02  4.90e+00   4.39e-04     2.85e+00   115.888s
 616000 +1.14359587e+02 +1.19300069e+02  4.94e+00   4.51e-04     2.85e+00   116.075s
 617000 +1.14312119e+02 +1.19290129e+02  4.98e+00   4.62e-04     2.84e+00   116.263s
 618000 +1.14264698e+02 +1.19281987e+02  5.02e+00   4.72e-04     2.83e+00   116.451s
 619000 +1.14217526e+02 +1.19277676e+02  5.06e+00   4.86e-04     2.83e+00   116.638s
 620000 +1.14170355e+02 +1.19273169e+02  5.10e+00   4.98e-04     2.82e+00   116.826s
 621000 +1.14122852e+02 +1.19267794e+02  5.14e+00   5.09e-04     2.81e+00   117.014s
 622000 +1.14075557e+02 +1.19261651e+02  5.19e+00   5.20e-04     2.80e+00   117.201s
 623000 +1.14028895e+02 +1.19259466e+02  5.23e+00   5.31e-04     2.79e+00   117.389s
 624000 +1.13982902e+02 +1.19260298e+02  5.28e+00   5.41e-04     2.79e+00   117.577s
 625000 +1.13937431e+02 +1.19260856e+02  5.32e+00   5.53e-04     2.78e+00   117.765s
 626000 +1.13893018e+02 +1.19257165e+02  5.36e+00   5.67e-04     2.77e+00   117.952s
 627000 +1.13848962e+02 +1.19254330e+02  5.41e+00   5.80e-04     2.76e+00   118.140s
 628000 +1.13804800e+02 +1.19249911e+02  5.45e+00   5.91e-04     2.75e+00   118.327s
 629000 +1.13760821e+02 +1.19245907e+02  5.49e+00   6.03e-04     2.73e+00   118.515s
 630000 +1.13718264e+02 +1.19246220e+02  5.53e+00   6.15e-04     2.73e+00   118.703s
 631000 +1.13676585e+02 +1.19251819e+02  5.58e+00   6.27e-04     2.72e+00   118.890s
 632000 +1.13634950e+02 +1.19247680e+02  5.61e+00   6.39e-04     2.71e+00   119.078s
 633000 +1.13594104e+02 +1.19251742e+02  5.66e+00   6.50e-04     2.71e+00   119.265s
 634000 +1.13552886e+02 +1.19259996e+02  5.71e+00   6.63e-04     2.70e+00   119.453s
 635000 +1.13512356e+02 +1.19269345e+02  5.76e+00   6.76e-04     2.68e+00   119.641s
 636000 +1.13472700e+02 +1.19271338e+02  5.80e+00   6.91e-04     2.68e+00   119.828s
 637000 +1.13432042e+02 +1.19268174e+02  5.84e+00   7.05e-04     2.67e+00   120.016s
 638000 +1.13391184e+02 +1.19267378e+02  5.88e+00   7.21e-04     2.66e+00   120.204s
 639000 +1.13350753e+02 +1.19269750e+02  5.92e+00   7.36e-04     2.66e+00   120.391s
 640000 +1.13311154e+02 +1.19269902e+02  5.96e+00   7.48e-04     2.65e+00   120.579s
 641000 +1.13270859e+02 +1.19272395e+02  6.00e+00   7.61e-04     2.65e+00   120.767s
 642000 +1.13230767e+02 +1.19273562e+02  6.04e+00   7.72e-04     2.63e+00   120.955s
 643000 +1.13191954e+02 +1.19281677e+02  6.09e+00   7.86e-04     2.63e+00   121.143s
 644000 +1.13153757e+02 +1.19289054e+02  6.14e+00   7.98e-04     2.62e+00   121.331s
 645000 +1.13117738e+02 +1.19296673e+02  6.18e+00   8.13e-04     2.61e+00   121.519s
 646000 +1.13082344e+02 +1.19298409e+02  6.22e+00   8.27e-04     2.60e+00   121.707s
 647000 +1.13046909e+02 +1.19289854e+02  6.24e+00   8.39e-04     2.59e+00   121.894s
 648000 +1.13010407e+02 +1.19282225e+02  6.27e+00   8.48e-04     2.58e+00   122.082s
 649000 +1.12973999e+02 +1.19282727e+02  6.31e+00   8.58e-04     2.58e+00   122.270s
 650000 +1.12938328e+02 +1.19281970e+02  6.34e+00   8.65e-04     2.56e+00   122.458s
 651000 +1.12902715e+02 +1.19288429e+02  6.39e+00   8.74e-04     2.56e+00   122.646s
 652000 +1.12868179e+02 +1.19289229e+02  6.42e+00   8.84e-04     2.55e+00   122.834s
 653000 +1.12834665e+02 +1.19287367e+02  6.45e+00   8.97e-04     2.54e+00   123.021s
 654000 +1.12800904e+02 +1.19287596e+02  6.49e+00   9.07e-04     2.54e+00   123.209s
 655000 +1.12767276e+02 +1.19288634e+02  6.52e+00   9.16e-04     2.53e+00   123.397s
 656000 +1.12733556e+02 +1.19290252e+02  6.56e+00   9.24e-04     2.53e+00   123.584s
 657000 +1.12700841e+02 +1.19293237e+02  6.59e+00   9.34e-04     2.52e+00   123.772s
 658000 +1.12668880e+02 +1.19297073e+02  6.63e+00   9.41e-04     2.51e+00   123.960s
 659000 +1.12637055e+02 +1.19303891e+02  6.67e+00   9.48e-04     2.51e+00   124.147s
 660000 +1.12606790e+02 +1.19311953e+02  6.71e+00   9.55e-04     2.50e+00   124.335s
 661000 +1.12577728e+02 +1.19316423e+02  6.74e+00   9.62e-04     2.49e+00   124.523s
 662000 +1.12548358e+02 +1.19317915e+02  6.77e+00   9.70e-04     2.49e+00   124.711s
 663000 +1.12518601e+02 +1.19314888e+02  6.80e+00   9.76e-04     2.48e+00   124.898s
 664000 +1.12489917e+02 +1.19318243e+02  6.83e+00   9.82e-04     2.47e+00   125.086s
 665000 +1.12460843e+02 +1.19320426e+02  6.86e+00   9.84e-04     2.46e+00   125.273s
 666000 +1.12432077e+02 +1.19323060e+02  6.89e+00   9.87e-04     2.46e+00   125.461s
 667000 +1.12403414e+02 +1.19327936e+02  6.92e+00   9.88e-04     2.45e+00   125.649s
 668000 +1.12376229e+02 +1.19342645e+02  6.97e+00   9.90e-04     2.44e+00   125.836s
 669000 +1.12348786e+02 +1.19363221e+02  7.01e+00   9.95e-04     2.43e+00   126.024s
 670000 +1.12321884e+02 +1.19373916e+02  7.05e+00   9.97e-04     2.42e+00   126.212s
 671000 +1.12295268e+02 +1.19383162e+02  7.09e+00   1.00e-03     2.42e+00   126.399s
 672000 +1.12269913e+02 +1.19390190e+02  7.12e+00   1.01e-03     2.41e+00   126.587s
 673000 +1.12245385e+02 +1.19386936e+02  7.14e+00   1.01e-03     2.40e+00   126.774s
 674000 +1.12221433e+02 +1.19382358e+02  7.16e+00   1.01e-03     2.40e+00   126.962s
 675000 +1.12197483e+02 +1.19388135e+02  7.19e+00   1.01e-03     2.39e+00   127.150s
 676000 +1.12174834e+02 +1.19397834e+02  7.22e+00   1.01e-03     2.38e+00   127.338s
 677000 +1.12153725e+02 +1.19413981e+02  7.26e+00   1.01e-03     2.37e+00   127.525s
 678000 +1.12132731e+02 +1.19435842e+02  7.30e+00   1.01e-03     2.37e+00   127.713s
 679000 +1.12113105e+02 +1.19454222e+02  7.34e+00   1.01e-03     2.36e+00   127.901s
 680000 +1.12094302e+02 +1.19470767e+02  7.38e+00   1.01e-03     2.36e+00   128.089s
 681000 +1.12076519e+02 +1.19479723e+02  7.40e+00   1.02e-03     2.35e+00   128.276s
 682000 +1.12060277e+02 +1.19484364e+02  7.42e+00   1.02e-03     2.34e+00   128.464s
 683000 +1.12044035e+02 +1.19482503e+02  7.44e+00   1.03e-03     2.34e+00   128.652s
 684000 +1.12026180e+02 +1.19466345e+02  7.44e+00   1.03e-03     2.33e+00   128.840s
 685000 +1.12008233e+02 +1.19459632e+02  7.45e+00   1.04e-03     2.32e+00   129.027s
 686000 +1.11990773e+02 +1.19458167e+02  7.47e+00   1.04e-03     2.32e+00   129.215s
 687000 +1.11973603e+02 +1.19462083e+02  7.49e+00   1.05e-03     2.31e+00   129.403s
 688000 +1.11957411e+02 +1.19466477e+02  7.51e+00   1.05e-03     2.30e+00   129.591s
 689000 +1.11930732e+02 +1.19461923e+02  7.53e+00   1.06e-03     2.28e+00   129.779s
 690000 +1.11901779e+02 +1.19452493e+02  7.55e+00   1.08e-03     2.27e+00   129.968s
 691000 +1.11872533e+02 +1.19442787e+02  7.57e+00   1.09e-03     2.27e+00   130.156s
 692000 +1.11843544e+02 +1.19433621e+02  7.59e+00   1.10e-03     2.26e+00   130.345s
 693000 +1.11815439e+02 +1.19428518e+02  7.61e+00   1.11e-03     2.25e+00   130.533s
 694000 +1.11788935e+02 +1.19413541e+02  7.62e+00   1.13e-03     2.24e+00   130.722s
 695000 +1.11760666e+02 +1.19393276e+02  7.63e+00   1.14e-03     2.24e+00   130.910s
 696000 +1.11732507e+02 +1.19377029e+02  7.64e+00   1.15e-03     2.24e+00   131.098s
 697000 +1.11703365e+02 +1.19362422e+02  7.66e+00   1.16e-03     2.23e+00   131.287s
 698000 +1.11674504e+02 +1.19351367e+02  7.68e+00   1.16e-03     2.23e+00   131.475s
 699000 +1.11645264e+02 +1.19340799e+02  7.70e+00   1.17e-03     2.22e+00   131.664s
 700000 +1.11616692e+02 +1.19335485e+02  7.72e+00   1.17e-03     2.22e+00   131.852s
 701000 +1.11588782e+02 +1.19327786e+02  7.74e+00   1.18e-03     2.21e+00   132.041s
 702000 +1.11560897e+02 +1.19321397e+02  7.76e+00   1.19e-03     2.21e+00   132.229s
 703000 +1.11532853e+02 +1.19315847e+02  7.78e+00   1.20e-03     2.20e+00   132.418s
 704000 +1.11504918e+02 +1.19312690e+02  7.81e+00   1.20e-03     2.20e+00   132.606s
 705000 +1.11477160e+02 +1.19308986e+02  7.83e+00   1.21e-03     2.19e+00   132.795s
 706000 +1.11449360e+02 +1.19302099e+02  7.85e+00   1.21e-03     2.19e+00   132.983s
 707000 +1.11421108e+02 +1.19298010e+02  7.88e+00   1.22e-03     2.18e+00   133.172s
 708000 +1.11393726e+02 +1.19292972e+02  7.90e+00   1.23e-03     2.18e+00   133.360s
 709000 +1.11366588e+02 +1.19285867e+02  7.92e+00   1.23e-03     2.17e+00   133.548s
 710000 +1.11339986e+02 +1.19279781e+02  7.94e+00   1.24e-03     2.16e+00   133.737s
 711000 +1.11313720e+02 +1.19277313e+02  7.96e+00   1.24e-03     2.15e+00   133.925s
 712000 +1.11288455e+02 +1.19277102e+02  7.99e+00   1.25e-03     2.15e+00   134.113s
 713000 +1.11263004e+02 +1.19273837e+02  8.01e+00   1.25e-03     2.14e+00   134.302s
 714000 +1.11238340e+02 +1.19273436e+02  8.04e+00   1.25e-03     2.14e+00   134.490s
 715000 +1.11214089e+02 +1.19273958e+02  8.06e+00   1.26e-03     2.13e+00   134.678s
 716000 +1.11190357e+02 +1.19274349e+02  8.08e+00   1.26e-03     2.12e+00   134.867s
 717000 +1.11167320e+02 +1.19277983e+02  8.11e+00   1.26e-03     2.11e+00   135.055s
 718000 +1.11145468e+02 +1.19277452e+02  8.13e+00   1.27e-03     2.10e+00   135.243s
 719000 +1.11124600e+02 +1.19278064e+02  8.15e+00   1.27e-03     2.09e+00   135.432s
 720000 +1.11104500e+02 +1.19284640e+02  8.18e+00   1.27e-03     2.08e+00   135.620s
 721000 +1.11085769e+02 +1.19289283e+02  8.20e+00   1.28e-03     2.07e+00   135.808s
 722000 +1.11067707e+02 +1.19288589e+02  8.22e+00   1.28e-03     2.07e+00   135.997s
 723000 +1.11050303e+02 +1.19289993e+02  8.24e+00   1.29e-03     2.06e+00   136.185s
 724000 +1.11032440e+02 +1.19290034e+02  8.26e+00   1.29e-03     2.06e+00   136.373s
 725000 +1.11015091e+02 +1.19293200e+02  8.28e+00   1.29e-03     2.05e+00   136.562s
 726000 +1.10998298e+02 +1.19288936e+02  8.29e+00   1.30e-03     2.04e+00   136.750s
 727000 +1.10983031e+02 +1.19289778e+02  8.31e+00   1.30e-03     2.03e+00   136.938s
 728000 +1.10968976e+02 +1.19291602e+02  8.32e+00   1.30e-03     2.03e+00   137.127s
 729000 +1.10955007e+02 +1.19294769e+02  8.34e+00   1.30e-03     2.02e+00   137.315s
 730000 +1.10942314e+02 +1.19295319e+02  8.35e+00   1.30e-03     2.02e+00   137.503s
 731000 +1.10930333e+02 +1.19298767e+02  8.37e+00   1.30e-03     2.01e+00   137.691s
 732000 +1.10919516e+02 +1.19301751e+02  8.38e+00   1.30e-03     2.00e+00   137.880s
 733000 +1.10908974e+02 +1.19304227e+02  8.40e+00   1.31e-03     1.99e+00   138.068s
 734000 +1.10898826e+02 +1.19303024e+02  8.40e+00   1.31e-03     1.99e+00   138.256s
 735000 +1.10889419e+02 +1.19299643e+02  8.41e+00   1.31e-03     1.98e+00   138.445s
 736000 +1.10879763e+02 +1.19295449e+02  8.42e+00   1.31e-03     1.97e+00   138.633s
 737000 +1.10870982e+02 +1.19289824e+02  8.42e+00   1.31e-03     1.97e+00   138.821s
 738000 +1.10861153e+02 +1.19282042e+02  8.42e+00   1.31e-03     1.96e+00   139.009s
 739000 +1.10851175e+02 +1.19277162e+02  8.43e+00   1.31e-03     1.96e+00   139.198s
 740000 +1.10840477e+02 +1.19271255e+02  8.43e+00   1.31e-03     1.95e+00   139.386s
 741000 +1.10829391e+02 +1.19267927e+02  8.44e+00   1.31e-03     1.95e+00   139.574s
 742000 +1.10818719e+02 +1.19260365e+02  8.44e+00   1.31e-03     1.94e+00   139.762s
 743000 +1.10808493e+02 +1.19252490e+02  8.44e+00   1.31e-03     1.93e+00   139.951s
 744000 +1.10797467e+02 +1.19240019e+02  8.44e+00   1.31e-03     1.92e+00   140.139s
 745000 +1.10787124e+02 +1.19233235e+02  8.45e+00   1.31e-03     1.92e+00   140.327s
 746000 +1.10777440e+02 +1.19222266e+02  8.44e+00   1.31e-03     1.91e+00   140.516s
 747000 +1.10769026e+02 +1.19215359e+02  8.45e+00   1.30e-03     1.90e+00   140.704s
 748000 +1.10761131e+02 +1.19204004e+02  8.44e+00   1.30e-03     1.90e+00   140.893s
 749000 +1.10752590e+02 +1.19198621e+02  8.45e+00   1.30e-03     1.89e+00   141.081s
 750000 +1.10744736e+02 +1.19196068e+02  8.45e+00   1.30e-03     1.88e+00   141.269s
 751000 +1.10737901e+02 +1.19188151e+02  8.45e+00   1.30e-03     1.88e+00   141.458s
 752000 +1.10730874e+02 +1.19178301e+02  8.45e+00   1.29e-03     1.87e+00   141.646s
 753000 +1.10723859e+02 +1.19170956e+02  8.45e+00   1.29e-03     1.86e+00   141.835s
 754000 +1.10716639e+02 +1.19168846e+02  8.45e+00   1.29e-03     1.86e+00   142.023s
 755000 +1.10709140e+02 +1.19164653e+02  8.46e+00   1.29e-03     1.85e+00   142.211s
 756000 +1.10701405e+02 +1.19153492e+02  8.45e+00   1.28e-03     1.84e+00   142.400s
 757000 +1.10693281e+02 +1.19143232e+02  8.45e+00   1.28e-03     1.84e+00   142.588s
 758000 +1.10685372e+02 +1.19138438e+02  8.45e+00   1.28e-03     1.83e+00   142.777s
 759000 +1.10676623e+02 +1.19138995e+02  8.46e+00   1.28e-03     1.83e+00   142.965s
 760000 +1.10668845e+02 +1.19137635e+02  8.47e+00   1.28e-03     1.82e+00   143.153s
 761000 +1.10662439e+02 +1.19131404e+02  8.47e+00   1.28e-03     1.82e+00   143.342s
 762000 +1.10657234e+02 +1.19124153e+02  8.47e+00   1.28e-03     1.81e+00   143.530s
 763000 +1.10650820e+02 +1.19120916e+02  8.47e+00   1.28e-03     1.81e+00   143.719s
 764000 +1.10644210e+02 +1.19117550e+02  8.47e+00   1.28e-03     1.80e+00   143.907s
 765000 +1.10637490e+02 +1.19114194e+02  8.48e+00   1.27e-03     1.80e+00   144.095s
 766000 +1.10630707e+02 +1.19109180e+02  8.48e+00   1.27e-03     1.79e+00   144.284s
 767000 +1.10624632e+02 +1.19108799e+02  8.48e+00   1.28e-03     1.79e+00   144.472s
 768000 +1.10619180e+02 +1.19102592e+02  8.48e+00   1.28e-03     1.78e+00   144.661s
 769000 +1.10613266e+02 +1.19089949e+02  8.48e+00   1.28e-03     1.78e+00   144.849s
 770000 +1.10605774e+02 +1.19079643e+02  8.47e+00   1.27e-03     1.77e+00   145.038s
 771000 +1.10598850e+02 +1.19069207e+02  8.47e+00   1.27e-03     1.77e+00   145.226s
 772000 +1.10592776e+02 +1.19065099e+02  8.47e+00   1.27e-03     1.76e+00   145.414s
 773000 +1.10586309e+02 +1.19060510e+02  8.47e+00   1.27e-03     1.76e+00   145.603s
 774000 +1.10580731e+02 +1.19064012e+02  8.48e+00   1.26e-03     1.76e+00   145.791s
 775000 +1.10575292e+02 +1.19062362e+02  8.49e+00   1.26e-03     1.75e+00   145.979s
 776000 +1.10570152e+02 +1.19065389e+02  8.50e+00   1.26e-03     1.75e+00   146.168s
 777000 +1.10565827e+02 +1.19070598e+02  8.50e+00   1.26e-03     1.74e+00   146.356s
 778000 +1.10562214e+02 +1.19069791e+02  8.51e+00   1.26e-03     1.74e+00   146.545s
 779000 +1.10557483e+02 +1.19068026e+02  8.51e+00   1.26e-03     1.73e+00   146.733s
 780000 +1.10553282e+02 +1.19056156e+02  8.50e+00   1.26e-03     1.73e+00   146.922s
 781000 +1.10547823e+02 +1.19045046e+02  8.50e+00   1.26e-03     1.72e+00   147.111s
 782000 +1.10543519e+02 +1.19044428e+02  8.50e+00   1.26e-03     1.72e+00   147.299s
 783000 +1.10539317e+02 +1.19043397e+02  8.50e+00   1.25e-03     1.71e+00   147.488s
 784000 +1.10535682e+02 +1.19040721e+02  8.51e+00   1.25e-03     1.71e+00   147.676s
 785000 +1.10532449e+02 +1.19040831e+02  8.51e+00   1.25e-03     1.71e+00   147.865s
 786000 +1.10526960e+02 +1.19038758e+02  8.51e+00   1.25e-03     1.69e+00   148.054s
 787000 +1.10520393e+02 +1.19040066e+02  8.52e+00   1.25e-03     1.68e+00   148.241s
 788000 +1.10515029e+02 +1.19039117e+02  8.52e+00   1.25e-03     1.67e+00   148.429s
 789000 +1.10510727e+02 +1.19036641e+02  8.53e+00   1.26e-03     1.67e+00   148.617s
 790000 +1.10507412e+02 +1.19032923e+02  8.53e+00   1.26e-03     1.66e+00   148.805s
 791000 +1.10505321e+02 +1.19029097e+02  8.52e+00   1.26e-03     1.66e+00   148.992s
 792000 +1.10504188e+02 +1.19020953e+02  8.52e+00   1.26e-03     1.65e+00   149.180s
 793000 +1.10502975e+02 +1.19014773e+02  8.51e+00   1.26e-03     1.65e+00   149.369s
 794000 +1.10501895e+02 +1.19007681e+02  8.51e+00   1.26e-03     1.64e+00   149.556s
 795000 +1.10501277e+02 +1.19001018e+02  8.50e+00   1.26e-03     1.64e+00   149.744s
 796000 +1.10501785e+02 +1.18994210e+02  8.49e+00   1.26e-03     1.63e+00   149.932s
 797000 +1.10506819e+02 +1.18985096e+02  8.48e+00   1.27e-03     1.61e+00   150.120s
 798000 +1.10514176e+02 +1.18970694e+02  8.46e+00   1.28e-03     1.61e+00   150.308s
 799000 +1.10519075e+02 +1.18945164e+02  8.43e+00   1.29e-03     1.60e+00   150.495s
 800000 +1.10521956e+02 +1.18919402e+02  8.40e+00   1.29e-03     1.59e+00   150.683s
 801000 +1.10523904e+02 +1.18898445e+02  8.37e+00   1.29e-03     1.59e+00   150.871s
 802000 +1.10525260e+02 +1.18883484e+02  8.36e+00   1.28e-03     1.58e+00   151.058s
 803000 +1.10525868e+02 +1.18872304e+02  8.35e+00   1.27e-03     1.57e+00   151.246s
 804000 +1.10526165e+02 +1.18867509e+02  8.34e+00   1.26e-03     1.57e+00   151.433s
 805000 +1.10527850e+02 +1.18860634e+02  8.33e+00   1.26e-03     1.56e+00   151.621s
 806000 +1.10530082e+02 +1.18853999e+02  8.32e+00   1.26e-03     1.56e+00   151.808s
 807000 +1.10532437e+02 +1.18843638e+02  8.31e+00   1.26e-03     1.55e+00   151.996s
 808000 +1.10534431e+02 +1.18831253e+02  8.30e+00   1.26e-03     1.55e+00   152.183s
 809000 +1.10536627e+02 +1.18819011e+02  8.28e+00   1.25e-03     1.54e+00   152.371s
 810000 +1.10539457e+02 +1.18807413e+02  8.27e+00   1.25e-03     1.54e+00   152.559s
 811000 +1.10542526e+02 +1.18792978e+02  8.25e+00   1.25e-03     1.53e+00   152.746s
 812000 +1.10544805e+02 +1.18778887e+02  8.23e+00   1.25e-03     1.52e+00   152.934s
 813000 +1.10546532e+02 +1.18759605e+02  8.21e+00   1.25e-03     1.52e+00   153.122s
 814000 +1.10548804e+02 +1.18743024e+02  8.19e+00   1.25e-03     1.51e+00   153.310s
 815000 +1.10550672e+02 +1.18728179e+02  8.18e+00   1.25e-03     1.51e+00   153.497s
 816000 +1.10551466e+02 +1.18711767e+02  8.16e+00   1.25e-03     1.50e+00   153.685s
 817000 +1.10552870e+02 +1.18694952e+02  8.14e+00   1.26e-03     1.49e+00   153.873s
 818000 +1.10552912e+02 +1.18672139e+02  8.12e+00   1.25e-03     1.49e+00   154.060s
 819000 +1.10553175e+02 +1.18652282e+02  8.10e+00   1.25e-03     1.48e+00   154.248s
 820000 +1.10553598e+02 +1.18632551e+02  8.08e+00   1.25e-03     1.48e+00   154.436s
 821000 +1.10553497e+02 +1.18616154e+02  8.06e+00   1.25e-03     1.47e+00   154.623s
 822000 +1.10552563e+02 +1.18597204e+02  8.04e+00   1.24e-03     1.47e+00   154.811s
 823000 +1.10551237e+02 +1.18580043e+02  8.03e+00   1.23e-03     1.46e+00   154.999s
 824000 +1.10549234e+02 +1.18559160e+02  8.01e+00   1.23e-03     1.46e+00   155.187s
 825000 +1.10547928e+02 +1.18543922e+02  8.00e+00   1.22e-03     1.45e+00   155.374s
 826000 +1.10545484e+02 +1.18528629e+02  7.98e+00   1.21e-03     1.45e+00   155.562s
 827000 +1.10543319e+02 +1.18513090e+02  7.97e+00   1.20e-03     1.44e+00   155.750s
 828000 +1.10540733e+02 +1.18498716e+02  7.96e+00   1.19e-03     1.44e+00   155.938s
 829000 +1.10537593e+02 +1.18487156e+02  7.95e+00   1.19e-03     1.44e+00   156.126s
 830000 +1.10534121e+02 +1.18477152e+02  7.94e+00   1.18e-03     1.43e+00   156.313s
 831000 +1.10531200e+02 +1.18467278e+02  7.94e+00   1.17e-03     1.43e+00   156.501s
 832000 +1.10528457e+02 +1.18452595e+02  7.92e+00   1.17e-03     1.42e+00   156.689s
 833000 +1.10525746e+02 +1.18443309e+02  7.92e+00   1.16e-03     1.42e+00   156.877s
 834000 +1.10523862e+02 +1.18431912e+02  7.91e+00   1.16e-03     1.41e+00   157.065s
 835000 +1.10522484e+02 +1.18423466e+02  7.90e+00   1.15e-03     1.41e+00   157.252s
 836000 +1.10520561e+02 +1.18406950e+02  7.89e+00   1.15e-03     1.40e+00   157.440s
 837000 +1.10517983e+02 +1.18396409e+02  7.88e+00   1.15e-03     1.40e+00   157.627s
 838000 +1.10514815e+02 +1.18385878e+02  7.87e+00   1.14e-03     1.40e+00   157.815s
 839000 +1.10511499e+02 +1.18376294e+02  7.86e+00   1.14e-03     1.39e+00   158.002s
 840000 +1.10508153e+02 +1.18369883e+02  7.86e+00   1.14e-03     1.39e+00   158.190s
 841000 +1.10505808e+02 +1.18362351e+02  7.86e+00   1.14e-03     1.38e+00   158.378s
 842000 +1.10501696e+02 +1.18355290e+02  7.85e+00   1.13e-03     1.38e+00   158.565s
 843000 +1.10498424e+02 +1.18350127e+02  7.85e+00   1.13e-03     1.37e+00   158.753s
 844000 +1.10495469e+02 +1.18341985e+02  7.85e+00   1.14e-03     1.37e+00   158.940s
 845000 +1.10492490e+02 +1.18328963e+02  7.84e+00   1.14e-03     1.36e+00   159.128s
 846000 +1.10489678e+02 +1.18320274e+02  7.83e+00   1.15e-03     1.36e+00   159.315s
 847000 +1.10487130e+02 +1.18309120e+02  7.82e+00   1.15e-03     1.35e+00   159.503s
 848000 +1.10485745e+02 +1.18296404e+02  7.81e+00   1.15e-03     1.34e+00   159.691s
 849000 +1.10484258e+02 +1.18286165e+02  7.80e+00   1.16e-03     1.34e+00   159.878s
 850000 +1.10483385e+02 +1.18274321e+02  7.79e+00   1.16e-03     1.34e+00   160.066s
 851000 +1.10480030e+02 +1.18261083e+02  7.78e+00   1.16e-03     1.34e+00   160.254s
 852000 +1.10476387e+02 +1.18249964e+02  7.77e+00   1.16e-03     1.33e+00   160.442s
 853000 +1.10472436e+02 +1.18237230e+02  7.76e+00   1.16e-03     1.33e+00   160.630s
 854000 +1.10467395e+02 +1.18221757e+02  7.75e+00   1.16e-03     1.32e+00   160.817s
 855000 +1.10463450e+02 +1.18211949e+02  7.75e+00   1.17e-03     1.32e+00   161.005s
 856000 +1.10459503e+02 +1.18202706e+02  7.74e+00   1.17e-03     1.32e+00   161.193s
 857000 +1.10454865e+02 +1.18191894e+02  7.74e+00   1.17e-03     1.31e+00   161.380s
 858000 +1.10450617e+02 +1.18179713e+02  7.73e+00   1.17e-03     1.31e+00   161.568s
 859000 +1.10446788e+02 +1.18170910e+02  7.72e+00   1.17e-03     1.30e+00   161.756s
 860000 +1.10442202e+02 +1.18161888e+02  7.72e+00   1.17e-03     1.30e+00   161.943s
 861000 +1.10436975e+02 +1.18151621e+02  7.71e+00   1.17e-03     1.30e+00   162.131s
 862000 +1.10430931e+02 +1.18138274e+02  7.71e+00   1.17e-03     1.29e+00   162.319s
 863000 +1.10425039e+02 +1.18127493e+02  7.70e+00   1.17e-03     1.29e+00   162.507s
 864000 +1.10419088e+02 +1.18114762e+02  7.70e+00   1.17e-03     1.29e+00   162.694s
 865000 +1.10413383e+02 +1.18104668e+02  7.69e+00   1.16e-03     1.28e+00   162.882s
 866000 +1.10408138e+02 +1.18086977e+02  7.68e+00   1.16e-03     1.28e+00   163.070s
 867000 +1.10402594e+02 +1.18078027e+02  7.68e+00   1.15e-03     1.27e+00   163.258s
 868000 +1.10396554e+02 +1.18067207e+02  7.67e+00   1.15e-03     1.27e+00   163.446s
 869000 +1.10390309e+02 +1.18057364e+02  7.67e+00   1.15e-03     1.26e+00   163.633s
 870000 +1.10384378e+02 +1.18049441e+02  7.67e+00   1.14e-03     1.26e+00   163.821s
 871000 +1.10379058e+02 +1.18035157e+02  7.66e+00   1.14e-03     1.25e+00   164.009s
 872000 +1.10372385e+02 +1.18024627e+02  7.65e+00   1.13e-03     1.25e+00   164.197s
 873000 +1.10366515e+02 +1.18014927e+02  7.65e+00   1.13e-03     1.25e+00   164.384s
 874000 +1.10360018e+02 +1.18003497e+02  7.64e+00   1.13e-03     1.24e+00   164.572s
 875000 +1.10352819e+02 +1.17993177e+02  7.64e+00   1.12e-03     1.24e+00   164.760s
 876000 +1.10346352e+02 +1.17991423e+02  7.65e+00   1.12e-03     1.23e+00   164.948s
 877000 +1.10341586e+02 +1.17985729e+02  7.64e+00   1.12e-03     1.23e+00   165.135s
 878000 +1.10339221e+02 +1.17980859e+02  7.64e+00   1.12e-03     1.22e+00   165.323s
 879000 +1.10335994e+02 +1.17974989e+02  7.64e+00   1.12e-03     1.22e+00   165.511s
 880000 +1.10334923e+02 +1.17971903e+02  7.64e+00   1.12e-03     1.22e+00   165.698s
 881000 +1.10341326e+02 +1.17965332e+02  7.62e+00   1.13e-03     1.20e+00   165.888s
 882000 +1.10347827e+02 +1.17955864e+02  7.61e+00   1.14e-03     1.20e+00   166.076s
 883000 +1.10354420e+02 +1.17944875e+02  7.59e+00   1.15e-03     1.19e+00   166.264s
 884000 +1.10361253e+02 +1.17932935e+02  7.57e+00   1.16e-03     1.19e+00   166.453s
 885000 +1.10368022e+02 +1.17920699e+02  7.55e+00   1.17e-03     1.19e+00   166.641s
 886000 +1.10374479e+02 +1.17908280e+02  7.53e+00   1.17e-03     1.18e+00   166.830s
 887000 +1.10381544e+02 +1.17897292e+02  7.52e+00   1.17e-03     1.18e+00   167.018s
 888000 +1.10387975e+02 +1.17887446e+02  7.50e+00   1.18e-03     1.17e+00   167.207s
 889000 +1.10394440e+02 +1.17878582e+02  7.48e+00   1.18e-03     1.17e+00   167.395s
 890000 +1.10401881e+02 +1.17869904e+02  7.47e+00   1.19e-03     1.17e+00   167.584s
 891000 +1.10409411e+02 +1.17858766e+02  7.45e+00   1.20e-03     1.17e+00   167.772s
 892000 +1.10416589e+02 +1.17845597e+02  7.43e+00   1.20e-03     1.16e+00   167.961s
 893000 +1.10423017e+02 +1.17832906e+02  7.41e+00   1.21e-03     1.16e+00   168.149s
 894000 +1.10430115e+02 +1.17818773e+02  7.39e+00   1.22e-03     1.16e+00   168.337s
 895000 +1.10436051e+02 +1.17803721e+02  7.37e+00   1.22e-03     1.15e+00   168.526s
 896000 +1.10441798e+02 +1.17788891e+02  7.35e+00   1.23e-03     1.15e+00   168.715s
 897000 +1.10447433e+02 +1.17774105e+02  7.33e+00   1.23e-03     1.14e+00   168.903s
 898000 +1.10452722e+02 +1.17759417e+02  7.31e+00   1.23e-03     1.14e+00   169.092s
 899000 +1.10456465e+02 +1.17746628e+02  7.29e+00   1.23e-03     1.14e+00   169.280s
 900000 +1.10460615e+02 +1.17733790e+02  7.27e+00   1.23e-03     1.14e+00   169.468s
 901000 +1.10464600e+02 +1.17717980e+02  7.25e+00   1.24e-03     1.13e+00   169.657s
 902000 +1.10468289e+02 +1.17703231e+02  7.23e+00   1.24e-03     1.13e+00   169.845s
 903000 +1.10471614e+02 +1.17687978e+02  7.22e+00   1.24e-03     1.13e+00   170.034s
 904000 +1.10474754e+02 +1.17672208e+02  7.20e+00   1.24e-03     1.12e+00   170.223s
 905000 +1.10477081e+02 +1.17656594e+02  7.18e+00   1.23e-03     1.12e+00   170.411s
 906000 +1.10478059e+02 +1.17642246e+02  7.16e+00   1.23e-03     1.12e+00   170.599s
 907000 +1.10478813e+02 +1.17628596e+02  7.15e+00   1.23e-03     1.12e+00   170.788s
 908000 +1.10478106e+02 +1.17616901e+02  7.14e+00   1.22e-03     1.11e+00   170.976s
 909000 +1.10477942e+02 +1.17603945e+02  7.13e+00   1.21e-03     1.11e+00   171.165s
 910000 +1.10476271e+02 +1.17590245e+02  7.11e+00   1.21e-03     1.11e+00   171.353s
 911000 +1.10474961e+02 +1.17578567e+02  7.10e+00   1.20e-03     1.10e+00   171.541s
 912000 +1.10473241e+02 +1.17566829e+02  7.09e+00   1.20e-03     1.10e+00   171.730s
 913000 +1.10470954e+02 +1.17556793e+02  7.09e+00   1.19e-03     1.10e+00   171.918s
 914000 +1.10468320e+02 +1.17547228e+02  7.08e+00   1.19e-03     1.09e+00   172.107s
 915000 +1.10464879e+02 +1.17534342e+02  7.07e+00   1.18e-03     1.09e+00   172.295s
 916000 +1.10462183e+02 +1.17523859e+02  7.06e+00   1.18e-03     1.09e+00   172.484s
 917000 +1.10459248e+02 +1.17513050e+02  7.05e+00   1.18e-03     1.08e+00   172.672s
 918000 +1.10457385e+02 +1.17503644e+02  7.05e+00   1.17e-03     1.07e+00   172.860s
 919000 +1.10458325e+02 +1.17492357e+02  7.03e+00   1.17e-03     1.07e+00   173.048s
 920000 +1.10457873e+02 +1.17478211e+02  7.02e+00   1.17e-03     1.06e+00   173.237s
 921000 +1.10457001e+02 +1.17466313e+02  7.01e+00   1.16e-03     1.06e+00   173.425s
 922000 +1.10455140e+02 +1.17456637e+02  7.00e+00   1.15e-03     1.05e+00   173.614s
 923000 +1.10453278e+02 +1.17446809e+02  6.99e+00   1.15e-03     1.06e+00   173.802s
 924000 +1.10451171e+02 +1.17434412e+02  6.98e+00   1.14e-03     1.05e+00   173.991s
 925000 +1.10449047e+02 +1.17422645e+02  6.97e+00   1.14e-03     1.05e+00   174.179s
 926000 +1.10447328e+02 +1.17409880e+02  6.96e+00   1.14e-03     1.04e+00   174.367s
 927000 +1.10444258e+02 +1.17399248e+02  6.95e+00   1.14e-03     1.04e+00   174.556s
 928000 +1.10442197e+02 +1.17390322e+02  6.95e+00   1.14e-03     1.03e+00   174.744s
 929000 +1.10439025e+02 +1.17379645e+02  6.94e+00   1.13e-03     1.03e+00   174.933s
 930000 +1.10433884e+02 +1.17370803e+02  6.94e+00   1.12e-03     1.03e+00   175.121s
 931000 +1.10429471e+02 +1.17361992e+02  6.93e+00   1.12e-03     1.03e+00   175.310s
 932000 +1.10425441e+02 +1.17354740e+02  6.93e+00   1.11e-03     1.02e+00   175.498s
 933000 +1.10421492e+02 +1.17350557e+02  6.93e+00   1.10e-03     1.02e+00   175.686s
 934000 +1.10417848e+02 +1.17346086e+02  6.93e+00   1.09e-03     1.02e+00   175.874s
 935000 +1.10415194e+02 +1.17341772e+02  6.93e+00   1.08e-03     1.02e+00   176.063s
 936000 +1.10414016e+02 +1.17336296e+02  6.92e+00   1.08e-03     1.01e+00   176.251s
 937000 +1.10411970e+02 +1.17330082e+02  6.92e+00   1.08e-03     1.01e+00   176.440s
 938000 +1.10409152e+02 +1.17324433e+02  6.92e+00   1.07e-03     1.01e+00   176.628s
 939000 +1.10404855e+02 +1.17319725e+02  6.91e+00   1.07e-03     1.01e+00   176.817s
 940000 +1.10401287e+02 +1.17315307e+02  6.91e+00   1.06e-03     1.01e+00   177.005s
 941000 +1.10398318e+02 +1.17309865e+02  6.91e+00   1.06e-03     1.00e+00   177.193s
 942000 +1.10395718e+02 +1.17305127e+02  6.91e+00   1.05e-03     1.00e+00   177.382s
 943000 +1.10392520e+02 +1.17302463e+02  6.91e+00   1.05e-03     9.96e-01   177.570s
 944000 +1.10389011e+02 +1.17300530e+02  6.91e+00   1.04e-03     9.94e-01   177.758s
 945000 +1.10386337e+02 +1.17298380e+02  6.91e+00   1.04e-03     9.90e-01   177.947s
 946000 +1.10384388e+02 +1.17295585e+02  6.91e+00   1.04e-03     9.87e-01   178.135s
 947000 +1.10381932e+02 +1.17291311e+02  6.91e+00   1.03e-03     9.85e-01   178.324s
 948000 +1.10379168e+02 +1.17286992e+02  6.91e+00   1.03e-03     9.82e-01   178.512s
 949000 +1.10375973e+02 +1.17284261e+02  6.91e+00   1.03e-03     9.79e-01   178.700s
 950000 +1.10374028e+02 +1.17282252e+02  6.91e+00   1.03e-03     9.75e-01   178.889s
 951000 +1.10371892e+02 +1.17278325e+02  6.91e+00   1.02e-03     9.73e-01   179.077s
 952000 +1.10369875e+02 +1.17275318e+02  6.91e+00   1.03e-03     9.70e-01   179.265s
 953000 +1.10366788e+02 +1.17273180e+02  6.91e+00   1.03e-03     9.68e-01   179.454s
 954000 +1.10363934e+02 +1.17269524e+02  6.91e+00   1.03e-03     9.65e-01   179.642s
 955000 +1.10361374e+02 +1.17266472e+02  6.91e+00   1.03e-03     9.63e-01   179.830s
 956000 +1.10359629e+02 +1.17262602e+02  6.90e+00   1.03e-03     9.59e-01   180.019s
 957000 +1.10357522e+02 +1.17256250e+02  6.90e+00   1.04e-03     9.56e-01   180.207s
 958000 +1.10355503e+02 +1.17252494e+02  6.90e+00   1.04e-03     9.53e-01   180.396s
 959000 +1.10353671e+02 +1.17248235e+02  6.89e+00   1.03e-03     9.51e-01   180.584s
 960000 +1.10351057e+02 +1.17244399e+02  6.89e+00   1.03e-03     9.48e-01   180.773s
 961000 +1.10348499e+02 +1.17240333e+02  6.89e+00   1.04e-03     9.46e-01   180.961s
 962000 +1.10346660e+02 +1.17235697e+02  6.89e+00   1.04e-03     9.44e-01   181.149s
 963000 +1.10344714e+02 +1.17229755e+02  6.89e+00   1.04e-03     9.40e-01   181.338s
 964000 +1.10342966e+02 +1.17223148e+02  6.88e+00   1.04e-03     9.38e-01   181.526s
 965000 +1.10341747e+02 +1.17216749e+02  6.88e+00   1.04e-03     9.34e-01   181.715s
 966000 +1.10341096e+02 +1.17208841e+02  6.87e+00   1.04e-03     9.32e-01   181.903s
 967000 +1.10341469e+02 +1.17201389e+02  6.86e+00   1.05e-03     9.28e-01   182.091s
 968000 +1.10346539e+02 +1.17190980e+02  6.84e+00   1.06e-03     9.14e-01   182.279s
 969000 +1.10352431e+02 +1.17177254e+02  6.82e+00   1.07e-03     9.09e-01   182.468s
 970000 +1.10357274e+02 +1.17162492e+02  6.81e+00   1.08e-03     9.05e-01   182.656s
 971000 +1.10361406e+02 +1.17147109e+02  6.79e+00   1.08e-03     9.01e-01   182.844s
 972000 +1.10364404e+02 +1.17128318e+02  6.76e+00   1.08e-03     8.98e-01   183.033s
 973000 +1.10364822e+02 +1.17117162e+02  6.75e+00   1.07e-03     8.94e-01   183.222s
 974000 +1.10364261e+02 +1.17109032e+02  6.74e+00   1.07e-03     8.90e-01   183.410s
 975000 +1.10364616e+02 +1.17102462e+02  6.74e+00   1.07e-03     8.87e-01   183.598s
 976000 +1.10363951e+02 +1.17097854e+02  6.73e+00   1.07e-03     8.85e-01   183.787s
 977000 +1.10364048e+02 +1.17095554e+02  6.73e+00   1.07e-03     8.83e-01   183.975s
 978000 +1.10365638e+02 +1.17088696e+02  6.72e+00   1.07e-03     8.77e-01   184.163s
 979000 +1.10367060e+02 +1.17078554e+02  6.71e+00   1.08e-03     8.76e-01   184.352s
 980000 +1.10367715e+02 +1.17068663e+02  6.70e+00   1.08e-03     8.71e-01   184.540s
 981000 +1.10366584e+02 +1.17057485e+02  6.69e+00   1.08e-03     8.69e-01   184.729s
 982000 +1.10363544e+02 +1.17046506e+02  6.68e+00   1.08e-03     8.66e-01   184.917s
 983000 +1.10360434e+02 +1.17036123e+02  6.68e+00   1.08e-03     8.62e-01   185.105s
 984000 +1.10355276e+02 +1.17021689e+02  6.67e+00   1.07e-03     8.61e-01   185.293s
 985000 +1.10351002e+02 +1.17013159e+02  6.66e+00   1.06e-03     8.57e-01   185.482s
 986000 +1.10352054e+02 +1.17005129e+02  6.65e+00   1.07e-03     8.46e-01   185.670s
 987000 +1.10357376e+02 +1.16994535e+02  6.64e+00   1.08e-03     8.42e-01   185.858s
 988000 +1.10363486e+02 +1.16984037e+02  6.62e+00   1.09e-03     8.40e-01   186.045s
 989000 +1.10369561e+02 +1.16973147e+02  6.60e+00   1.10e-03     8.37e-01   186.233s
 990000 +1.10375449e+02 +1.16961291e+02  6.59e+00   1.11e-03     8.35e-01   186.421s
 991000 +1.10381308e+02 +1.16949009e+02  6.57e+00   1.12e-03     8.34e-01   186.609s
 992000 +1.10386682e+02 +1.16936658e+02  6.55e+00   1.12e-03     8.31e-01   186.796s
 993000 +1.10391252e+02 +1.16924450e+02  6.53e+00   1.12e-03     8.29e-01   186.984s
 994000 +1.10396084e+02 +1.16913344e+02  6.52e+00   1.12e-03     8.25e-01   187.172s
 995000 +1.10401097e+02 +1.16903780e+02  6.50e+00   1.12e-03     8.22e-01   187.359s
 996000 +1.10406312e+02 +1.16897436e+02  6.49e+00   1.12e-03     8.19e-01   187.547s
 997000 +1.10411931e+02 +1.16889242e+02  6.48e+00   1.12e-03     8.17e-01   187.735s
 998000 +1.10417367e+02 +1.16881143e+02  6.46e+00   1.13e-03     8.15e-01   187.923s
 999000 +1.10422510e+02 +1.16873625e+02  6.45e+00   1.13e-03     8.12e-01   188.110s
1000000 +1.10428346e+02 +1.16866341e+02  6.44e+00   1.14e-03     8.07e-01   188.298s
1001000 +1.10434241e+02 +1.16857579e+02  6.42e+00   1.15e-03     8.03e-01   188.486s
1002000 +1.10439400e+02 +1.16848947e+02  6.41e+00   1.16e-03     8.02e-01   188.673s
1003000 +1.10444453e+02 +1.16840752e+02  6.40e+00   1.16e-03     7.98e-01   188.861s
1004000 +1.10448567e+02 +1.16829982e+02  6.38e+00   1.16e-03     7.97e-01   189.049s
1005000 +1.10452014e+02 +1.16818621e+02  6.37e+00   1.16e-03     7.92e-01   189.237s
1006000 +1.10455831e+02 +1.16807853e+02  6.35e+00   1.17e-03     7.90e-01   189.425s
1007000 +1.10459211e+02 +1.16797453e+02  6.34e+00   1.17e-03     7.86e-01   189.613s
1008000 +1.10463239e+02 +1.16786840e+02  6.32e+00   1.17e-03     7.83e-01   189.801s
1009000 +1.10466768e+02 +1.16775297e+02  6.31e+00   1.17e-03     7.81e-01   189.989s
1010000 +1.10469632e+02 +1.16763529e+02  6.29e+00   1.17e-03     7.78e-01   190.176s
1011000 +1.10472953e+02 +1.16751870e+02  6.28e+00   1.17e-03     7.77e-01   190.364s
1012000 +1.10475242e+02 +1.16740644e+02  6.27e+00   1.17e-03     7.74e-01   190.552s
1013000 +1.10477790e+02 +1.16729539e+02  6.25e+00   1.16e-03     7.72e-01   190.740s
1014000 +1.10480141e+02 +1.16718595e+02  6.24e+00   1.16e-03     7.68e-01   190.927s
1015000 +1.10481830e+02 +1.16709956e+02  6.23e+00   1.15e-03     7.66e-01   191.115s
1016000 +1.10484112e+02 +1.16701419e+02  6.22e+00   1.15e-03     7.64e-01   191.303s
1017000 +1.10486684e+02 +1.16693288e+02  6.21e+00   1.14e-03     7.62e-01   191.491s
1018000 +1.10489475e+02 +1.16683618e+02  6.19e+00   1.15e-03     7.60e-01   191.679s
1019000 +1.10492198e+02 +1.16675658e+02  6.18e+00   1.14e-03     7.58e-01   191.867s
1020000 +1.10494324e+02 +1.16666716e+02  6.17e+00   1.14e-03     7.51e-01   192.054s
1021000 +1.10497495e+02 +1.16655635e+02  6.16e+00   1.14e-03     7.49e-01   192.242s
1022000 +1.10500191e+02 +1.16644390e+02  6.14e+00   1.14e-03     7.44e-01   192.430s
1023000 +1.10501608e+02 +1.16634538e+02  6.13e+00   1.13e-03     7.41e-01   192.618s
1024000 +1.10502280e+02 +1.16625909e+02  6.12e+00   1.12e-03     7.40e-01   192.806s
1025000 +1.10501939e+02 +1.16615625e+02  6.11e+00   1.11e-03     7.35e-01   192.994s
1026000 +1.10501807e+02 +1.16606944e+02  6.11e+00   1.09e-03     7.35e-01   193.181s
1027000 +1.10500588e+02 +1.16599633e+02  6.10e+00   1.08e-03     7.31e-01   193.369s
1028000 +1.10498962e+02 +1.16594375e+02  6.10e+00   1.07e-03     7.31e-01   193.557s
1029000 +1.10497901e+02 +1.16588199e+02  6.09e+00   1.06e-03     7.26e-01   193.745s
1030000 +1.10497193e+02 +1.16582194e+02  6.09e+00   1.05e-03     7.26e-01   193.933s
1031000 +1.10496301e+02 +1.16575043e+02  6.08e+00   1.05e-03     7.22e-01   194.120s
1032000 +1.10495214e+02 +1.16570400e+02  6.08e+00   1.04e-03     7.21e-01   194.308s
1033000 +1.10495318e+02 +1.16563596e+02  6.07e+00   1.03e-03     7.17e-01   194.496s
1034000 +1.10494979e+02 +1.16556275e+02  6.06e+00   1.03e-03     7.16e-01   194.684s
1035000 +1.10495117e+02 +1.16550586e+02  6.06e+00   1.03e-03     7.12e-01   194.871s
1036000 +1.10495078e+02 +1.16545230e+02  6.05e+00   1.02e-03     7.11e-01   195.059s
1037000 +1.10493996e+02 +1.16538343e+02  6.04e+00   1.02e-03     7.08e-01   195.247s
1038000 +1.10493514e+02 +1.16534266e+02  6.04e+00   1.01e-03     7.06e-01   195.435s
1039000 +1.10493541e+02 +1.16529813e+02  6.04e+00   1.01e-03     7.04e-01   195.623s
1040000 +1.10492576e+02 +1.16523445e+02  6.03e+00   1.01e-03     7.02e-01   195.811s
1041000 +1.10491669e+02 +1.16519818e+02  6.03e+00   1.01e-03     7.00e-01   195.999s
1042000 +1.10491048e+02 +1.16515446e+02  6.02e+00   1.01e-03     6.97e-01   196.187s
1043000 +1.10491868e+02 +1.16513516e+02  6.02e+00   1.00e-03     6.95e-01   196.374s
1044000 +1.10492640e+02 +1.16508769e+02  6.02e+00   9.98e-04     6.92e-01   196.562s
1045000 +1.10493475e+02 +1.16505855e+02  6.01e+00   9.95e-04     6.90e-01   196.750s
1046000 +1.10494299e+02 +1.16503694e+02  6.01e+00   9.93e-04     6.87e-01   196.937s
1047000 +1.10495488e+02 +1.16501831e+02  6.01e+00   9.93e-04     6.86e-01   197.125s
1048000 +1.10498188e+02 +1.16497207e+02  6.00e+00   9.96e-04     6.82e-01   197.313s
1049000 +1.10499769e+02 +1.16491682e+02  5.99e+00   1.00e-03     6.81e-01   197.501s
1050000 +1.10500542e+02 +1.16485553e+02  5.99e+00   1.01e-03     6.79e-01   197.689s
1051000 +1.10500974e+02 +1.16478996e+02  5.98e+00   1.01e-03     6.76e-01   197.876s
1052000 +1.10501438e+02 +1.16471653e+02  5.97e+00   1.02e-03     6.74e-01   198.064s
1053000 +1.10499910e+02 +1.16464652e+02  5.96e+00   1.02e-03     6.71e-01   198.252s
1054000 +1.10499376e+02 +1.16457925e+02  5.96e+00   1.02e-03     6.69e-01   198.439s
1055000 +1.10498545e+02 +1.16452770e+02  5.95e+00   1.03e-03     6.67e-01   198.627s
1056000 +1.10497519e+02 +1.16449127e+02  5.95e+00   1.04e-03     6.65e-01   198.815s
1057000 +1.10499488e+02 +1.16444795e+02  5.95e+00   1.04e-03     6.63e-01   199.002s
1058000 +1.10501812e+02 +1.16440678e+02  5.94e+00   1.05e-03     6.61e-01   199.190s
1059000 +1.10504062e+02 +1.16434723e+02  5.93e+00   1.06e-03     6.59e-01   199.378s
1060000 +1.10506445e+02 +1.16429797e+02  5.92e+00   1.06e-03     6.57e-01   199.565s
1061000 +1.10510139e+02 +1.16425526e+02  5.92e+00   1.07e-03     6.55e-01   199.753s
1062000 +1.10515121e+02 +1.16419593e+02  5.90e+00   1.08e-03     6.53e-01   199.942s
1063000 +1.10522115e+02 +1.16412981e+02  5.89e+00   1.09e-03     6.51e-01   200.130s
1064000 +1.10528357e+02 +1.16402937e+02  5.87e+00   1.10e-03     6.49e-01   200.317s
1065000 +1.10533162e+02 +1.16394977e+02  5.86e+00   1.10e-03     6.48e-01   200.505s
1066000 +1.10536148e+02 +1.16384806e+02  5.85e+00   1.10e-03     6.46e-01   200.693s
1067000 +1.10537173e+02 +1.16378353e+02  5.84e+00   1.10e-03     6.44e-01   200.881s
1068000 +1.10538581e+02 +1.16373740e+02  5.84e+00   1.10e-03     6.42e-01   201.069s
1069000 +1.10539463e+02 +1.16369918e+02  5.83e+00   1.09e-03     6.41e-01   201.257s
1070000 +1.10540512e+02 +1.16366175e+02  5.83e+00   1.09e-03     6.39e-01   201.445s
1071000 +1.10542309e+02 +1.16360084e+02  5.82e+00   1.09e-03     6.38e-01   201.633s
1072000 +1.10545293e+02 +1.16355387e+02  5.81e+00   1.10e-03     6.37e-01   201.820s
1073000 +1.10547255e+02 +1.16348704e+02  5.80e+00   1.10e-03     6.35e-01   202.008s
1074000 +1.10548106e+02 +1.16340405e+02  5.79e+00   1.10e-03     6.34e-01   202.196s
1075000 +1.10549601e+02 +1.16331027e+02  5.78e+00   1.10e-03     6.33e-01   202.384s
1076000 +1.10550946e+02 +1.16321448e+02  5.77e+00   1.10e-03     6.31e-01   202.571s
1077000 +1.10552755e+02 +1.16313275e+02  5.76e+00   1.11e-03     6.30e-01   202.759s
1078000 +1.10554447e+02 +1.16306440e+02  5.75e+00   1.11e-03     6.28e-01   202.947s
1079000 +1.10554634e+02 +1.16298784e+02  5.74e+00   1.10e-03     6.27e-01   203.135s
1080000 +1.10554317e+02 +1.16291675e+02  5.74e+00   1.10e-03     6.25e-01   203.323s
1081000 +1.10555346e+02 +1.16285281e+02  5.73e+00   1.10e-03     6.24e-01   203.511s
1082000 +1.10555986e+02 +1.16279042e+02  5.72e+00   1.10e-03     6.22e-01   203.699s
1083000 +1.10555188e+02 +1.16273675e+02  5.72e+00   1.09e-03     6.20e-01   203.887s
1084000 +1.10554659e+02 +1.16268555e+02  5.71e+00   1.08e-03     6.19e-01   204.075s
1085000 +1.10553164e+02 +1.16259318e+02  5.71e+00   1.08e-03     6.17e-01   204.263s
1086000 +1.10550285e+02 +1.16252416e+02  5.70e+00   1.07e-03     6.15e-01   204.450s
1087000 +1.10546260e+02 +1.16248548e+02  5.70e+00   1.06e-03     6.13e-01   204.638s
1088000 +1.10542320e+02 +1.16244334e+02  5.70e+00   1.05e-03     6.11e-01   204.826s
1089000 +1.10537400e+02 +1.16238902e+02  5.70e+00   1.04e-03     6.10e-01   205.014s
1090000 +1.10532032e+02 +1.16234340e+02  5.70e+00   1.04e-03     6.08e-01   205.201s
1091000 +1.10526608e+02 +1.16230070e+02  5.70e+00   1.03e-03     6.07e-01   205.389s
1092000 +1.10520446e+02 +1.16228098e+02  5.71e+00   1.02e-03     6.05e-01   205.577s
1093000 +1.10514560e+02 +1.16227294e+02  5.71e+00   1.01e-03     6.03e-01   205.765s
1094000 +1.10509768e+02 +1.16225646e+02  5.72e+00   1.00e-03     6.02e-01   205.952s
1095000 +1.10505097e+02 +1.16225747e+02  5.72e+00   1.00e-03     6.00e-01   206.140s
1096000 +1.10500784e+02 +1.16224466e+02  5.72e+00   9.99e-04     5.98e-01   206.328s
1097000 +1.10497892e+02 +1.16221446e+02  5.72e+00   9.94e-04     5.97e-01   206.516s
1098000 +1.10495424e+02 +1.16219757e+02  5.72e+00   9.93e-04     5.95e-01   206.704s
1099000 +1.10492802e+02 +1.16219003e+02  5.73e+00   9.88e-04     5.94e-01   206.891s
1100000 +1.10490741e+02 +1.16217131e+02  5.73e+00   9.82e-04     5.92e-01   207.079s
1101000 +1.10495331e+02 +1.16214490e+02  5.72e+00   9.83e-04     5.87e-01   207.268s
1102000 +1.10500237e+02 +1.16212166e+02  5.71e+00   9.85e-04     5.85e-01   207.456s
1103000 +1.10505908e+02 +1.16209477e+02  5.70e+00   9.88e-04     5.84e-01   207.645s
1104000 +1.10512181e+02 +1.16205974e+02  5.69e+00   9.94e-04     5.83e-01   207.833s
1105000 +1.10518452e+02 +1.16201736e+02  5.68e+00   1.00e-03     5.82e-01   208.022s
1106000 +1.10525177e+02 +1.16197076e+02  5.67e+00   1.01e-03     5.81e-01   208.210s
1107000 +1.10531865e+02 +1.16191981e+02  5.66e+00   1.01e-03     5.79e-01   208.399s
1108000 +1.10538696e+02 +1.16186372e+02  5.65e+00   1.01e-03     5.76e-01   208.587s
1109000 +1.10545043e+02 +1.16181290e+02  5.64e+00   1.02e-03     5.75e-01   208.776s
1110000 +1.10551585e+02 +1.16176623e+02  5.63e+00   1.02e-03     5.73e-01   208.964s
1111000 +1.10558124e+02 +1.16171934e+02  5.61e+00   1.02e-03     5.71e-01   209.153s
1112000 +1.10565061e+02 +1.16167800e+02  5.60e+00   1.02e-03     5.70e-01   209.341s
1113000 +1.10572710e+02 +1.16163690e+02  5.59e+00   1.03e-03     5.68e-01   209.530s
1114000 +1.10580401e+02 +1.16160145e+02  5.58e+00   1.03e-03     5.67e-01   209.718s
1115000 +1.10588661e+02 +1.16156069e+02  5.57e+00   1.03e-03     5.65e-01   209.907s
1116000 +1.10597164e+02 +1.16152367e+02  5.56e+00   1.04e-03     5.64e-01   210.095s
1117000 +1.10606199e+02 +1.16147929e+02  5.54e+00   1.05e-03     5.62e-01   210.283s
1118000 +1.10614881e+02 +1.16143086e+02  5.53e+00   1.06e-03     5.61e-01   210.472s
1119000 +1.10622826e+02 +1.16137097e+02  5.51e+00   1.07e-03     5.59e-01   210.660s
1120000 +1.10630481e+02 +1.16131940e+02  5.50e+00   1.07e-03     5.57e-01   210.848s
1121000 +1.10637892e+02 +1.16125665e+02  5.49e+00   1.08e-03     5.56e-01   211.037s
1122000 +1.10644345e+02 +1.16119833e+02  5.48e+00   1.08e-03     5.54e-01   211.225s
1123000 +1.10651036e+02 +1.16113838e+02  5.46e+00   1.08e-03     5.53e-01   211.413s
1124000 +1.10657286e+02 +1.16107833e+02  5.45e+00   1.09e-03     5.51e-01   211.602s
1125000 +1.10665313e+02 +1.16103009e+02  5.44e+00   1.09e-03     5.50e-01   211.790s
1126000 +1.10673241e+02 +1.16097268e+02  5.42e+00   1.09e-03     5.48e-01   211.979s
1127000 +1.10681103e+02 +1.16091806e+02  5.41e+00   1.10e-03     5.47e-01   212.168s
1128000 +1.10688334e+02 +1.16085785e+02  5.40e+00   1.10e-03     5.45e-01   212.357s
1129000 +1.10694983e+02 +1.16079360e+02  5.38e+00   1.10e-03     5.44e-01   212.545s
1130000 +1.10701428e+02 +1.16073031e+02  5.37e+00   1.10e-03     5.43e-01   212.733s
1131000 +1.10708257e+02 +1.16067752e+02  5.36e+00   1.10e-03     5.42e-01   212.921s
1132000 +1.10715341e+02 +1.16061504e+02  5.35e+00   1.10e-03     5.40e-01   213.110s
1133000 +1.10722912e+02 +1.16055458e+02  5.33e+00   1.10e-03     5.39e-01   213.298s
1134000 +1.10730451e+02 +1.16048939e+02  5.32e+00   1.10e-03     5.37e-01   213.486s
1135000 +1.10738906e+02 +1.16044126e+02  5.31e+00   1.11e-03     5.36e-01   213.675s
1136000 +1.10748768e+02 +1.16039475e+02  5.29e+00   1.11e-03     5.34e-01   213.863s
1137000 +1.10758591e+02 +1.16034991e+02  5.28e+00   1.11e-03     5.33e-01   214.052s
1138000 +1.10768499e+02 +1.16031032e+02  5.26e+00   1.11e-03     5.31e-01   214.240s
1139000 +1.10778301e+02 +1.16026688e+02  5.25e+00   1.10e-03     5.30e-01   214.428s
1140000 +1.10788286e+02 +1.16021784e+02  5.23e+00   1.10e-03     5.29e-01   214.617s
1141000 +1.10797342e+02 +1.16017426e+02  5.22e+00   1.10e-03     5.27e-01   214.805s
1142000 +1.10807400e+02 +1.16013818e+02  5.21e+00   1.10e-03     5.26e-01   214.994s
1143000 +1.10816970e+02 +1.16009035e+02  5.19e+00   1.09e-03     5.25e-01   215.182s
1144000 +1.10827116e+02 +1.16005129e+02  5.18e+00   1.09e-03     5.23e-01   215.371s
1145000 +1.10837534e+02 +1.16000331e+02  5.16e+00   1.09e-03     5.20e-01   215.559s
1146000 +1.10848908e+02 +1.15996397e+02  5.15e+00   1.09e-03     5.20e-01   215.747s
1147000 +1.10860289e+02 +1.15992067e+02  5.13e+00   1.09e-03     5.17e-01   215.935s
1148000 +1.10871586e+02 +1.15988176e+02  5.12e+00   1.08e-03     5.16e-01   216.124s
1149000 +1.10881592e+02 +1.15984716e+02  5.10e+00   1.08e-03     5.15e-01   216.312s
1150000 +1.10890995e+02 +1.15982254e+02  5.09e+00   1.08e-03     5.13e-01   216.500s
1151000 +1.10900704e+02 +1.15977661e+02  5.08e+00   1.07e-03     5.13e-01   216.689s
1152000 +1.10909814e+02 +1.15974392e+02  5.06e+00   1.07e-03     5.11e-01   216.877s
1153000 +1.10919429e+02 +1.15971681e+02  5.05e+00   1.06e-03     5.10e-01   217.065s
1154000 +1.10929243e+02 +1.15969244e+02  5.04e+00   1.06e-03     5.09e-01   217.254s
1155000 +1.10939325e+02 +1.15964750e+02  5.03e+00   1.05e-03     5.07e-01   217.442s
1156000 +1.10949453e+02 +1.15961823e+02  5.01e+00   1.05e-03     5.07e-01   217.631s
1157000 +1.10961337e+02 +1.15959014e+02  5.00e+00   1.05e-03     5.05e-01   217.819s
1158000 +1.10972930e+02 +1.15955590e+02  4.98e+00   1.05e-03     5.04e-01   218.007s
1159000 +1.10986148e+02 +1.15952942e+02  4.97e+00   1.06e-03     4.97e-01   218.196s
1160000 +1.11000119e+02 +1.15950016e+02  4.95e+00   1.06e-03     4.96e-01   218.384s
1161000 +1.11013116e+02 +1.15945371e+02  4.93e+00   1.06e-03     4.95e-01   218.573s
1162000 +1.11024568e+02 +1.15939816e+02  4.92e+00   1.06e-03     4.91e-01   218.761s
1163000 +1.11035764e+02 +1.15933717e+02  4.90e+00   1.06e-03     4.89e-01   218.950s
1164000 +1.11045961e+02 +1.15928167e+02  4.88e+00   1.06e-03     4.87e-01   219.138s
1165000 +1.11056326e+02 +1.15924205e+02  4.87e+00   1.06e-03     4.87e-01   219.327s
1166000 +1.11068262e+02 +1.15922231e+02  4.85e+00   1.06e-03     4.85e-01   219.516s
1167000 +1.11079613e+02 +1.15917877e+02  4.84e+00   1.06e-03     4.82e-01   219.705s
1168000 +1.11090583e+02 +1.15913227e+02  4.82e+00   1.06e-03     4.81e-01   219.893s
1169000 +1.11101450e+02 +1.15909090e+02  4.81e+00   1.07e-03     4.80e-01   220.081s
1170000 +1.11112848e+02 +1.15905461e+02  4.79e+00   1.07e-03     4.78e-01   220.270s
1171000 +1.11124629e+02 +1.15900764e+02  4.78e+00   1.08e-03     4.77e-01   220.458s
1172000 +1.11135102e+02 +1.15895751e+02  4.76e+00   1.08e-03     4.75e-01   220.646s
1173000 +1.11146190e+02 +1.15891211e+02  4.75e+00   1.08e-03     4.74e-01   220.835s
1174000 +1.11156064e+02 +1.15884025e+02  4.73e+00   1.09e-03     4.73e-01   221.023s
1175000 +1.11165168e+02 +1.15878881e+02  4.71e+00   1.09e-03     4.71e-01   221.212s
1176000 +1.11174614e+02 +1.15874293e+02  4.70e+00   1.10e-03     4.69e-01   221.400s
1177000 +1.11183836e+02 +1.15869758e+02  4.69e+00   1.10e-03     4.67e-01   221.589s
1178000 +1.11192996e+02 +1.15865487e+02  4.67e+00   1.11e-03     4.66e-01   221.778s
1179000 +1.11202432e+02 +1.15861807e+02  4.66e+00   1.11e-03     4.64e-01   221.967s
1180000 +1.11212612e+02 +1.15859503e+02  4.65e+00   1.12e-03     4.62e-01   222.156s
1181000 +1.11221185e+02 +1.15855316e+02  4.63e+00   1.13e-03     4.60e-01   222.344s
1182000 +1.11229185e+02 +1.15851013e+02  4.62e+00   1.13e-03     4.59e-01   222.532s
1183000 +1.11237296e+02 +1.15846291e+02  4.61e+00   1.13e-03     4.57e-01   222.721s
1184000 +1.11246802e+02 +1.15841767e+02  4.59e+00   1.14e-03     4.55e-01   222.909s
1185000 +1.11256105e+02 +1.15836608e+02  4.58e+00   1.14e-03     4.54e-01   223.097s
1186000 +1.11263989e+02 +1.15830217e+02  4.57e+00   1.14e-03     4.52e-01   223.286s
1187000 +1.11272057e+02 +1.15825307e+02  4.55e+00   1.14e-03     4.51e-01   223.475s
1188000 +1.11280854e+02 +1.15817777e+02  4.54e+00   1.14e-03     4.50e-01   223.663s
1189000 +1.11287880e+02 +1.15807805e+02  4.52e+00   1.14e-03     4.48e-01   223.851s
1190000 +1.11292728e+02 +1.15799408e+02  4.51e+00   1.15e-03     4.47e-01   224.039s
1191000 +1.11297418e+02 +1.15791704e+02  4.49e+00   1.15e-03     4.46e-01   224.228s
1192000 +1.11300649e+02 +1.15785101e+02  4.48e+00   1.15e-03     4.44e-01   224.416s
1193000 +1.11303224e+02 +1.15779009e+02  4.48e+00   1.14e-03     4.42e-01   224.605s
1194000 +1.11307108e+02 +1.15773328e+02  4.47e+00   1.14e-03     4.41e-01   224.793s
1195000 +1.11312902e+02 +1.15767299e+02  4.45e+00   1.14e-03     4.39e-01   224.982s
1196000 +1.11317769e+02 +1.15761402e+02  4.44e+00   1.14e-03     4.37e-01   225.171s
1197000 +1.11323104e+02 +1.15756618e+02  4.43e+00   1.14e-03     4.36e-01   225.359s
1198000 +1.11329341e+02 +1.15752154e+02  4.42e+00   1.14e-03     4.34e-01   225.548s
1199000 +1.11335196e+02 +1.15746256e+02  4.41e+00   1.14e-03     4.32e-01   225.736s
1200000 +1.11341369e+02 +1.15739459e+02  4.40e+00   1.13e-03     4.31e-01   225.924s
1201000 +1.11348199e+02 +1.15732987e+02  4.38e+00   1.12e-03     4.29e-01   226.113s
1202000 +1.11355013e+02 +1.15725547e+02  4.37e+00   1.12e-03     4.28e-01   226.301s
1203000 +1.11361920e+02 +1.15719690e+02  4.36e+00   1.11e-03     4.27e-01   226.490s
1204000 +1.11368480e+02 +1.15713313e+02  4.34e+00   1.10e-03     4.25e-01   226.678s
1205000 +1.11373615e+02 +1.15707458e+02  4.33e+00   1.10e-03     4.23e-01   226.867s
1206000 +1.11377544e+02 +1.15702303e+02  4.32e+00   1.09e-03     4.22e-01   227.056s
1207000 +1.11380818e+02 +1.15698286e+02  4.32e+00   1.09e-03     4.21e-01   227.244s
1208000 +1.11384264e+02 +1.15694339e+02  4.31e+00   1.08e-03     4.19e-01   227.432s
1209000 +1.11387213e+02 +1.15690865e+02  4.30e+00   1.08e-03     4.18e-01   227.621s
1210000 +1.11390667e+02 +1.15687670e+02  4.30e+00   1.07e-03     4.16e-01   227.809s
1211000 +1.11395383e+02 +1.15682677e+02  4.29e+00   1.07e-03     4.15e-01   227.998s
1212000 +1.11400190e+02 +1.15679194e+02  4.28e+00   1.07e-03     4.14e-01   228.186s
1213000 +1.11406074e+02 +1.15674965e+02  4.27e+00   1.07e-03     4.13e-01   228.375s
1214000 +1.11411354e+02 +1.15670054e+02  4.26e+00   1.07e-03     4.11e-01   228.563s
1215000 +1.11416114e+02 +1.15665514e+02  4.25e+00   1.06e-03     4.10e-01   228.751s
1216000 +1.11419674e+02 +1.15659408e+02  4.24e+00   1.06e-03     4.09e-01   228.940s
1217000 +1.11423525e+02 +1.15654708e+02  4.23e+00   1.05e-03     4.08e-01   229.128s
1218000 +1.11428009e+02 +1.15650342e+02  4.22e+00   1.05e-03     4.07e-01   229.316s
1219000 +1.11431050e+02 +1.15644312e+02  4.21e+00   1.04e-03     4.06e-01   229.505s
1220000 +1.11433907e+02 +1.15639975e+02  4.21e+00   1.03e-03     4.04e-01   229.693s
1221000 +1.11436991e+02 +1.15635873e+02  4.20e+00   1.02e-03     4.03e-01   229.882s
1222000 +1.11438838e+02 +1.15633489e+02  4.19e+00   1.01e-03     4.02e-01   230.070s
1223000 +1.11441666e+02 +1.15631105e+02  4.19e+00   9.98e-04     4.00e-01   230.259s
1224000 +1.11443630e+02 +1.15630272e+02  4.19e+00   9.94e-04     3.99e-01   230.447s
1225000 +1.11446428e+02 +1.15629970e+02  4.18e+00   9.91e-04     3.97e-01   230.635s
1226000 +1.11448663e+02 +1.15629862e+02  4.18e+00   9.88e-04     3.96e-01   230.824s
1227000 +1.11451363e+02 +1.15629860e+02  4.18e+00   9.82e-04     3.95e-01   231.012s
1228000 +1.11454065e+02 +1.15628619e+02  4.17e+00   9.77e-04     3.94e-01   231.200s
1229000 +1.11460532e+02 +1.15627176e+02  4.17e+00   9.76e-04     3.89e-01   231.389s
1230000 +1.11470938e+02 +1.15623572e+02  4.15e+00   9.76e-04     3.88e-01   231.577s
1231000 +1.11481007e+02 +1.15620457e+02  4.14e+00   9.76e-04     3.87e-01   231.765s
1232000 +1.11491018e+02 +1.15617503e+02  4.13e+00   9.77e-04     3.84e-01   231.952s
1233000 +1.11500751e+02 +1.15614188e+02  4.11e+00   9.78e-04     3.83e-01   232.140s
1234000 +1.11509121e+02 +1.15609911e+02  4.10e+00   9.79e-04     3.82e-01   232.328s
1235000 +1.11517119e+02 +1.15605412e+02  4.09e+00   9.81e-04     3.81e-01   232.515s
1236000 +1.11524245e+02 +1.15600882e+02  4.08e+00   9.82e-04     3.80e-01   232.703s
1237000 +1.11531020e+02 +1.15596332e+02  4.07e+00   9.83e-04     3.79e-01   232.891s
1238000 +1.11537665e+02 +1.15591922e+02  4.05e+00   9.84e-04     3.79e-01   233.079s
1239000 +1.11543805e+02 +1.15588006e+02  4.04e+00   9.86e-04     3.77e-01   233.266s
1240000 +1.11549571e+02 +1.15585446e+02  4.04e+00   9.90e-04     3.77e-01   233.454s
1241000 +1.11555703e+02 +1.15583105e+02  4.03e+00   9.94e-04     3.76e-01   233.642s
1242000 +1.11561843e+02 +1.15580842e+02  4.02e+00   9.97e-04     3.75e-01   233.830s
1243000 +1.11568619e+02 +1.15579157e+02  4.01e+00   1.00e-03     3.75e-01   234.018s
1244000 +1.11575918e+02 +1.15577164e+02  4.00e+00   1.00e-03     3.74e-01   234.206s
1245000 +1.11583684e+02 +1.15574774e+02  3.99e+00   1.01e-03     3.73e-01   234.393s
1246000 +1.11591020e+02 +1.15571408e+02  3.98e+00   1.01e-03     3.72e-01   234.582s
1247000 +1.11597752e+02 +1.15568108e+02  3.97e+00   1.02e-03     3.71e-01   234.769s
1248000 +1.11603850e+02 +1.15564507e+02  3.96e+00   1.02e-03     3.71e-01   234.957s
1249000 +1.11609353e+02 +1.15560605e+02  3.95e+00   1.02e-03     3.70e-01   235.145s
1250000 +1.11614721e+02 +1.15556687e+02  3.94e+00   1.02e-03     3.69e-01   235.333s
1251000 +1.11620000e+02 +1.15552639e+02  3.93e+00   1.03e-03     3.68e-01   235.521s
1252000 +1.11625021e+02 +1.15548961e+02  3.92e+00   1.03e-03     3.68e-01   235.708s
1253000 +1.11630020e+02 +1.15545509e+02  3.92e+00   1.03e-03     3.67e-01   235.896s
1254000 +1.11634710e+02 +1.15541111e+02  3.91e+00   1.03e-03     3.66e-01   236.084s
1255000 +1.11639184e+02 +1.15536983e+02  3.90e+00   1.03e-03     3.65e-01   236.272s
1256000 +1.11643236e+02 +1.15532897e+02  3.89e+00   1.03e-03     3.64e-01   236.459s
1257000 +1.11646943e+02 +1.15528725e+02  3.88e+00   1.03e-03     3.63e-01   236.647s
1258000 +1.11649912e+02 +1.15524304e+02  3.87e+00   1.03e-03     3.63e-01   236.835s
1259000 +1.11652728e+02 +1.15519980e+02  3.87e+00   1.02e-03     3.62e-01   237.023s
1260000 +1.11655731e+02 +1.15515768e+02  3.86e+00   1.02e-03     3.61e-01   237.211s
1261000 +1.11658521e+02 +1.15512087e+02  3.85e+00   1.01e-03     3.60e-01   237.398s
1262000 +1.11660451e+02 +1.15508307e+02  3.85e+00   1.01e-03     3.59e-01   237.586s
1263000 +1.11662186e+02 +1.15505088e+02  3.84e+00   9.99e-04     3.58e-01   237.774s
1264000 +1.11663926e+02 +1.15502152e+02  3.84e+00   9.91e-04     3.57e-01   237.961s
1265000 +1.11666388e+02 +1.15499244e+02  3.83e+00   9.81e-04     3.56e-01   238.149s
1266000 +1.11668943e+02 +1.15496040e+02  3.83e+00   9.74e-04     3.55e-01   238.337s
1267000 +1.11670646e+02 +1.15493277e+02  3.82e+00   9.67e-04     3.54e-01   238.525s
1268000 +1.11672601e+02 +1.15491049e+02  3.82e+00   9.61e-04     3.53e-01   238.713s
1269000 +1.11674983e+02 +1.15488842e+02  3.81e+00   9.55e-04     3.52e-01   238.901s
1270000 +1.11678518e+02 +1.15486023e+02  3.81e+00   9.50e-04     3.51e-01   239.088s
1271000 +1.11682019e+02 +1.15482365e+02  3.80e+00   9.44e-04     3.50e-01   239.276s
1272000 +1.11685197e+02 +1.15479186e+02  3.79e+00   9.40e-04     3.49e-01   239.464s
1273000 +1.11688698e+02 +1.15476141e+02  3.79e+00   9.37e-04     3.48e-01   239.652s
1274000 +1.11691994e+02 +1.15473597e+02  3.78e+00   9.32e-04     3.47e-01   239.840s
1275000 +1.11695141e+02 +1.15470699e+02  3.78e+00   9.29e-04     3.46e-01   240.027s
1276000 +1.11698200e+02 +1.15467900e+02  3.77e+00   9.25e-04     3.44e-01   240.215s
1277000 +1.11702602e+02 +1.15465035e+02  3.76e+00   9.23e-04     3.42e-01   240.403s
1278000 +1.11706630e+02 +1.15462031e+02  3.76e+00   9.22e-04     3.41e-01   240.590s
1279000 +1.11710539e+02 +1.15459030e+02  3.75e+00   9.19e-04     3.40e-01   240.778s
1280000 +1.11714295e+02 +1.15456213e+02  3.74e+00   9.17e-04     3.39e-01   240.966s
1281000 +1.11717816e+02 +1.15453892e+02  3.74e+00   9.15e-04     3.38e-01   241.154s
1282000 +1.11721229e+02 +1.15450998e+02  3.73e+00   9.12e-04     3.37e-01   241.342s
1283000 +1.11724373e+02 +1.15448319e+02  3.72e+00   9.11e-04     3.36e-01   241.529s
1284000 +1.11727561e+02 +1.15445495e+02  3.72e+00   9.11e-04     3.35e-01   241.717s
1285000 +1.11731212e+02 +1.15443285e+02  3.71e+00   9.12e-04     3.34e-01   241.905s
1286000 +1.11735047e+02 +1.15441084e+02  3.71e+00   9.13e-04     3.33e-01   242.093s
1287000 +1.11739502e+02 +1.15437972e+02  3.70e+00   9.14e-04     3.32e-01   242.281s
1288000 +1.11744819e+02 +1.15435286e+02  3.69e+00   9.14e-04     3.31e-01   242.468s
1289000 +1.11750095e+02 +1.15432343e+02  3.68e+00   9.11e-04     3.30e-01   242.656s
1290000 +1.11754933e+02 +1.15428577e+02  3.67e+00   9.13e-04     3.29e-01   242.844s
1291000 +1.11760904e+02 +1.15425746e+02  3.66e+00   9.15e-04     3.28e-01   243.032s
1292000 +1.11767499e+02 +1.15422363e+02  3.65e+00   9.17e-04     3.27e-01   243.219s
1293000 +1.11773490e+02 +1.15419628e+02  3.65e+00   9.15e-04     3.26e-01   243.407s
1294000 +1.11778925e+02 +1.15416160e+02  3.64e+00   9.14e-04     3.25e-01   243.595s
1295000 +1.11784616e+02 +1.15412717e+02  3.63e+00   9.17e-04     3.24e-01   243.783s
1296000 +1.11790131e+02 +1.15409573e+02  3.62e+00   9.19e-04     3.22e-01   243.971s
1297000 +1.11795799e+02 +1.15406281e+02  3.61e+00   9.20e-04     3.21e-01   244.158s
1298000 +1.11801778e+02 +1.15403683e+02  3.60e+00   9.21e-04     3.20e-01   244.346s
1299000 +1.11807704e+02 +1.15400135e+02  3.59e+00   9.22e-04     3.19e-01   244.534s
1300000 +1.11813684e+02 +1.15396061e+02  3.58e+00   9.23e-04     3.18e-01   244.722s
1301000 +1.11820175e+02 +1.15391470e+02  3.57e+00   9.23e-04     3.11e-01   244.909s
1302000 +1.11826578e+02 +1.15387210e+02  3.56e+00   9.25e-04     3.11e-01   245.097s
1303000 +1.11833956e+02 +1.15383338e+02  3.55e+00   9.24e-04     3.05e-01   245.285s
1304000 +1.11841020e+02 +1.15379368e+02  3.54e+00   9.23e-04     3.09e-01   245.473s
1305000 +1.11847136e+02 +1.15375881e+02  3.53e+00   9.22e-04     3.05e-01   245.661s
1306000 +1.11852713e+02 +1.15370625e+02  3.52e+00   9.25e-04     3.01e-01   245.849s
1307000 +1.11858779e+02 +1.15366697e+02  3.51e+00   9.25e-04     3.04e-01   246.036s
1308000 +1.11864977e+02 +1.15363220e+02  3.50e+00   9.26e-04     2.99e-01   246.224s
1309000 +1.11871391e+02 +1.15359701e+02  3.49e+00   9.27e-04     2.99e-01   246.412s
1310000 +1.11877430e+02 +1.15354895e+02  3.48e+00   9.24e-04     2.96e-01   246.599s
1311000 +1.11883167e+02 +1.15350243e+02  3.47e+00   9.23e-04     2.95e-01   246.787s
1312000 +1.11887974e+02 +1.15346467e+02  3.46e+00   9.23e-04     2.93e-01   246.975s
1313000 +1.11892862e+02 +1.15343246e+02  3.45e+00   9.20e-04     2.91e-01   247.163s
1314000 +1.11898225e+02 +1.15340994e+02  3.44e+00   9.20e-04     2.89e-01   247.350s
1315000 +1.11903455e+02 +1.15338516e+02  3.44e+00   9.20e-04     2.91e-01   247.538s
1316000 +1.11908653e+02 +1.15335266e+02  3.43e+00   9.22e-04     2.88e-01   247.726s
1317000 +1.11914362e+02 +1.15332624e+02  3.42e+00   9.26e-04     2.85e-01   247.914s
1318000 +1.11919925e+02 +1.15329935e+02  3.41e+00   9.30e-04     2.86e-01   248.102s
1319000 +1.11925642e+02 +1.15326944e+02  3.40e+00   9.32e-04     2.84e-01   248.289s
1320000 +1.11931969e+02 +1.15323835e+02  3.39e+00   9.32e-04     2.82e-01   248.477s
1321000 +1.11938231e+02 +1.15319111e+02  3.38e+00   9.31e-04     2.81e-01   248.665s
1322000 +1.11943374e+02 +1.15314098e+02  3.37e+00   9.33e-04     2.79e-01   248.853s
1323000 +1.11949072e+02 +1.15310019e+02  3.36e+00   9.33e-04     2.79e-01   249.040s
1324000 +1.11953450e+02 +1.15306607e+02  3.35e+00   9.29e-04     2.77e-01   249.228s
1325000 +1.11958615e+02 +1.15303376e+02  3.34e+00   9.25e-04     2.75e-01   249.416s
1326000 +1.11964520e+02 +1.15299558e+02  3.34e+00   9.22e-04     2.75e-01   249.603s
1327000 +1.11970319e+02 +1.15295861e+02  3.33e+00   9.18e-04     2.72e-01   249.791s
1328000 +1.11976849e+02 +1.15291907e+02  3.32e+00   9.13e-04     2.72e-01   249.979s
1329000 +1.11983550e+02 +1.15287944e+02  3.30e+00   9.11e-04     2.70e-01   250.166s
1330000 +1.11990582e+02 +1.15283438e+02  3.29e+00   9.12e-04     2.68e-01   250.354s
1331000 +1.11996851e+02 +1.15280043e+02  3.28e+00   9.13e-04     2.68e-01   250.542s
1332000 +1.12002448e+02 +1.15276245e+02  3.27e+00   9.13e-04     2.66e-01   250.730s
1333000 +1.12008236e+02 +1.15272798e+02  3.26e+00   9.14e-04     2.65e-01   250.917s
1334000 +1.12014039e+02 +1.15270397e+02  3.26e+00   9.18e-04     2.64e-01   251.105s
1335000 +1.12018576e+02 +1.15268421e+02  3.25e+00   9.18e-04     2.62e-01   251.293s
1336000 +1.12023164e+02 +1.15264872e+02  3.24e+00   9.18e-04     2.61e-01   251.481s
1337000 +1.12026499e+02 +1.15261064e+02  3.23e+00   9.19e-04     2.61e-01   251.669s
1338000 +1.12029066e+02 +1.15257498e+02  3.23e+00   9.19e-04     2.59e-01   251.857s
1339000 +1.12031687e+02 +1.15253798e+02  3.22e+00   9.18e-04     2.58e-01   252.044s
1340000 +1.12033817e+02 +1.15250022e+02  3.22e+00   9.17e-04     2.57e-01   252.232s
1341000 +1.12037630e+02 +1.15246250e+02  3.21e+00   9.18e-04     2.52e-01   252.421s
1342000 +1.12043679e+02 +1.15242151e+02  3.20e+00   9.22e-04     2.51e-01   252.609s
1343000 +1.12049990e+02 +1.15238131e+02  3.19e+00   9.27e-04     2.50e-01   252.798s
1344000 +1.12056164e+02 +1.15234163e+02  3.18e+00   9.31e-04     2.49e-01   252.987s
1345000 +1.12062021e+02 +1.15229959e+02  3.17e+00   9.34e-04     2.49e-01   253.176s
1346000 +1.12067525e+02 +1.15225518e+02  3.16e+00   9.37e-04     2.48e-01   253.364s
1347000 +1.12072825e+02 +1.15220914e+02  3.15e+00   9.38e-04     2.48e-01   253.553s
1348000 +1.12078016e+02 +1.15216305e+02  3.14e+00   9.41e-04     2.47e-01   253.741s
1349000 +1.12082836e+02 +1.15211769e+02  3.13e+00   9.43e-04     2.47e-01   253.930s
1350000 +1.12087377e+02 +1.15207221e+02  3.12e+00   9.44e-04     2.47e-01   254.119s
1351000 +1.12091756e+02 +1.15202600e+02  3.11e+00   9.46e-04     2.46e-01   254.307s
1352000 +1.12095891e+02 +1.15198048e+02  3.10e+00   9.46e-04     2.46e-01   254.495s
1353000 +1.12099748e+02 +1.15193538e+02  3.09e+00   9.45e-04     2.46e-01   254.684s
1354000 +1.12103264e+02 +1.15188994e+02  3.09e+00   9.44e-04     2.46e-01   254.872s
1355000 +1.12106521e+02 +1.15184364e+02  3.08e+00   9.42e-04     2.45e-01   255.061s
1356000 +1.12109525e+02 +1.15179884e+02  3.07e+00   9.40e-04     2.45e-01   255.250s
1357000 +1.12112256e+02 +1.15175457e+02  3.06e+00   9.38e-04     2.44e-01   255.438s
1358000 +1.12114533e+02 +1.15170862e+02  3.06e+00   9.35e-04     2.44e-01   255.626s
1359000 +1.12116933e+02 +1.15166229e+02  3.05e+00   9.32e-04     2.43e-01   255.815s
1360000 +1.12119255e+02 +1.15161413e+02  3.04e+00   9.29e-04     2.43e-01   256.003s
1361000 +1.12121366e+02 +1.15156468e+02  3.04e+00   9.25e-04     2.42e-01   256.192s
1362000 +1.12123226e+02 +1.15151408e+02  3.03e+00   9.21e-04     2.42e-01   256.380s
1363000 +1.12125054e+02 +1.15146697e+02  3.02e+00   9.17e-04     2.41e-01   256.569s
1364000 +1.12126786e+02 +1.15141999e+02  3.02e+00   9.11e-04     2.41e-01   256.757s
1365000 +1.12128193e+02 +1.15137651e+02  3.01e+00   9.04e-04     2.41e-01   256.946s
1366000 +1.12129355e+02 +1.15133973e+02  3.00e+00   8.98e-04     2.40e-01   257.134s
1367000 +1.12130457e+02 +1.15130284e+02  3.00e+00   8.92e-04     2.39e-01   257.323s
1368000 +1.12131488e+02 +1.15126526e+02  3.00e+00   8.86e-04     2.39e-01   257.511s
1369000 +1.12133160e+02 +1.15122745e+02  2.99e+00   8.82e-04     2.38e-01   257.699s
1370000 +1.12134850e+02 +1.15118645e+02  2.98e+00   8.77e-04     2.37e-01   257.888s
1371000 +1.12135856e+02 +1.15114920e+02  2.98e+00   8.72e-04     2.36e-01   258.076s
1372000 +1.12136617e+02 +1.15111806e+02  2.98e+00   8.69e-04     2.36e-01   258.265s
1373000 +1.12136974e+02 +1.15109130e+02  2.97e+00   8.67e-04     2.35e-01   258.453s
1374000 +1.12137256e+02 +1.15106093e+02  2.97e+00   8.62e-04     2.35e-01   258.641s
1375000 +1.12137492e+02 +1.15102565e+02  2.97e+00   8.59e-04     2.34e-01   258.830s
1376000 +1.12137458e+02 +1.15098874e+02  2.96e+00   8.55e-04     2.34e-01   259.018s
1377000 +1.12137048e+02 +1.15095140e+02  2.96e+00   8.53e-04     2.34e-01   259.206s
1378000 +1.12136481e+02 +1.15091755e+02  2.96e+00   8.51e-04     2.33e-01   259.395s
1379000 +1.12135971e+02 +1.15088666e+02  2.95e+00   8.48e-04     2.33e-01   259.583s
1380000 +1.12135314e+02 +1.15085427e+02  2.95e+00   8.46e-04     2.32e-01   259.771s
1381000 +1.12133918e+02 +1.15081921e+02  2.95e+00   8.43e-04     2.32e-01   259.960s
1382000 +1.12131872e+02 +1.15078542e+02  2.95e+00   8.41e-04     2.32e-01   260.148s
1383000 +1.12129922e+02 +1.15075201e+02  2.95e+00   8.37e-04     2.30e-01   260.336s
1384000 +1.12127670e+02 +1.15072008e+02  2.94e+00   8.34e-04     2.30e-01   260.525s
1385000 +1.12124847e+02 +1.15068704e+02  2.94e+00   8.30e-04     2.29e-01   260.713s
1386000 +1.12121700e+02 +1.15065408e+02  2.94e+00   8.25e-04     2.28e-01   260.901s
1387000 +1.12119033e+02 +1.15062471e+02  2.94e+00   8.20e-04     2.28e-01   261.090s
1388000 +1.12115188e+02 +1.15058934e+02  2.94e+00   8.14e-04     2.28e-01   261.278s
1389000 +1.12111371e+02 +1.15056360e+02  2.94e+00   8.10e-04     2.27e-01   261.466s
1390000 +1.12108219e+02 +1.15053586e+02  2.95e+00   8.04e-04     2.27e-01   261.655s
1391000 +1.12105310e+02 +1.15050815e+02  2.95e+00   7.98e-04     2.26e-01   261.843s
1392000 +1.12101994e+02 +1.15048040e+02  2.95e+00   7.92e-04     2.26e-01   262.031s
1393000 +1.12098054e+02 +1.15045875e+02  2.95e+00   7.85e-04     2.26e-01   262.220s
1394000 +1.12094194e+02 +1.15043448e+02  2.95e+00   7.78e-04     2.25e-01   262.408s
1395000 +1.12089844e+02 +1.15041560e+02  2.95e+00   7.72e-04     2.25e-01   262.596s
1396000 +1.12084888e+02 +1.15039341e+02  2.95e+00   7.65e-04     2.25e-01   262.784s
1397000 +1.12079850e+02 +1.15037271e+02  2.96e+00   7.60e-04     2.24e-01   262.973s
1398000 +1.12075127e+02 +1.15035804e+02  2.96e+00   7.53e-04     2.24e-01   263.162s
1399000 +1.12070529e+02 +1.15034295e+02  2.96e+00   7.46e-04     2.24e-01   263.350s
1400000 +1.12066111e+02 +1.15032459e+02  2.97e+00   7.41e-04     2.23e-01   263.538s
1401000 +1.12061590e+02 +1.15030826e+02  2.97e+00   7.35e-04     2.23e-01   263.727s
1402000 +1.12057075e+02 +1.15029120e+02  2.97e+00   7.31e-04     2.22e-01   263.915s
1403000 +1.12052779e+02 +1.15027731e+02  2.97e+00   7.26e-04     2.21e-01   264.104s
1404000 +1.12048889e+02 +1.15026291e+02  2.98e+00   7.21e-04     2.20e-01   264.292s
1405000 +1.12045451e+02 +1.15024544e+02  2.98e+00   7.15e-04     2.20e-01   264.480s
1406000 +1.12041442e+02 +1.15022900e+02  2.98e+00   7.10e-04     2.20e-01   264.669s
1407000 +1.12037574e+02 +1.15021527e+02  2.98e+00   7.07e-04     2.19e-01   264.857s
1408000 +1.12032998e+02 +1.15019888e+02  2.99e+00   7.03e-04     2.19e-01   265.045s
1409000 +1.12028145e+02 +1.15018810e+02  2.99e+00   7.01e-04     2.18e-01   265.234s
1410000 +1.12024223e+02 +1.15018269e+02  2.99e+00   7.00e-04     2.18e-01   265.422s
1411000 +1.12020662e+02 +1.15018010e+02  3.00e+00   6.97e-04     2.17e-01   265.611s
1412000 +1.12016551e+02 +1.15017610e+02  3.00e+00   6.95e-04     2.17e-01   265.799s
1413000 +1.12012982e+02 +1.15017087e+02  3.00e+00   6.94e-04     2.17e-01   265.987s
1414000 +1.12009542e+02 +1.15015674e+02  3.01e+00   6.92e-04     2.16e-01   266.176s
1415000 +1.12005940e+02 +1.15014241e+02  3.01e+00   6.92e-04     2.16e-01   266.364s
1416000 +1.12002247e+02 +1.15013192e+02  3.01e+00   6.91e-04     2.15e-01   266.553s
1417000 +1.11998638e+02 +1.15011744e+02  3.01e+00   6.90e-04     2.15e-01   266.741s
1418000 +1.11994719e+02 +1.15010156e+02  3.02e+00   6.90e-04     2.15e-01   266.929s
1419000 +1.11990405e+02 +1.15008309e+02  3.02e+00   6.89e-04     2.14e-01   267.118s
1420000 +1.11986499e+02 +1.15006243e+02  3.02e+00   6.88e-04     2.14e-01   267.306s
1421000 +1.11982161e+02 +1.15004206e+02  3.02e+00   6.87e-04     2.13e-01   267.495s
1422000 +1.11978166e+02 +1.15002148e+02  3.02e+00   6.86e-04     2.13e-01   267.683s
1423000 +1.11974108e+02 +1.15000616e+02  3.03e+00   6.83e-04     2.12e-01   267.872s
1424000 +1.11970107e+02 +1.14999023e+02  3.03e+00   6.79e-04     2.11e-01   268.060s
1425000 +1.11965512e+02 +1.14997707e+02  3.03e+00   6.76e-04     2.11e-01   268.249s
1426000 +1.11960441e+02 +1.14995997e+02  3.04e+00   6.74e-04     2.10e-01   268.438s
1427000 +1.11954991e+02 +1.14995254e+02  3.04e+00   6.71e-04     2.10e-01   268.626s
1428000 +1.11949958e+02 +1.14994278e+02  3.04e+00   6.68e-04     2.09e-01   268.815s
1429000 +1.11944387e+02 +1.14994080e+02  3.05e+00   6.65e-04     2.09e-01   269.003s
1430000 +1.11938956e+02 +1.14993577e+02  3.05e+00   6.62e-04     2.08e-01   269.192s
1431000 +1.11932790e+02 +1.14993533e+02  3.06e+00   6.60e-04     2.08e-01   269.380s
1432000 +1.11926949e+02 +1.14993552e+02  3.07e+00   6.57e-04     2.08e-01   269.568s
1433000 +1.11921910e+02 +1.14993517e+02  3.07e+00   6.55e-04     2.07e-01   269.757s
1434000 +1.11917271e+02 +1.14992649e+02  3.08e+00   6.55e-04     2.05e-01   269.945s
1435000 +1.11912408e+02 +1.14991977e+02  3.08e+00   6.53e-04     2.05e-01   270.134s
1436000 +1.11907911e+02 +1.14990873e+02  3.08e+00   6.52e-04     2.05e-01   270.322s
1437000 +1.11902679e+02 +1.14989963e+02  3.09e+00   6.50e-04     2.04e-01   270.511s
1438000 +1.11897350e+02 +1.14987981e+02  3.09e+00   6.48e-04     2.03e-01   270.699s
1439000 +1.11891541e+02 +1.14986011e+02  3.09e+00   6.45e-04     2.03e-01   270.887s
1440000 +1.11885158e+02 +1.14984735e+02  3.10e+00   6.44e-04     2.02e-01   271.076s
1441000 +1.11878717e+02 +1.14984229e+02  3.11e+00   6.43e-04     2.01e-01   271.264s
1442000 +1.11872774e+02 +1.14983216e+02  3.11e+00   6.42e-04     2.00e-01   271.453s
1443000 +1.11866137e+02 +1.14982987e+02  3.12e+00   6.41e-04     1.99e-01   271.641s
1444000 +1.11860274e+02 +1.14982779e+02  3.12e+00   6.39e-04     1.99e-01   271.830s
1445000 +1.11854644e+02 +1.14982591e+02  3.13e+00   6.39e-04     1.98e-01   272.018s
1446000 +1.11848463e+02 +1.14981844e+02  3.13e+00   6.37e-04     1.98e-01   272.206s
1447000 +1.11841891e+02 +1.14981217e+02  3.14e+00   6.36e-04     1.98e-01   272.395s
1448000 +1.11835086e+02 +1.14980475e+02  3.15e+00   6.34e-04     1.97e-01   272.583s
1449000 +1.11828530e+02 +1.14979231e+02  3.15e+00   6.32e-04     1.97e-01   272.772s
1450000 +1.11821807e+02 +1.14978383e+02  3.16e+00   6.31e-04     1.97e-01   272.960s
1451000 +1.11814580e+02 +1.14977376e+02  3.16e+00   6.32e-04     1.96e-01   273.149s
1452000 +1.11807215e+02 +1.14976977e+02  3.17e+00   6.33e-04     1.96e-01   273.338s
1453000 +1.11800031e+02 +1.14976107e+02  3.18e+00   6.34e-04     1.95e-01   273.526s
1454000 +1.11793318e+02 +1.14975730e+02  3.18e+00   6.35e-04     1.95e-01   273.714s
1455000 +1.11786398e+02 +1.14975575e+02  3.19e+00   6.36e-04     1.95e-01   273.903s
1456000 +1.11779500e+02 +1.14975602e+02  3.20e+00   6.38e-04     1.94e-01   274.091s
1457000 +1.11772598e+02 +1.14974968e+02  3.20e+00   6.40e-04     1.94e-01   274.280s
1458000 +1.11765077e+02 +1.14975400e+02  3.21e+00   6.40e-04     1.94e-01   274.468s
1459000 +1.11756784e+02 +1.14975712e+02  3.22e+00   6.40e-04     1.93e-01   274.657s
1460000 +1.11748897e+02 +1.14976954e+02  3.23e+00   6.40e-04     1.93e-01   274.845s
1461000 +1.11741057e+02 +1.14976763e+02  3.24e+00   6.38e-04     1.93e-01   275.034s
1462000 +1.11733010e+02 +1.14976484e+02  3.24e+00   6.37e-04     1.92e-01   275.222s
1463000 +1.11725794e+02 +1.14975575e+02  3.25e+00   6.37e-04     1.92e-01   275.411s
1464000 +1.11718408e+02 +1.14975243e+02  3.26e+00   6.36e-04     1.92e-01   275.599s
1465000 +1.11710443e+02 +1.14974925e+02  3.26e+00   6.35e-04     1.92e-01   275.788s
1466000 +1.11702273e+02 +1.14975234e+02  3.27e+00   6.36e-04     1.91e-01   275.976s
1467000 +1.11695265e+02 +1.14975225e+02  3.28e+00   6.36e-04     1.91e-01   276.164s
1468000 +1.11687945e+02 +1.14975598e+02  3.29e+00   6.38e-04     1.91e-01   276.353s
1469000 +1.11680751e+02 +1.14975676e+02  3.29e+00   6.40e-04     1.90e-01   276.542s
1470000 +1.11673528e+02 +1.14975329e+02  3.30e+00   6.40e-04     1.90e-01   276.730s
1471000 +1.11665326e+02 +1.14975376e+02  3.31e+00   6.41e-04     1.90e-01   276.919s
1472000 +1.11657464e+02 +1.14976241e+02  3.32e+00   6.41e-04     1.90e-01   277.107s
1473000 +1.11649438e+02 +1.14976744e+02  3.33e+00   6.41e-04     1.89e-01   277.296s
1474000 +1.11641215e+02 +1.14977485e+02  3.34e+00   6.40e-04     1.89e-01   277.485s
1475000 +1.11633651e+02 +1.14978961e+02  3.35e+00   6.40e-04     1.88e-01   277.673s
1476000 +1.11626813e+02 +1.14980957e+02  3.35e+00   6.40e-04     1.88e-01   277.862s
1477000 +1.11619724e+02 +1.14982654e+02  3.36e+00   6.39e-04     1.88e-01   278.051s
1478000 +1.11613055e+02 +1.14984618e+02  3.37e+00   6.37e-04     1.87e-01   278.239s
1479000 +1.11606465e+02 +1.14985586e+02  3.38e+00   6.35e-04     1.87e-01   278.428s
1480000 +1.11604605e+02 +1.14985061e+02  3.38e+00   6.35e-04     1.85e-01   278.616s
1481000 +1.11602740e+02 +1.14984615e+02  3.38e+00   6.35e-04     1.86e-01   278.804s
1482000 +1.11600907e+02 +1.14984540e+02  3.38e+00   6.36e-04     1.86e-01   278.992s
1483000 +1.11598997e+02 +1.14984410e+02  3.39e+00   6.36e-04     1.86e-01   279.180s
1484000 +1.11597142e+02 +1.14984528e+02  3.39e+00   6.37e-04     1.87e-01   279.368s
1485000 +1.11595489e+02 +1.14984713e+02  3.39e+00   6.37e-04     1.87e-01   279.555s
1486000 +1.11593926e+02 +1.14985136e+02  3.39e+00   6.38e-04     1.88e-01   279.743s
1487000 +1.11592437e+02 +1.14985413e+02  3.39e+00   6.39e-04     1.89e-01   279.931s
1488000 +1.11591050e+02 +1.14985687e+02  3.39e+00   6.40e-04     1.89e-01   280.119s
1489000 +1.11589712e+02 +1.14985754e+02  3.40e+00   6.41e-04     1.90e-01   280.307s
1490000 +1.11588345e+02 +1.14985608e+02  3.40e+00   6.42e-04     1.90e-01   280.495s
1491000 +1.11587035e+02 +1.14985336e+02  3.40e+00   6.43e-04     1.91e-01   280.683s
1492000 +1.11585562e+02 +1.14984760e+02  3.40e+00   6.44e-04     1.92e-01   280.871s
1493000 +1.11583967e+02 +1.14984067e+02  3.40e+00   6.44e-04     1.92e-01   281.059s
1494000 +1.11582229e+02 +1.14983250e+02  3.40e+00   6.45e-04     1.93e-01   281.247s
1495000 +1.11580605e+02 +1.14982239e+02  3.40e+00   6.46e-04     1.93e-01   281.434s
1496000 +1.11578901e+02 +1.14980811e+02  3.40e+00   6.47e-04     1.94e-01   281.622s
1497000 +1.11577169e+02 +1.14979218e+02  3.40e+00   6.48e-04     1.95e-01   281.810s
1498000 +1.11575281e+02 +1.14977414e+02  3.40e+00   6.49e-04     1.95e-01   281.998s
1499000 +1.11573482e+02 +1.14975630e+02  3.40e+00   6.49e-04     1.96e-01   282.186s
1500000 +1.11571594e+02 +1.14974064e+02  3.40e+00   6.50e-04     1.97e-01   282.374s
1501000 +1.11569808e+02 +1.14972831e+02  3.40e+00   6.51e-04     1.97e-01   282.562s
1502000 +1.11567705e+02 +1.14971499e+02  3.40e+00   6.52e-04     1.98e-01   282.750s
1503000 +1.11565571e+02 +1.14970467e+02  3.40e+00   6.53e-04     1.99e-01   282.938s
1504000 +1.11563597e+02 +1.14969332e+02  3.41e+00   6.54e-04     1.99e-01   283.125s
1505000 +1.11561607e+02 +1.14968117e+02  3.41e+00   6.54e-04     2.00e-01   283.313s
1506000 +1.11559935e+02 +1.14967124e+02  3.41e+00   6.55e-04     2.01e-01   283.502s
1507000 +1.11558241e+02 +1.14965506e+02  3.41e+00   6.55e-04     2.01e-01   283.689s
1508000 +1.11556435e+02 +1.14964104e+02  3.41e+00   6.56e-04     2.02e-01   283.877s
1509000 +1.11554597e+02 +1.14962803e+02  3.41e+00   6.56e-04     2.02e-01   284.065s
1510000 +1.11552693e+02 +1.14961619e+02  3.41e+00   6.56e-04     2.03e-01   284.253s
1511000 +1.11550498e+02 +1.14959772e+02  3.41e+00   6.56e-04     2.03e-01   284.440s
1512000 +1.11547890e+02 +1.14957576e+02  3.41e+00   6.56e-04     2.04e-01   284.628s
1513000 +1.11545266e+02 +1.14955299e+02  3.41e+00   6.56e-04     2.04e-01   284.816s
1514000 +1.11542524e+02 +1.14953381e+02  3.41e+00   6.55e-04     2.05e-01   285.004s
1515000 +1.11539764e+02 +1.14951234e+02  3.41e+00   6.54e-04     2.05e-01   285.192s
1516000 +1.11537067e+02 +1.14949469e+02  3.41e+00   6.53e-04     2.06e-01   285.380s
1517000 +1.11534514e+02 +1.14948280e+02  3.41e+00   6.52e-04     2.06e-01   285.568s
1518000 +1.11531809e+02 +1.14947374e+02  3.42e+00   6.51e-04     2.07e-01   285.756s
1519000 +1.11529530e+02 +1.14947137e+02  3.42e+00   6.50e-04     2.07e-01   285.944s
1520000 +1.11527405e+02 +1.14946318e+02  3.42e+00   6.48e-04     2.07e-01   286.132s
1521000 +1.11525549e+02 +1.14945848e+02  3.42e+00   6.47e-04     2.08e-01   286.319s
1522000 +1.11523965e+02 +1.14944569e+02  3.42e+00   6.45e-04     2.08e-01   286.507s
1523000 +1.11522230e+02 +1.14943026e+02  3.42e+00   6.44e-04     2.08e-01   286.695s
1524000 +1.11520614e+02 +1.14941187e+02  3.42e+00   6.42e-04     2.09e-01   286.883s
1525000 +1.11518776e+02 +1.14939564e+02  3.42e+00   6.40e-04     2.09e-01   287.071s
1526000 +1.11517286e+02 +1.14938337e+02  3.42e+00   6.39e-04     2.09e-01   287.258s
1527000 +1.11515628e+02 +1.14937050e+02  3.42e+00   6.38e-04     2.10e-01   287.446s
1528000 +1.11514134e+02 +1.14935731e+02  3.42e+00   6.36e-04     2.10e-01   287.634s
1529000 +1.11512669e+02 +1.14934680e+02  3.42e+00   6.35e-04     2.10e-01   287.822s
1530000 +1.11511037e+02 +1.14934517e+02  3.42e+00   6.34e-04     2.10e-01   288.010s
1531000 +1.11509597e+02 +1.14934623e+02  3.43e+00   6.32e-04     2.11e-01   288.198s
1532000 +1.11508012e+02 +1.14934291e+02  3.43e+00   6.30e-04     2.11e-01   288.385s
1533000 +1.11506259e+02 +1.14934153e+02  3.43e+00   6.29e-04     2.11e-01   288.574s
1534000 +1.11504792e+02 +1.14934019e+02  3.43e+00   6.28e-04     2.11e-01   288.762s
1535000 +1.11503184e+02 +1.14934489e+02  3.43e+00   6.27e-04     2.11e-01   288.949s
1536000 +1.11501342e+02 +1.14935236e+02  3.43e+00   6.25e-04     2.12e-01   289.137s
1537000 +1.11499319e+02 +1.14936011e+02  3.44e+00   6.24e-04     2.12e-01   289.325s
1538000 +1.11497450e+02 +1.14936846e+02  3.44e+00   6.22e-04     2.12e-01   289.513s
1539000 +1.11495489e+02 +1.14937341e+02  3.44e+00   6.20e-04     2.12e-01   289.701s
1540000 +1.11493452e+02 +1.14937802e+02  3.44e+00   6.19e-04     2.12e-01   289.889s
1541000 +1.11491590e+02 +1.14938709e+02  3.45e+00   6.17e-04     2.13e-01   290.077s
1542000 +1.11489591e+02 +1.14939713e+02  3.45e+00   6.16e-04     2.13e-01   290.264s
1543000 +1.11487507e+02 +1.14940484e+02  3.45e+00   6.15e-04     2.13e-01   290.452s
1544000 +1.11485827e+02 +1.14941430e+02  3.46e+00   6.14e-04     2.13e-01   290.640s
1545000 +1.11484116e+02 +1.14942231e+02  3.46e+00   6.12e-04     2.13e-01   290.828s
1546000 +1.11482494e+02 +1.14943364e+02  3.46e+00   6.12e-04     2.13e-01   291.016s
1547000 +1.11481123e+02 +1.14944038e+02  3.46e+00   6.11e-04     2.13e-01   291.204s
1548000 +1.11479563e+02 +1.14944504e+02  3.46e+00   6.09e-04     2.13e-01   291.392s
1549000 +1.11478082e+02 +1.14945178e+02  3.47e+00   6.08e-04     2.14e-01   291.580s
1550000 +1.11476490e+02 +1.14946493e+02  3.47e+00   6.07e-04     2.14e-01   291.768s
1551000 +1.11474647e+02 +1.14948460e+02  3.47e+00   6.06e-04     2.14e-01   291.956s
1552000 +1.11473094e+02 +1.14949999e+02  3.48e+00   6.04e-04     2.13e-01   292.143s
1553000 +1.11471565e+02 +1.14950954e+02  3.48e+00   6.04e-04     2.14e-01   292.331s
1554000 +1.11470347e+02 +1.14951934e+02  3.48e+00   6.03e-04     2.12e-01   292.519s
1555000 +1.11469199e+02 +1.14953011e+02  3.48e+00   6.01e-04     2.11e-01   292.708s
1556000 +1.11468294e+02 +1.14954346e+02  3.49e+00   6.00e-04     2.11e-01   292.895s
1557000 +1.11467555e+02 +1.14955456e+02  3.49e+00   5.98e-04     2.12e-01   293.083s
1558000 +1.11466622e+02 +1.14956211e+02  3.49e+00   5.97e-04     2.12e-01   293.271s
1559000 +1.11465986e+02 +1.14957267e+02  3.49e+00   5.96e-04     2.10e-01   293.458s
1560000 +1.11465726e+02 +1.14958104e+02  3.49e+00   5.93e-04     2.10e-01   293.646s
1561000 +1.11465674e+02 +1.14958253e+02  3.49e+00   5.92e-04     2.10e-01   293.834s
1562000 +1.11465144e+02 +1.14958351e+02  3.49e+00   5.90e-04     2.10e-01   294.022s
1563000 +1.11464043e+02 +1.14958697e+02  3.49e+00   5.88e-04     2.11e-01   294.210s
1564000 +1.11462540e+02 +1.14959534e+02  3.50e+00   5.86e-04     2.10e-01   294.398s
1565000 +1.11461008e+02 +1.14959656e+02  3.50e+00   5.84e-04     2.09e-01   294.585s
1566000 +1.11459545e+02 +1.14959231e+02  3.50e+00   5.83e-04     2.09e-01   294.773s
1567000 +1.11458228e+02 +1.14959409e+02  3.50e+00   5.82e-04     2.10e-01   294.961s
1568000 +1.11456402e+02 +1.14959341e+02  3.50e+00   5.81e-04     2.09e-01   295.149s
1569000 +1.11454767e+02 +1.14959359e+02  3.50e+00   5.80e-04     2.09e-01   295.337s
1570000 +1.11453233e+02 +1.14959162e+02  3.51e+00   5.78e-04     2.09e-01   295.524s
1571000 +1.11452015e+02 +1.14959467e+02  3.51e+00   5.77e-04     2.08e-01   295.712s
1572000 +1.11450449e+02 +1.14959320e+02  3.51e+00   5.76e-04     2.08e-01   295.900s
1573000 +1.11448735e+02 +1.14959793e+02  3.51e+00   5.75e-04     2.08e-01   296.088s
1574000 +1.11447375e+02 +1.14959877e+02  3.51e+00   5.74e-04     2.08e-01   296.276s
1575000 +1.11446213e+02 +1.14960411e+02  3.51e+00   5.73e-04     2.07e-01   296.463s
1576000 +1.11445174e+02 +1.14960661e+02  3.52e+00   5.72e-04     2.07e-01   296.651s
1577000 +1.11444237e+02 +1.14961322e+02  3.52e+00   5.70e-04     2.07e-01   296.839s
1578000 +1.11443701e+02 +1.14960755e+02  3.52e+00   5.68e-04     2.06e-01   297.027s
1579000 +1.11442150e+02 +1.14960175e+02  3.52e+00   5.67e-04     2.06e-01   297.214s
1580000 +1.11440680e+02 +1.14959805e+02  3.52e+00   5.65e-04     2.06e-01   297.402s
1581000 +1.11438733e+02 +1.14959252e+02  3.52e+00   5.65e-04     2.05e-01   297.590s
1582000 +1.11436462e+02 +1.14959521e+02  3.52e+00   5.64e-04     2.05e-01   297.778s
1583000 +1.11434071e+02 +1.14959748e+02  3.53e+00   5.63e-04     2.05e-01   297.966s
1584000 +1.11431653e+02 +1.14959396e+02  3.53e+00   5.62e-04     2.04e-01   298.153s
1585000 +1.11429024e+02 +1.14959810e+02  3.53e+00   5.61e-04     2.03e-01   298.341s
1586000 +1.11426107e+02 +1.14959660e+02  3.53e+00   5.60e-04     2.03e-01   298.529s
1587000 +1.11423295e+02 +1.14959226e+02  3.54e+00   5.59e-04     2.03e-01   298.717s
1588000 +1.11421128e+02 +1.14958969e+02  3.54e+00   5.58e-04     2.02e-01   298.905s
1589000 +1.11418869e+02 +1.14957839e+02  3.54e+00   5.58e-04     2.02e-01   299.093s
1590000 +1.11416297e+02 +1.14957322e+02  3.54e+00   5.57e-04     2.02e-01   299.280s
1591000 +1.11413858e+02 +1.14956436e+02  3.54e+00   5.56e-04     2.01e-01   299.468s
1592000 +1.11411220e+02 +1.14955273e+02  3.54e+00   5.55e-04     2.01e-01   299.655s
1593000 +1.11408799e+02 +1.14954718e+02  3.55e+00   5.54e-04     2.00e-01   299.843s
1594000 +1.11405958e+02 +1.14953345e+02  3.55e+00   5.53e-04     2.00e-01   300.031s
1595000 +1.11403293e+02 +1.14953252e+02  3.55e+00   5.53e-04     2.00e-01   300.219s
1596000 +1.11400713e+02 +1.14952699e+02  3.55e+00   5.52e-04     2.00e-01   300.406s
1597000 +1.11398105e+02 +1.14952368e+02  3.55e+00   5.52e-04     1.99e-01   300.594s
1598000 +1.11395249e+02 +1.14952690e+02  3.56e+00   5.51e-04     1.99e-01   300.782s
1599000 +1.11392352e+02 +1.14953354e+02  3.56e+00   5.51e-04     1.99e-01   300.969s
1600000 +1.11389425e+02 +1.14954002e+02  3.56e+00   5.50e-04     1.98e-01   301.157s
1601000 +1.11386757e+02 +1.14954773e+02  3.57e+00   5.49e-04     1.98e-01   301.345s
1602000 +1.11384856e+02 +1.14954670e+02  3.57e+00   5.48e-04     1.98e-01   301.533s
1603000 +1.11383180e+02 +1.14954481e+02  3.57e+00   5.47e-04     1.98e-01   301.721s
1604000 +1.11381547e+02 +1.14954781e+02  3.57e+00   5.46e-04     1.97e-01   301.909s
1605000 +1.11380700e+02 +1.14955249e+02  3.57e+00   5.44e-04     1.97e-01   302.097s
1606000 +1.11379350e+02 +1.14955177e+02  3.58e+00   5.43e-04     1.97e-01   302.284s
1607000 +1.11377907e+02 +1.14954417e+02  3.58e+00   5.42e-04     1.96e-01   302.472s
1608000 +1.11376712e+02 +1.14954702e+02  3.58e+00   5.42e-04     1.96e-01   302.660s
1609000 +1.11375760e+02 +1.14954569e+02  3.58e+00   5.42e-04     1.96e-01   302.849s
1610000 +1.11374824e+02 +1.14954471e+02  3.58e+00   5.42e-04     1.95e-01   303.037s
1611000 +1.11373530e+02 +1.14954743e+02  3.58e+00   5.40e-04     1.95e-01   303.225s
1612000 +1.11372146e+02 +1.14954358e+02  3.58e+00   5.39e-04     1.95e-01   303.413s
1613000 +1.11371111e+02 +1.14954240e+02  3.58e+00   5.39e-04     1.94e-01   303.601s
1614000 +1.11369963e+02 +1.14954867e+02  3.58e+00   5.39e-04     1.94e-01   303.788s
1615000 +1.11368801e+02 +1.14955582e+02  3.59e+00   5.38e-04     1.94e-01   303.976s
1616000 +1.11367816e+02 +1.14956381e+02  3.59e+00   5.37e-04     1.94e-01   304.164s
1617000 +1.11366290e+02 +1.14957538e+02  3.59e+00   5.37e-04     1.94e-01   304.352s
1618000 +1.11365352e+02 +1.14958396e+02  3.59e+00   5.35e-04     1.94e-01   304.540s
1619000 +1.11364044e+02 +1.14958608e+02  3.59e+00   5.34e-04     1.94e-01   304.728s
1620000 +1.11362540e+02 +1.14958136e+02  3.60e+00   5.34e-04     1.93e-01   304.916s
1621000 +1.11360576e+02 +1.14958991e+02  3.60e+00   5.35e-04     1.93e-01   305.104s
1622000 +1.11358967e+02 +1.14960428e+02  3.60e+00   5.34e-04     1.93e-01   305.292s
1623000 +1.11357679e+02 +1.14962026e+02  3.60e+00   5.34e-04     1.93e-01   305.480s
1624000 +1.11356339e+02 +1.14963262e+02  3.61e+00   5.34e-04     1.93e-01   305.668s
1625000 +1.11355388e+02 +1.14964590e+02  3.61e+00   5.34e-04     1.93e-01   305.855s
1626000 +1.11354197e+02 +1.14966155e+02  3.61e+00   5.35e-04     1.92e-01   306.043s
1627000 +1.11353233e+02 +1.14968083e+02  3.61e+00   5.35e-04     1.92e-01   306.231s
1628000 +1.11352504e+02 +1.14970017e+02  3.62e+00   5.35e-04     1.92e-01   306.419s
1629000 +1.11351616e+02 +1.14971114e+02  3.62e+00   5.34e-04     1.92e-01   306.607s
1630000 +1.11351153e+02 +1.14972348e+02  3.62e+00   5.34e-04     1.92e-01   306.795s
1631000 +1.11350544e+02 +1.14973366e+02  3.62e+00   5.33e-04     1.92e-01   306.982s
1632000 +1.11349814e+02 +1.14974712e+02  3.62e+00   5.33e-04     1.92e-01   307.170s
1633000 +1.11349048e+02 +1.14975593e+02  3.63e+00   5.32e-04     1.92e-01   307.359s
1634000 +1.11348095e+02 +1.14976034e+02  3.63e+00   5.32e-04     1.91e-01   307.547s
1635000 +1.11346342e+02 +1.14976508e+02  3.63e+00   5.31e-04     1.91e-01   307.735s
1636000 +1.11344419e+02 +1.14976458e+02  3.63e+00   5.31e-04     1.91e-01   307.923s
1637000 +1.11342276e+02 +1.14977691e+02  3.64e+00   5.31e-04     1.91e-01   308.111s
1638000 +1.11340143e+02 +1.14979142e+02  3.64e+00   5.31e-04     1.91e-01   308.299s
1639000 +1.11338368e+02 +1.14980622e+02  3.64e+00   5.30e-04     1.91e-01   308.487s
1640000 +1.11337173e+02 +1.14982361e+02  3.65e+00   5.29e-04     1.90e-01   308.674s
1641000 +1.11335897e+02 +1.14983541e+02  3.65e+00   5.29e-04     1.90e-01   308.862s
1642000 +1.11334619e+02 +1.14986063e+02  3.65e+00   5.29e-04     1.90e-01   309.050s
1643000 +1.11333331e+02 +1.14987789e+02  3.65e+00   5.27e-04     1.90e-01   309.238s
1644000 +1.11332042e+02 +1.14989198e+02  3.66e+00   5.26e-04     1.90e-01   309.426s
1645000 +1.11330340e+02 +1.14990511e+02  3.66e+00   5.24e-04     1.89e-01   309.614s
1646000 +1.11328243e+02 +1.14991936e+02  3.66e+00   5.23e-04     1.89e-01   309.802s
1647000 +1.11325652e+02 +1.14993242e+02  3.67e+00   5.22e-04     1.89e-01   309.990s
1648000 +1.11323278e+02 +1.14995182e+02  3.67e+00   5.22e-04     1.88e-01   310.177s
1649000 +1.11321041e+02 +1.14997763e+02  3.68e+00   5.21e-04     1.88e-01   310.366s
1650000 +1.11319294e+02 +1.15000434e+02  3.68e+00   5.20e-04     1.88e-01   310.553s
1651000 +1.11317902e+02 +1.15002222e+02  3.68e+00   5.18e-04     1.88e-01   310.741s
1652000 +1.11316668e+02 +1.15004228e+02  3.69e+00   5.16e-04     1.87e-01   310.929s
1653000 +1.11315677e+02 +1.15006317e+02  3.69e+00   5.14e-04     1.87e-01   311.117s
1654000 +1.11315032e+02 +1.15008999e+02  3.69e+00   5.13e-04     1.87e-01   311.305s
1655000 +1.11314562e+02 +1.15010654e+02  3.70e+00   5.11e-04     1.87e-01   311.493s
1656000 +1.11313818e+02 +1.15012572e+02  3.70e+00   5.09e-04     1.87e-01   311.681s
1657000 +1.11313546e+02 +1.15013865e+02  3.70e+00   5.08e-04     1.86e-01   311.868s
1658000 +1.11312557e+02 +1.15015248e+02  3.70e+00   5.07e-04     1.86e-01   312.056s
1659000 +1.11311154e+02 +1.15016692e+02  3.71e+00   5.05e-04     1.86e-01   312.245s
1660000 +1.11309853e+02 +1.15018310e+02  3.71e+00   5.04e-04     1.86e-01   312.433s
1661000 +1.11309069e+02 +1.15021071e+02  3.71e+00   5.02e-04     1.86e-01   312.621s
1662000 +1.11308923e+02 +1.15024113e+02  3.72e+00   5.01e-04     1.85e-01   312.808s
1663000 +1.11308923e+02 +1.15025870e+02  3.72e+00   4.99e-04     1.85e-01   312.996s
1664000 +1.11309127e+02 +1.15027298e+02  3.72e+00   4.97e-04     1.84e-01   313.184s
1665000 +1.11310150e+02 +1.15028045e+02  3.72e+00   4.95e-04     1.84e-01   313.372s
1666000 +1.11311329e+02 +1.15028305e+02  3.72e+00   4.93e-04     1.83e-01   313.560s
1667000 +1.11312760e+02 +1.15029331e+02  3.72e+00   4.91e-04     1.83e-01   313.748s
1668000 +1.11313321e+02 +1.15030179e+02  3.72e+00   4.89e-04     1.82e-01   313.936s
1669000 +1.11313603e+02 +1.15031517e+02  3.72e+00   4.88e-04     1.82e-01   314.123s
1670000 +1.11313966e+02 +1.15033608e+02  3.72e+00   4.87e-04     1.80e-01   314.312s
1671000 +1.11314274e+02 +1.15035226e+02  3.72e+00   4.86e-04     1.80e-01   314.500s
1672000 +1.11314559e+02 +1.15037085e+02  3.72e+00   4.85e-04     1.81e-01   314.689s
1673000 +1.11314951e+02 +1.15039228e+02  3.72e+00   4.85e-04     1.82e-01   314.877s
1674000 +1.11315553e+02 +1.15041439e+02  3.73e+00   4.84e-04     1.83e-01   315.065s
1675000 +1.11316366e+02 +1.15043446e+02  3.73e+00   4.84e-04     1.83e-01   315.253s
1676000 +1.11317390e+02 +1.15045144e+02  3.73e+00   4.83e-04     1.84e-01   315.442s
1677000 +1.11318554e+02 +1.15046361e+02  3.73e+00   4.82e-04     1.85e-01   315.630s
1678000 +1.11319738e+02 +1.15047388e+02  3.73e+00   4.82e-04     1.86e-01   315.818s
1679000 +1.11320901e+02 +1.15048154e+02  3.73e+00   4.81e-04     1.87e-01   316.007s
1680000 +1.11321996e+02 +1.15048739e+02  3.73e+00   4.81e-04     1.88e-01   316.195s
1681000 +1.11323028e+02 +1.15049162e+02  3.73e+00   4.80e-04     1.89e-01   316.384s
1682000 +1.11324005e+02 +1.15049403e+02  3.73e+00   4.79e-04     1.90e-01   316.572s
1683000 +1.11324991e+02 +1.15049725e+02  3.72e+00   4.79e-04     1.91e-01   316.760s
1684000 +1.11326029e+02 +1.15050220e+02  3.72e+00   4.78e-04     1.92e-01   316.949s
1685000 +1.11327074e+02 +1.15050577e+02  3.72e+00   4.77e-04     1.93e-01   317.137s
1686000 +1.11328131e+02 +1.15051063e+02  3.72e+00   4.77e-04     1.94e-01   317.325s
1687000 +1.11329292e+02 +1.15051476e+02  3.72e+00   4.76e-04     1.94e-01   317.514s
1688000 +1.11330510e+02 +1.15051672e+02  3.72e+00   4.76e-04     1.95e-01   317.702s
1689000 +1.11331761e+02 +1.15051980e+02  3.72e+00   4.75e-04     1.96e-01   317.890s
1690000 +1.11333030e+02 +1.15051998e+02  3.72e+00   4.75e-04     1.97e-01   318.079s
1691000 +1.11334270e+02 +1.15051895e+02  3.72e+00   4.74e-04     1.98e-01   318.267s
1692000 +1.11335456e+02 +1.15051652e+02  3.72e+00   4.74e-04     1.99e-01   318.456s
1693000 +1.11336634e+02 +1.15051446e+02  3.71e+00   4.73e-04     2.00e-01   318.644s
1694000 +1.11337871e+02 +1.15051097e+02  3.71e+00   4.73e-04     2.01e-01   318.832s
1695000 +1.11339101e+02 +1.15050662e+02  3.71e+00   4.72e-04     2.02e-01   319.021s
1696000 +1.11340249e+02 +1.15050374e+02  3.71e+00   4.71e-04     2.03e-01   319.209s
1697000 +1.11341383e+02 +1.15050382e+02  3.71e+00   4.71e-04     2.04e-01   319.397s
1698000 +1.11342534e+02 +1.15050299e+02  3.71e+00   4.70e-04     2.05e-01   319.586s
1699000 +1.11343665e+02 +1.15050215e+02  3.71e+00   4.70e-04     2.06e-01   319.774s
1700000 +1.11344751e+02 +1.15049989e+02  3.71e+00   4.69e-04     2.06e-01   319.962s
1701000 +1.11345808e+02 +1.15049821e+02  3.70e+00   4.69e-04     2.07e-01   320.151s
1702000 +1.11346882e+02 +1.15049606e+02  3.70e+00   4.68e-04     2.08e-01   320.339s
1703000 +1.11347988e+02 +1.15049372e+02  3.70e+00   4.68e-04     2.09e-01   320.528s
1704000 +1.11349064e+02 +1.15049038e+02  3.70e+00   4.67e-04     2.10e-01   320.716s
1705000 +1.11350091e+02 +1.15048599e+02  3.70e+00   4.67e-04     2.11e-01   320.905s
1706000 +1.11350982e+02 +1.15048148e+02  3.70e+00   4.66e-04     2.12e-01   321.093s
1707000 +1.11351892e+02 +1.15047975e+02  3.70e+00   4.66e-04     2.13e-01   321.282s
1708000 +1.11352868e+02 +1.15048142e+02  3.70e+00   4.65e-04     2.14e-01   321.470s
1709000 +1.11353910e+02 +1.15048424e+02  3.69e+00   4.65e-04     2.15e-01   321.658s
1710000 +1.11354916e+02 +1.15048690e+02  3.69e+00   4.64e-04     2.15e-01   321.847s
1711000 +1.11355962e+02 +1.15049086e+02  3.69e+00   4.63e-04     2.16e-01   322.035s
1712000 +1.11356987e+02 +1.15049685e+02  3.69e+00   4.63e-04     2.17e-01   322.223s
1713000 +1.11358036e+02 +1.15050204e+02  3.69e+00   4.62e-04     2.18e-01   322.412s
1714000 +1.11359119e+02 +1.15050588e+02  3.69e+00   4.62e-04     2.19e-01   322.601s
1715000 +1.11360088e+02 +1.15050919e+02  3.69e+00   4.62e-04     2.19e-01   322.790s
1716000 +1.11361061e+02 +1.15051022e+02  3.69e+00   4.61e-04     2.20e-01   322.978s
1717000 +1.11362006e+02 +1.15051051e+02  3.69e+00   4.61e-04     2.20e-01   323.166s
1718000 +1.11362901e+02 +1.15051439e+02  3.69e+00   4.61e-04     2.21e-01   323.355s
1719000 +1.11363954e+02 +1.15052117e+02  3.69e+00   4.61e-04     2.21e-01   323.544s
1720000 +1.11364978e+02 +1.15052460e+02  3.69e+00   4.60e-04     2.22e-01   323.732s
1721000 +1.11365864e+02 +1.15053175e+02  3.69e+00   4.60e-04     2.22e-01   323.921s
1722000 +1.11366767e+02 +1.15053745e+02  3.69e+00   4.59e-04     2.23e-01   324.109s
1723000 +1.11367772e+02 +1.15054785e+02  3.69e+00   4.59e-04     2.24e-01   324.298s
1724000 +1.11368777e+02 +1.15056022e+02  3.69e+00   4.58e-04     2.24e-01   324.486s
1725000 +1.11369874e+02 +1.15057462e+02  3.69e+00   4.58e-04     2.25e-01   324.675s
1726000 +1.11370926e+02 +1.15059009e+02  3.69e+00   4.58e-04     2.26e-01   324.863s
1727000 +1.11372145e+02 +1.15060450e+02  3.69e+00   4.57e-04     2.26e-01   325.052s
1728000 +1.11373465e+02 +1.15061799e+02  3.69e+00   4.57e-04     2.27e-01   325.240s
1729000 +1.11374778e+02 +1.15062422e+02  3.69e+00   4.56e-04     2.27e-01   325.428s
1730000 +1.11376164e+02 +1.15062553e+02  3.69e+00   4.56e-04     2.28e-01   325.617s
1731000 +1.11377546e+02 +1.15063183e+02  3.69e+00   4.55e-04     2.29e-01   325.805s
1732000 +1.11378753e+02 +1.15063380e+02  3.68e+00   4.55e-04     2.29e-01   325.994s
1733000 +1.11379794e+02 +1.15064225e+02  3.68e+00   4.54e-04     2.30e-01   326.182s
1734000 +1.11380805e+02 +1.15065244e+02  3.68e+00   4.54e-04     2.30e-01   326.371s
1735000 +1.11381875e+02 +1.15066754e+02  3.68e+00   4.53e-04     2.31e-01   326.559s
1736000 +1.11382864e+02 +1.15068443e+02  3.69e+00   4.53e-04     2.31e-01   326.748s
1737000 +1.11384066e+02 +1.15070602e+02  3.69e+00   4.53e-04     2.32e-01   326.936s
1738000 +1.11385386e+02 +1.15072947e+02  3.69e+00   4.52e-04     2.32e-01   327.125s
1739000 +1.11386843e+02 +1.15075219e+02  3.69e+00   4.52e-04     2.32e-01   327.313s
1740000 +1.11388544e+02 +1.15077427e+02  3.69e+00   4.51e-04     2.33e-01   327.502s
1741000 +1.11390241e+02 +1.15079662e+02  3.69e+00   4.50e-04     2.33e-01   327.690s
1742000 +1.11391940e+02 +1.15081388e+02  3.69e+00   4.50e-04     2.34e-01   327.879s
1743000 +1.11393680e+02 +1.15083112e+02  3.69e+00   4.49e-04     2.34e-01   328.067s
1744000 +1.11395592e+02 +1.15084579e+02  3.69e+00   4.48e-04     2.34e-01   328.256s
1745000 +1.11397747e+02 +1.15085718e+02  3.69e+00   4.48e-04     2.35e-01   328.444s
1746000 +1.11399953e+02 +1.15087034e+02  3.69e+00   4.47e-04     2.35e-01   328.632s
1747000 +1.11402020e+02 +1.15088495e+02  3.69e+00   4.46e-04     2.35e-01   328.821s
1748000 +1.11404058e+02 +1.15090340e+02  3.69e+00   4.46e-04     2.36e-01   329.009s
1749000 +1.11406240e+02 +1.15092004e+02  3.69e+00   4.45e-04     2.36e-01   329.198s
1750000 +1.11408397e+02 +1.15093527e+02  3.69e+00   4.44e-04     2.37e-01   329.386s
1751000 +1.11410694e+02 +1.15095436e+02  3.68e+00   4.43e-04     2.37e-01   329.574s
1752000 +1.11412938e+02 +1.15096894e+02  3.68e+00   4.42e-04     2.38e-01   329.763s
1753000 +1.11415248e+02 +1.15098277e+02  3.68e+00   4.41e-04     2.38e-01   329.951s
1754000 +1.11417830e+02 +1.15098993e+02  3.68e+00   4.41e-04     2.38e-01   330.140s
1755000 +1.11420265e+02 +1.15100048e+02  3.68e+00   4.40e-04     2.39e-01   330.328s
1756000 +1.11422672e+02 +1.15100838e+02  3.68e+00   4.39e-04     2.39e-01   330.516s
1757000 +1.11424984e+02 +1.15101858e+02  3.68e+00   4.39e-04     2.40e-01   330.705s
1758000 +1.11427351e+02 +1.15102693e+02  3.68e+00   4.38e-04     2.40e-01   330.893s
1759000 +1.11429676e+02 +1.15103799e+02  3.67e+00   4.38e-04     2.40e-01   331.082s
1760000 +1.11431989e+02 +1.15105124e+02  3.67e+00   4.37e-04     2.40e-01   331.270s
1761000 +1.11434346e+02 +1.15106145e+02  3.67e+00   4.37e-04     2.40e-01   331.459s
1762000 +1.11436751e+02 +1.15106814e+02  3.67e+00   4.36e-04     2.40e-01   331.647s
1763000 +1.11438918e+02 +1.15107792e+02  3.67e+00   4.35e-04     2.41e-01   331.835s
1764000 +1.11441075e+02 +1.15108808e+02  3.67e+00   4.35e-04     2.41e-01   332.024s
1765000 +1.11443133e+02 +1.15108973e+02  3.67e+00   4.34e-04     2.41e-01   332.212s
1766000 +1.11445194e+02 +1.15109151e+02  3.66e+00   4.33e-04     2.41e-01   332.401s
1767000 +1.11447270e+02 +1.15109681e+02  3.66e+00   4.31e-04     2.41e-01   332.589s
1768000 +1.11449265e+02 +1.15110757e+02  3.66e+00   4.31e-04     2.41e-01   332.777s
1769000 +1.11451417e+02 +1.15112271e+02  3.66e+00   4.30e-04     2.41e-01   332.966s
1770000 +1.11453394e+02 +1.15113491e+02  3.66e+00   4.29e-04     2.41e-01   333.154s
1771000 +1.11455332e+02 +1.15115178e+02  3.66e+00   4.28e-04     2.41e-01   333.342s
1772000 +1.11457369e+02 +1.15117044e+02  3.66e+00   4.28e-04     2.41e-01   333.531s
1773000 +1.11459576e+02 +1.15119306e+02  3.66e+00   4.26e-04     2.42e-01   333.719s
1774000 +1.11461968e+02 +1.15121796e+02  3.66e+00   4.25e-04     2.42e-01   333.908s
1775000 +1.11464181e+02 +1.15123474e+02  3.66e+00   4.24e-04     2.42e-01   334.096s
1776000 +1.11466408e+02 +1.15124673e+02  3.66e+00   4.23e-04     2.42e-01   334.284s
1777000 +1.11468579e+02 +1.15125502e+02  3.66e+00   4.22e-04     2.42e-01   334.473s
1778000 +1.11470970e+02 +1.15126305e+02  3.66e+00   4.21e-04     2.42e-01   334.661s
1779000 +1.11473499e+02 +1.15127558e+02  3.65e+00   4.20e-04     2.42e-01   334.850s
1780000 +1.11475972e+02 +1.15128357e+02  3.65e+00   4.19e-04     2.42e-01   335.038s
1781000 +1.11478397e+02 +1.15128977e+02  3.65e+00   4.18e-04     2.42e-01   335.227s
1782000 +1.11480624e+02 +1.15129728e+02  3.65e+00   4.17e-04     2.42e-01   335.415s
1783000 +1.11482668e+02 +1.15130616e+02  3.65e+00   4.16e-04     2.42e-01   335.604s
1784000 +1.11484783e+02 +1.15131672e+02  3.65e+00   4.15e-04     2.42e-01   335.792s
1785000 +1.11486921e+02 +1.15133806e+02  3.65e+00   4.15e-04     2.42e-01   335.980s
1786000 +1.11489103e+02 +1.15136719e+02  3.65e+00   4.14e-04     2.42e-01   336.169s
1787000 +1.11491522e+02 +1.15139615e+02  3.65e+00   4.13e-04     2.42e-01   336.357s
1788000 +1.11493806e+02 +1.15141850e+02  3.65e+00   4.11e-04     2.43e-01   336.546s
1789000 +1.11496098e+02 +1.15143299e+02  3.65e+00   4.10e-04     2.43e-01   336.734s
1790000 +1.11498496e+02 +1.15145059e+02  3.65e+00   4.09e-04     2.43e-01   336.923s
1791000 +1.11500703e+02 +1.15146657e+02  3.65e+00   4.08e-04     2.43e-01   337.111s
1792000 +1.11502871e+02 +1.15148130e+02  3.65e+00   4.08e-04     2.44e-01   337.300s
1793000 +1.11504979e+02 +1.15150210e+02  3.65e+00   4.07e-04     2.44e-01   337.488s
1794000 +1.11506797e+02 +1.15151820e+02  3.65e+00   4.06e-04     2.44e-01   337.677s
1795000 +1.11508782e+02 +1.15153963e+02  3.65e+00   4.05e-04     2.44e-01   337.865s
1796000 +1.11511089e+02 +1.15155645e+02  3.64e+00   4.04e-04     2.44e-01   338.053s
1797000 +1.11513577e+02 +1.15157965e+02  3.64e+00   4.03e-04     2.44e-01   338.242s
1798000 +1.11516260e+02 +1.15160234e+02  3.64e+00   4.03e-04     2.44e-01   338.430s
1799000 +1.11518991e+02 +1.15162668e+02  3.64e+00   4.02e-04     2.44e-01   338.619s
1800000 +1.11521669e+02 +1.15163949e+02  3.64e+00   4.01e-04     2.44e-01   338.807s
1801000 +1.11524254e+02 +1.15165390e+02  3.64e+00   4.00e-04     2.45e-01   338.995s
1802000 +1.11526783e+02 +1.15166071e+02  3.64e+00   3.99e-04     2.45e-01   339.184s
1803000 +1.11529416e+02 +1.15166663e+02  3.64e+00   3.98e-04     2.45e-01   339.372s
1804000 +1.11531876e+02 +1.15167272e+02  3.64e+00   3.98e-04     2.45e-01   339.561s
1805000 +1.11534330e+02 +1.15167486e+02  3.63e+00   3.97e-04     2.45e-01   339.750s
1806000 +1.11536865e+02 +1.15167354e+02  3.63e+00   3.95e-04     2.45e-01   339.938s
1807000 +1.11539275e+02 +1.15167599e+02  3.63e+00   3.94e-04     2.45e-01   340.126s
1808000 +1.11541943e+02 +1.15167777e+02  3.63e+00   3.93e-04     2.46e-01   340.315s
1809000 +1.11544410e+02 +1.15168437e+02  3.62e+00   3.92e-04     2.46e-01   340.504s
1810000 +1.11546868e+02 +1.15169820e+02  3.62e+00   3.91e-04     2.46e-01   340.692s
1811000 +1.11549486e+02 +1.15170606e+02  3.62e+00   3.89e-04     2.46e-01   340.881s
1812000 +1.11552152e+02 +1.15171096e+02  3.62e+00   3.88e-04     2.46e-01   341.069s
1813000 +1.11554815e+02 +1.15171930e+02  3.62e+00   3.87e-04     2.46e-01   341.258s
1814000 +1.11557411e+02 +1.15172419e+02  3.62e+00   3.86e-04     2.46e-01   341.446s
1815000 +1.11560215e+02 +1.15173707e+02  3.61e+00   3.85e-04     2.47e-01   341.634s
1816000 +1.11562834e+02 +1.15174521e+02  3.61e+00   3.84e-04     2.47e-01   341.823s
1817000 +1.11565616e+02 +1.15175356e+02  3.61e+00   3.83e-04     2.47e-01   342.011s
1818000 +1.11568527e+02 +1.15176711e+02  3.61e+00   3.82e-04     2.47e-01   342.200s
1819000 +1.11571778e+02 +1.15177689e+02  3.61e+00   3.82e-04     2.47e-01   342.388s
1820000 +1.11575094e+02 +1.15178284e+02  3.60e+00   3.81e-04     2.47e-01   342.576s
1821000 +1.11578716e+02 +1.15179435e+02  3.60e+00   3.81e-04     2.47e-01   342.765s
1822000 +1.11582638e+02 +1.15180124e+02  3.60e+00   3.81e-04     2.47e-01   342.953s
1823000 +1.11586541e+02 +1.15180724e+02  3.59e+00   3.80e-04     2.47e-01   343.142s
1824000 +1.11590380e+02 +1.15181271e+02  3.59e+00   3.80e-04     2.47e-01   343.330s
1825000 +1.11594063e+02 +1.15181677e+02  3.59e+00   3.80e-04     2.48e-01   343.518s
1826000 +1.11597623e+02 +1.15181263e+02  3.58e+00   3.79e-04     2.47e-01   343.707s
1827000 +1.11601309e+02 +1.15182219e+02  3.58e+00   3.79e-04     2.47e-01   343.895s
1828000 +1.11605055e+02 +1.15182082e+02  3.58e+00   3.79e-04     2.47e-01   344.084s
1829000 +1.11608494e+02 +1.15182019e+02  3.57e+00   3.78e-04     2.47e-01   344.272s
1830000 +1.11611783e+02 +1.15182071e+02  3.57e+00   3.78e-04     2.47e-01   344.460s
1831000 +1.11614881e+02 +1.15182243e+02  3.57e+00   3.78e-04     2.47e-01   344.649s
1832000 +1.11618214e+02 +1.15181662e+02  3.56e+00   3.77e-04     2.47e-01   344.837s
1833000 +1.11621648e+02 +1.15181384e+02  3.56e+00   3.77e-04     2.47e-01   345.025s
1834000 +1.11624813e+02 +1.15180420e+02  3.56e+00   3.77e-04     2.47e-01   345.214s
1835000 +1.11627715e+02 +1.15179900e+02  3.55e+00   3.76e-04     2.47e-01   345.402s
1836000 +1.11630937e+02 +1.15179630e+02  3.55e+00   3.76e-04     2.47e-01   345.591s
1837000 +1.11634101e+02 +1.15179319e+02  3.55e+00   3.75e-04     2.47e-01   345.779s
1838000 +1.11637334e+02 +1.15179257e+02  3.54e+00   3.75e-04     2.47e-01   345.968s
1839000 +1.11640391e+02 +1.15180002e+02  3.54e+00   3.74e-04     2.46e-01   346.156s
1840000 +1.11643517e+02 +1.15180246e+02  3.54e+00   3.74e-04     2.46e-01   346.345s
1841000 +1.11646666e+02 +1.15181039e+02  3.53e+00   3.73e-04     2.46e-01   346.533s
1842000 +1.11650159e+02 +1.15182460e+02  3.53e+00   3.72e-04     2.46e-01   346.722s
1843000 +1.11653785e+02 +1.15183362e+02  3.53e+00   3.71e-04     2.45e-01   346.910s
1844000 +1.11657312e+02 +1.15184167e+02  3.53e+00   3.71e-04     2.46e-01   347.099s
1845000 +1.11660867e+02 +1.15185089e+02  3.52e+00   3.70e-04     2.45e-01   347.287s
1846000 +1.11664380e+02 +1.15185670e+02  3.52e+00   3.69e-04     2.45e-01   347.475s
1847000 +1.11667734e+02 +1.15186570e+02  3.52e+00   3.68e-04     2.45e-01   347.664s
1848000 +1.11671107e+02 +1.15188566e+02  3.52e+00   3.67e-04     2.45e-01   347.852s
1849000 +1.11674776e+02 +1.15189679e+02  3.51e+00   3.66e-04     2.44e-01   348.041s
1850000 +1.11678264e+02 +1.15190624e+02  3.51e+00   3.65e-04     2.44e-01   348.229s
1851000 +1.11681744e+02 +1.15192179e+02  3.51e+00   3.64e-04     2.44e-01   348.417s
1852000 +1.11685269e+02 +1.15193756e+02  3.51e+00   3.63e-04     2.43e-01   348.606s
1853000 +1.11688809e+02 +1.15195219e+02  3.51e+00   3.62e-04     2.43e-01   348.794s
1854000 +1.11692161e+02 +1.15197155e+02  3.50e+00   3.62e-04     2.43e-01   348.983s
1855000 +1.11695713e+02 +1.15199227e+02  3.50e+00   3.61e-04     2.42e-01   349.171s
1856000 +1.11699562e+02 +1.15200598e+02  3.50e+00   3.60e-04     2.42e-01   349.359s
1857000 +1.11703268e+02 +1.15201646e+02  3.50e+00   3.59e-04     2.42e-01   349.548s
1858000 +1.11706623e+02 +1.15203557e+02  3.50e+00   3.58e-04     2.41e-01   349.736s
1859000 +1.11710108e+02 +1.15205926e+02  3.50e+00   3.58e-04     2.41e-01   349.924s
1860000 +1.11713901e+02 +1.15207552e+02  3.49e+00   3.57e-04     2.40e-01   350.113s
1861000 +1.11717641e+02 +1.15208445e+02  3.49e+00   3.56e-04     2.40e-01   350.301s
1862000 +1.11721245e+02 +1.15209054e+02  3.49e+00   3.55e-04     2.39e-01   350.489s
1863000 +1.11724863e+02 +1.15211242e+02  3.49e+00   3.54e-04     2.39e-01   350.678s
1864000 +1.11728289e+02 +1.15212774e+02  3.48e+00   3.53e-04     2.39e-01   350.866s
1865000 +1.11731510e+02 +1.15214841e+02  3.48e+00   3.52e-04     2.38e-01   351.054s
1866000 +1.11734732e+02 +1.15215953e+02  3.48e+00   3.51e-04     2.38e-01   351.243s
1867000 +1.11738052e+02 +1.15217609e+02  3.48e+00   3.50e-04     2.37e-01   351.431s
1868000 +1.11741729e+02 +1.15219742e+02  3.48e+00   3.49e-04     2.37e-01   351.619s
1869000 +1.11745329e+02 +1.15222564e+02  3.48e+00   3.48e-04     2.37e-01   351.808s
1870000 +1.11749099e+02 +1.15223871e+02  3.47e+00   3.46e-04     2.37e-01   351.996s
1871000 +1.11753228e+02 +1.15223821e+02  3.47e+00   3.45e-04     2.36e-01   352.184s
1872000 +1.11757066e+02 +1.15223684e+02  3.47e+00   3.44e-04     2.36e-01   352.373s
1873000 +1.11760965e+02 +1.15223495e+02  3.46e+00   3.43e-04     2.35e-01   352.561s
1874000 +1.11764609e+02 +1.15223801e+02  3.46e+00   3.42e-04     2.35e-01   352.750s
1875000 +1.11768567e+02 +1.15225452e+02  3.46e+00   3.40e-04     2.36e-01   352.938s
1876000 +1.11772682e+02 +1.15226492e+02  3.45e+00   3.39e-04     2.35e-01   353.127s
1877000 +1.11776660e+02 +1.15227296e+02  3.45e+00   3.38e-04     2.35e-01   353.316s
1878000 +1.11780405e+02 +1.15228362e+02  3.45e+00   3.36e-04     2.35e-01   353.504s
1879000 +1.11784212e+02 +1.15229514e+02  3.45e+00   3.35e-04     2.34e-01   353.693s
1880000 +1.11787849e+02 +1.15230731e+02  3.44e+00   3.34e-04     2.34e-01   353.881s
1881000 +1.11791518e+02 +1.15231964e+02  3.44e+00   3.34e-04     2.34e-01   354.070s
1882000 +1.11795491e+02 +1.15234319e+02  3.44e+00   3.33e-04     2.34e-01   354.258s
1883000 +1.11799696e+02 +1.15235648e+02  3.44e+00   3.32e-04     2.34e-01   354.447s
1884000 +1.11804230e+02 +1.15239106e+02  3.43e+00   3.31e-04     2.34e-01   354.635s
1885000 +1.11809015e+02 +1.15241870e+02  3.43e+00   3.30e-04     2.34e-01   354.824s
1886000 +1.11813836e+02 +1.15243608e+02  3.43e+00   3.29e-04     2.33e-01   355.012s
1887000 +1.11818818e+02 +1.15245724e+02  3.43e+00   3.28e-04     2.33e-01   355.201s
1888000 +1.11823498e+02 +1.15247572e+02  3.42e+00   3.27e-04     2.33e-01   355.389s
1889000 +1.11828233e+02 +1.15249953e+02  3.42e+00   3.27e-04     2.32e-01   355.577s
1890000 +1.11832938e+02 +1.15251167e+02  3.42e+00   3.25e-04     2.32e-01   355.766s
1891000 +1.11837261e+02 +1.15252367e+02  3.42e+00   3.24e-04     2.32e-01   355.954s
1892000 +1.11841473e+02 +1.15252089e+02  3.41e+00   3.22e-04     2.32e-01   356.143s
1893000 +1.11845166e+02 +1.15252356e+02  3.41e+00   3.21e-04     2.31e-01   356.332s
1894000 +1.11848401e+02 +1.15253147e+02  3.40e+00   3.21e-04     2.31e-01   356.520s
1895000 +1.11851645e+02 +1.15255264e+02  3.40e+00   3.20e-04     2.31e-01   356.709s
1896000 +1.11855060e+02 +1.15257040e+02  3.40e+00   3.19e-04     2.30e-01   356.897s
1897000 +1.11858911e+02 +1.15259122e+02  3.40e+00   3.17e-04     2.30e-01   357.086s
1898000 +1.11863084e+02 +1.15260961e+02  3.40e+00   3.16e-04     2.30e-01   357.275s
1899000 +1.11867440e+02 +1.15262481e+02  3.40e+00   3.15e-04     2.29e-01   357.463s
1900000 +1.11871724e+02 +1.15263787e+02  3.39e+00   3.14e-04     2.30e-01   357.652s
1901000 +1.11875887e+02 +1.15265583e+02  3.39e+00   3.13e-04     2.29e-01   357.840s
1902000 +1.11880184e+02 +1.15266594e+02  3.39e+00   3.12e-04     2.29e-01   358.029s
1903000 +1.11884229e+02 +1.15267593e+02  3.38e+00   3.12e-04     2.29e-01   358.217s
1904000 +1.11888011e+02 +1.15269042e+02  3.38e+00   3.11e-04     2.28e-01   358.406s
1905000 +1.11891706e+02 +1.15270147e+02  3.38e+00   3.10e-04     2.28e-01   358.594s
1906000 +1.11895266e+02 +1.15271940e+02  3.38e+00   3.09e-04     2.28e-01   358.782s
1907000 +1.11899098e+02 +1.15274722e+02  3.38e+00   3.08e-04     2.28e-01   358.971s
1908000 +1.11902943e+02 +1.15276297e+02  3.37e+00   3.07e-04     2.27e-01   359.159s
1909000 +1.11907100e+02 +1.15278684e+02  3.37e+00   3.06e-04     2.27e-01   359.348s
1910000 +1.11911667e+02 +1.15280603e+02  3.37e+00   3.06e-04     2.27e-01   359.536s
1911000 +1.11916085e+02 +1.15281493e+02  3.37e+00   3.05e-04     2.26e-01   359.724s
1912000 +1.11920692e+02 +1.15281570e+02  3.36e+00   3.04e-04     2.26e-01   359.913s
1913000 +1.11924984e+02 +1.15281178e+02  3.36e+00   3.03e-04     2.26e-01   360.101s
1914000 +1.11929213e+02 +1.15280237e+02  3.35e+00   3.03e-04     2.25e-01   360.290s
1915000 +1.11933248e+02 +1.15280000e+02  3.35e+00   3.02e-04     2.25e-01   360.478s
1916000 +1.11937131e+02 +1.15279672e+02  3.34e+00   3.01e-04     2.25e-01   360.667s
1917000 +1.11940941e+02 +1.15278008e+02  3.34e+00   3.00e-04     2.24e-01   360.855s
1918000 +1.11944545e+02 +1.15277612e+02  3.33e+00   2.99e-04     2.24e-01   361.044s
1919000 +1.11948227e+02 +1.15277657e+02  3.33e+00   2.98e-04     2.24e-01   361.232s
1920000 +1.11951729e+02 +1.15278693e+02  3.33e+00   2.98e-04     2.24e-01   361.420s
1921000 +1.11955730e+02 +1.15280788e+02  3.33e+00   2.97e-04     2.23e-01   361.609s
1922000 +1.11959875e+02 +1.15281338e+02  3.32e+00   2.96e-04     2.23e-01   361.797s
1923000 +1.11964418e+02 +1.15280913e+02  3.32e+00   2.95e-04     2.22e-01   361.985s
1924000 +1.11968512e+02 +1.15280781e+02  3.31e+00   2.94e-04     2.21e-01   362.174s
1925000 +1.11972668e+02 +1.15281590e+02  3.31e+00   2.92e-04     2.21e-01   362.362s
1926000 +1.11976637e+02 +1.15281351e+02  3.30e+00   2.91e-04     2.21e-01   362.551s
1927000 +1.11980547e+02 +1.15282741e+02  3.30e+00   2.90e-04     2.21e-01   362.739s
1928000 +1.11984204e+02 +1.15283436e+02  3.30e+00   2.90e-04     2.20e-01   362.928s
1929000 +1.11988015e+02 +1.15285595e+02  3.30e+00   2.89e-04     2.20e-01   363.116s
1930000 +1.11992210e+02 +1.15286576e+02  3.29e+00   2.88e-04     2.20e-01   363.304s
1931000 +1.11996332e+02 +1.15287865e+02  3.29e+00   2.87e-04     2.20e-01   363.493s
1932000 +1.12000392e+02 +1.15288377e+02  3.29e+00   2.86e-04     2.20e-01   363.682s
1933000 +1.12003946e+02 +1.15289262e+02  3.29e+00   2.85e-04     2.19e-01   363.870s
1934000 +1.12007648e+02 +1.15290120e+02  3.28e+00   2.84e-04     2.19e-01   364.058s
1935000 +1.12011703e+02 +1.15289301e+02  3.28e+00   2.83e-04     2.19e-01   364.247s
1936000 +1.12015782e+02 +1.15289234e+02  3.27e+00   2.82e-04     2.18e-01   364.435s
1937000 +1.12019935e+02 +1.15289003e+02  3.27e+00   2.81e-04     2.18e-01   364.624s
1938000 +1.12023955e+02 +1.15287291e+02  3.26e+00   2.80e-04     2.18e-01   364.812s
1939000 +1.12027859e+02 +1.15287264e+02  3.26e+00   2.78e-04     2.17e-01   365.001s
1940000 +1.12031611e+02 +1.15286984e+02  3.26e+00   2.76e-04     2.17e-01   365.189s
1941000 +1.12035237e+02 +1.15286724e+02  3.25e+00   2.75e-04     2.17e-01   365.378s
1942000 +1.12038958e+02 +1.15286825e+02  3.25e+00   2.73e-04     2.17e-01   365.566s
1943000 +1.12042648e+02 +1.15287295e+02  3.24e+00   2.72e-04     2.16e-01   365.755s
1944000 +1.12046542e+02 +1.15288248e+02  3.24e+00   2.71e-04     2.16e-01   365.943s
1945000 +1.12050334e+02 +1.15290493e+02  3.24e+00   2.70e-04     2.16e-01   366.131s
1946000 +1.12054233e+02 +1.15291984e+02  3.24e+00   2.69e-04     2.16e-01   366.320s
1947000 +1.12057916e+02 +1.15292629e+02  3.23e+00   2.68e-04     2.15e-01   366.509s
1948000 +1.12061816e+02 +1.15293710e+02  3.23e+00   2.67e-04     2.15e-01   366.697s
1949000 +1.12065580e+02 +1.15295303e+02  3.23e+00   2.67e-04     2.15e-01   366.885s
1950000 +1.12069631e+02 +1.15296958e+02  3.23e+00   2.66e-04     2.14e-01   367.074s
1951000 +1.12073640e+02 +1.15298270e+02  3.22e+00   2.65e-04     2.14e-01   367.263s
1952000 +1.12077853e+02 +1.15298953e+02  3.22e+00   2.64e-04     2.14e-01   367.451s
1953000 +1.12081493e+02 +1.15299203e+02  3.22e+00   2.63e-04     2.14e-01   367.640s
1954000 +1.12084543e+02 +1.15301323e+02  3.22e+00   2.63e-04     2.14e-01   367.828s
1955000 +1.12088122e+02 +1.15302321e+02  3.21e+00   2.62e-04     2.14e-01   368.016s
1956000 +1.12091427e+02 +1.15302424e+02  3.21e+00   2.61e-04     2.14e-01   368.205s
1957000 +1.12094807e+02 +1.15302262e+02  3.21e+00   2.60e-04     2.14e-01   368.393s
1958000 +1.12098126e+02 +1.15301214e+02  3.20e+00   2.59e-04     2.13e-01   368.582s
1959000 +1.12101572e+02 +1.15300742e+02  3.20e+00   2.59e-04     2.13e-01   368.770s
1960000 +1.12105079e+02 +1.15301137e+02  3.20e+00   2.58e-04     2.13e-01   368.959s
1961000 +1.12108658e+02 +1.15301892e+02  3.19e+00   2.57e-04     2.13e-01   369.148s
1962000 +1.12112411e+02 +1.15302981e+02  3.19e+00   2.56e-04     2.13e-01   369.336s
1963000 +1.12116013e+02 +1.15303207e+02  3.19e+00   2.56e-04     2.13e-01   369.525s
1964000 +1.12119332e+02 +1.15302912e+02  3.18e+00   2.55e-04     2.09e-01   369.714s
1965000 +1.12120778e+02 +1.15303085e+02  3.18e+00   2.55e-04     2.11e-01   369.901s
1966000 +1.12122177e+02 +1.15304293e+02  3.18e+00   2.55e-04     2.12e-01   370.089s
1967000 +1.12123583e+02 +1.15305394e+02  3.18e+00   2.55e-04     2.14e-01   370.277s
1968000 +1.12125000e+02 +1.15306500e+02  3.18e+00   2.54e-04     2.15e-01   370.465s
1969000 +1.12126460e+02 +1.15308002e+02  3.18e+00   2.54e-04     2.17e-01   370.653s
1970000 +1.12128020e+02 +1.15310025e+02  3.18e+00   2.54e-04     2.18e-01   370.841s
1971000 +1.12129632e+02 +1.15311716e+02  3.18e+00   2.54e-04     2.20e-01   371.029s
1972000 +1.12131268e+02 +1.15313195e+02  3.18e+00   2.54e-04     2.21e-01   371.217s
1973000 +1.12132932e+02 +1.15314401e+02  3.18e+00   2.53e-04     2.23e-01   371.405s
1974000 +1.12134628e+02 +1.15315274e+02  3.18e+00   2.53e-04     2.24e-01   371.592s
1975000 +1.12136314e+02 +1.15315969e+02  3.18e+00   2.53e-04     2.25e-01   371.780s
1976000 +1.12137936e+02 +1.15316639e+02  3.18e+00   2.53e-04     2.27e-01   371.968s
1977000 +1.12139522e+02 +1.15316864e+02  3.18e+00   2.53e-04     2.28e-01   372.156s
1978000 +1.12141046e+02 +1.15317091e+02  3.18e+00   2.53e-04     2.29e-01   372.344s
1979000 +1.12142554e+02 +1.15317632e+02  3.18e+00   2.52e-04     2.31e-01   372.532s
1980000 +1.12144003e+02 +1.15318293e+02  3.17e+00   2.52e-04     2.32e-01   372.719s
1981000 +1.12145470e+02 +1.15319002e+02  3.17e+00   2.52e-04     2.33e-01   372.907s
1982000 +1.12146951e+02 +1.15319532e+02  3.17e+00   2.52e-04     2.35e-01   373.095s
1983000 +1.12148432e+02 +1.15320362e+02  3.17e+00   2.52e-04     2.36e-01   373.283s
1984000 +1.12149923e+02 +1.15321291e+02  3.17e+00   2.52e-04     2.38e-01   373.471s
1985000 +1.12151446e+02 +1.15322576e+02  3.17e+00   2.52e-04     2.39e-01   373.659s
1986000 +1.12153035e+02 +1.15323338e+02  3.17e+00   2.51e-04     2.40e-01   373.847s
1987000 +1.12154624e+02 +1.15323350e+02  3.17e+00   2.51e-04     2.41e-01   374.034s
1988000 +1.12156240e+02 +1.15322969e+02  3.17e+00   2.51e-04     2.43e-01   374.222s
1989000 +1.12157825e+02 +1.15322238e+02  3.16e+00   2.51e-04     2.44e-01   374.410s
1990000 +1.12159388e+02 +1.15322127e+02  3.16e+00   2.51e-04     2.45e-01   374.598s
1991000 +1.12160982e+02 +1.15321581e+02  3.16e+00   2.51e-04     2.47e-01   374.786s
1992000 +1.12162550e+02 +1.15321478e+02  3.16e+00   2.50e-04     2.48e-01   374.973s
1993000 +1.12164168e+02 +1.15321525e+02  3.16e+00   2.50e-04     2.49e-01   375.161s
1994000 +1.12165803e+02 +1.15322084e+02  3.16e+00   2.50e-04     2.51e-01   375.349s
1995000 +1.12167445e+02 +1.15322912e+02  3.16e+00   2.49e-04     2.52e-01   375.537s
1996000 +1.12169093e+02 +1.15323942e+02  3.15e+00   2.49e-04     2.53e-01   375.724s
1997000 +1.12170799e+02 +1.15325052e+02  3.15e+00   2.49e-04     2.55e-01   375.912s
1998000 +1.12172487e+02 +1.15325967e+02  3.15e+00   2.49e-04     2.56e-01   376.100s
1999000 +1.12174147e+02 +1.15326935e+02  3.15e+00   2.48e-04     2.57e-01   376.288s
2000000 +1.12175779e+02 +1.15327427e+02  3.15e+00   2.48e-04     2.59e-01   376.476s
2001000 +1.12177363e+02 +1.15327900e+02  3.15e+00   2.48e-04     2.60e-01   376.664s
2002000 +1.12178861e+02 +1.15327752e+02  3.15e+00   2.48e-04     2.61e-01   376.851s
2003000 +1.12180242e+02 +1.15328108e+02  3.15e+00   2.48e-04     2.63e-01   377.039s
2004000 +1.12181617e+02 +1.15328216e+02  3.15e+00   2.47e-04     2.64e-01   377.227s
2005000 +1.12182965e+02 +1.15328592e+02  3.15e+00   2.47e-04     2.65e-01   377.414s
2006000 +1.12184298e+02 +1.15329323e+02  3.15e+00   2.47e-04     2.67e-01   377.602s
2007000 +1.12185642e+02 +1.15329674e+02  3.14e+00   2.47e-04     2.68e-01   377.790s
2008000 +1.12186945e+02 +1.15329702e+02  3.14e+00   2.46e-04     2.70e-01   377.978s
2009000 +1.12188220e+02 +1.15329088e+02  3.14e+00   2.46e-04     2.71e-01   378.166s
2010000 +1.12189507e+02 +1.15328301e+02  3.14e+00   2.46e-04     2.72e-01   378.353s
2011000 +1.12190804e+02 +1.15327386e+02  3.14e+00   2.45e-04     2.74e-01   378.541s
2012000 +1.12192132e+02 +1.15326626e+02  3.13e+00   2.45e-04     2.75e-01   378.729s
2013000 +1.12193379e+02 +1.15326272e+02  3.13e+00   2.45e-04     2.76e-01   378.917s
2014000 +1.12194568e+02 +1.15326156e+02  3.13e+00   2.44e-04     2.78e-01   379.105s
2015000 +1.12195734e+02 +1.15326803e+02  3.13e+00   2.44e-04     2.79e-01   379.293s
2016000 +1.12196928e+02 +1.15328027e+02  3.13e+00   2.43e-04     2.81e-01   379.480s
2017000 +1.12198081e+02 +1.15329678e+02  3.13e+00   2.43e-04     2.82e-01   379.668s
2018000 +1.12199287e+02 +1.15331445e+02  3.13e+00   2.42e-04     2.84e-01   379.856s
2019000 +1.12200573e+02 +1.15333045e+02  3.13e+00   2.42e-04     2.86e-01   380.043s
2020000 +1.12201888e+02 +1.15334229e+02  3.13e+00   2.41e-04     2.87e-01   380.231s
2021000 +1.12203232e+02 +1.15335150e+02  3.13e+00   2.41e-04     2.89e-01   380.419s
2022000 +1.12204590e+02 +1.15335675e+02  3.13e+00   2.41e-04     2.91e-01   380.607s
2023000 +1.12205884e+02 +1.15335798e+02  3.13e+00   2.40e-04     2.93e-01   380.795s
2024000 +1.12207152e+02 +1.15335617e+02  3.13e+00   2.40e-04     2.94e-01   380.982s
2025000 +1.12208387e+02 +1.15335767e+02  3.13e+00   2.40e-04     2.96e-01   381.170s
2026000 +1.12209707e+02 +1.15336464e+02  3.13e+00   2.39e-04     2.98e-01   381.358s
2027000 +1.12210988e+02 +1.15336971e+02  3.13e+00   2.39e-04     3.00e-01   381.546s
2028000 +1.12212301e+02 +1.15337803e+02  3.13e+00   2.38e-04     3.01e-01   381.733s
2029000 +1.12213719e+02 +1.15338825e+02  3.13e+00   2.38e-04     3.03e-01   381.921s
2030000 +1.12215221e+02 +1.15339719e+02  3.12e+00   2.37e-04     3.05e-01   382.109s
2031000 +1.12216870e+02 +1.15340768e+02  3.12e+00   2.37e-04     3.06e-01   382.297s
2032000 +1.12218528e+02 +1.15342387e+02  3.12e+00   2.37e-04     3.08e-01   382.485s
2033000 +1.12220255e+02 +1.15344007e+02  3.12e+00   2.36e-04     3.10e-01   382.673s
2034000 +1.12222090e+02 +1.15345349e+02  3.12e+00   2.36e-04     3.11e-01   382.860s
2035000 +1.12223998e+02 +1.15346352e+02  3.12e+00   2.35e-04     3.13e-01   383.049s
2036000 +1.12225922e+02 +1.15346444e+02  3.12e+00   2.35e-04     3.15e-01   383.236s
2037000 +1.12227775e+02 +1.15346926e+02  3.12e+00   2.34e-04     3.16e-01   383.424s
2038000 +1.12229626e+02 +1.15348093e+02  3.12e+00   2.34e-04     3.18e-01   383.612s
2039000 +1.12231484e+02 +1.15349479e+02  3.12e+00   2.33e-04     3.19e-01   383.800s
2040000 +1.12233403e+02 +1.15351249e+02  3.12e+00   2.33e-04     3.20e-01   383.988s
2041000 +1.12235363e+02 +1.15353057e+02  3.12e+00   2.32e-04     3.22e-01   384.175s
2042000 +1.12237432e+02 +1.15354932e+02  3.12e+00   2.31e-04     3.23e-01   384.364s
2043000 +1.12239524e+02 +1.15356793e+02  3.12e+00   2.31e-04     3.25e-01   384.552s
2044000 +1.12241626e+02 +1.15358684e+02  3.12e+00   2.30e-04     3.26e-01   384.739s
2045000 +1.12243787e+02 +1.15359848e+02  3.12e+00   2.30e-04     3.28e-01   384.927s
2046000 +1.12245952e+02 +1.15360769e+02  3.11e+00   2.29e-04     3.29e-01   385.115s
2047000 +1.12248114e+02 +1.15361888e+02  3.11e+00   2.29e-04     3.30e-01   385.303s
2048000 +1.12250250e+02 +1.15362789e+02  3.11e+00   2.28e-04     3.32e-01   385.491s
2049000 +1.12252392e+02 +1.15363576e+02  3.11e+00   2.27e-04     3.33e-01   385.679s
2050000 +1.12254512e+02 +1.15363909e+02  3.11e+00   2.27e-04     3.34e-01   385.866s
2051000 +1.12256673e+02 +1.15364428e+02  3.11e+00   2.26e-04     3.35e-01   386.054s
2052000 +1.12258893e+02 +1.15365442e+02  3.11e+00   2.26e-04     3.37e-01   386.242s
2053000 +1.12261162e+02 +1.15366237e+02  3.11e+00   2.25e-04     3.38e-01   386.430s
2054000 +1.12263468e+02 +1.15366769e+02  3.10e+00   2.24e-04     3.39e-01   386.617s
2055000 +1.12265803e+02 +1.15367516e+02  3.10e+00   2.24e-04     3.41e-01   386.805s
2056000 +1.12268158e+02 +1.15368849e+02  3.10e+00   2.23e-04     3.42e-01   386.993s
2057000 +1.12270389e+02 +1.15369763e+02  3.10e+00   2.22e-04     3.43e-01   387.181s
2058000 +1.12272553e+02 +1.15370456e+02  3.10e+00   2.21e-04     3.45e-01   387.369s
2059000 +1.12274743e+02 +1.15370750e+02  3.10e+00   2.20e-04     3.46e-01   387.557s
2060000 +1.12276921e+02 +1.15371561e+02  3.09e+00   2.20e-04     3.47e-01   387.744s
2061000 +1.12279092e+02 +1.15373006e+02  3.09e+00   2.19e-04     3.48e-01   387.932s
2062000 +1.12281272e+02 +1.15374531e+02  3.09e+00   2.18e-04     3.50e-01   388.121s
2063000 +1.12283497e+02 +1.15375515e+02  3.09e+00   2.17e-04     3.51e-01   388.309s
2064000 +1.12285706e+02 +1.15375015e+02  3.09e+00   2.17e-04     3.52e-01   388.496s
2065000 +1.12287910e+02 +1.15374261e+02  3.09e+00   2.16e-04     3.53e-01   388.684s
2066000 +1.12290044e+02 +1.15372947e+02  3.08e+00   2.16e-04     3.54e-01   388.872s
2067000 +1.12292167e+02 +1.15371819e+02  3.08e+00   2.15e-04     3.54e-01   389.060s
2068000 +1.12294265e+02 +1.15370767e+02  3.08e+00   2.14e-04     3.55e-01   389.248s
2069000 +1.12296319e+02 +1.15370104e+02  3.07e+00   2.14e-04     3.57e-01   389.436s
2070000 +1.12298403e+02 +1.15370059e+02  3.07e+00   2.13e-04     3.58e-01   389.624s
2071000 +1.12300538e+02 +1.15370525e+02  3.07e+00   2.12e-04     3.58e-01   389.812s
2072000 +1.12302709e+02 +1.15369913e+02  3.07e+00   2.12e-04     3.59e-01   390.000s
2073000 +1.12304841e+02 +1.15368796e+02  3.06e+00   2.11e-04     3.60e-01   390.189s
2074000 +1.12307020e+02 +1.15368184e+02  3.06e+00   2.11e-04     3.61e-01   390.377s
2075000 +1.12309208e+02 +1.15366534e+02  3.06e+00   2.10e-04     3.62e-01   390.564s
2076000 +1.12311307e+02 +1.15365535e+02  3.05e+00   2.10e-04     3.63e-01   390.752s
2077000 +1.12313290e+02 +1.15363407e+02  3.05e+00   2.09e-04     3.64e-01   390.940s
2078000 +1.12315199e+02 +1.15361629e+02  3.05e+00   2.09e-04     3.65e-01   391.129s
2079000 +1.12317062e+02 +1.15360045e+02  3.04e+00   2.08e-04     3.66e-01   391.317s
2080000 +1.12318860e+02 +1.15357929e+02  3.04e+00   2.08e-04     3.66e-01   391.505s
2081000 +1.12320614e+02 +1.15355301e+02  3.03e+00   2.07e-04     3.67e-01   391.692s
2082000 +1.12322086e+02 +1.15352502e+02  3.03e+00   2.07e-04     3.68e-01   391.880s
2083000 +1.12323507e+02 +1.15350264e+02  3.03e+00   2.06e-04     3.69e-01   392.068s
2084000 +1.12324810e+02 +1.15348611e+02  3.02e+00   2.06e-04     3.70e-01   392.256s
2085000 +1.12326040e+02 +1.15347675e+02  3.02e+00   2.05e-04     3.71e-01   392.444s
2086000 +1.12327274e+02 +1.15347645e+02  3.02e+00   2.05e-04     3.71e-01   392.632s
2087000 +1.12328484e+02 +1.15347569e+02  3.02e+00   2.04e-04     3.72e-01   392.820s
2088000 +1.12329655e+02 +1.15347534e+02  3.02e+00   2.04e-04     3.73e-01   393.007s
2089000 +1.12330929e+02 +1.15346801e+02  3.02e+00   2.03e-04     3.74e-01   393.195s
2090000 +1.12332135e+02 +1.15346380e+02  3.01e+00   2.02e-04     3.74e-01   393.383s
2091000 +1.12333250e+02 +1.15345695e+02  3.01e+00   2.02e-04     3.75e-01   393.571s
2092000 +1.12334399e+02 +1.15345258e+02  3.01e+00   2.01e-04     3.75e-01   393.759s
2093000 +1.12335710e+02 +1.15344600e+02  3.01e+00   2.00e-04     3.76e-01   393.947s
2094000 +1.12337021e+02 +1.15343725e+02  3.01e+00   1.99e-04     3.76e-01   394.135s
2095000 +1.12338118e+02 +1.15342613e+02  3.00e+00   1.98e-04     3.77e-01   394.322s
2096000 +1.12338965e+02 +1.15342326e+02  3.00e+00   1.98e-04     3.77e-01   394.510s
2097000 +1.12339803e+02 +1.15343364e+02  3.00e+00   1.97e-04     3.78e-01   394.698s
2098000 +1.12340630e+02 +1.15345249e+02  3.00e+00   1.97e-04     3.78e-01   394.886s
2099000 +1.12341463e+02 +1.15347161e+02  3.01e+00   1.96e-04     3.79e-01   395.073s
2100000 +1.12342453e+02 +1.15350386e+02  3.01e+00   1.95e-04     3.79e-01   395.261s
2101000 +1.12343479e+02 +1.15352547e+02  3.01e+00   1.95e-04     3.80e-01   395.449s
2102000 +1.12344511e+02 +1.15354763e+02  3.01e+00   1.94e-04     3.81e-01   395.637s
2103000 +1.12345712e+02 +1.15355909e+02  3.01e+00   1.94e-04     3.81e-01   395.825s
2104000 +1.12346865e+02 +1.15356476e+02  3.01e+00   1.93e-04     3.82e-01   396.013s
2105000 +1.12347967e+02 +1.15356394e+02  3.01e+00   1.93e-04     3.82e-01   396.201s
2106000 +1.12348978e+02 +1.15355605e+02  3.01e+00   1.92e-04     3.83e-01   396.389s
2107000 +1.12350000e+02 +1.15354913e+02  3.00e+00   1.92e-04     3.84e-01   396.577s
2108000 +1.12351137e+02 +1.15355992e+02  3.00e+00   1.92e-04     3.84e-01   396.764s
2109000 +1.12352273e+02 +1.15357410e+02  3.01e+00   1.92e-04     3.85e-01   396.952s
2110000 +1.12353497e+02 +1.15359189e+02  3.01e+00   1.91e-04     3.85e-01   397.140s
2111000 +1.12354758e+02 +1.15360493e+02  3.01e+00   1.91e-04     3.86e-01   397.328s
2112000 +1.12355935e+02 +1.15360848e+02  3.00e+00   1.91e-04     3.86e-01   397.516s
2113000 +1.12357130e+02 +1.15361368e+02  3.00e+00   1.90e-04     3.86e-01   397.704s
2114000 +1.12358283e+02 +1.15361632e+02  3.00e+00   1.90e-04     3.87e-01   397.892s
2115000 +1.12359396e+02 +1.15360984e+02  3.00e+00   1.90e-04     3.87e-01   398.079s
2116000 +1.12360482e+02 +1.15361557e+02  3.00e+00   1.90e-04     3.88e-01   398.267s
2117000 +1.12361412e+02 +1.15361412e+02  3.00e+00   1.89e-04     3.89e-01   398.455s
2118000 +1.12362168e+02 +1.15362267e+02  3.00e+00   1.89e-04     3.89e-01   398.643s
2119000 +1.12362860e+02 +1.15361992e+02  3.00e+00   1.88e-04     3.90e-01   398.831s
2120000 +1.12363649e+02 +1.15362610e+02  3.00e+00   1.88e-04     3.90e-01   399.018s
2121000 +1.12364442e+02 +1.15364191e+02  3.00e+00   1.88e-04     3.91e-01   399.206s
2122000 +1.12365249e+02 +1.15364869e+02  3.00e+00   1.87e-04     3.91e-01   399.394s
2123000 +1.12366012e+02 +1.15365813e+02  3.00e+00   1.87e-04     3.91e-01   399.582s
2124000 +1.12366806e+02 +1.15365930e+02  3.00e+00   1.87e-04     3.91e-01   399.770s
2125000 +1.12367578e+02 +1.15366820e+02  3.00e+00   1.86e-04     3.91e-01   399.957s
2126000 +1.12368287e+02 +1.15367549e+02  3.00e+00   1.86e-04     3.92e-01   400.145s
2127000 +1.12368993e+02 +1.15368633e+02  3.00e+00   1.85e-04     3.92e-01   400.333s
2128000 +1.12369866e+02 +1.15371520e+02  3.00e+00   1.85e-04     3.92e-01   400.521s
2129000 +1.12370937e+02 +1.15374188e+02  3.00e+00   1.85e-04     3.92e-01   400.709s
2130000 +1.12371923e+02 +1.15376232e+02  3.00e+00   1.85e-04     3.92e-01   400.896s
2131000 +1.12373124e+02 +1.15378045e+02  3.00e+00   1.85e-04     3.92e-01   401.084s
2132000 +1.12374560e+02 +1.15378628e+02  3.00e+00   1.85e-04     3.91e-01   401.272s
2133000 +1.12375872e+02 +1.15377871e+02  3.00e+00   1.85e-04     3.91e-01   401.460s
2134000 +1.12377078e+02 +1.15376199e+02  3.00e+00   1.84e-04     3.91e-01   401.648s
2135000 +1.12378109e+02 +1.15375865e+02  3.00e+00   1.84e-04     3.91e-01   401.836s
2136000 +1.12379333e+02 +1.15374898e+02  3.00e+00   1.84e-04     3.91e-01   402.024s
2137000 +1.12380446e+02 +1.15374671e+02  2.99e+00   1.84e-04     3.92e-01   402.212s
2138000 +1.12381496e+02 +1.15376802e+02  3.00e+00   1.83e-04     3.92e-01   402.399s
2139000 +1.12382595e+02 +1.15377129e+02  2.99e+00   1.83e-04     3.92e-01   402.587s
2140000 +1.12383723e+02 +1.15379923e+02  3.00e+00   1.83e-04     3.92e-01   402.775s
2141000 +1.12384902e+02 +1.15380788e+02  3.00e+00   1.83e-04     3.93e-01   402.963s
2142000 +1.12386068e+02 +1.15383423e+02  3.00e+00   1.83e-04     3.93e-01   403.150s
2143000 +1.12387218e+02 +1.15384962e+02  3.00e+00   1.83e-04     3.92e-01   403.338s
2144000 +1.12388337e+02 +1.15386052e+02  3.00e+00   1.83e-04     3.93e-01   403.526s
2145000 +1.12389318e+02 +1.15387942e+02  3.00e+00   1.84e-04     3.93e-01   403.714s
2146000 +1.12390214e+02 +1.15390621e+02  3.00e+00   1.84e-04     3.94e-01   403.901s
2147000 +1.12391181e+02 +1.15393194e+02  3.00e+00   1.84e-04     3.94e-01   404.089s
2148000 +1.12392366e+02 +1.15397708e+02  3.01e+00   1.84e-04     3.94e-01   404.277s
2149000 +1.12393515e+02 +1.15400649e+02  3.01e+00   1.83e-04     3.94e-01   404.465s
2150000 +1.12394589e+02 +1.15405096e+02  3.01e+00   1.83e-04     3.93e-01   404.653s
2151000 +1.12395755e+02 +1.15409004e+02  3.01e+00   1.83e-04     3.93e-01   404.841s
2152000 +1.12397131e+02 +1.15414351e+02  3.02e+00   1.83e-04     3.93e-01   405.028s
2153000 +1.12398485e+02 +1.15417976e+02  3.02e+00   1.83e-04     3.94e-01   405.216s
2154000 +1.12399759e+02 +1.15421002e+02  3.02e+00   1.83e-04     3.94e-01   405.404s
2155000 +1.12401113e+02 +1.15423524e+02  3.02e+00   1.83e-04     3.94e-01   405.592s
2156000 +1.12402470e+02 +1.15427830e+02  3.03e+00   1.83e-04     3.94e-01   405.780s
2157000 +1.12404068e+02 +1.15430183e+02  3.03e+00   1.83e-04     3.95e-01   405.968s
2158000 +1.12405601e+02 +1.15433720e+02  3.03e+00   1.83e-04     3.95e-01   406.156s
2159000 +1.12407121e+02 +1.15436443e+02  3.03e+00   1.83e-04     3.95e-01   406.343s
2160000 +1.12408756e+02 +1.15438192e+02  3.03e+00   1.83e-04     3.96e-01   406.531s
2161000 +1.12410195e+02 +1.15439315e+02  3.03e+00   1.83e-04     3.96e-01   406.719s
2162000 +1.12411685e+02 +1.15441553e+02  3.03e+00   1.83e-04     3.96e-01   406.907s
2163000 +1.12413102e+02 +1.15442198e+02  3.03e+00   1.83e-04     3.96e-01   407.095s
2164000 +1.12414411e+02 +1.15442815e+02  3.03e+00   1.83e-04     3.96e-01   407.282s
2165000 +1.12415614e+02 +1.15442757e+02  3.03e+00   1.83e-04     3.97e-01   407.470s
2166000 +1.12416862e+02 +1.15444879e+02  3.03e+00   1.83e-04     3.96e-01   407.658s
2167000 +1.12418243e+02 +1.15445679e+02  3.03e+00   1.83e-04     3.97e-01   407.846s
2168000 +1.12419596e+02 +1.15448065e+02  3.03e+00   1.83e-04     3.97e-01   408.034s
2169000 +1.12420832e+02 +1.15451328e+02  3.03e+00   1.82e-04     3.97e-01   408.222s
2170000 +1.12421848e+02 +1.15454771e+02  3.03e+00   1.82e-04     3.97e-01   408.410s
2171000 +1.12423075e+02 +1.15456838e+02  3.03e+00   1.82e-04     3.97e-01   408.598s
2172000 +1.12424339e+02 +1.15460352e+02  3.04e+00   1.82e-04     3.97e-01   408.785s
2173000 +1.12425841e+02 +1.15463728e+02  3.04e+00   1.81e-04     3.97e-01   408.973s
2174000 +1.12427623e+02 +1.15467094e+02  3.04e+00   1.81e-04     3.98e-01   409.161s
2175000 +1.12429464e+02 +1.15471120e+02  3.04e+00   1.81e-04     3.98e-01   409.349s
2176000 +1.12431155e+02 +1.15472775e+02  3.04e+00   1.81e-04     3.98e-01   409.537s
2177000 +1.12432667e+02 +1.15473537e+02  3.04e+00   1.80e-04     3.98e-01   409.725s
2178000 +1.12434202e+02 +1.15474636e+02  3.04e+00   1.80e-04     3.98e-01   409.912s
2179000 +1.12435647e+02 +1.15475752e+02  3.04e+00   1.80e-04     3.98e-01   410.100s
2180000 +1.12437023e+02 +1.15478860e+02  3.04e+00   1.80e-04     3.98e-01   410.288s
2181000 +1.12438510e+02 +1.15481148e+02  3.04e+00   1.79e-04     3.99e-01   410.475s
2182000 +1.12439949e+02 +1.15484512e+02  3.04e+00   1.79e-04     3.98e-01   410.663s
2183000 +1.12441219e+02 +1.15486262e+02  3.05e+00   1.79e-04     3.99e-01   410.851s
2184000 +1.12442508e+02 +1.15489988e+02  3.05e+00   1.78e-04     3.99e-01   411.039s
2185000 +1.12443792e+02 +1.15492423e+02  3.05e+00   1.78e-04     4.00e-01   411.226s
2186000 +1.12445052e+02 +1.15495170e+02  3.05e+00   1.78e-04     4.00e-01   411.414s
2187000 +1.12446278e+02 +1.15497720e+02  3.05e+00   1.78e-04     4.00e-01   411.602s
2188000 +1.12447489e+02 +1.15499793e+02  3.05e+00   1.77e-04     4.00e-01   411.790s
2189000 +1.12448876e+02 +1.15501488e+02  3.05e+00   1.77e-04     4.01e-01   411.977s
2190000 +1.12450369e+02 +1.15503213e+02  3.05e+00   1.77e-04     4.01e-01   412.165s
2191000 +1.12451913e+02 +1.15504426e+02  3.05e+00   1.77e-04     4.01e-01   412.353s
2192000 +1.12453372e+02 +1.15505429e+02  3.05e+00   1.76e-04     4.02e-01   412.540s
2193000 +1.12454865e+02 +1.15507861e+02  3.05e+00   1.76e-04     4.00e-01   412.728s
2194000 +1.12456532e+02 +1.15511665e+02  3.06e+00   1.76e-04     4.01e-01   412.916s
2195000 +1.12458271e+02 +1.15513846e+02  3.06e+00   1.76e-04     4.00e-01   413.104s
2196000 +1.12460169e+02 +1.15517242e+02  3.06e+00   1.75e-04     4.00e-01   413.291s
2197000 +1.12462010e+02 +1.15519918e+02  3.06e+00   1.75e-04     4.01e-01   413.479s
2198000 +1.12463861e+02 +1.15521725e+02  3.06e+00   1.75e-04     4.01e-01   413.667s
2199000 +1.12465705e+02 +1.15524380e+02  3.06e+00   1.75e-04     4.01e-01   413.855s
2200000 +1.12467385e+02 +1.15525383e+02  3.06e+00   1.75e-04     4.02e-01   414.043s
2201000 +1.12468975e+02 +1.15526457e+02  3.06e+00   1.75e-04     4.02e-01   414.231s
2202000 +1.12470747e+02 +1.15528086e+02  3.06e+00   1.75e-04     4.01e-01   414.418s
2203000 +1.12472506e+02 +1.15528559e+02  3.06e+00   1.75e-04     4.01e-01   414.606s
2204000 +1.12474150e+02 +1.15529007e+02  3.05e+00   1.75e-04     4.02e-01   414.794s
2205000 +1.12475939e+02 +1.15529627e+02  3.05e+00   1.74e-04     4.02e-01   414.982s
2206000 +1.12477654e+02 +1.15529158e+02  3.05e+00   1.74e-04     4.02e-01   415.170s
2207000 +1.12479307e+02 +1.15529493e+02  3.05e+00   1.74e-04     4.03e-01   415.358s
2208000 +1.12481024e+02 +1.15532148e+02  3.05e+00   1.73e-04     4.03e-01   415.546s
2209000 +1.12482903e+02 +1.15533750e+02  3.05e+00   1.73e-04     4.03e-01   415.734s
2210000 +1.12484767e+02 +1.15535974e+02  3.05e+00   1.72e-04     4.03e-01   415.922s
2211000 +1.12486588e+02 +1.15536436e+02  3.05e+00   1.72e-04     4.03e-01   416.110s
2212000 +1.12488558e+02 +1.15537230e+02  3.05e+00   1.72e-04     4.04e-01   416.298s
2213000 +1.12490468e+02 +1.15537301e+02  3.05e+00   1.72e-04     4.04e-01   416.486s
2214000 +1.12492388e+02 +1.15538481e+02  3.05e+00   1.71e-04     4.05e-01   416.674s
2215000 +1.12494243e+02 +1.15539038e+02  3.04e+00   1.71e-04     4.05e-01   416.862s
2216000 +1.12496035e+02 +1.15539617e+02  3.04e+00   1.71e-04     4.05e-01   417.050s
2217000 +1.12497795e+02 +1.15540355e+02  3.04e+00   1.71e-04     4.06e-01   417.238s
2218000 +1.12499503e+02 +1.15542061e+02  3.04e+00   1.70e-04     4.07e-01   417.426s
2219000 +1.12501226e+02 +1.15543103e+02  3.04e+00   1.70e-04     4.07e-01   417.614s
2220000 +1.12503039e+02 +1.15544922e+02  3.04e+00   1.69e-04     4.07e-01   417.802s
2221000 +1.12505004e+02 +1.15548232e+02  3.04e+00   1.69e-04     4.08e-01   417.990s
2222000 +1.12507049e+02 +1.15550038e+02  3.04e+00   1.69e-04     4.08e-01   418.178s
2223000 +1.12508952e+02 +1.15553720e+02  3.04e+00   1.68e-04     4.09e-01   418.366s
2224000 +1.12510869e+02 +1.15555182e+02  3.04e+00   1.67e-04     4.09e-01   418.554s
2225000 +1.12512889e+02 +1.15556668e+02  3.04e+00   1.67e-04     4.10e-01   418.742s
2226000 +1.12514794e+02 +1.15558258e+02  3.04e+00   1.67e-04     4.10e-01   418.929s
2227000 +1.12516701e+02 +1.15560755e+02  3.04e+00   1.66e-04     4.11e-01   419.117s
2228000 +1.12518725e+02 +1.15564104e+02  3.05e+00   1.66e-04     4.11e-01   419.305s
2229000 +1.12520855e+02 +1.15566434e+02  3.05e+00   1.65e-04     4.12e-01   419.493s
2230000 +1.12522984e+02 +1.15568134e+02  3.05e+00   1.65e-04     4.12e-01   419.681s
2231000 +1.12525016e+02 +1.15568873e+02  3.04e+00   1.65e-04     4.13e-01   419.869s
2232000 +1.12526966e+02 +1.15570719e+02  3.04e+00   1.64e-04     4.12e-01   420.057s
2233000 +1.12528925e+02 +1.15571017e+02  3.04e+00   1.64e-04     4.12e-01   420.245s
2234000 +1.12530888e+02 +1.15570828e+02  3.04e+00   1.63e-04     4.13e-01   420.433s
2235000 +1.12532802e+02 +1.15570176e+02  3.04e+00   1.63e-04     4.13e-01   420.621s
2236000 +1.12534616e+02 +1.15571573e+02  3.04e+00   1.62e-04     4.13e-01   420.808s
2237000 +1.12536400e+02 +1.15571547e+02  3.04e+00   1.62e-04     4.14e-01   420.996s
2238000 +1.12537954e+02 +1.15572136e+02  3.03e+00   1.61e-04     4.14e-01   421.184s
2239000 +1.12539456e+02 +1.15570253e+02  3.03e+00   1.61e-04     4.14e-01   421.372s
2240000 +1.12540817e+02 +1.15567529e+02  3.03e+00   1.60e-04     4.14e-01   421.560s
2241000 +1.12541997e+02 +1.15566089e+02  3.02e+00   1.60e-04     4.15e-01   421.747s
2242000 +1.12542897e+02 +1.15565507e+02  3.02e+00   1.59e-04     4.15e-01   421.935s
2243000 +1.12543527e+02 +1.15565839e+02  3.02e+00   1.59e-04     4.15e-01   422.123s
2244000 +1.12544322e+02 +1.15566958e+02  3.02e+00   1.58e-04     4.16e-01   422.311s
2245000 +1.12545177e+02 +1.15569686e+02  3.02e+00   1.58e-04     4.16e-01   422.499s
2246000 +1.12546195e+02 +1.15571592e+02  3.03e+00   1.58e-04     4.17e-01   422.686s
2247000 +1.12547207e+02 +1.15573693e+02  3.03e+00   1.57e-04     4.17e-01   422.874s
2248000 +1.12548089e+02 +1.15574353e+02  3.03e+00   1.57e-04     4.18e-01   423.062s
2249000 +1.12548924e+02 +1.15573007e+02  3.02e+00   1.57e-04     4.18e-01   423.250s
2250000 +1.12549802e+02 +1.15570471e+02  3.02e+00   1.56e-04     4.18e-01   423.438s
2251000 +1.12550640e+02 +1.15569321e+02  3.02e+00   1.56e-04     4.18e-01   423.626s
2252000 +1.12551574e+02 +1.15567314e+02  3.02e+00   1.55e-04     4.19e-01   423.813s
2253000 +1.12552475e+02 +1.15566023e+02  3.01e+00   1.55e-04     4.19e-01   424.001s
2254000 +1.12553310e+02 +1.15565504e+02  3.01e+00   1.54e-04     4.20e-01   424.189s
2255000 +1.12554519e+02 +1.15564456e+02  3.01e+00   1.54e-04     4.20e-01   424.377s
2256000 +1.12555655e+02 +1.15565573e+02  3.01e+00   1.53e-04     4.20e-01   424.565s
2257000 +1.12556910e+02 +1.15566467e+02  3.01e+00   1.53e-04     4.20e-01   424.753s
2258000 +1.12557923e+02 +1.15568230e+02  3.01e+00   1.52e-04     4.20e-01   424.941s
2259000 +1.12558993e+02 +1.15569464e+02  3.01e+00   1.52e-04     4.21e-01   425.129s
2260000 +1.12560270e+02 +1.15568777e+02  3.01e+00   1.52e-04     4.20e-01   425.317s
2261000 +1.12561297e+02 +1.15567885e+02  3.01e+00   1.51e-04     4.21e-01   425.504s
2262000 +1.12562370e+02 +1.15567142e+02  3.00e+00   1.51e-04     4.21e-01   425.693s
2263000 +1.12563461e+02 +1.15566470e+02  3.00e+00   1.51e-04     4.21e-01   425.881s
2264000 +1.12564545e+02 +1.15566239e+02  3.00e+00   1.50e-04     4.22e-01   426.069s
2265000 +1.12565603e+02 +1.15565983e+02  3.00e+00   1.50e-04     4.22e-01   426.257s
2266000 +1.12566639e+02 +1.15565863e+02  3.00e+00   1.50e-04     4.22e-01   426.445s
2267000 +1.12567658e+02 +1.15567457e+02  3.00e+00   1.50e-04     4.22e-01   426.632s
2268000 +1.12568801e+02 +1.15568861e+02  3.00e+00   1.50e-04     4.22e-01   426.821s
2269000 +1.12570084e+02 +1.15570225e+02  3.00e+00   1.50e-04     4.22e-01   427.008s
2270000 +1.12571395e+02 +1.15571031e+02  3.00e+00   1.50e-04     4.22e-01   427.196s
2271000 +1.12572896e+02 +1.15571558e+02  3.00e+00   1.50e-04     4.21e-01   427.384s
2272000 +1.12574354e+02 +1.15572515e+02  3.00e+00   1.50e-04     4.21e-01   427.572s
2273000 +1.12575607e+02 +1.15572993e+02  3.00e+00   1.50e-04     4.21e-01   427.760s
2274000 +1.12576739e+02 +1.15572989e+02  3.00e+00   1.50e-04     4.21e-01   427.947s
2275000 +1.12577819e+02 +1.15573384e+02  3.00e+00   1.50e-04     4.20e-01   428.135s
2276000 +1.12578917e+02 +1.15575306e+02  3.00e+00   1.51e-04     4.20e-01   428.323s
2277000 +1.12579922e+02 +1.15579663e+02  3.00e+00   1.51e-04     4.20e-01   428.511s
2278000 +1.12581042e+02 +1.15582066e+02  3.00e+00   1.51e-04     4.20e-01   428.699s
2279000 +1.12582158e+02 +1.15583006e+02  3.00e+00   1.51e-04     4.21e-01   428.887s
2280000 +1.12583356e+02 +1.15584794e+02  3.00e+00   1.50e-04     4.20e-01   429.075s
2281000 +1.12584585e+02 +1.15583816e+02  3.00e+00   1.50e-04     4.20e-01   429.263s
2282000 +1.12585828e+02 +1.15586170e+02  3.00e+00   1.50e-04     4.20e-01   429.451s
2283000 +1.12587260e+02 +1.15586354e+02  3.00e+00   1.50e-04     4.20e-01   429.638s
2284000 +1.12588737e+02 +1.15586737e+02  3.00e+00   1.50e-04     4.19e-01   429.826s
2285000 +1.12590283e+02 +1.15588537e+02  3.00e+00   1.50e-04     4.19e-01   430.014s
2286000 +1.12591776e+02 +1.15588741e+02  3.00e+00   1.50e-04     4.19e-01   430.202s
2287000 +1.12593089e+02 +1.15590583e+02  3.00e+00   1.50e-04     4.19e-01   430.390s
2288000 +1.12594426e+02 +1.15590060e+02  3.00e+00   1.49e-04     4.20e-01   430.578s
2289000 +1.12595964e+02 +1.15590843e+02  2.99e+00   1.49e-04     4.20e-01   430.766s
2290000 +1.12597368e+02 +1.15589694e+02  2.99e+00   1.49e-04     4.19e-01   430.953s
2291000 +1.12598635e+02 +1.15589750e+02  2.99e+00   1.49e-04     4.20e-01   431.141s
2292000 +1.12599910e+02 +1.15589605e+02  2.99e+00   1.49e-04     4.20e-01   431.329s
2293000 +1.12601390e+02 +1.15592051e+02  2.99e+00   1.49e-04     4.20e-01   431.517s
2294000 +1.12603185e+02 +1.15593070e+02  2.99e+00   1.49e-04     4.20e-01   431.705s
2295000 +1.12604965e+02 +1.15594756e+02  2.99e+00   1.49e-04     4.19e-01   431.893s
2296000 +1.12606608e+02 +1.15595306e+02  2.99e+00   1.49e-04     4.19e-01   432.080s
2297000 +1.12608012e+02 +1.15595994e+02  2.99e+00   1.49e-04     4.19e-01   432.269s
2298000 +1.12609183e+02 +1.15596530e+02  2.99e+00   1.49e-04     4.18e-01   432.457s
2299000 +1.12610522e+02 +1.15597644e+02  2.99e+00   1.49e-04     4.18e-01   432.645s
2300000 +1.12612058e+02 +1.15599377e+02  2.99e+00   1.49e-04     4.18e-01   432.832s
2301000 +1.12613538e+02 +1.15599993e+02  2.99e+00   1.49e-04     4.18e-01   433.020s
2302000 +1.12614973e+02 +1.15602516e+02  2.99e+00   1.49e-04     4.18e-01   433.208s
2303000 +1.12616401e+02 +1.15601761e+02  2.99e+00   1.49e-04     4.19e-01   433.396s
2304000 +1.12618002e+02 +1.15603452e+02  2.99e+00   1.49e-04     4.18e-01   433.584s
2305000 +1.12619419e+02 +1.15601932e+02  2.98e+00   1.49e-04     4.17e-01   433.772s
2306000 +1.12620564e+02 +1.15601908e+02  2.98e+00   1.49e-04     4.17e-01   433.959s
2307000 +1.12621506e+02 +1.15601033e+02  2.98e+00   1.48e-04     4.17e-01   434.147s
2308000 +1.12622344e+02 +1.15599243e+02  2.98e+00   1.48e-04     4.17e-01   434.335s
2309000 +1.12623083e+02 +1.15599385e+02  2.98e+00   1.48e-04     4.16e-01   434.523s
2310000 +1.12623937e+02 +1.15600939e+02  2.98e+00   1.48e-04     4.16e-01   434.711s
2311000 +1.12624731e+02 +1.15602659e+02  2.98e+00   1.48e-04     4.16e-01   434.899s
2312000 +1.12625276e+02 +1.15605233e+02  2.98e+00   1.48e-04     4.16e-01   435.086s
2313000 +1.12626125e+02 +1.15607281e+02  2.98e+00   1.48e-04     4.16e-01   435.274s
2314000 +1.12626762e+02 +1.15609230e+02  2.98e+00   1.48e-04     4.16e-01   435.462s
2315000 +1.12627158e+02 +1.15610349e+02  2.98e+00   1.48e-04     4.16e-01   435.650s
2316000 +1.12627428e+02 +1.15612404e+02  2.98e+00   1.48e-04     4.16e-01   435.838s
2317000 +1.12627613e+02 +1.15615602e+02  2.99e+00   1.48e-04     4.15e-01   436.025s
2318000 +1.12627820e+02 +1.15616907e+02  2.99e+00   1.48e-04     4.15e-01   436.213s
2319000 +1.12627906e+02 +1.15617892e+02  2.99e+00   1.49e-04     4.16e-01   436.401s
2320000 +1.12627965e+02 +1.15619876e+02  2.99e+00   1.49e-04     4.15e-01   436.589s
2321000 +1.12628022e+02 +1.15622075e+02  2.99e+00   1.49e-04     4.15e-01   436.777s
2322000 +1.12628149e+02 +1.15625641e+02  3.00e+00   1.49e-04     4.15e-01   436.964s
2323000 +1.12628355e+02 +1.15628008e+02  3.00e+00   1.49e-04     4.15e-01   437.152s
2324000 +1.12628598e+02 +1.15632002e+02  3.00e+00   1.49e-04     4.15e-01   437.340s
2325000 +1.12629055e+02 +1.15633716e+02  3.00e+00   1.49e-04     4.15e-01   437.528s
2326000 +1.12629363e+02 +1.15637012e+02  3.01e+00   1.49e-04     4.15e-01   437.715s
2327000 +1.12629634e+02 +1.15641492e+02  3.01e+00   1.49e-04     4.15e-01   437.903s
2328000 +1.12629965e+02 +1.15644708e+02  3.01e+00   1.49e-04     4.15e-01   438.091s
2329000 +1.12630292e+02 +1.15649269e+02  3.02e+00   1.49e-04     4.15e-01   438.279s
2330000 +1.12630868e+02 +1.15653866e+02  3.02e+00   1.49e-04     4.15e-01   438.466s
2331000 +1.12631588e+02 +1.15655781e+02  3.02e+00   1.49e-04     4.15e-01   438.654s
2332000 +1.12632213e+02 +1.15656078e+02  3.02e+00   1.49e-04     4.14e-01   438.842s
2333000 +1.12632812e+02 +1.15657987e+02  3.03e+00   1.49e-04     4.14e-01   439.030s
2334000 +1.12633096e+02 +1.15659154e+02  3.03e+00   1.49e-04     4.14e-01   439.218s
2335000 +1.12633415e+02 +1.15660678e+02  3.03e+00   1.48e-04     4.14e-01   439.405s
2336000 +1.12633830e+02 +1.15663604e+02  3.03e+00   1.48e-04     4.13e-01   439.593s
2337000 +1.12634194e+02 +1.15667736e+02  3.03e+00   1.48e-04     4.13e-01   439.781s
2338000 +1.12634877e+02 +1.15672757e+02  3.04e+00   1.48e-04     4.13e-01   439.969s
2339000 +1.12635371e+02 +1.15676548e+02  3.04e+00   1.48e-04     4.11e-01   440.157s
2340000 +1.12635801e+02 +1.15680777e+02  3.04e+00   1.48e-04     4.11e-01   440.345s
2341000 +1.12636374e+02 +1.15681963e+02  3.05e+00   1.48e-04     4.11e-01   440.532s
2342000 +1.12636962e+02 +1.15684428e+02  3.05e+00   1.47e-04     4.10e-01   440.720s
2343000 +1.12637426e+02 +1.15685754e+02  3.05e+00   1.48e-04     4.10e-01   440.908s
2344000 +1.12637956e+02 +1.15687990e+02  3.05e+00   1.47e-04     4.10e-01   441.096s
2345000 +1.12638593e+02 +1.15689110e+02  3.05e+00   1.47e-04     4.09e-01   441.284s
2346000 +1.12639219e+02 +1.15691116e+02  3.05e+00   1.46e-04     4.08e-01   441.472s
2347000 +1.12639987e+02 +1.15694192e+02  3.05e+00   1.46e-04     4.08e-01   441.660s
2348000 +1.12640772e+02 +1.15697848e+02  3.06e+00   1.46e-04     4.08e-01   441.848s
2349000 +1.12641766e+02 +1.15702201e+02  3.06e+00   1.45e-04     4.08e-01   442.036s
2350000 +1.12642639e+02 +1.15704699e+02  3.06e+00   1.45e-04     4.08e-01   442.223s
2351000 +1.12643537e+02 +1.15708053e+02  3.06e+00   1.44e-04     4.07e-01   442.411s
2352000 +1.12644280e+02 +1.15707354e+02  3.06e+00   1.44e-04     4.07e-01   442.599s
2353000 +1.12645163e+02 +1.15709490e+02  3.06e+00   1.44e-04     4.07e-01   442.787s
2354000 +1.12646021e+02 +1.15711154e+02  3.07e+00   1.44e-04     4.06e-01   442.975s
2355000 +1.12646510e+02 +1.15713402e+02  3.07e+00   1.43e-04     4.06e-01   443.162s
2356000 +1.12647068e+02 +1.15715231e+02  3.07e+00   1.43e-04     4.06e-01   443.350s
2357000 +1.12647703e+02 +1.15716299e+02  3.07e+00   1.43e-04     4.05e-01   443.538s
2358000 +1.12648330e+02 +1.15717846e+02  3.07e+00   1.43e-04     4.04e-01   443.726s
2359000 +1.12648972e+02 +1.15719513e+02  3.07e+00   1.43e-04     4.05e-01   443.914s
2360000 +1.12649791e+02 +1.15723264e+02  3.07e+00   1.42e-04     4.05e-01   444.102s
2361000 +1.12650455e+02 +1.15724922e+02  3.07e+00   1.42e-04     4.05e-01   444.290s
2362000 +1.12651156e+02 +1.15727729e+02  3.08e+00   1.41e-04     4.05e-01   444.478s
2363000 +1.12651882e+02 +1.15730629e+02  3.08e+00   1.41e-04     4.04e-01   444.666s
2364000 +1.12652501e+02 +1.15733534e+02  3.08e+00   1.40e-04     4.01e-01   444.853s
2365000 +1.12653207e+02 +1.15736890e+02  3.08e+00   1.40e-04     4.01e-01   445.041s
2366000 +1.12654021e+02 +1.15740813e+02  3.09e+00   1.40e-04     4.01e-01   445.229s
2367000 +1.12655127e+02 +1.15743333e+02  3.09e+00   1.39e-04     4.00e-01   445.417s
2368000 +1.12656221e+02 +1.15743875e+02  3.09e+00   1.38e-04     4.00e-01   445.605s
2369000 +1.12657290e+02 +1.15745194e+02  3.09e+00   1.38e-04     3.99e-01   445.793s
2370000 +1.12658097e+02 +1.15747594e+02  3.09e+00   1.37e-04     3.99e-01   445.981s
2371000 +1.12658500e+02 +1.15750785e+02  3.09e+00   1.37e-04     3.99e-01   446.169s
2372000 +1.12658726e+02 +1.15756516e+02  3.10e+00   1.37e-04     3.98e-01   446.357s
2373000 +1.12659228e+02 +1.15760809e+02  3.10e+00   1.37e-04     3.98e-01   446.545s
2374000 +1.12659831e+02 +1.15763886e+02  3.10e+00   1.37e-04     3.98e-01   446.733s
2375000 +1.12660346e+02 +1.15768257e+02  3.11e+00   1.37e-04     3.97e-01   446.921s
2376000 +1.12661117e+02 +1.15773036e+02  3.11e+00   1.37e-04     3.96e-01   447.108s
2377000 +1.12662175e+02 +1.15775404e+02  3.11e+00   1.36e-04     3.96e-01   447.296s
2378000 +1.12663382e+02 +1.15776732e+02  3.11e+00   1.36e-04     3.95e-01   447.484s
2379000 +1.12664449e+02 +1.15776974e+02  3.11e+00   1.35e-04     3.94e-01   447.672s
2380000 +1.12665511e+02 +1.15777093e+02  3.11e+00   1.34e-04     3.95e-01   447.860s
2381000 +1.12666528e+02 +1.15778622e+02  3.11e+00   1.34e-04     3.94e-01   448.047s
2382000 +1.12667758e+02 +1.15780429e+02  3.11e+00   1.34e-04     3.93e-01   448.236s
2383000 +1.12669008e+02 +1.15782578e+02  3.11e+00   1.33e-04     3.93e-01   448.423s
2384000 +1.12670164e+02 +1.15783075e+02  3.11e+00   1.33e-04     3.93e-01   448.611s
2385000 +1.12671009e+02 +1.15787070e+02  3.12e+00   1.32e-04     3.92e-01   448.799s
2386000 +1.12671865e+02 +1.15793616e+02  3.12e+00   1.32e-04     3.91e-01   448.986s
2387000 +1.12672712e+02 +1.15802215e+02  3.13e+00   1.32e-04     3.91e-01   449.174s
2388000 +1.12673536e+02 +1.15808737e+02  3.14e+00   1.32e-04     3.90e-01   449.362s
2389000 +1.12674416e+02 +1.15814764e+02  3.14e+00   1.32e-04     3.90e-01   449.550s
2390000 +1.12675470e+02 +1.15820107e+02  3.14e+00   1.31e-04     3.90e-01   449.738s
2391000 +1.12676471e+02 +1.15824317e+02  3.15e+00   1.30e-04     3.89e-01   449.926s
2392000 +1.12677708e+02 +1.15827679e+02  3.15e+00   1.29e-04     3.89e-01   450.114s
2393000 +1.12678866e+02 +1.15830854e+02  3.15e+00   1.29e-04     3.89e-01   450.302s
2394000 +1.12680096e+02 +1.15835123e+02  3.16e+00   1.28e-04     3.88e-01   450.490s
2395000 +1.12681314e+02 +1.15836082e+02  3.15e+00   1.28e-04     3.88e-01   450.678s
2396000 +1.12682221e+02 +1.15839950e+02  3.16e+00   1.28e-04     3.87e-01   450.866s
2397000 +1.12683084e+02 +1.15843990e+02  3.16e+00   1.28e-04     3.87e-01   451.054s
2398000 +1.12684185e+02 +1.15848284e+02  3.16e+00   1.27e-04     3.86e-01   451.242s
2399000 +1.12685534e+02 +1.15852627e+02  3.17e+00   1.27e-04     3.86e-01   451.431s
2400000 +1.12687315e+02 +1.15857926e+02  3.17e+00   1.26e-04     3.85e-01   451.618s
2401000 +1.12689213e+02 +1.15863236e+02  3.17e+00   1.26e-04     3.84e-01   451.806s
2402000 +1.12690997e+02 +1.15867656e+02  3.18e+00   1.25e-04     3.84e-01   451.994s
2403000 +1.12692456e+02 +1.15870567e+02  3.18e+00   1.25e-04     3.83e-01   452.182s
2404000 +1.12693948e+02 +1.15874286e+02  3.18e+00   1.24e-04     3.83e-01   452.370s
2405000 +1.12695421e+02 +1.15878028e+02  3.18e+00   1.24e-04     3.83e-01   452.558s
2406000 +1.12696910e+02 +1.15880216e+02  3.18e+00   1.23e-04     3.82e-01   452.745s
2407000 +1.12698605e+02 +1.15881027e+02  3.18e+00   1.23e-04     3.82e-01   452.933s
2408000 +1.12700239e+02 +1.15881787e+02  3.18e+00   1.22e-04     3.82e-01   453.121s
2409000 +1.12701828e+02 +1.15883148e+02  3.18e+00   1.22e-04     3.81e-01   453.308s
2410000 +1.12703445e+02 +1.15884312e+02  3.18e+00   1.21e-04     3.81e-01   453.496s
2411000 +1.12705092e+02 +1.15885633e+02  3.18e+00   1.21e-04     3.81e-01   453.684s
2412000 +1.12706755e+02 +1.15888127e+02  3.18e+00   1.20e-04     3.81e-01   453.872s
2413000 +1.12708383e+02 +1.15890000e+02  3.18e+00   1.20e-04     3.81e-01   454.059s
2414000 +1.12709951e+02 +1.15894730e+02  3.18e+00   1.20e-04     3.81e-01   454.247s
2415000 +1.12711729e+02 +1.15897631e+02  3.19e+00   1.19e-04     3.81e-01   454.435s
2416000 +1.12713478e+02 +1.15898964e+02  3.19e+00   1.19e-04     3.81e-01   454.622s
2417000 +1.12715302e+02 +1.15898844e+02  3.18e+00   1.19e-04     3.81e-01   454.810s
2418000 +1.12717038e+02 +1.15897205e+02  3.18e+00   1.19e-04     3.80e-01   454.998s
2419000 +1.12718577e+02 +1.15896608e+02  3.18e+00   1.19e-04     3.81e-01   455.185s
2420000 +1.12719872e+02 +1.15896414e+02  3.18e+00   1.19e-04     3.81e-01   455.373s
2421000 +1.12720728e+02 +1.15895428e+02  3.17e+00   1.19e-04     3.80e-01   455.561s
2422000 +1.12721938e+02 +1.15894925e+02  3.17e+00   1.19e-04     3.80e-01   455.748s
2423000 +1.12723004e+02 +1.15895188e+02  3.17e+00   1.19e-04     3.80e-01   455.936s
2424000 +1.12724000e+02 +1.15896091e+02  3.17e+00   1.18e-04     3.80e-01   456.124s
2425000 +1.12725408e+02 +1.15899854e+02  3.17e+00   1.18e-04     3.80e-01   456.312s
2426000 +1.12726926e+02 +1.15901778e+02  3.17e+00   1.18e-04     3.79e-01   456.499s
2427000 +1.12728408e+02 +1.15902415e+02  3.17e+00   1.18e-04     3.79e-01   456.687s
2428000 +1.12729781e+02 +1.15900719e+02  3.17e+00   1.18e-04     3.79e-01   456.875s
2429000 +1.12731168e+02 +1.15899875e+02  3.17e+00   1.18e-04     3.79e-01   457.063s
2430000 +1.12732548e+02 +1.15898908e+02  3.17e+00   1.18e-04     3.79e-01   457.250s
2431000 +1.12733869e+02 +1.15898317e+02  3.16e+00   1.18e-04     3.78e-01   457.438s
2432000 +1.12735090e+02 +1.15897557e+02  3.16e+00   1.18e-04     3.76e-01   457.626s
2433000 +1.12735691e+02 +1.15897759e+02  3.16e+00   1.18e-04     3.79e-01   457.815s
2434000 +1.12736290e+02 +1.15897413e+02  3.16e+00   1.18e-04     3.83e-01   458.003s
2435000 +1.12736913e+02 +1.15896837e+02  3.16e+00   1.18e-04     3.86e-01   458.192s
2436000 +1.12737565e+02 +1.15897366e+02  3.16e+00   1.18e-04     3.88e-01   458.380s
2437000 +1.12738255e+02 +1.15898411e+02  3.16e+00   1.18e-04     3.91e-01   458.569s
2438000 +1.12738956e+02 +1.15900175e+02  3.16e+00   1.17e-04     3.93e-01   458.757s
2439000 +1.12739665e+02 +1.15902180e+02  3.16e+00   1.17e-04     3.96e-01   458.946s
2440000 +1.12740377e+02 +1.15904055e+02  3.16e+00   1.17e-04     3.98e-01   459.135s
2441000 +1.12741102e+02 +1.15906100e+02  3.16e+00   1.17e-04     4.01e-01   459.323s
2442000 +1.12741839e+02 +1.15907828e+02  3.17e+00   1.17e-04     4.04e-01   459.512s
2443000 +1.12742585e+02 +1.15909525e+02  3.17e+00   1.17e-04     4.07e-01   459.700s
2444000 +1.12743345e+02 +1.15910672e+02  3.17e+00   1.17e-04     4.10e-01   459.889s
2445000 +1.12744093e+02 +1.15911632e+02  3.17e+00   1.16e-04     4.12e-01   460.077s
2446000 +1.12744820e+02 +1.15912638e+02  3.17e+00   1.16e-04     4.16e-01   460.266s
2447000 +1.12745538e+02 +1.15913907e+02  3.17e+00   1.16e-04     4.19e-01   460.455s
2448000 +1.12746239e+02 +1.15915277e+02  3.17e+00   1.16e-04     4.22e-01   460.643s
2449000 +1.12746943e+02 +1.15916916e+02  3.17e+00   1.16e-04     4.24e-01   460.832s
2450000 +1.12747652e+02 +1.15919061e+02  3.17e+00   1.16e-04     4.27e-01   461.021s
2451000 +1.12748385e+02 +1.15921316e+02  3.17e+00   1.16e-04     4.30e-01   461.209s
2452000 +1.12749126e+02 +1.15923577e+02  3.17e+00   1.16e-04     4.32e-01   461.398s
2453000 +1.12749873e+02 +1.15925753e+02  3.18e+00   1.16e-04     4.35e-01   461.587s
2454000 +1.12750640e+02 +1.15927960e+02  3.18e+00   1.16e-04     4.38e-01   461.776s
2455000 +1.12751393e+02 +1.15929987e+02  3.18e+00   1.16e-04     4.40e-01   461.964s
2456000 +1.12752162e+02 +1.15931953e+02  3.18e+00   1.16e-04     4.43e-01   462.153s
2457000 +1.12752956e+02 +1.15933578e+02  3.18e+00   1.16e-04     4.46e-01   462.341s
2458000 +1.12753769e+02 +1.15935082e+02  3.18e+00   1.16e-04     4.48e-01   462.530s
2459000 +1.12754595e+02 +1.15936731e+02  3.18e+00   1.16e-04     4.50e-01   462.718s
2460000 +1.12755430e+02 +1.15939243e+02  3.18e+00   1.16e-04     4.53e-01   462.907s
2461000 +1.12756288e+02 +1.15941718e+02  3.19e+00   1.16e-04     4.55e-01   463.095s
2462000 +1.12757157e+02 +1.15944321e+02  3.19e+00   1.16e-04     4.58e-01   463.284s
2463000 +1.12758061e+02 +1.15947309e+02  3.19e+00   1.16e-04     4.60e-01   463.472s
2464000 +1.12759003e+02 +1.15951174e+02  3.19e+00   1.16e-04     4.62e-01   463.661s
2465000 +1.12759982e+02 +1.15955037e+02  3.20e+00   1.16e-04     4.64e-01   463.849s
2466000 +1.12760960e+02 +1.15959205e+02  3.20e+00   1.16e-04     4.67e-01   464.038s
2467000 +1.12761944e+02 +1.15962901e+02  3.20e+00   1.16e-04     4.69e-01   464.226s
2468000 +1.12762888e+02 +1.15966586e+02  3.20e+00   1.16e-04     4.71e-01   464.415s
2469000 +1.12763866e+02 +1.15970054e+02  3.21e+00   1.16e-04     4.73e-01   464.603s
2470000 +1.12764824e+02 +1.15973495e+02  3.21e+00   1.16e-04     4.76e-01   464.792s
2471000 +1.12765783e+02 +1.15977242e+02  3.21e+00   1.16e-04     4.78e-01   464.980s
2472000 +1.12766748e+02 +1.15980590e+02  3.21e+00   1.16e-04     4.80e-01   465.169s
2473000 +1.12767701e+02 +1.15983384e+02  3.22e+00   1.16e-04     4.83e-01   465.357s
2474000 +1.12768645e+02 +1.15986745e+02  3.22e+00   1.16e-04     4.85e-01   465.546s
2475000 +1.12769578e+02 +1.15989968e+02  3.22e+00   1.16e-04     4.88e-01   465.735s
2476000 +1.12770462e+02 +1.15993323e+02  3.22e+00   1.16e-04     4.90e-01   465.923s
2477000 +1.12771329e+02 +1.15996148e+02  3.22e+00   1.16e-04     4.93e-01   466.111s
2478000 +1.12772214e+02 +1.15999384e+02  3.23e+00   1.16e-04     4.96e-01   466.300s
2479000 +1.12773112e+02 +1.16002127e+02  3.23e+00   1.16e-04     4.99e-01   466.489s
2480000 +1.12773993e+02 +1.16005265e+02  3.23e+00   1.16e-04     5.02e-01   466.677s
2481000 +1.12774887e+02 +1.16009515e+02  3.23e+00   1.16e-04     5.05e-01   466.866s
2482000 +1.12775772e+02 +1.16013352e+02  3.24e+00   1.16e-04     5.08e-01   467.054s
2483000 +1.12776671e+02 +1.16017083e+02  3.24e+00   1.16e-04     5.11e-01   467.243s
2484000 +1.12777594e+02 +1.16021030e+02  3.24e+00   1.16e-04     5.14e-01   467.431s
2485000 +1.12778537e+02 +1.16024073e+02  3.25e+00   1.17e-04     5.17e-01   467.620s
2486000 +1.12779487e+02 +1.16026585e+02  3.25e+00   1.17e-04     5.20e-01   467.808s
2487000 +1.12780449e+02 +1.16028229e+02  3.25e+00   1.17e-04     5.23e-01   467.997s
2488000 +1.12781410e+02 +1.16029643e+02  3.25e+00   1.17e-04     5.25e-01   468.185s
2489000 +1.12782390e+02 +1.16030771e+02  3.25e+00   1.17e-04     5.27e-01   468.374s
2490000 +1.12783385e+02 +1.16032712e+02  3.25e+00   1.17e-04     5.30e-01   468.563s
2491000 +1.12784420e+02 +1.16033882e+02  3.25e+00   1.17e-04     5.33e-01   468.751s
2492000 +1.12785485e+02 +1.16035821e+02  3.25e+00   1.17e-04     5.35e-01   468.940s
2493000 +1.12786574e+02 +1.16038329e+02  3.25e+00   1.17e-04     5.37e-01   469.128s
2494000 +1.12787661e+02 +1.16040250e+02  3.25e+00   1.18e-04     5.40e-01   469.317s
2495000 +1.12788835e+02 +1.16041621e+02  3.25e+00   1.18e-04     5.42e-01   469.505s
2496000 +1.12789960e+02 +1.16041589e+02  3.25e+00   1.18e-04     5.44e-01   469.694s
2497000 +1.12791109e+02 +1.16041404e+02  3.25e+00   1.18e-04     5.46e-01   469.882s
2498000 +1.12792292e+02 +1.16043549e+02  3.25e+00   1.18e-04     5.49e-01   470.071s
2499000 +1.12793418e+02 +1.16044301e+02  3.25e+00   1.18e-04     5.51e-01   470.259s
2500000 +1.12794517e+02 +1.16046007e+02  3.25e+00   1.18e-04     5.53e-01   470.448s
2501000 +1.12795671e+02 +1.16047502e+02  3.25e+00   1.18e-04     5.55e-01   470.636s
2502000 +1.12796759e+02 +1.16050197e+02  3.25e+00   1.18e-04     5.57e-01   470.825s
2503000 +1.12797871e+02 +1.16052918e+02  3.26e+00   1.18e-04     5.59e-01   471.013s
2504000 +1.12798982e+02 +1.16055645e+02  3.26e+00   1.18e-04     5.61e-01   471.201s
2505000 +1.12800106e+02 +1.16055769e+02  3.26e+00   1.19e-04     5.63e-01   471.390s
2506000 +1.12801162e+02 +1.16055232e+02  3.25e+00   1.19e-04     5.65e-01   471.578s
2507000 +1.12802187e+02 +1.16054506e+02  3.25e+00   1.19e-04     5.68e-01   471.767s
2508000 +1.12803193e+02 +1.16054430e+02  3.25e+00   1.19e-04     5.70e-01   471.955s
2509000 +1.12804223e+02 +1.16054718e+02  3.25e+00   1.19e-04     5.72e-01   472.144s
2510000 +1.12805228e+02 +1.16055839e+02  3.25e+00   1.19e-04     5.75e-01   472.332s
2511000 +1.12806277e+02 +1.16057114e+02  3.25e+00   1.19e-04     5.77e-01   472.521s
2512000 +1.12807270e+02 +1.16057931e+02  3.25e+00   1.19e-04     5.79e-01   472.709s
2513000 +1.12808267e+02 +1.16060253e+02  3.25e+00   1.19e-04     5.81e-01   472.898s
2514000 +1.12809283e+02 +1.16063206e+02  3.25e+00   1.19e-04     5.83e-01   473.086s
2515000 +1.12810304e+02 +1.16066707e+02  3.26e+00   1.19e-04     5.85e-01   473.275s
2516000 +1.12811344e+02 +1.16069975e+02  3.26e+00   1.20e-04     5.88e-01   473.463s
2517000 +1.12812376e+02 +1.16072705e+02  3.26e+00   1.20e-04     5.90e-01   473.652s
2518000 +1.12813446e+02 +1.16074311e+02  3.26e+00   1.20e-04     5.92e-01   473.841s
2519000 +1.12814483e+02 +1.16075670e+02  3.26e+00   1.20e-04     5.94e-01   474.029s
2520000 +1.12815551e+02 +1.16075865e+02  3.26e+00   1.20e-04     5.97e-01   474.218s
2521000 +1.12816613e+02 +1.16077644e+02  3.26e+00   1.20e-04     5.99e-01   474.406s
2522000 +1.12817625e+02 +1.16078103e+02  3.26e+00   1.20e-04     6.01e-01   474.595s
2523000 +1.12818659e+02 +1.16080280e+02  3.26e+00   1.20e-04     6.04e-01   474.784s
2524000 +1.12819724e+02 +1.16082332e+02  3.26e+00   1.20e-04     6.06e-01   474.973s
2525000 +1.12820818e+02 +1.16085154e+02  3.26e+00   1.21e-04     6.08e-01   475.161s
2526000 +1.12821969e+02 +1.16087702e+02  3.27e+00   1.21e-04     6.11e-01   475.350s
2527000 +1.12823132e+02 +1.16089691e+02  3.27e+00   1.21e-04     6.13e-01   475.538s
2528000 +1.12824294e+02 +1.16090183e+02  3.27e+00   1.21e-04     6.15e-01   475.727s
2529000 +1.12825413e+02 +1.16089715e+02  3.26e+00   1.21e-04     6.17e-01   475.915s
2530000 +1.12826490e+02 +1.16089359e+02  3.26e+00   1.22e-04     6.20e-01   476.104s
2531000 +1.12827576e+02 +1.16089385e+02  3.26e+00   1.22e-04     6.22e-01   476.293s
2532000 +1.12828645e+02 +1.16090174e+02  3.26e+00   1.22e-04     6.25e-01   476.481s
2533000 +1.12829695e+02 +1.16091401e+02  3.26e+00   1.22e-04     6.27e-01   476.670s
2534000 +1.12830784e+02 +1.16093187e+02  3.26e+00   1.22e-04     6.29e-01   476.859s
2535000 +1.12831873e+02 +1.16094680e+02  3.26e+00   1.22e-04     6.32e-01   477.047s
2536000 +1.12832991e+02 +1.16096900e+02  3.26e+00   1.22e-04     6.34e-01   477.236s
2537000 +1.12834068e+02 +1.16099868e+02  3.27e+00   1.23e-04     6.37e-01   477.425s
2538000 +1.12835125e+02 +1.16103662e+02  3.27e+00   1.23e-04     6.39e-01   477.613s
2539000 +1.12836171e+02 +1.16106495e+02  3.27e+00   1.23e-04     6.41e-01   477.802s
2540000 +1.12837284e+02 +1.16109826e+02  3.27e+00   1.23e-04     6.44e-01   477.990s
2541000 +1.12838400e+02 +1.16112798e+02  3.27e+00   1.23e-04     6.46e-01   478.179s
2542000 +1.12839538e+02 +1.16114428e+02  3.27e+00   1.23e-04     6.48e-01   478.368s
2543000 +1.12840701e+02 +1.16116357e+02  3.28e+00   1.23e-04     6.51e-01   478.556s
2544000 +1.12841900e+02 +1.16116925e+02  3.28e+00   1.23e-04     6.53e-01   478.745s
2545000 +1.12843026e+02 +1.16117506e+02  3.27e+00   1.24e-04     6.55e-01   478.933s
2546000 +1.12844201e+02 +1.16118462e+02  3.27e+00   1.24e-04     6.56e-01   479.122s
2547000 +1.12845387e+02 +1.16119393e+02  3.27e+00   1.24e-04     6.58e-01   479.311s
2548000 +1.12846563e+02 +1.16121340e+02  3.27e+00   1.24e-04     6.60e-01   479.499s
2549000 +1.12847718e+02 +1.16122689e+02  3.27e+00   1.24e-04     6.63e-01   479.687s
2550000 +1.12848913e+02 +1.16125624e+02  3.28e+00   1.24e-04     6.64e-01   479.876s
2551000 +1.12850098e+02 +1.16128975e+02  3.28e+00   1.24e-04     6.66e-01   480.064s
2552000 +1.12851284e+02 +1.16133052e+02  3.28e+00   1.24e-04     6.68e-01   480.253s
2553000 +1.12852469e+02 +1.16136286e+02  3.28e+00   1.24e-04     6.70e-01   480.442s
2554000 +1.12853654e+02 +1.16138938e+02  3.29e+00   1.24e-04     6.71e-01   480.630s
2555000 +1.12854836e+02 +1.16141278e+02  3.29e+00   1.25e-04     6.73e-01   480.819s
2556000 +1.12856060e+02 +1.16145302e+02  3.29e+00   1.25e-04     6.74e-01   481.008s
2557000 +1.12857320e+02 +1.16148846e+02  3.29e+00   1.25e-04     6.77e-01   481.196s
2558000 +1.12858576e+02 +1.16151486e+02  3.29e+00   1.25e-04     6.78e-01   481.385s
2559000 +1.12859854e+02 +1.16154139e+02  3.29e+00   1.25e-04     6.81e-01   481.574s
2560000 +1.12861139e+02 +1.16157047e+02  3.30e+00   1.26e-04     6.83e-01   481.762s
2561000 +1.12862439e+02 +1.16160488e+02  3.30e+00   1.26e-04     6.85e-01   481.951s
2562000 +1.12863783e+02 +1.16163131e+02  3.30e+00   1.26e-04     6.87e-01   482.139s
2563000 +1.12865156e+02 +1.16164881e+02  3.30e+00   1.26e-04     6.89e-01   482.328s
2564000 +1.12866534e+02 +1.16168966e+02  3.30e+00   1.26e-04     6.91e-01   482.516s
2565000 +1.12867921e+02 +1.16172473e+02  3.30e+00   1.26e-04     6.93e-01   482.705s
2566000 +1.12869287e+02 +1.16175806e+02  3.31e+00   1.27e-04     6.94e-01   482.893s
2567000 +1.12870682e+02 +1.16178355e+02  3.31e+00   1.27e-04     6.96e-01   483.082s
2568000 +1.12872017e+02 +1.16179953e+02  3.31e+00   1.27e-04     6.98e-01   483.271s
2569000 +1.12873289e+02 +1.16182449e+02  3.31e+00   1.27e-04     7.00e-01   483.460s
2570000 +1.12874586e+02 +1.16184133e+02  3.31e+00   1.27e-04     7.03e-01   483.648s
2571000 +1.12875976e+02 +1.16184864e+02  3.31e+00   1.28e-04     7.05e-01   483.837s
2572000 +1.12877295e+02 +1.16185130e+02  3.31e+00   1.28e-04     7.07e-01   484.026s
2573000 +1.12878598e+02 +1.16186308e+02  3.31e+00   1.28e-04     7.08e-01   484.214s
2574000 +1.12879853e+02 +1.16187339e+02  3.31e+00   1.28e-04     7.10e-01   484.403s
2575000 +1.12880967e+02 +1.16189368e+02  3.31e+00   1.28e-04     7.12e-01   484.591s
2576000 +1.12882127e+02 +1.16190321e+02  3.31e+00   1.28e-04     7.13e-01   484.780s
2577000 +1.12883304e+02 +1.16192506e+02  3.31e+00   1.29e-04     7.15e-01   484.968s
2578000 +1.12884503e+02 +1.16195864e+02  3.31e+00   1.29e-04     7.16e-01   485.157s
2579000 +1.12885680e+02 +1.16200420e+02  3.31e+00   1.29e-04     7.19e-01   485.345s
2580000 +1.12886854e+02 +1.16203466e+02  3.32e+00   1.29e-04     7.21e-01   485.534s
2581000 +1.12888012e+02 +1.16207249e+02  3.32e+00   1.29e-04     7.23e-01   485.722s
2582000 +1.12889207e+02 +1.16212103e+02  3.32e+00   1.29e-04     7.25e-01   485.911s
2583000 +1.12890452e+02 +1.16214832e+02  3.32e+00   1.29e-04     7.26e-01   486.099s
2584000 +1.12891745e+02 +1.16218525e+02  3.33e+00   1.30e-04     7.28e-01   486.288s
2585000 +1.12893073e+02 +1.16221926e+02  3.33e+00   1.30e-04     7.31e-01   486.476s
2586000 +1.12894428e+02 +1.16225039e+02  3.33e+00   1.30e-04     7.32e-01   486.665s
2587000 +1.12895788e+02 +1.16225507e+02  3.33e+00   1.30e-04     7.34e-01   486.853s
2588000 +1.12897134e+02 +1.16225751e+02  3.33e+00   1.30e-04     7.36e-01   487.042s
2589000 +1.12898396e+02 +1.16226260e+02  3.33e+00   1.31e-04     7.38e-01   487.230s
2590000 +1.12899660e+02 +1.16227275e+02  3.33e+00   1.31e-04     7.40e-01   487.418s
2591000 +1.12900935e+02 +1.16228812e+02  3.33e+00   1.31e-04     7.42e-01   487.607s
2592000 +1.12902175e+02 +1.16229216e+02  3.33e+00   1.31e-04     7.44e-01   487.796s
2593000 +1.12903454e+02 +1.16227971e+02  3.32e+00   1.31e-04     7.46e-01   487.984s
2594000 +1.12904592e+02 +1.16229403e+02  3.32e+00   1.31e-04     7.48e-01   488.172s
2595000 +1.12905732e+02 +1.16230244e+02  3.32e+00   1.31e-04     7.50e-01   488.361s
2596000 +1.12906836e+02 +1.16230264e+02  3.32e+00   1.31e-04     7.53e-01   488.549s
2597000 +1.12907908e+02 +1.16231226e+02  3.32e+00   1.32e-04     7.55e-01   488.738s
2598000 +1.12909045e+02 +1.16233804e+02  3.32e+00   1.32e-04     7.57e-01   488.926s
2599000 +1.12910292e+02 +1.16235765e+02  3.33e+00   1.32e-04     7.58e-01   489.114s
2600000 +1.12911511e+02 +1.16237443e+02  3.33e+00   1.32e-04     7.60e-01   489.303s
2601000 +1.12912758e+02 +1.16239935e+02  3.33e+00   1.32e-04     7.62e-01   489.491s
2602000 +1.12914045e+02 +1.16241479e+02  3.33e+00   1.32e-04     7.64e-01   489.680s
2603000 +1.12915288e+02 +1.16243236e+02  3.33e+00   1.32e-04     7.66e-01   489.868s
2604000 +1.12916547e+02 +1.16243667e+02  3.33e+00   1.32e-04     7.68e-01   490.057s
2605000 +1.12917790e+02 +1.16244316e+02  3.33e+00   1.32e-04     7.70e-01   490.245s
2606000 +1.12918958e+02 +1.16243837e+02  3.32e+00   1.32e-04     7.71e-01   490.433s
2607000 +1.12920088e+02 +1.16245268e+02  3.33e+00   1.32e-04     7.73e-01   490.622s
2608000 +1.12921160e+02 +1.16247234e+02  3.33e+00   1.32e-04     7.75e-01   490.810s
2609000 +1.12922251e+02 +1.16250438e+02  3.33e+00   1.32e-04     7.77e-01   490.999s
2610000 +1.12923373e+02 +1.16253396e+02  3.33e+00   1.32e-04     7.79e-01   491.187s
2611000 +1.12924548e+02 +1.16254211e+02  3.33e+00   1.32e-04     7.80e-01   491.376s
2612000 +1.12925680e+02 +1.16256172e+02  3.33e+00   1.32e-04     7.81e-01   491.564s
2613000 +1.12926818e+02 +1.16257913e+02  3.33e+00   1.32e-04     7.83e-01   491.752s
2614000 +1.12928008e+02 +1.16260369e+02  3.33e+00   1.32e-04     7.85e-01   491.941s
2615000 +1.12929207e+02 +1.16262445e+02  3.33e+00   1.32e-04     7.87e-01   492.129s
2616000 +1.12930489e+02 +1.16264377e+02  3.33e+00   1.33e-04     7.88e-01   492.318s
2617000 +1.12931759e+02 +1.16267754e+02  3.34e+00   1.33e-04     7.90e-01   492.506s
2618000 +1.12933088e+02 +1.16268907e+02  3.34e+00   1.33e-04     7.92e-01   492.695s
2619000 +1.12934523e+02 +1.16271912e+02  3.34e+00   1.33e-04     7.93e-01   492.883s
2620000 +1.12935922e+02 +1.16272874e+02  3.34e+00   1.33e-04     7.95e-01   493.072s
2621000 +1.12937340e+02 +1.16275437e+02  3.34e+00   1.33e-04     7.97e-01   493.260s
2622000 +1.12938796e+02 +1.16275987e+02  3.34e+00   1.33e-04     7.99e-01   493.449s
2623000 +1.12940258e+02 +1.16277375e+02  3.34e+00   1.33e-04     8.00e-01   493.637s
2624000 +1.12941696e+02 +1.16277454e+02  3.34e+00   1.33e-04     8.02e-01   493.826s
2625000 +1.12943097e+02 +1.16278820e+02  3.34e+00   1.33e-04     8.04e-01   494.014s
2626000 +1.12944465e+02 +1.16279817e+02  3.34e+00   1.33e-04     8.06e-01   494.203s
2627000 +1.12945844e+02 +1.16282214e+02  3.34e+00   1.33e-04     8.07e-01   494.391s
2628000 +1.12947388e+02 +1.16284089e+02  3.34e+00   1.33e-04     8.08e-01   494.580s
2629000 +1.12948756e+02 +1.16285950e+02  3.34e+00   1.33e-04     8.09e-01   494.769s
2630000 +1.12950106e+02 +1.16288594e+02  3.34e+00   1.33e-04     8.10e-01   494.957s
2631000 +1.12951517e+02 +1.16291117e+02  3.34e+00   1.32e-04     8.11e-01   495.146s
2632000 +1.12952853e+02 +1.16294659e+02  3.34e+00   1.32e-04     8.13e-01   495.335s
2633000 +1.12954188e+02 +1.16296306e+02  3.34e+00   1.32e-04     8.14e-01   495.523s
2634000 +1.12955657e+02 +1.16300272e+02  3.34e+00   1.32e-04     8.16e-01   495.712s
2635000 +1.12957071e+02 +1.16300406e+02  3.34e+00   1.32e-04     8.17e-01   495.901s
2636000 +1.12958510e+02 +1.16305652e+02  3.35e+00   1.32e-04     8.18e-01   496.090s
2637000 +1.12960041e+02 +1.16308799e+02  3.35e+00   1.32e-04     8.20e-01   496.279s
2638000 +1.12961595e+02 +1.16313674e+02  3.35e+00   1.32e-04     8.21e-01   496.468s
2639000 +1.12963209e+02 +1.16317395e+02  3.35e+00   1.32e-04     8.23e-01   496.656s
2640000 +1.12964846e+02 +1.16320973e+02  3.36e+00   1.32e-04     8.25e-01   496.845s
2641000 +1.12966507e+02 +1.16322064e+02  3.36e+00   1.33e-04     8.26e-01   497.034s
2642000 +1.12968131e+02 +1.16323810e+02  3.36e+00   1.33e-04     8.25e-01   497.222s
2643000 +1.12969633e+02 +1.16323265e+02  3.35e+00   1.33e-04     8.26e-01   497.410s
2644000 +1.12971196e+02 +1.16326269e+02  3.36e+00   1.33e-04     8.28e-01   497.599s
2645000 +1.12972802e+02 +1.16327688e+02  3.35e+00   1.33e-04     8.29e-01   497.788s
2646000 +1.12974444e+02 +1.16332016e+02  3.36e+00   1.33e-04     8.31e-01   497.976s
2647000 +1.12976050e+02 +1.16336688e+02  3.36e+00   1.34e-04     8.32e-01   498.165s
2648000 +1.12977650e+02 +1.16343002e+02  3.37e+00   1.34e-04     8.33e-01   498.354s
2649000 +1.12979436e+02 +1.16346783e+02  3.37e+00   1.34e-04     8.34e-01   498.542s
2650000 +1.12981206e+02 +1.16352579e+02  3.37e+00   1.34e-04     8.34e-01   498.730s
2651000 +1.12983074e+02 +1.16357752e+02  3.37e+00   1.34e-04     8.36e-01   498.919s
2652000 +1.12984929e+02 +1.16362167e+02  3.38e+00   1.35e-04     8.37e-01   499.107s
2653000 +1.12986860e+02 +1.16365145e+02  3.38e+00   1.35e-04     8.38e-01   499.296s
2654000 +1.12988624e+02 +1.16367309e+02  3.38e+00   1.35e-04     8.38e-01   499.484s
2655000 +1.12990321e+02 +1.16367815e+02  3.38e+00   1.35e-04     8.39e-01   499.673s
2656000 +1.12991912e+02 +1.16370277e+02  3.38e+00   1.35e-04     8.41e-01   499.861s
2657000 +1.12993438e+02 +1.16373663e+02  3.38e+00   1.35e-04     8.42e-01   500.050s
2658000 +1.12995155e+02 +1.16375439e+02  3.38e+00   1.35e-04     8.41e-01   500.238s
2659000 +1.12996877e+02 +1.16379515e+02  3.38e+00   1.35e-04     8.42e-01   500.427s
2660000 +1.12998605e+02 +1.16384030e+02  3.39e+00   1.35e-04     8.43e-01   500.615s
2661000 +1.13000329e+02 +1.16387607e+02  3.39e+00   1.35e-04     8.45e-01   500.804s
2662000 +1.13002026e+02 +1.16394119e+02  3.39e+00   1.36e-04     8.46e-01   500.993s
2663000 +1.13003767e+02 +1.16399084e+02  3.40e+00   1.36e-04     8.46e-01   501.181s
2664000 +1.13005566e+02 +1.16402132e+02  3.40e+00   1.36e-04     8.47e-01   501.370s
2665000 +1.13007364e+02 +1.16404946e+02  3.40e+00   1.36e-04     8.48e-01   501.558s
2666000 +1.13009203e+02 +1.16407925e+02  3.40e+00   1.37e-04     8.49e-01   501.747s
2667000 +1.13010998e+02 +1.16411610e+02  3.40e+00   1.37e-04     8.50e-01   501.936s
2668000 +1.13012753e+02 +1.16414354e+02  3.40e+00   1.37e-04     8.51e-01   502.124s
2669000 +1.13014555e+02 +1.16417427e+02  3.40e+00   1.37e-04     8.51e-01   502.313s
2670000 +1.13016445e+02 +1.16423500e+02  3.41e+00   1.37e-04     8.53e-01   502.502s
2671000 +1.13018446e+02 +1.16427594e+02  3.41e+00   1.37e-04     8.51e-01   502.690s
2672000 +1.13020429e+02 +1.16431221e+02  3.41e+00   1.38e-04     8.50e-01   502.879s
2673000 +1.13022454e+02 +1.16432579e+02  3.41e+00   1.38e-04     8.51e-01   503.067s
2674000 +1.13024499e+02 +1.16437668e+02  3.41e+00   1.38e-04     8.51e-01   503.256s
2675000 +1.13026650e+02 +1.16441872e+02  3.42e+00   1.38e-04     8.52e-01   503.444s
2676000 +1.13028684e+02 +1.16441891e+02  3.41e+00   1.38e-04     8.54e-01   503.633s
2677000 +1.13030562e+02 +1.16445382e+02  3.41e+00   1.38e-04     8.55e-01   503.821s
2678000 +1.13032442e+02 +1.16449827e+02  3.42e+00   1.38e-04     8.56e-01   504.010s
2679000 +1.13034299e+02 +1.16454583e+02  3.42e+00   1.38e-04     8.56e-01   504.198s
2680000 +1.13036158e+02 +1.16458284e+02  3.42e+00   1.38e-04     8.56e-01   504.386s
2681000 +1.13038052e+02 +1.16460796e+02  3.42e+00   1.39e-04     8.58e-01   504.575s
2682000 +1.13040053e+02 +1.16463217e+02  3.42e+00   1.39e-04     8.59e-01   504.764s
2683000 +1.13042049e+02 +1.16465658e+02  3.42e+00   1.39e-04     8.60e-01   504.952s
2684000 +1.13044133e+02 +1.16467346e+02  3.42e+00   1.39e-04     8.61e-01   505.141s
2685000 +1.13046197e+02 +1.16469893e+02  3.42e+00   1.39e-04     8.62e-01   505.330s
2686000 +1.13048161e+02 +1.16471429e+02  3.42e+00   1.38e-04     8.61e-01   505.519s
2687000 +1.13050186e+02 +1.16476934e+02  3.43e+00   1.39e-04     8.62e-01   505.707s
2688000 +1.13052429e+02 +1.16482037e+02  3.43e+00   1.39e-04     8.64e-01   505.895s
2689000 +1.13054675e+02 +1.16485449e+02  3.43e+00   1.39e-04     8.65e-01   506.084s
2690000 +1.13056892e+02 +1.16489387e+02  3.43e+00   1.39e-04     8.66e-01   506.272s
2691000 +1.13059171e+02 +1.16491547e+02  3.43e+00   1.39e-04     8.68e-01   506.460s
2692000 +1.13061373e+02 +1.16494113e+02  3.43e+00   1.39e-04     8.68e-01   506.649s
2693000 +1.13063600e+02 +1.16499695e+02  3.44e+00   1.40e-04     8.69e-01   506.841s
2694000 +1.13065804e+02 +1.16502384e+02  3.44e+00   1.40e-04     8.71e-01   507.030s
2695000 +1.13068064e+02 +1.16503042e+02  3.43e+00   1.40e-04     8.71e-01   507.218s
2696000 +1.13070335e+02 +1.16500430e+02  3.43e+00   1.40e-04     8.72e-01   507.407s
2697000 +1.13072518e+02 +1.16499147e+02  3.43e+00   1.40e-04     8.74e-01   507.595s
2698000 +1.13074807e+02 +1.16496776e+02  3.42e+00   1.40e-04     8.74e-01   507.784s
2699000 +1.13076927e+02 +1.16492170e+02  3.42e+00   1.40e-04     8.76e-01   507.972s
2700000 +1.13078877e+02 +1.16487873e+02  3.41e+00   1.41e-04     8.77e-01   508.161s
2701000 +1.13080548e+02 +1.16483061e+02  3.40e+00   1.41e-04     8.77e-01   508.350s
2702000 +1.13082081e+02 +1.16484944e+02  3.40e+00   1.41e-04     8.78e-01   508.538s
2703000 +1.13083676e+02 +1.16487276e+02  3.40e+00   1.41e-04     8.79e-01   508.727s
2704000 +1.13085414e+02 +1.16491572e+02  3.41e+00   1.41e-04     8.80e-01   508.915s
2705000 +1.13087309e+02 +1.16498943e+02  3.41e+00   1.41e-04     8.81e-01   509.104s
2706000 +1.13089224e+02 +1.16504440e+02  3.42e+00   1.41e-04     8.82e-01   509.292s
2707000 +1.13091321e+02 +1.16508816e+02  3.42e+00   1.41e-04     8.84e-01   509.481s
2708000 +1.13093473e+02 +1.16513037e+02  3.42e+00   1.41e-04     8.85e-01   509.669s
2709000 +1.13095718e+02 +1.16516372e+02  3.42e+00   1.42e-04     8.85e-01   509.858s
2710000 +1.13097969e+02 +1.16517253e+02  3.42e+00   1.42e-04     8.86e-01   510.046s
2711000 +1.13100172e+02 +1.16520440e+02  3.42e+00   1.42e-04     8.85e-01   510.235s
2712000 +1.13102354e+02 +1.16525686e+02  3.42e+00   1.43e-04     8.86e-01   510.423s
2713000 +1.13104659e+02 +1.16532954e+02  3.43e+00   1.43e-04     8.88e-01   510.611s
2714000 +1.13106945e+02 +1.16540675e+02  3.43e+00   1.43e-04     8.88e-01   510.800s
2715000 +1.13109326e+02 +1.16546745e+02  3.44e+00   1.43e-04     8.89e-01   510.988s
2716000 +1.13111855e+02 +1.16558712e+02  3.45e+00   1.43e-04     8.90e-01   511.177s
2717000 +1.13114426e+02 +1.16566182e+02  3.45e+00   1.43e-04     8.89e-01   511.365s
2718000 +1.13116879e+02 +1.16575704e+02  3.46e+00   1.44e-04     8.92e-01   511.554s
2719000 +1.13119433e+02 +1.16584824e+02  3.47e+00   1.44e-04     8.92e-01   511.742s
2720000 +1.13121944e+02 +1.16592376e+02  3.47e+00   1.44e-04     8.93e-01   511.930s
2721000 +1.13124377e+02 +1.16597773e+02  3.47e+00   1.44e-04     8.94e-01   512.119s
2722000 +1.13126860e+02 +1.16604839e+02  3.48e+00   1.44e-04     8.95e-01   512.308s
2723000 +1.13129245e+02 +1.16610492e+02  3.48e+00   1.44e-04     8.96e-01   512.496s
2724000 +1.13131647e+02 +1.16618477e+02  3.49e+00   1.43e-04     8.97e-01   512.687s
2725000 +1.13133953e+02 +1.16626326e+02  3.49e+00   1.43e-04     8.98e-01   512.949s
2726000 +1.13136355e+02 +1.16634334e+02  3.50e+00   1.43e-04     8.99e-01   513.138s
2727000 +1.13138837e+02 +1.16642943e+02  3.50e+00   1.43e-04     8.99e-01   513.326s
2728000 +1.13141390e+02 +1.16652781e+02  3.51e+00   1.43e-04     9.00e-01   513.515s
2729000 +1.13144108e+02 +1.16659985e+02  3.52e+00   1.43e-04     9.00e-01   513.703s
2730000 +1.13146826e+02 +1.16666005e+02  3.52e+00   1.43e-04     8.99e-01   513.892s
2731000 +1.13149605e+02 +1.16675781e+02  3.53e+00   1.43e-04     9.00e-01   514.081s
2732000 +1.13152505e+02 +1.16679811e+02  3.53e+00   1.43e-04     8.98e-01   514.269s
2733000 +1.13155303e+02 +1.16681732e+02  3.53e+00   1.43e-04     8.98e-01   514.458s
2734000 +1.13158039e+02 +1.16689247e+02  3.53e+00   1.43e-04     8.98e-01   514.647s
2735000 +1.13160785e+02 +1.16697365e+02  3.54e+00   1.43e-04     8.98e-01   514.835s
2736000 +1.13163498e+02 +1.16705305e+02  3.54e+00   1.43e-04     8.98e-01   515.024s
2737000 +1.13166176e+02 +1.16714733e+02  3.55e+00   1.43e-04     8.98e-01   515.212s
2738000 +1.13169025e+02 +1.16726743e+02  3.56e+00   1.43e-04     8.97e-01   515.401s
2739000 +1.13172066e+02 +1.16737570e+02  3.57e+00   1.43e-04     8.96e-01   515.590s
2740000 +1.13175247e+02 +1.16750236e+02  3.57e+00   1.43e-04     8.97e-01   515.779s
2741000 +1.13178429e+02 +1.16753832e+02  3.58e+00   1.42e-04     8.97e-01   515.968s
2742000 +1.13181491e+02 +1.16762499e+02  3.58e+00   1.42e-04     8.98e-01   516.156s
2743000 +1.13184750e+02 +1.16763470e+02  3.58e+00   1.42e-04     8.98e-01   516.344s
2744000 +1.13187936e+02 +1.16767028e+02  3.58e+00   1.42e-04     8.99e-01   516.534s
2745000 +1.13191140e+02 +1.16764118e+02  3.57e+00   1.42e-04     8.99e-01   516.723s
2746000 +1.13194197e+02 +1.16761982e+02  3.57e+00   1.42e-04     9.00e-01   516.911s
2747000 +1.13197312e+02 +1.16763071e+02  3.57e+00   1.42e-04     9.01e-01   517.099s
2748000 +1.13200421e+02 +1.16767970e+02  3.57e+00   1.42e-04     9.01e-01   517.288s
2749000 +1.13203593e+02 +1.16769870e+02  3.57e+00   1.42e-04     9.01e-01   517.476s
2750000 +1.13206626e+02 +1.16776878e+02  3.57e+00   1.41e-04     9.00e-01   517.665s
2751000 +1.13209649e+02 +1.16785592e+02  3.58e+00   1.41e-04     9.01e-01   517.853s
2752000 +1.13212632e+02 +1.16792589e+02  3.58e+00   1.41e-04     9.02e-01   518.042s
2753000 +1.13215835e+02 +1.16801047e+02  3.59e+00   1.40e-04     9.03e-01   518.230s
2754000 +1.13219071e+02 +1.16805559e+02  3.59e+00   1.40e-04     9.02e-01   518.419s
2755000 +1.13222449e+02 +1.16810154e+02  3.59e+00   1.40e-04     9.03e-01   518.607s
2756000 +1.13225705e+02 +1.16811078e+02  3.59e+00   1.40e-04     9.04e-01   518.796s
2757000 +1.13228734e+02 +1.16808553e+02  3.58e+00   1.39e-04     9.04e-01   518.984s
2758000 +1.13231916e+02 +1.16808477e+02  3.58e+00   1.39e-04     9.04e-01   519.173s
2759000 +1.13235213e+02 +1.16809996e+02  3.57e+00   1.38e-04     9.05e-01   519.361s
2760000 +1.13238517e+02 +1.16813455e+02  3.57e+00   1.38e-04     9.06e-01   519.550s
2761000 +1.13241579e+02 +1.16816275e+02  3.57e+00   1.37e-04     9.06e-01   519.738s
2762000 +1.13244841e+02 +1.16820025e+02  3.58e+00   1.37e-04     9.07e-01   519.926s
2763000 +1.13248011e+02 +1.16821437e+02  3.57e+00   1.36e-04     9.08e-01   520.115s
2764000 +1.13251138e+02 +1.16829872e+02  3.58e+00   1.36e-04     9.07e-01   520.304s
2765000 +1.13254355e+02 +1.16837825e+02  3.58e+00   1.35e-04     9.08e-01   520.492s
2766000 +1.13257566e+02 +1.16843473e+02  3.59e+00   1.34e-04     9.08e-01   520.680s
2767000 +1.13260911e+02 +1.16851013e+02  3.59e+00   1.34e-04     9.09e-01   520.869s
2768000 +1.13264290e+02 +1.16856076e+02  3.59e+00   1.33e-04     9.11e-01   521.057s
2769000 +1.13267663e+02 +1.16861773e+02  3.59e+00   1.32e-04     9.11e-01   521.246s
2770000 +1.13270995e+02 +1.16865568e+02  3.59e+00   1.32e-04     9.12e-01   521.434s
2771000 +1.13274401e+02 +1.16870279e+02  3.60e+00   1.31e-04     9.12e-01   521.623s
2772000 +1.13277749e+02 +1.16871905e+02  3.59e+00   1.31e-04     9.14e-01   521.812s
2773000 +1.13281082e+02 +1.16876127e+02  3.60e+00   1.30e-04     9.15e-01   522.000s
2774000 +1.13284427e+02 +1.16875697e+02  3.59e+00   1.30e-04     9.15e-01   522.189s
2775000 +1.13287742e+02 +1.16879111e+02  3.59e+00   1.29e-04     9.15e-01   522.378s
2776000 +1.13291042e+02 +1.16880872e+02  3.59e+00   1.29e-04     9.16e-01   522.566s
2777000 +1.13294399e+02 +1.16887035e+02  3.59e+00   1.28e-04     9.17e-01   522.755s
2778000 +1.13297730e+02 +1.16894132e+02  3.60e+00   1.28e-04     9.19e-01   522.943s
2779000 +1.13301151e+02 +1.16900995e+02  3.60e+00   1.27e-04     9.19e-01   523.132s
2780000 +1.13304654e+02 +1.16905543e+02  3.60e+00   1.27e-04     9.20e-01   523.320s
2781000 +1.13308175e+02 +1.16908014e+02  3.60e+00   1.27e-04     9.20e-01   523.509s
2782000 +1.13311722e+02 +1.16908325e+02  3.60e+00   1.26e-04     9.21e-01   523.697s
2783000 +1.13315290e+02 +1.16912739e+02  3.60e+00   1.26e-04     9.22e-01   523.886s
2784000 +1.13318775e+02 +1.16912037e+02  3.59e+00   1.25e-04     9.22e-01   524.074s
2785000 +1.13322058e+02 +1.16914048e+02  3.59e+00   1.25e-04     9.23e-01   524.263s
2786000 +1.13325466e+02 +1.16917060e+02  3.59e+00   1.25e-04     9.23e-01   524.451s
2787000 +1.13328950e+02 +1.16923399e+02  3.59e+00   1.24e-04     9.23e-01   524.640s
2788000 +1.13332437e+02 +1.16929003e+02  3.60e+00   1.24e-04     9.24e-01   524.828s
2789000 +1.13336054e+02 +1.16940787e+02  3.60e+00   1.23e-04     9.24e-01   525.017s
2790000 +1.13339709e+02 +1.16947327e+02  3.61e+00   1.23e-04     9.25e-01   525.205s
2791000 +1.13343395e+02 +1.16952226e+02  3.61e+00   1.22e-04     9.25e-01   525.394s
2792000 +1.13347091e+02 +1.16956753e+02  3.61e+00   1.22e-04     9.25e-01   525.582s
2793000 +1.13350782e+02 +1.16959939e+02  3.61e+00   1.21e-04     9.27e-01   525.771s
2794000 +1.13354322e+02 +1.16962875e+02  3.61e+00   1.21e-04     9.27e-01   525.959s
2795000 +1.13357735e+02 +1.16963817e+02  3.61e+00   1.20e-04     9.28e-01   526.148s
2796000 +1.13361395e+02 +1.16959742e+02  3.60e+00   1.20e-04     9.27e-01   526.336s
2797000 +1.13365117e+02 +1.16953220e+02  3.59e+00   1.19e-04     9.28e-01   526.525s
2798000 +1.13368679e+02 +1.16946613e+02  3.58e+00   1.19e-04     9.28e-01   526.713s
2799000 +1.13372126e+02 +1.16938383e+02  3.57e+00   1.18e-04     9.29e-01   526.902s
2800000 +1.13375491e+02 +1.16935692e+02  3.56e+00   1.17e-04     9.30e-01   527.090s
2801000 +1.13378733e+02 +1.16940020e+02  3.56e+00   1.17e-04     9.31e-01   527.279s
2802000 +1.13382050e+02 +1.16945931e+02  3.56e+00   1.16e-04     9.32e-01   527.467s
2803000 +1.13385431e+02 +1.16953588e+02  3.57e+00   1.16e-04     9.33e-01   527.655s
2804000 +1.13388928e+02 +1.16961948e+02  3.57e+00   1.15e-04     9.33e-01   527.844s
2805000 +1.13392374e+02 +1.16971493e+02  3.58e+00   1.15e-04     9.33e-01   528.033s
2806000 +1.13395850e+02 +1.16979458e+02  3.58e+00   1.14e-04     9.34e-01   528.222s
2807000 +1.13399501e+02 +1.16985043e+02  3.59e+00   1.14e-04     9.35e-01   528.410s
2808000 +1.13403284e+02 +1.16988328e+02  3.59e+00   1.14e-04     9.35e-01   528.599s
2809000 +1.13407024e+02 +1.16987132e+02  3.58e+00   1.14e-04     9.36e-01   528.787s
2810000 +1.13410603e+02 +1.16988071e+02  3.58e+00   1.13e-04     9.36e-01   528.976s
2811000 +1.13414095e+02 +1.16992623e+02  3.58e+00   1.13e-04     9.37e-01   529.164s
2812000 +1.13417508e+02 +1.16992880e+02  3.58e+00   1.13e-04     9.37e-01   529.353s
2813000 +1.13420779e+02 +1.16993706e+02  3.57e+00   1.12e-04     9.37e-01   529.541s
2814000 +1.13424124e+02 +1.16997738e+02  3.57e+00   1.12e-04     9.37e-01   529.730s
2815000 +1.13427419e+02 +1.17003470e+02  3.58e+00   1.12e-04     9.38e-01   529.918s
2816000 +1.13430535e+02 +1.17012077e+02  3.58e+00   1.12e-04     9.38e-01   530.107s
2817000 +1.13433654e+02 +1.17019261e+02  3.59e+00   1.11e-04     9.38e-01   530.300s
2818000 +1.13436900e+02 +1.17026165e+02  3.59e+00   1.11e-04     9.39e-01   530.488s
2819000 +1.13440012e+02 +1.17031421e+02  3.59e+00   1.10e-04     9.39e-01   530.677s
2820000 +1.13443202e+02 +1.17037021e+02  3.59e+00   1.10e-04     9.39e-01   530.866s
2821000 +1.13446432e+02 +1.17043371e+02  3.60e+00   1.10e-04     9.40e-01   531.055s
2822000 +1.13449733e+02 +1.17050919e+02  3.60e+00   1.10e-04     9.39e-01   531.243s
2823000 +1.13453253e+02 +1.17056808e+02  3.60e+00   1.09e-04     9.39e-01   531.432s
2824000 +1.13456605e+02 +1.17055752e+02  3.60e+00   1.09e-04     9.39e-01   531.620s
2825000 +1.13459910e+02 +1.17055710e+02  3.60e+00   1.09e-04     9.39e-01   531.809s
2826000 +1.13463252e+02 +1.17053205e+02  3.59e+00   1.09e-04     9.39e-01   531.997s
2827000 +1.13466497e+02 +1.17054144e+02  3.59e+00   1.09e-04     9.40e-01   532.186s
2828000 +1.13469702e+02 +1.17051343e+02  3.58e+00   1.08e-04     9.41e-01   532.374s
2829000 +1.13472798e+02 +1.17049926e+02  3.58e+00   1.08e-04     9.42e-01   532.563s
2830000 +1.13475948e+02 +1.17050665e+02  3.57e+00   1.08e-04     9.42e-01   532.751s
2831000 +1.13479097e+02 +1.17055161e+02  3.58e+00   1.07e-04     9.41e-01   532.940s
2832000 +1.13482143e+02 +1.17058378e+02  3.58e+00   1.07e-04     9.41e-01   533.128s
2833000 +1.13485224e+02 +1.17061551e+02  3.58e+00   1.06e-04     9.41e-01   533.317s
2834000 +1.13488643e+02 +1.17066271e+02  3.58e+00   1.06e-04     9.41e-01   533.505s
2835000 +1.13492128e+02 +1.17072113e+02  3.58e+00   1.06e-04     9.42e-01   533.694s
2836000 +1.13495503e+02 +1.17071464e+02  3.58e+00   1.05e-04     9.43e-01   533.882s
2837000 +1.13498803e+02 +1.17069940e+02  3.57e+00   1.05e-04     9.43e-01   534.071s
2838000 +1.13501935e+02 +1.17067637e+02  3.57e+00   1.05e-04     9.43e-01   534.260s
2839000 +1.13504815e+02 +1.17067674e+02  3.56e+00   1.04e-04     9.44e-01   534.448s
2840000 +1.13507701e+02 +1.17069248e+02  3.56e+00   1.04e-04     9.44e-01   534.637s
2841000 +1.13510519e+02 +1.17065565e+02  3.56e+00   1.04e-04     9.44e-01   534.825s
2842000 +1.13513170e+02 +1.17063852e+02  3.55e+00   1.04e-04     9.45e-01   535.014s
2843000 +1.13515749e+02 +1.17062802e+02  3.55e+00   1.04e-04     9.45e-01   535.202s
2844000 +1.13518378e+02 +1.17064782e+02  3.55e+00   1.03e-04     9.46e-01   535.391s
2845000 +1.13520931e+02 +1.17059249e+02  3.54e+00   1.03e-04     9.45e-01   535.580s
2846000 +1.13523533e+02 +1.17058956e+02  3.54e+00   1.03e-04     9.46e-01   535.768s
2847000 +1.13526393e+02 +1.17055841e+02  3.53e+00   1.03e-04     9.45e-01   535.956s
2848000 +1.13529276e+02 +1.17052653e+02  3.52e+00   1.03e-04     9.46e-01   536.145s
2849000 +1.13532143e+02 +1.17051456e+02  3.52e+00   1.02e-04     9.46e-01   536.333s
2850000 +1.13534862e+02 +1.17049252e+02  3.51e+00   1.02e-04     9.46e-01   536.522s
2851000 +1.13537575e+02 +1.17047453e+02  3.51e+00   1.02e-04     9.47e-01   536.710s
2852000 +1.13540199e+02 +1.17047687e+02  3.51e+00   1.02e-04     9.47e-01   536.898s
2853000 +1.13542859e+02 +1.17049494e+02  3.51e+00   1.01e-04     9.47e-01   537.087s
2854000 +1.13545343e+02 +1.17048660e+02  3.50e+00   1.01e-04     9.48e-01   537.275s
2855000 +1.13547738e+02 +1.17049385e+02  3.50e+00   1.00e-04     9.47e-01   537.463s
2856000 +1.13549844e+02 +1.17044598e+02  3.49e+00   1.00e-04     9.48e-01   537.652s
2857000 +1.13551880e+02 +1.17042324e+02  3.49e+00   9.99e-05     9.49e-01   537.841s
2858000 +1.13554086e+02 +1.17043074e+02  3.49e+00   9.98e-05     9.49e-01   538.030s
2859000 +1.13556317e+02 +1.17045439e+02  3.49e+00   9.98e-05     9.49e-01   538.218s
2860000 +1.13558696e+02 +1.17052234e+02  3.49e+00   9.93e-05     9.49e-01   538.407s
2861000 +1.13561192e+02 +1.17050975e+02  3.49e+00   9.87e-05     9.49e-01   538.595s
2862000 +1.13563570e+02 +1.17051062e+02  3.49e+00   9.82e-05     9.50e-01   538.783s
2863000 +1.13565758e+02 +1.17051087e+02  3.49e+00   9.78e-05     9.50e-01   538.972s
2864000 +1.13567967e+02 +1.17052939e+02  3.48e+00   9.75e-05     9.50e-01   539.161s
2865000 +1.13570411e+02 +1.17055252e+02  3.48e+00   9.71e-05     9.50e-01   539.349s
2866000 +1.13572894e+02 +1.17053927e+02  3.48e+00   9.67e-05     9.49e-01   539.538s
2867000 +1.13575366e+02 +1.17054182e+02  3.48e+00   9.64e-05     9.50e-01   539.726s
2868000 +1.13577601e+02 +1.17053968e+02  3.48e+00   9.60e-05     9.50e-01   539.915s
2869000 +1.13580007e+02 +1.17055187e+02  3.48e+00   9.56e-05     9.50e-01   540.103s
2870000 +1.13582308e+02 +1.17054648e+02  3.47e+00   9.53e-05     9.50e-01   540.292s
2871000 +1.13584474e+02 +1.17056694e+02  3.47e+00   9.50e-05     9.49e-01   540.481s
2872000 +1.13586531e+02 +1.17055932e+02  3.47e+00   9.47e-05     9.49e-01   540.669s
2873000 +1.13588681e+02 +1.17056913e+02  3.47e+00   9.45e-05     9.49e-01   540.858s
2874000 +1.13591068e+02 +1.17058154e+02  3.47e+00   9.44e-05     9.50e-01   541.047s
2875000 +1.13593437e+02 +1.17055527e+02  3.46e+00   9.43e-05     9.50e-01   541.235s
2876000 +1.13595681e+02 +1.17054574e+02  3.46e+00   9.41e-05     9.50e-01   541.424s
2877000 +1.13597769e+02 +1.17053851e+02  3.46e+00   9.40e-05     9.51e-01   541.612s
2878000 +1.13599897e+02 +1.17053346e+02  3.45e+00   9.41e-05     9.51e-01   541.801s
2879000 +1.13602161e+02 +1.17053412e+02  3.45e+00   9.41e-05     9.52e-01   541.989s
2880000 +1.13604642e+02 +1.17054957e+02  3.45e+00   9.41e-05     9.52e-01   542.178s
2881000 +1.13606947e+02 +1.17052809e+02  3.45e+00   9.39e-05     9.52e-01   542.366s
2882000 +1.13609238e+02 +1.17049987e+02  3.44e+00   9.39e-05     9.52e-01   542.555s
2883000 +1.13611530e+02 +1.17045990e+02  3.43e+00   9.39e-05     9.52e-01   542.744s
2884000 +1.13613746e+02 +1.17044680e+02  3.43e+00   9.37e-05     9.53e-01   542.932s
2885000 +1.13616155e+02 +1.17047892e+02  3.43e+00   9.34e-05     9.52e-01   543.121s
2886000 +1.13618549e+02 +1.17047206e+02  3.43e+00   9.33e-05     9.53e-01   543.310s
2887000 +1.13620832e+02 +1.17046931e+02  3.43e+00   9.32e-05     9.53e-01   543.498s
2888000 +1.13622943e+02 +1.17049236e+02  3.43e+00   9.35e-05     9.54e-01   543.687s
2889000 +1.13625273e+02 +1.17049936e+02  3.42e+00   9.32e-05     9.54e-01   543.875s
2890000 +1.13627562e+02 +1.17043633e+02  3.42e+00   9.35e-05     9.53e-01   544.064s
2891000 +1.13629704e+02 +1.17040522e+02  3.41e+00   9.37e-05     9.53e-01   544.252s
2892000 +1.13632026e+02 +1.17041026e+02  3.41e+00   9.36e-05     9.54e-01   544.441s
2893000 +1.13634241e+02 +1.17039806e+02  3.41e+00   9.36e-05     9.54e-01   544.629s
2894000 +1.13636367e+02 +1.17036421e+02  3.40e+00   9.37e-05     9.53e-01   544.818s
2895000 +1.13638337e+02 +1.17033268e+02  3.39e+00   9.38e-05     9.53e-01   545.007s
2896000 +1.13640265e+02 +1.17035957e+02  3.40e+00   9.39e-05     9.53e-01   545.195s
2897000 +1.13642148e+02 +1.17036545e+02  3.39e+00   9.43e-05     9.53e-01   545.384s
2898000 +1.13643995e+02 +1.17039626e+02  3.40e+00   9.47e-05     9.52e-01   545.572s
2899000 +1.13646011e+02 +1.17042151e+02  3.40e+00   9.54e-05     9.52e-01   545.762s
2900000 +1.13647881e+02 +1.17043460e+02  3.40e+00   9.60e-05     9.52e-01   545.950s
2901000 +1.13649638e+02 +1.17051259e+02  3.40e+00   9.66e-05     9.52e-01   546.139s
2902000 +1.13651401e+02 +1.17051713e+02  3.40e+00   9.72e-05     9.53e-01   546.327s
2903000 +1.13653284e+02 +1.17053079e+02  3.40e+00   9.79e-05     9.53e-01   546.516s
2904000 +1.13655125e+02 +1.17061025e+02  3.41e+00   9.84e-05     9.51e-01   546.704s
2905000 +1.13657084e+02 +1.17067453e+02  3.41e+00   9.90e-05     9.51e-01   546.893s
2906000 +1.13659085e+02 +1.17076188e+02  3.42e+00   9.92e-05     9.51e-01   547.081s
2907000 +1.13661140e+02 +1.17083638e+02  3.42e+00   9.95e-05     9.51e-01   547.270s
2908000 +1.13663091e+02 +1.17088433e+02  3.43e+00   9.98e-05     9.52e-01   547.458s
2909000 +1.13665141e+02 +1.17100435e+02  3.44e+00   1.00e-04     9.52e-01   547.647s
2910000 +1.13667285e+02 +1.17107903e+02  3.44e+00   1.00e-04     9.51e-01   547.836s
2911000 +1.13669427e+02 +1.17113459e+02  3.44e+00   1.01e-04     9.51e-01   548.024s
2912000 +1.13671826e+02 +1.17116945e+02  3.45e+00   1.01e-04     9.50e-01   548.213s
2913000 +1.13674164e+02 +1.17117852e+02  3.44e+00   1.01e-04     9.50e-01   548.401s
2914000 +1.13676536e+02 +1.17118532e+02  3.44e+00   1.02e-04     9.49e-01   548.590s
2915000 +1.13678775e+02 +1.17116404e+02  3.44e+00   1.02e-04     9.49e-01   548.778s
2916000 +1.13681037e+02 +1.17118593e+02  3.44e+00   1.02e-04     9.48e-01   548.967s
2917000 +1.13683274e+02 +1.17121884e+02  3.44e+00   1.02e-04     9.47e-01   549.156s
2918000 +1.13685366e+02 +1.17129982e+02  3.44e+00   1.02e-04     9.47e-01   549.344s
2919000 +1.13687574e+02 +1.17134732e+02  3.45e+00   1.02e-04     9.47e-01   549.533s
2920000 +1.13689735e+02 +1.17139880e+02  3.45e+00   1.03e-04     9.47e-01   549.721s
2921000 +1.13691826e+02 +1.17148708e+02  3.46e+00   1.03e-04     9.47e-01   549.910s
2922000 +1.13694138e+02 +1.17159629e+02  3.47e+00   1.03e-04     9.47e-01   550.098s
2923000 +1.13696434e+02 +1.17169329e+02  3.47e+00   1.03e-04     9.46e-01   550.287s
2924000 +1.13698930e+02 +1.17176621e+02  3.48e+00   1.03e-04     9.47e-01   550.475s
2925000 +1.13701333e+02 +1.17178200e+02  3.48e+00   1.03e-04     9.47e-01   550.663s
2926000 +1.13703731e+02 +1.17180581e+02  3.48e+00   1.04e-04     9.47e-01   550.852s
2927000 +1.13705947e+02 +1.17176969e+02  3.47e+00   1.04e-04     9.46e-01   551.040s
2928000 +1.13707818e+02 +1.17179686e+02  3.47e+00   1.04e-04     9.46e-01   551.229s
2929000 +1.13709731e+02 +1.17179156e+02  3.47e+00   1.04e-04     9.47e-01   551.417s
2930000 +1.13711683e+02 +1.17179958e+02  3.47e+00   1.04e-04     9.46e-01   551.606s
2931000 +1.13713848e+02 +1.17178116e+02  3.46e+00   1.04e-04     9.46e-01   551.794s
2932000 +1.13716007e+02 +1.17176547e+02  3.46e+00   1.04e-04     9.47e-01   551.983s
2933000 +1.13718310e+02 +1.17182421e+02  3.46e+00   1.03e-04     9.47e-01   552.171s
2934000 +1.13720756e+02 +1.17184377e+02  3.46e+00   1.03e-04     9.47e-01   552.360s
2935000 +1.13723231e+02 +1.17191398e+02  3.47e+00   1.03e-04     9.47e-01   552.548s
2936000 +1.13725860e+02 +1.17199287e+02  3.47e+00   1.03e-04     9.46e-01   552.737s
2937000 +1.13728439e+02 +1.17206697e+02  3.48e+00   1.03e-04     9.47e-01   552.926s
2938000 +1.13730797e+02 +1.17216193e+02  3.49e+00   1.03e-04     9.46e-01   553.114s
2939000 +1.13733479e+02 +1.17227646e+02  3.49e+00   1.03e-04     9.46e-01   553.302s
2940000 +1.13736296e+02 +1.17234644e+02  3.50e+00   1.03e-04     9.47e-01   553.491s
2941000 +1.13738750e+02 +1.17236955e+02  3.50e+00   1.03e-04     9.47e-01   553.679s
2942000 +1.13741075e+02 +1.17235712e+02  3.49e+00   1.03e-04     9.47e-01   553.868s
2943000 +1.13743272e+02 +1.17237049e+02  3.49e+00   1.02e-04     9.46e-01   554.056s
2944000 +1.13745501e+02 +1.17235305e+02  3.49e+00   1.02e-04     9.46e-01   554.245s
2945000 +1.13747572e+02 +1.17233593e+02  3.49e+00   1.02e-04     9.46e-01   554.434s
2946000 +1.13749588e+02 +1.17233965e+02  3.48e+00   1.02e-04     9.46e-01   554.622s
2947000 +1.13751822e+02 +1.17237177e+02  3.49e+00   1.02e-04     9.47e-01   554.811s
2948000 +1.13753941e+02 +1.17245135e+02  3.49e+00   1.02e-04     9.47e-01   554.999s
2949000 +1.13756365e+02 +1.17257099e+02  3.50e+00   1.02e-04     9.47e-01   555.187s
2950000 +1.13758869e+02 +1.17266315e+02  3.51e+00   1.02e-04     9.48e-01   555.376s
2951000 +1.13761342e+02 +1.17275817e+02  3.51e+00   1.02e-04     9.48e-01   555.564s
2952000 +1.13763803e+02 +1.17283148e+02  3.52e+00   1.02e-04     9.48e-01   555.753s
2953000 +1.13766450e+02 +1.17293297e+02  3.53e+00   1.03e-04     9.48e-01   555.941s
2954000 +1.13769166e+02 +1.17299443e+02  3.53e+00   1.02e-04     9.47e-01   556.130s
2955000 +1.13771856e+02 +1.17303478e+02  3.53e+00   1.02e-04     9.48e-01   556.318s
2956000 +1.13774389e+02 +1.17308090e+02  3.53e+00   1.02e-04     9.48e-01   556.507s
2957000 +1.13777000e+02 +1.17312076e+02  3.54e+00   1.02e-04     9.46e-01   556.695s
2958000 +1.13779504e+02 +1.17312623e+02  3.53e+00   1.02e-04     9.47e-01   556.884s
2959000 +1.13781973e+02 +1.17312873e+02  3.53e+00   1.02e-04     9.47e-01   557.072s
2960000 +1.13784166e+02 +1.17311542e+02  3.53e+00   1.02e-04     9.48e-01   557.261s
2961000 +1.13786274e+02 +1.17309214e+02  3.52e+00   1.02e-04     9.47e-01   557.449s
2962000 +1.13788325e+02 +1.17310022e+02  3.52e+00   1.02e-04     9.48e-01   557.638s
2963000 +1.13790574e+02 +1.17313154e+02  3.52e+00   1.02e-04     9.48e-01   557.826s
2964000 +1.13792867e+02 +1.17318386e+02  3.53e+00   1.02e-04     9.47e-01   558.015s
2965000 +1.13795097e+02 +1.17323651e+02  3.53e+00   1.02e-04     9.48e-01   558.203s
2966000 +1.13797158e+02 +1.17328870e+02  3.53e+00   1.03e-04     9.47e-01   558.391s
2967000 +1.13799319e+02 +1.17331981e+02  3.53e+00   1.03e-04     9.47e-01   558.580s
2968000 +1.13801378e+02 +1.17339718e+02  3.54e+00   1.03e-04     9.47e-01   558.768s
2969000 +1.13803660e+02 +1.17344014e+02  3.54e+00   1.03e-04     9.46e-01   558.956s
2970000 +1.13806041e+02 +1.17342797e+02  3.54e+00   1.03e-04     9.45e-01   559.145s
2971000 +1.13808487e+02 +1.17333614e+02  3.53e+00   1.04e-04     9.45e-01   559.333s
2972000 +1.13810505e+02 +1.17326702e+02  3.52e+00   1.03e-04     9.45e-01   559.522s
2973000 +1.13812603e+02 +1.17321223e+02  3.51e+00   1.03e-04     9.45e-01   559.711s
2974000 +1.13814566e+02 +1.17315270e+02  3.50e+00   1.03e-04     9.45e-01   559.899s
2975000 +1.13816538e+02 +1.17317914e+02  3.50e+00   1.02e-04     9.45e-01   560.087s
2976000 +1.13818360e+02 +1.17319202e+02  3.50e+00   1.02e-04     9.46e-01   560.276s
2977000 +1.13820343e+02 +1.17319115e+02  3.50e+00   1.02e-04     9.46e-01   560.465s
2978000 +1.13822130e+02 +1.17317700e+02  3.50e+00   1.02e-04     9.46e-01   560.653s
2979000 +1.13823822e+02 +1.17320057e+02  3.50e+00   1.02e-04     9.44e-01   560.841s
2980000 +1.13825396e+02 +1.17316808e+02  3.49e+00   1.02e-04     9.45e-01   561.030s
2981000 +1.13826886e+02 +1.17314146e+02  3.49e+00   1.02e-04     9.45e-01   561.218s
2982000 +1.13828200e+02 +1.17312387e+02  3.48e+00   1.03e-04     9.45e-01   561.407s
2983000 +1.13829406e+02 +1.17310964e+02  3.48e+00   1.03e-04     9.45e-01   561.595s
2984000 +1.13830578e+02 +1.17315786e+02  3.49e+00   1.03e-04     9.46e-01   561.784s
2985000 +1.13831665e+02 +1.17318367e+02  3.49e+00   1.03e-04     9.46e-01   561.972s
2986000 +1.13832972e+02 +1.17328967e+02  3.50e+00   1.04e-04     9.47e-01   562.161s
2987000 +1.13834556e+02 +1.17341831e+02  3.51e+00   1.04e-04     9.47e-01   562.350s
2988000 +1.13836419e+02 +1.17354659e+02  3.52e+00   1.04e-04     9.47e-01   562.539s
2989000 +1.13838426e+02 +1.17363507e+02  3.53e+00   1.05e-04     9.48e-01   562.727s
2990000 +1.13840413e+02 +1.17373037e+02  3.53e+00   1.05e-04     9.48e-01   562.915s
2991000 +1.13842613e+02 +1.17377865e+02  3.54e+00   1.06e-04     9.48e-01   563.104s
2992000 +1.13844602e+02 +1.17371882e+02  3.53e+00   1.07e-04     9.48e-01   563.292s
2993000 +1.13846483e+02 +1.17369789e+02  3.52e+00   1.07e-04     9.49e-01   563.481s
2994000 +1.13848390e+02 +1.17366475e+02  3.52e+00   1.08e-04     9.49e-01   563.670s
2995000 +1.13850223e+02 +1.17367858e+02  3.52e+00   1.08e-04     9.50e-01   563.858s
2996000 +1.13852162e+02 +1.17370858e+02  3.52e+00   1.08e-04     9.50e-01   564.047s
2997000 +1.13854177e+02 +1.17375072e+02  3.52e+00   1.09e-04     9.50e-01   564.235s
2998000 +1.13856239e+02 +1.17384100e+02  3.53e+00   1.09e-04     9.51e-01   564.424s
2999000 +1.13858354e+02 +1.17394037e+02  3.54e+00   1.09e-04     9.50e-01   564.613s
3000000 +1.13860546e+02 +1.17404193e+02  3.54e+00   1.09e-04     9.50e-01   564.801s
3001000 +1.13862817e+02 +1.17412029e+02  3.55e+00   1.09e-04     9.50e-01   564.990s
3002000 +1.13865105e+02 +1.17415704e+02  3.55e+00   1.10e-04     9.50e-01   565.179s
3003000 +1.13867391e+02 +1.17419358e+02  3.55e+00   1.10e-04     9.49e-01   565.368s
3004000 +1.13869509e+02 +1.17423158e+02  3.55e+00   1.10e-04     9.47e-01   565.557s
3005000 +1.13871665e+02 +1.17427817e+02  3.56e+00   1.10e-04     9.43e-01   565.745s
3006000 +1.13873690e+02 +1.17430832e+02  3.56e+00   1.10e-04     9.45e-01   565.934s
3007000 +1.13875883e+02 +1.17434481e+02  3.56e+00   1.10e-04     9.45e-01   566.123s
3008000 +1.13878108e+02 +1.17437800e+02  3.56e+00   1.10e-04     9.45e-01   566.311s
3009000 +1.13880448e+02 +1.17440304e+02  3.56e+00   1.10e-04     9.44e-01   566.500s
3010000 +1.13882787e+02 +1.17443050e+02  3.56e+00   1.10e-04     9.42e-01   566.688s
3011000 +1.13885341e+02 +1.17446492e+02  3.56e+00   1.10e-04     9.41e-01   566.877s
3012000 +1.13887930e+02 +1.17445460e+02  3.56e+00   1.10e-04     9.40e-01   567.065s
3013000 +1.13890405e+02 +1.17444676e+02  3.55e+00   1.10e-04     9.39e-01   567.253s
3014000 +1.13892845e+02 +1.17440161e+02  3.55e+00   1.10e-04     9.38e-01   567.442s
3015000 +1.13895312e+02 +1.17437695e+02  3.54e+00   1.10e-04     9.39e-01   567.630s
3016000 +1.13897696e+02 +1.17435548e+02  3.54e+00   1.10e-04     9.37e-01   567.819s
3017000 +1.13899878e+02 +1.17438203e+02  3.54e+00   1.09e-04     9.36e-01   568.007s
3018000 +1.13902241e+02 +1.17443978e+02  3.54e+00   1.08e-04     9.34e-01   568.195s
3019000 +1.13904316e+02 +1.17447400e+02  3.54e+00   1.08e-04     9.35e-01   568.384s
3020000 +1.13906477e+02 +1.17455753e+02  3.55e+00   1.07e-04     9.35e-01   568.572s
3021000 +1.13908622e+02 +1.17457456e+02  3.55e+00   1.07e-04     9.36e-01   568.761s
3022000 +1.13910980e+02 +1.17460228e+02  3.55e+00   1.06e-04     9.37e-01   568.949s
3023000 +1.13913436e+02 +1.17462638e+02  3.55e+00   1.06e-04     9.37e-01   569.137s
3024000 +1.13915701e+02 +1.17466572e+02  3.55e+00   1.06e-04     9.37e-01   569.326s
3025000 +1.13917910e+02 +1.17471179e+02  3.55e+00   1.06e-04     9.36e-01   569.515s
3026000 +1.13920034e+02 +1.17468077e+02  3.55e+00   1.05e-04     9.35e-01   569.703s
3027000 +1.13922054e+02 +1.17468729e+02  3.55e+00   1.05e-04     9.34e-01   569.892s
3028000 +1.13923963e+02 +1.17470280e+02  3.55e+00   1.05e-04     9.34e-01   570.080s
3029000 +1.13925966e+02 +1.17473096e+02  3.55e+00   1.04e-04     9.34e-01   570.269s
3030000 +1.13928088e+02 +1.17481752e+02  3.55e+00   1.04e-04     9.35e-01   570.457s
3031000 +1.13930262e+02 +1.17485325e+02  3.56e+00   1.03e-04     9.38e-01   570.646s
3032000 +1.13932495e+02 +1.17487934e+02  3.56e+00   1.03e-04     9.39e-01   570.834s
3033000 +1.13934739e+02 +1.17491044e+02  3.56e+00   1.02e-04     9.37e-01   571.023s
3034000 +1.13937071e+02 +1.17491201e+02  3.55e+00   1.02e-04     9.36e-01   571.211s
3035000 +1.13939456e+02 +1.17491172e+02  3.55e+00   1.02e-04     9.34e-01   571.400s
3036000 +1.13941808e+02 +1.17494880e+02  3.55e+00   1.01e-04     9.34e-01   571.588s
3037000 +1.13944168e+02 +1.17497660e+02  3.55e+00   1.01e-04     9.34e-01   571.777s
3038000 +1.13946588e+02 +1.17501832e+02  3.56e+00   1.01e-04     9.34e-01   571.966s
3039000 +1.13949135e+02 +1.17507023e+02  3.56e+00   1.00e-04     9.34e-01   572.154s
3040000 +1.13951718e+02 +1.17507942e+02  3.56e+00   1.00e-04     9.36e-01   572.343s
3041000 +1.13954187e+02 +1.17509883e+02  3.56e+00   1.01e-04     9.37e-01   572.531s
3042000 +1.13956639e+02 +1.17510404e+02  3.55e+00   1.01e-04     9.35e-01   572.720s
3043000 +1.13959358e+02 +1.17511668e+02  3.55e+00   1.01e-04     9.33e-01   572.908s
3044000 +1.13962151e+02 +1.17509927e+02  3.55e+00   1.00e-04     9.33e-01   573.097s
3045000 +1.13964758e+02 +1.17501098e+02  3.54e+00   1.00e-04     9.34e-01   573.285s
3046000 +1.13967388e+02 +1.17499331e+02  3.53e+00   9.96e-05     9.34e-01   573.474s
3047000 +1.13970233e+02 +1.17502858e+02  3.53e+00   9.92e-05     9.33e-01   573.662s
3048000 +1.13972912e+02 +1.17505639e+02  3.53e+00   9.88e-05     9.34e-01   573.851s
3049000 +1.13975512e+02 +1.17514259e+02  3.54e+00   9.88e-05     9.35e-01   574.039s
3050000 +1.13978021e+02 +1.17524130e+02  3.55e+00   9.87e-05     9.36e-01   574.227s
3051000 +1.13980681e+02 +1.17537628e+02  3.56e+00   9.86e-05     9.34e-01   574.416s
3052000 +1.13983465e+02 +1.17546195e+02  3.56e+00   9.75e-05     9.33e-01   574.604s
3053000 +1.13986201e+02 +1.17546973e+02  3.56e+00   9.72e-05     9.32e-01   574.793s
3054000 +1.13988803e+02 +1.17545075e+02  3.56e+00   9.72e-05     9.31e-01   574.981s
3055000 +1.13991204e+02 +1.17548975e+02  3.56e+00   9.72e-05     9.31e-01   575.170s
3056000 +1.13993718e+02 +1.17545955e+02  3.55e+00   9.68e-05     9.31e-01   575.358s
3057000 +1.13994778e+02 +1.17542023e+02  3.55e+00   9.67e-05     9.26e-01   575.549s
3058000 +1.13995865e+02 +1.17537053e+02  3.54e+00   9.65e-05     9.31e-01   575.824s
3059000 +1.13996921e+02 +1.17535480e+02  3.54e+00   9.64e-05     9.34e-01   576.012s
3060000 +1.13997973e+02 +1.17535637e+02  3.54e+00   9.61e-05     9.39e-01   576.200s
3061000 +1.13999031e+02 +1.17539006e+02  3.54e+00   9.59e-05     9.43e-01   576.388s
3062000 +1.14000093e+02 +1.17544024e+02  3.54e+00   9.57e-05     9.48e-01   576.576s
3063000 +1.14001172e+02 +1.17551416e+02  3.55e+00   9.55e-05     9.53e-01   576.764s
3064000 +1.14002276e+02 +1.17560617e+02  3.56e+00   9.54e-05     9.57e-01   576.952s
3065000 +1.14003403e+02 +1.17570578e+02  3.57e+00   9.52e-05     9.62e-01   577.140s
3066000 +1.14004553e+02 +1.17580779e+02  3.58e+00   9.51e-05     9.66e-01   577.328s
3067000 +1.14005734e+02 +1.17590794e+02  3.59e+00   9.49e-05     9.69e-01   577.516s
3068000 +1.14006949e+02 +1.17599823e+02  3.59e+00   9.48e-05     9.73e-01   577.704s
3069000 +1.14008194e+02 +1.17607969e+02  3.60e+00   9.46e-05     9.76e-01   577.892s
3070000 +1.14009474e+02 +1.17614585e+02  3.61e+00   9.45e-05     9.79e-01   578.080s
3071000 +1.14010769e+02 +1.17620154e+02  3.61e+00   9.44e-05     9.83e-01   578.268s
3072000 +1.14012059e+02 +1.17625311e+02  3.61e+00   9.42e-05     9.86e-01   578.456s
3073000 +1.14013346e+02 +1.17631238e+02  3.62e+00   9.40e-05     9.88e-01   578.644s
3074000 +1.14014658e+02 +1.17637371e+02  3.62e+00   9.38e-05     9.92e-01   578.832s
3075000 +1.14015991e+02 +1.17644708e+02  3.63e+00   9.36e-05     9.95e-01   579.020s
3076000 +1.14017347e+02 +1.17652879e+02  3.64e+00   9.34e-05     9.99e-01   579.208s
3077000 +1.14018709e+02 +1.17662158e+02  3.64e+00   9.32e-05     1.00e+00   579.396s
3078000 +1.14020094e+02 +1.17671951e+02  3.65e+00   9.29e-05     1.01e+00   579.584s
3079000 +1.14021513e+02 +1.17680408e+02  3.66e+00   9.28e-05     1.01e+00   579.772s
3080000 +1.14022959e+02 +1.17687985e+02  3.67e+00   9.26e-05     1.01e+00   579.960s
3081000 +1.14024402e+02 +1.17694519e+02  3.67e+00   9.24e-05     1.02e+00   580.148s
3082000 +1.14025847e+02 +1.17700562e+02  3.67e+00   9.22e-05     1.02e+00   580.336s
3083000 +1.14027330e+02 +1.17706272e+02  3.68e+00   9.20e-05     1.02e+00   580.523s
3084000 +1.14028838e+02 +1.17709422e+02  3.68e+00   9.18e-05     1.03e+00   580.712s
3085000 +1.14030315e+02 +1.17712594e+02  3.68e+00   9.16e-05     1.03e+00   580.900s
3086000 +1.14031801e+02 +1.17715822e+02  3.68e+00   9.14e-05     1.03e+00   581.087s
3087000 +1.14033285e+02 +1.17719357e+02  3.69e+00   9.12e-05     1.04e+00   581.276s
3088000 +1.14034792e+02 +1.17724563e+02  3.69e+00   9.10e-05     1.04e+00   581.463s
3089000 +1.14036288e+02 +1.17730050e+02  3.69e+00   9.08e-05     1.04e+00   581.651s
3090000 +1.14037815e+02 +1.17737843e+02  3.70e+00   9.06e-05     1.05e+00   581.839s
3091000 +1.14039356e+02 +1.17745002e+02  3.71e+00   9.03e-05     1.05e+00   582.027s
3092000 +1.14040925e+02 +1.17753040e+02  3.71e+00   9.01e-05     1.05e+00   582.215s
3093000 +1.14042487e+02 +1.17760020e+02  3.72e+00   8.99e-05     1.06e+00   582.403s
3094000 +1.14044051e+02 +1.17766792e+02  3.72e+00   8.97e-05     1.06e+00   582.590s
3095000 +1.14045611e+02 +1.17772525e+02  3.73e+00   8.95e-05     1.06e+00   582.778s
3096000 +1.14047204e+02 +1.17777409e+02  3.73e+00   8.94e-05     1.07e+00   582.966s
3097000 +1.14048830e+02 +1.17781624e+02  3.73e+00   8.92e-05     1.07e+00   583.154s
3098000 +1.14050458e+02 +1.17785538e+02  3.74e+00   8.90e-05     1.08e+00   583.342s
3099000 +1.14052108e+02 +1.17788251e+02  3.74e+00   8.89e-05     1.08e+00   583.530s
3100000 +1.14053738e+02 +1.17792317e+02  3.74e+00   8.87e-05     1.08e+00   583.718s
3101000 +1.14055388e+02 +1.17796974e+02  3.74e+00   8.85e-05     1.09e+00   583.906s
3102000 +1.14057068e+02 +1.17801624e+02  3.74e+00   8.84e-05     1.09e+00   584.093s
3103000 +1.14058764e+02 +1.17805912e+02  3.75e+00   8.82e-05     1.09e+00   584.281s
3104000 +1.14060457e+02 +1.17808464e+02  3.75e+00   8.81e-05     1.10e+00   584.469s
3105000 +1.14062132e+02 +1.17811070e+02  3.75e+00   8.79e-05     1.10e+00   584.657s
3106000 +1.14063828e+02 +1.17813392e+02  3.75e+00   8.78e-05     1.10e+00   584.845s
3107000 +1.14065508e+02 +1.17814360e+02  3.75e+00   8.76e-05     1.11e+00   585.033s
3108000 +1.14067199e+02 +1.17815531e+02  3.75e+00   8.74e-05     1.11e+00   585.221s
3109000 +1.14068888e+02 +1.17817259e+02  3.75e+00   8.73e-05     1.11e+00   585.409s
3110000 +1.14070564e+02 +1.17820452e+02  3.75e+00   8.71e-05     1.11e+00   585.597s
3111000 +1.14072233e+02 +1.17825271e+02  3.75e+00   8.69e-05     1.12e+00   585.785s
3112000 +1.14073889e+02 +1.17829921e+02  3.76e+00   8.68e-05     1.12e+00   585.973s
3113000 +1.14075572e+02 +1.17835243e+02  3.76e+00   8.67e-05     1.13e+00   586.161s
3114000 +1.14077259e+02 +1.17840132e+02  3.76e+00   8.66e-05     1.13e+00   586.349s
3115000 +1.14078928e+02 +1.17844668e+02  3.77e+00   8.65e-05     1.13e+00   586.537s
3116000 +1.14080599e+02 +1.17849402e+02  3.77e+00   8.64e-05     1.14e+00   586.726s
3117000 +1.14082299e+02 +1.17852819e+02  3.77e+00   8.63e-05     1.14e+00   586.913s
3118000 +1.14083985e+02 +1.17855434e+02  3.77e+00   8.61e-05     1.14e+00   587.102s
3119000 +1.14085669e+02 +1.17857314e+02  3.77e+00   8.60e-05     1.15e+00   587.290s
3120000 +1.14087342e+02 +1.17860122e+02  3.77e+00   8.58e-05     1.15e+00   587.478s
3121000 +1.14089005e+02 +1.17862777e+02  3.77e+00   8.57e-05     1.16e+00   587.666s
3122000 +1.14090687e+02 +1.17866854e+02  3.78e+00   8.55e-05     1.16e+00   587.854s
3123000 +1.14092400e+02 +1.17871180e+02  3.78e+00   8.54e-05     1.16e+00   588.042s
3124000 +1.14094126e+02 +1.17874428e+02  3.78e+00   8.52e-05     1.17e+00   588.230s
3125000 +1.14095849e+02 +1.17877024e+02  3.78e+00   8.51e-05     1.17e+00   588.418s
3126000 +1.14097572e+02 +1.17880585e+02  3.78e+00   8.50e-05     1.17e+00   588.606s
3127000 +1.14099301e+02 +1.17883192e+02  3.78e+00   8.49e-05     1.18e+00   588.794s
3128000 +1.14101022e+02 +1.17885658e+02  3.78e+00   8.48e-05     1.18e+00   588.983s
3129000 +1.14102726e+02 +1.17887880e+02  3.79e+00   8.47e-05     1.19e+00   589.171s
3130000 +1.14104432e+02 +1.17890791e+02  3.79e+00   8.46e-05     1.19e+00   589.359s
3131000 +1.14106133e+02 +1.17893471e+02  3.79e+00   8.46e-05     1.19e+00   589.547s
3132000 +1.14107818e+02 +1.17896815e+02  3.79e+00   8.45e-05     1.20e+00   589.735s
3133000 +1.14109494e+02 +1.17900095e+02  3.79e+00   8.44e-05     1.20e+00   589.923s
3134000 +1.14111173e+02 +1.17904014e+02  3.79e+00   8.43e-05     1.20e+00   590.111s
3135000 +1.14112874e+02 +1.17907631e+02  3.79e+00   8.43e-05     1.21e+00   590.299s
3136000 +1.14114580e+02 +1.17913215e+02  3.80e+00   8.42e-05     1.21e+00   590.487s
3137000 +1.14116300e+02 +1.17918973e+02  3.80e+00   8.42e-05     1.21e+00   590.675s
3138000 +1.14118024e+02 +1.17924143e+02  3.81e+00   8.42e-05     1.22e+00   590.863s
3139000 +1.14119765e+02 +1.17928501e+02  3.81e+00   8.42e-05     1.22e+00   591.051s
3140000 +1.14121497e+02 +1.17932117e+02  3.81e+00   8.41e-05     1.22e+00   591.239s
3141000 +1.14123196e+02 +1.17934787e+02  3.81e+00   8.41e-05     1.23e+00   591.427s
3142000 +1.14124908e+02 +1.17937381e+02  3.81e+00   8.41e-05     1.23e+00   591.615s
3143000 +1.14126605e+02 +1.17937861e+02  3.81e+00   8.41e-05     1.23e+00   591.803s
3144000 +1.14128296e+02 +1.17939861e+02  3.81e+00   8.42e-05     1.24e+00   591.991s
3145000 +1.14129975e+02 +1.17942063e+02  3.81e+00   8.42e-05     1.24e+00   592.178s
3146000 +1.14131649e+02 +1.17944180e+02  3.81e+00   8.42e-05     1.24e+00   592.366s
3147000 +1.14133287e+02 +1.17945282e+02  3.81e+00   8.42e-05     1.25e+00   592.554s
3148000 +1.14134929e+02 +1.17945201e+02  3.81e+00   8.42e-05     1.25e+00   592.742s
3149000 +1.14136554e+02 +1.17947007e+02  3.81e+00   8.43e-05     1.26e+00   592.931s
3150000 +1.14138187e+02 +1.17949908e+02  3.81e+00   8.42e-05     1.26e+00   593.118s
3151000 +1.14139829e+02 +1.17951298e+02  3.81e+00   8.42e-05     1.26e+00   593.306s
3152000 +1.14141441e+02 +1.17955038e+02  3.81e+00   8.42e-05     1.27e+00   593.494s
3153000 +1.14143066e+02 +1.17958178e+02  3.82e+00   8.42e-05     1.27e+00   593.683s
3154000 +1.14144681e+02 +1.17961404e+02  3.82e+00   8.42e-05     1.27e+00   593.870s
3155000 +1.14146322e+02 +1.17965113e+02  3.82e+00   8.42e-05     1.28e+00   594.058s
3156000 +1.14147972e+02 +1.17968054e+02  3.82e+00   8.42e-05     1.28e+00   594.246s
3157000 +1.14149590e+02 +1.17970762e+02  3.82e+00   8.43e-05     1.28e+00   594.434s
3158000 +1.14151164e+02 +1.17974132e+02  3.82e+00   8.43e-05     1.29e+00   594.622s
3159000 +1.14152737e+02 +1.17976216e+02  3.82e+00   8.43e-05     1.29e+00   594.810s
3160000 +1.14154330e+02 +1.17978581e+02  3.82e+00   8.43e-05     1.29e+00   594.998s
3161000 +1.14155918e+02 +1.17982169e+02  3.83e+00   8.44e-05     1.30e+00   595.186s
3162000 +1.14157481e+02 +1.17986948e+02  3.83e+00   8.44e-05     1.30e+00   595.374s
3163000 +1.14159023e+02 +1.17993272e+02  3.83e+00   8.44e-05     1.30e+00   595.562s
3164000 +1.14160580e+02 +1.17998294e+02  3.84e+00   8.44e-05     1.31e+00   595.750s
3165000 +1.14162158e+02 +1.18003893e+02  3.84e+00   8.45e-05     1.31e+00   595.937s
3166000 +1.14163757e+02 +1.18011134e+02  3.85e+00   8.45e-05     1.31e+00   596.125s
3167000 +1.14165383e+02 +1.18018423e+02  3.85e+00   8.46e-05     1.32e+00   596.313s
3168000 +1.14167023e+02 +1.18024540e+02  3.86e+00   8.46e-05     1.32e+00   596.501s
3169000 +1.14168686e+02 +1.18030488e+02  3.86e+00   8.46e-05     1.32e+00   596.688s
3170000 +1.14170375e+02 +1.18035423e+02  3.87e+00   8.47e-05     1.33e+00   596.876s
3171000 +1.14172061e+02 +1.18040036e+02  3.87e+00   8.47e-05     1.33e+00   597.064s
3172000 +1.14173763e+02 +1.18043807e+02  3.87e+00   8.47e-05     1.33e+00   597.252s
3173000 +1.14175455e+02 +1.18049545e+02  3.87e+00   8.47e-05     1.34e+00   597.439s
3174000 +1.14177182e+02 +1.18055604e+02  3.88e+00   8.47e-05     1.34e+00   597.627s
3175000 +1.14178894e+02 +1.18060567e+02  3.88e+00   8.46e-05     1.34e+00   597.815s
3176000 +1.14180626e+02 +1.18065047e+02  3.88e+00   8.46e-05     1.35e+00   598.002s
3177000 +1.14182381e+02 +1.18071976e+02  3.89e+00   8.46e-05     1.35e+00   598.190s
3178000 +1.14184129e+02 +1.18077739e+02  3.89e+00   8.46e-05     1.35e+00   598.378s
3179000 +1.14185885e+02 +1.18083071e+02  3.90e+00   8.46e-05     1.35e+00   598.566s
3180000 +1.14187651e+02 +1.18087829e+02  3.90e+00   8.46e-05     1.36e+00   598.754s
3181000 +1.14189431e+02 +1.18093369e+02  3.90e+00   8.46e-05     1.36e+00   598.941s
3182000 +1.14191190e+02 +1.18098208e+02  3.91e+00   8.46e-05     1.37e+00   599.129s
3183000 +1.14192946e+02 +1.18103075e+02  3.91e+00   8.46e-05     1.37e+00   599.317s
3184000 +1.14194684e+02 +1.18107068e+02  3.91e+00   8.46e-05     1.37e+00   599.505s
3185000 +1.14196431e+02 +1.18112501e+02  3.92e+00   8.47e-05     1.38e+00   599.694s
3186000 +1.14198206e+02 +1.18119537e+02  3.92e+00   8.46e-05     1.38e+00   599.882s
3187000 +1.14199954e+02 +1.18123843e+02  3.92e+00   8.47e-05     1.38e+00   600.070s
3188000 +1.14201670e+02 +1.18126815e+02  3.93e+00   8.47e-05     1.38e+00   600.258s
3189000 +1.14203404e+02 +1.18131707e+02  3.93e+00   8.48e-05     1.39e+00   600.446s
3190000 +1.14205132e+02 +1.18133272e+02  3.93e+00   8.48e-05     1.39e+00   600.635s
3191000 +1.14206868e+02 +1.18137637e+02  3.93e+00   8.49e-05     1.39e+00   600.822s
3192000 +1.14208585e+02 +1.18141113e+02  3.93e+00   8.50e-05     1.39e+00   601.010s
3193000 +1.14210347e+02 +1.18147794e+02  3.94e+00   8.50e-05     1.40e+00   601.198s
3194000 +1.14212164e+02 +1.18153037e+02  3.94e+00   8.50e-05     1.40e+00   601.386s
3195000 +1.14213981e+02 +1.18160514e+02  3.95e+00   8.50e-05     1.40e+00   601.574s
3196000 +1.14215834e+02 +1.18165633e+02  3.95e+00   8.50e-05     1.41e+00   601.762s
3197000 +1.14217702e+02 +1.18172045e+02  3.95e+00   8.50e-05     1.41e+00   601.950s
3198000 +1.14219587e+02 +1.18179335e+02  3.96e+00   8.51e-05     1.41e+00   602.138s
3199000 +1.14221492e+02 +1.18184765e+02  3.96e+00   8.51e-05     1.41e+00   602.326s
3200000 +1.14223450e+02 +1.18195758e+02  3.97e+00   8.52e-05     1.41e+00   602.514s
3201000 +1.14225465e+02 +1.18205296e+02  3.98e+00   8.52e-05     1.41e+00   602.702s
3202000 +1.14227508e+02 +1.18212205e+02  3.98e+00   8.52e-05     1.42e+00   602.890s
3203000 +1.14229544e+02 +1.18220605e+02  3.99e+00   8.53e-05     1.42e+00   603.078s
3204000 +1.14231666e+02 +1.18225953e+02  3.99e+00   8.53e-05     1.42e+00   603.265s
3205000 +1.14233776e+02 +1.18231958e+02  4.00e+00   8.53e-05     1.42e+00   603.453s
3206000 +1.14235824e+02 +1.18236599e+02  4.00e+00   8.53e-05     1.43e+00   603.641s
3207000 +1.14237849e+02 +1.18240805e+02  4.00e+00   8.53e-05     1.43e+00   603.829s
3208000 +1.14239855e+02 +1.18244804e+02  4.00e+00   8.53e-05     1.43e+00   604.017s
3209000 +1.14241875e+02 +1.18251540e+02  4.01e+00   8.53e-05     1.43e+00   604.204s
3210000 +1.14243907e+02 +1.18258789e+02  4.01e+00   8.52e-05     1.44e+00   604.393s
3211000 +1.14245924e+02 +1.18266460e+02  4.02e+00   8.52e-05     1.44e+00   604.580s
3212000 +1.14248005e+02 +1.18276209e+02  4.03e+00   8.52e-05     1.44e+00   604.768s
3213000 +1.14250131e+02 +1.18284355e+02  4.03e+00   8.52e-05     1.44e+00   604.956s
3214000 +1.14252220e+02 +1.18290805e+02  4.04e+00   8.51e-05     1.45e+00   605.144s
3215000 +1.14254300e+02 +1.18300882e+02  4.05e+00   8.51e-05     1.45e+00   605.332s
3216000 +1.14256435e+02 +1.18306829e+02  4.05e+00   8.50e-05     1.45e+00   605.520s
3217000 +1.14258571e+02 +1.18313581e+02  4.06e+00   8.50e-05     1.45e+00   605.708s
3218000 +1.14260709e+02 +1.18321951e+02  4.06e+00   8.49e-05     1.46e+00   605.896s
3219000 +1.14262773e+02 +1.18329480e+02  4.07e+00   8.49e-05     1.46e+00   606.084s
3220000 +1.14264843e+02 +1.18334801e+02  4.07e+00   8.47e-05     1.46e+00   606.271s
3221000 +1.14266909e+02 +1.18344383e+02  4.08e+00   8.46e-05     1.46e+00   606.459s
3222000 +1.14268981e+02 +1.18351450e+02  4.08e+00   8.44e-05     1.47e+00   606.647s
3223000 +1.14271007e+02 +1.18361933e+02  4.09e+00   8.44e-05     1.47e+00   606.835s
3224000 +1.14273089e+02 +1.18371461e+02  4.10e+00   8.43e-05     1.47e+00   607.023s
3225000 +1.14275177e+02 +1.18381505e+02  4.11e+00   8.41e-05     1.47e+00   607.211s
3226000 +1.14277348e+02 +1.18389307e+02  4.11e+00   8.40e-05     1.48e+00   607.399s
3227000 +1.14279494e+02 +1.18395105e+02  4.12e+00   8.38e-05     1.48e+00   607.587s
3228000 +1.14281654e+02 +1.18401521e+02  4.12e+00   8.38e-05     1.48e+00   607.775s
3229000 +1.14283804e+02 +1.18406283e+02  4.12e+00   8.36e-05     1.48e+00   607.963s
3230000 +1.14285989e+02 +1.18414901e+02  4.13e+00   8.34e-05     1.48e+00   608.151s
3231000 +1.14288234e+02 +1.18424237e+02  4.14e+00   8.31e-05     1.49e+00   608.338s
3232000 +1.14290469e+02 +1.18432823e+02  4.14e+00   8.29e-05     1.49e+00   608.526s
3233000 +1.14292781e+02 +1.18443907e+02  4.15e+00   8.28e-05     1.49e+00   608.714s
3234000 +1.14295055e+02 +1.18455855e+02  4.16e+00   8.26e-05     1.49e+00   608.902s
3235000 +1.14297376e+02 +1.18467443e+02  4.17e+00   8.24e-05     1.49e+00   609.090s
3236000 +1.14299715e+02 +1.18477468e+02  4.18e+00   8.21e-05     1.49e+00   609.278s
3237000 +1.14302105e+02 +1.18483811e+02  4.18e+00   8.18e-05     1.50e+00   609.466s
3238000 +1.14304471e+02 +1.18487316e+02  4.18e+00   8.15e-05     1.50e+00   609.654s
3239000 +1.14306766e+02 +1.18492332e+02  4.19e+00   8.12e-05     1.50e+00   609.842s
3240000 +1.14309133e+02 +1.18499328e+02  4.19e+00   8.09e-05     1.50e+00   610.030s
3241000 +1.14311531e+02 +1.18506824e+02  4.20e+00   8.06e-05     1.50e+00   610.218s
3242000 +1.14313889e+02 +1.18520202e+02  4.21e+00   8.04e-05     1.50e+00   610.405s
3243000 +1.14316278e+02 +1.18533616e+02  4.22e+00   8.03e-05     1.51e+00   610.593s
3244000 +1.14318744e+02 +1.18549395e+02  4.23e+00   8.02e-05     1.51e+00   610.781s
3245000 +1.14321204e+02 +1.18566301e+02  4.25e+00   8.00e-05     1.51e+00   610.969s
3246000 +1.14323703e+02 +1.18581671e+02  4.26e+00   7.99e-05     1.51e+00   611.157s
3247000 +1.14326260e+02 +1.18596070e+02  4.27e+00   7.97e-05     1.51e+00   611.345s
3248000 +1.14328888e+02 +1.18608021e+02  4.28e+00   7.95e-05     1.51e+00   611.533s
3249000 +1.14331491e+02 +1.18616423e+02  4.28e+00   7.93e-05     1.52e+00   611.721s
3250000 +1.14334128e+02 +1.18622638e+02  4.29e+00   7.91e-05     1.52e+00   611.909s
3251000 +1.14336775e+02 +1.18628373e+02  4.29e+00   7.87e-05     1.52e+00   612.097s
3252000 +1.14339392e+02 +1.18638236e+02  4.30e+00   7.84e-05     1.52e+00   612.285s
3253000 +1.14341991e+02 +1.18647030e+02  4.31e+00   7.81e-05     1.52e+00   612.472s
3254000 +1.14344568e+02 +1.18653121e+02  4.31e+00   7.78e-05     1.52e+00   612.660s
3255000 +1.14347194e+02 +1.18659934e+02  4.31e+00   7.74e-05     1.52e+00   612.848s
3256000 +1.14349832e+02 +1.18667560e+02  4.32e+00   7.71e-05     1.53e+00   613.036s
3257000 +1.14352493e+02 +1.18675317e+02  4.32e+00   7.68e-05     1.53e+00   613.223s
3258000 +1.14355121e+02 +1.18689453e+02  4.33e+00   7.65e-05     1.53e+00   613.411s
3259000 +1.14357746e+02 +1.18695667e+02  4.34e+00   7.63e-05     1.53e+00   613.599s
3260000 +1.14360277e+02 +1.18700695e+02  4.34e+00   7.61e-05     1.53e+00   613.787s
3261000 +1.14362813e+02 +1.18707781e+02  4.34e+00   7.59e-05     1.54e+00   613.975s
3262000 +1.14365321e+02 +1.18713570e+02  4.35e+00   7.58e-05     1.54e+00   614.163s
3263000 +1.14367858e+02 +1.18723150e+02  4.36e+00   7.55e-05     1.54e+00   614.351s
3264000 +1.14370383e+02 +1.18733543e+02  4.36e+00   7.53e-05     1.54e+00   614.539s
3265000 +1.14372937e+02 +1.18743784e+02  4.37e+00   7.52e-05     1.54e+00   614.727s
3266000 +1.14375449e+02 +1.18750804e+02  4.38e+00   7.50e-05     1.54e+00   614.915s
3267000 +1.14377974e+02 +1.18759724e+02  4.38e+00   7.49e-05     1.55e+00   615.103s
3268000 +1.14380544e+02 +1.18768154e+02  4.39e+00   7.47e-05     1.54e+00   615.290s
3269000 +1.14383048e+02 +1.18776086e+02  4.39e+00   7.45e-05     1.55e+00   615.479s
3270000 +1.14385543e+02 +1.18781319e+02  4.40e+00   7.42e-05     1.55e+00   615.666s
3271000 +1.14388071e+02 +1.18788289e+02  4.40e+00   7.40e-05     1.55e+00   615.854s
3272000 +1.14390666e+02 +1.18795216e+02  4.40e+00   7.40e-05     1.55e+00   616.042s
3273000 +1.14393238e+02 +1.18802836e+02  4.41e+00   7.39e-05     1.55e+00   616.230s
3274000 +1.14395779e+02 +1.18804633e+02  4.41e+00   7.39e-05     1.56e+00   616.418s
3275000 +1.14398213e+02 +1.18803535e+02  4.41e+00   7.39e-05     1.56e+00   616.606s
3276000 +1.14400644e+02 +1.18808738e+02  4.41e+00   7.37e-05     1.56e+00   616.794s
3277000 +1.14403044e+02 +1.18814573e+02  4.41e+00   7.36e-05     1.56e+00   616.982s
3278000 +1.14405475e+02 +1.18827376e+02  4.42e+00   7.35e-05     1.56e+00   617.169s
3279000 +1.14407874e+02 +1.18839230e+02  4.43e+00   7.34e-05     1.57e+00   617.357s
3280000 +1.14410289e+02 +1.18857110e+02  4.45e+00   7.33e-05     1.57e+00   617.545s
3281000 +1.14412783e+02 +1.18872276e+02  4.46e+00   7.31e-05     1.57e+00   617.733s
3282000 +1.14415361e+02 +1.18879324e+02  4.46e+00   7.29e-05     1.57e+00   617.921s
3283000 +1.14417828e+02 +1.18881837e+02  4.46e+00   7.29e-05     1.57e+00   618.109s
3284000 +1.14420303e+02 +1.18883603e+02  4.46e+00   7.28e-05     1.57e+00   618.297s
3285000 +1.14422747e+02 +1.18882092e+02  4.46e+00   7.26e-05     1.57e+00   618.484s
3286000 +1.14425260e+02 +1.18878113e+02  4.45e+00   7.24e-05     1.58e+00   618.672s
3287000 +1.14427796e+02 +1.18877727e+02  4.45e+00   7.22e-05     1.58e+00   618.860s
3288000 +1.14430235e+02 +1.18878036e+02  4.45e+00   7.19e-05     1.58e+00   619.048s
3289000 +1.14432652e+02 +1.18886441e+02  4.45e+00   7.16e-05     1.58e+00   619.236s
3290000 +1.14435033e+02 +1.18889053e+02  4.45e+00   7.14e-05     1.58e+00   619.424s
3291000 +1.14437425e+02 +1.18897775e+02  4.46e+00   7.12e-05     1.58e+00   619.612s
3292000 +1.14439892e+02 +1.18908198e+02  4.47e+00   7.11e-05     1.59e+00   619.800s
3293000 +1.14442357e+02 +1.18917095e+02  4.47e+00   7.10e-05     1.59e+00   619.988s
3294000 +1.14444915e+02 +1.18927082e+02  4.48e+00   7.08e-05     1.59e+00   620.176s
3295000 +1.14447376e+02 +1.18928461e+02  4.48e+00   7.07e-05     1.59e+00   620.364s
3296000 +1.14449850e+02 +1.18931350e+02  4.48e+00   7.06e-05     1.59e+00   620.552s
3297000 +1.14452336e+02 +1.18931829e+02  4.48e+00   7.05e-05     1.59e+00   620.740s
3298000 +1.14454781e+02 +1.18933306e+02  4.48e+00   7.04e-05     1.60e+00   620.927s
3299000 +1.14457144e+02 +1.18938236e+02  4.48e+00   7.02e-05     1.60e+00   621.115s
3300000 +1.14459487e+02 +1.18939657e+02  4.48e+00   7.00e-05     1.60e+00   621.303s
3301000 +1.14461812e+02 +1.18946672e+02  4.48e+00   6.98e-05     1.60e+00   621.491s
3302000 +1.14464120e+02 +1.18948311e+02  4.48e+00   6.97e-05     1.60e+00   621.678s
3303000 +1.14466453e+02 +1.18947314e+02  4.48e+00   6.97e-05     1.60e+00   621.866s
3304000 +1.14468778e+02 +1.18945682e+02  4.48e+00   6.96e-05     1.61e+00   622.054s
3305000 +1.14471080e+02 +1.18940956e+02  4.47e+00   6.96e-05     1.61e+00   622.241s
3306000 +1.14473291e+02 +1.18936637e+02  4.46e+00   6.95e-05     1.61e+00   622.429s
3307000 +1.14475461e+02 +1.18937904e+02  4.46e+00   6.93e-05     1.61e+00   622.617s
3308000 +1.14477609e+02 +1.18939721e+02  4.46e+00   6.92e-05     1.61e+00   622.805s
3309000 +1.14479745e+02 +1.18944961e+02  4.47e+00   6.90e-05     1.62e+00   622.993s
3310000 +1.14481856e+02 +1.18949024e+02  4.47e+00   6.88e-05     1.62e+00   623.180s
3311000 +1.14484012e+02 +1.18954696e+02  4.47e+00   6.87e-05     1.62e+00   623.368s
3312000 +1.14486207e+02 +1.18960901e+02  4.47e+00   6.86e-05     1.61e+00   623.556s
3313000 +1.14488393e+02 +1.18962780e+02  4.47e+00   6.85e-05     1.62e+00   623.744s
3314000 +1.14490566e+02 +1.18962311e+02  4.47e+00   6.83e-05     1.62e+00   623.932s
3315000 +1.14492608e+02 +1.18964228e+02  4.47e+00   6.82e-05     1.62e+00   624.121s
3316000 +1.14494682e+02 +1.18969432e+02  4.47e+00   6.81e-05     1.62e+00   624.309s
3317000 +1.14496744e+02 +1.18973616e+02  4.48e+00   6.79e-05     1.62e+00   624.497s
3318000 +1.14498836e+02 +1.18976404e+02  4.48e+00   6.78e-05     1.62e+00   624.685s
3319000 +1.14500947e+02 +1.18980563e+02  4.48e+00   6.78e-05     1.62e+00   624.873s
3320000 +1.14503124e+02 +1.18986420e+02  4.48e+00   6.78e-05     1.62e+00   625.061s
3321000 +1.14505331e+02 +1.18995221e+02  4.49e+00   6.78e-05     1.63e+00   625.249s
3322000 +1.14507535e+02 +1.18997297e+02  4.49e+00   6.76e-05     1.63e+00   625.437s
3323000 +1.14509637e+02 +1.19000880e+02  4.49e+00   6.74e-05     1.63e+00   625.625s
3324000 +1.14511892e+02 +1.19006905e+02  4.50e+00   6.72e-05     1.62e+00   625.813s
3325000 +1.14514168e+02 +1.19016529e+02  4.50e+00   6.70e-05     1.63e+00   626.001s
3326000 +1.14516464e+02 +1.19022440e+02  4.51e+00   6.68e-05     1.63e+00   626.189s
3327000 +1.14518662e+02 +1.19025900e+02  4.51e+00   6.66e-05     1.63e+00   626.377s
3328000 +1.14520865e+02 +1.19032671e+02  4.51e+00   6.64e-05     1.63e+00   626.565s
3329000 +1.14522989e+02 +1.19040599e+02  4.52e+00   6.61e-05     1.63e+00   626.752s
3330000 +1.14525080e+02 +1.19049179e+02  4.52e+00   6.60e-05     1.63e+00   626.940s
3331000 +1.14527152e+02 +1.19055478e+02  4.53e+00   6.58e-05     1.63e+00   627.128s
3332000 +1.14529261e+02 +1.19066299e+02  4.54e+00   6.56e-05     1.63e+00   627.316s
3333000 +1.14531384e+02 +1.19076271e+02  4.54e+00   6.55e-05     1.64e+00   627.504s
3334000 +1.14533533e+02 +1.19091008e+02  4.56e+00   6.53e-05     1.64e+00   627.692s
3335000 +1.14535732e+02 +1.19105354e+02  4.57e+00   6.51e-05     1.64e+00   627.880s
3336000 +1.14537970e+02 +1.19114014e+02  4.58e+00   6.48e-05     1.64e+00   628.068s
3337000 +1.14540219e+02 +1.19120958e+02  4.58e+00   6.46e-05     1.64e+00   628.255s
3338000 +1.14542469e+02 +1.19123112e+02  4.58e+00   6.44e-05     1.65e+00   628.443s
3339000 +1.14544651e+02 +1.19128958e+02  4.58e+00   6.43e-05     1.65e+00   628.631s
3340000 +1.14546852e+02 +1.19135293e+02  4.59e+00   6.41e-05     1.65e+00   628.819s
3341000 +1.14549057e+02 +1.19144702e+02  4.60e+00   6.38e-05     1.65e+00   629.006s
3342000 +1.14551265e+02 +1.19153521e+02  4.60e+00   6.37e-05     1.65e+00   629.194s
3343000 +1.14553468e+02 +1.19161468e+02  4.61e+00   6.34e-05     1.65e+00   629.382s
3344000 +1.14555629e+02 +1.19169513e+02  4.61e+00   6.32e-05     1.65e+00   629.570s
3345000 +1.14557760e+02 +1.19182312e+02  4.62e+00   6.30e-05     1.65e+00   629.758s
3346000 +1.14559956e+02 +1.19189183e+02  4.63e+00   6.29e-05     1.65e+00   629.946s
3347000 +1.14562081e+02 +1.19199743e+02  4.64e+00   6.27e-05     1.66e+00   630.134s
3348000 +1.14564239e+02 +1.19213712e+02  4.65e+00   6.25e-05     1.66e+00   630.322s
3349000 +1.14566471e+02 +1.19223915e+02  4.66e+00   6.22e-05     1.66e+00   630.509s
3350000 +1.14568628e+02 +1.19229485e+02  4.66e+00   6.19e-05     1.66e+00   630.697s
3351000 +1.14570913e+02 +1.19229115e+02  4.66e+00   6.17e-05     1.66e+00   630.885s
3352000 +1.14573115e+02 +1.19232093e+02  4.66e+00   6.16e-05     1.66e+00   631.073s
3353000 +1.14575263e+02 +1.19235307e+02  4.66e+00   6.15e-05     1.66e+00   631.260s
3354000 +1.14577402e+02 +1.19241037e+02  4.66e+00   6.15e-05     1.67e+00   631.448s
3355000 +1.14579635e+02 +1.19243043e+02  4.66e+00   6.15e-05     1.67e+00   631.636s
3356000 +1.14581853e+02 +1.19240256e+02  4.66e+00   6.14e-05     1.67e+00   631.824s
3357000 +1.14583982e+02 +1.19239959e+02  4.66e+00   6.13e-05     1.67e+00   632.012s
3358000 +1.14586114e+02 +1.19239525e+02  4.65e+00   6.11e-05     1.67e+00   632.199s
3359000 +1.14588192e+02 +1.19237386e+02  4.65e+00   6.09e-05     1.67e+00   632.387s
3360000 +1.14590289e+02 +1.19238330e+02  4.65e+00   6.07e-05     1.67e+00   632.575s
3361000 +1.14592259e+02 +1.19237687e+02  4.65e+00   6.06e-05     1.68e+00   632.762s
3362000 +1.14594190e+02 +1.19244107e+02  4.65e+00   6.05e-05     1.68e+00   632.951s
3363000 +1.14596137e+02 +1.19245885e+02  4.65e+00   6.06e-05     1.68e+00   633.138s
3364000 +1.14598069e+02 +1.19247199e+02  4.65e+00   6.07e-05     1.68e+00   633.326s
3365000 +1.14599992e+02 +1.19248830e+02  4.65e+00   6.09e-05     1.68e+00   633.514s
3366000 +1.14601856e+02 +1.19240157e+02  4.64e+00   6.10e-05     1.68e+00   633.702s
3367000 +1.14603756e+02 +1.19242678e+02  4.64e+00   6.11e-05     1.68e+00   633.890s
3368000 +1.14605586e+02 +1.19245656e+02  4.64e+00   6.12e-05     1.69e+00   634.078s
3369000 +1.14607443e+02 +1.19252811e+02  4.65e+00   6.14e-05     1.69e+00   634.266s
3370000 +1.14609409e+02 +1.19264571e+02  4.66e+00   6.15e-05     1.69e+00   634.454s
3371000 +1.14611394e+02 +1.19272596e+02  4.66e+00   6.15e-05     1.69e+00   634.642s
3372000 +1.14613351e+02 +1.19283752e+02  4.67e+00   6.15e-05     1.69e+00   634.829s
3373000 +1.14615352e+02 +1.19296355e+02  4.68e+00   6.15e-05     1.69e+00   635.017s
3374000 +1.14617311e+02 +1.19308435e+02  4.69e+00   6.14e-05     1.70e+00   635.205s
3375000 +1.14619255e+02 +1.19319212e+02  4.70e+00   6.13e-05     1.70e+00   635.393s
3376000 +1.14621161e+02 +1.19326484e+02  4.71e+00   6.12e-05     1.70e+00   635.581s
3377000 +1.14623104e+02 +1.19337494e+02  4.71e+00   6.11e-05     1.70e+00   635.769s
3378000 +1.14625111e+02 +1.19343655e+02  4.72e+00   6.10e-05     1.70e+00   635.957s
3379000 +1.14627080e+02 +1.19355538e+02  4.73e+00   6.10e-05     1.70e+00   636.145s
3380000 +1.14629038e+02 +1.19360590e+02  4.73e+00   6.10e-05     1.70e+00   636.332s
3381000 +1.14630931e+02 +1.19367898e+02  4.74e+00   6.09e-05     1.71e+00   636.520s
3382000 +1.14632802e+02 +1.19370350e+02  4.74e+00   6.08e-05     1.71e+00   636.708s
3383000 +1.14634764e+02 +1.19377432e+02  4.74e+00   6.07e-05     1.71e+00   636.896s
3384000 +1.14636834e+02 +1.19385774e+02  4.75e+00   6.06e-05     1.71e+00   637.083s
3385000 +1.14638906e+02 +1.19390020e+02  4.75e+00   6.04e-05     1.71e+00   637.271s
3386000 +1.14641065e+02 +1.19395126e+02  4.75e+00   6.02e-05     1.72e+00   637.459s
3387000 +1.14643292e+02 +1.19398572e+02  4.76e+00   6.01e-05     1.72e+00   637.647s
3388000 +1.14645458e+02 +1.19401900e+02  4.76e+00   5.99e-05     1.72e+00   637.834s
3389000 +1.14647583e+02 +1.19407560e+02  4.76e+00   5.98e-05     1.72e+00   638.022s
3390000 +1.14649708e+02 +1.19415404e+02  4.77e+00   5.97e-05     1.72e+00   638.210s
3391000 +1.14651797e+02 +1.19422030e+02  4.77e+00   5.97e-05     1.72e+00   638.398s
3392000 +1.14653870e+02 +1.19430853e+02  4.78e+00   5.97e-05     1.73e+00   638.586s
3393000 +1.14655958e+02 +1.19430237e+02  4.77e+00   5.95e-05     1.73e+00   638.774s
3394000 +1.14657993e+02 +1.19432347e+02  4.77e+00   5.95e-05     1.73e+00   638.962s
3395000 +1.14660099e+02 +1.19437130e+02  4.78e+00   5.95e-05     1.73e+00   639.149s
3396000 +1.14662185e+02 +1.19437538e+02  4.78e+00   5.97e-05     1.73e+00   639.337s
3397000 +1.14664361e+02 +1.19441880e+02  4.78e+00   5.98e-05     1.73e+00   639.525s
3398000 +1.14666497e+02 +1.19442284e+02  4.78e+00   6.00e-05     1.73e+00   639.713s
3399000 +1.14668694e+02 +1.19444228e+02  4.78e+00   6.01e-05     1.73e+00   639.901s
3400000 +1.14670928e+02 +1.19448039e+02  4.78e+00   6.02e-05     1.74e+00   640.089s
3401000 +1.14673091e+02 +1.19446574e+02  4.77e+00   6.03e-05     1.74e+00   640.276s
3402000 +1.14675219e+02 +1.19447295e+02  4.77e+00   6.03e-05     1.74e+00   640.464s
3403000 +1.14677223e+02 +1.19450554e+02  4.77e+00   6.04e-05     1.74e+00   640.652s
3404000 +1.14679269e+02 +1.19457163e+02  4.78e+00   6.05e-05     1.74e+00   640.840s
3405000 +1.14681234e+02 +1.19460598e+02  4.78e+00   6.05e-05     1.74e+00   641.028s
3406000 +1.14683211e+02 +1.19456591e+02  4.77e+00   6.07e-05     1.74e+00   641.215s
3407000 +1.14685075e+02 +1.19455344e+02  4.77e+00   6.10e-05     1.74e+00   641.403s
3408000 +1.14686978e+02 +1.19459640e+02  4.77e+00   6.12e-05     1.74e+00   641.591s
3409000 +1.14689004e+02 +1.19462398e+02  4.77e+00   6.11e-05     1.74e+00   641.779s
3410000 +1.14691142e+02 +1.19460241e+02  4.77e+00   6.12e-05     1.75e+00   641.967s
3411000 +1.14693300e+02 +1.19462017e+02  4.77e+00   6.11e-05     1.75e+00   642.155s
3412000 +1.14695367e+02 +1.19460748e+02  4.77e+00   6.11e-05     1.74e+00   642.342s
3413000 +1.14697282e+02 +1.19465778e+02  4.77e+00   6.11e-05     1.74e+00   642.530s
3414000 +1.14699221e+02 +1.19474058e+02  4.77e+00   6.11e-05     1.74e+00   642.719s
3415000 +1.14701147e+02 +1.19478563e+02  4.78e+00   6.12e-05     1.75e+00   642.907s
3416000 +1.14703066e+02 +1.19478979e+02  4.78e+00   6.14e-05     1.75e+00   643.095s
3417000 +1.14704868e+02 +1.19478709e+02  4.77e+00   6.14e-05     1.75e+00   643.283s
3418000 +1.14706637e+02 +1.19478612e+02  4.77e+00   6.14e-05     1.75e+00   643.471s
3419000 +1.14708409e+02 +1.19486625e+02  4.78e+00   6.14e-05     1.75e+00   643.658s
3420000 +1.14710158e+02 +1.19496334e+02  4.79e+00   6.14e-05     1.75e+00   643.846s
3421000 +1.14711940e+02 +1.19508817e+02  4.80e+00   6.14e-05     1.75e+00   644.034s
3422000 +1.14713749e+02 +1.19524964e+02  4.81e+00   6.16e-05     1.75e+00   644.223s
3423000 +1.14715667e+02 +1.19547363e+02  4.83e+00   6.16e-05     1.75e+00   644.411s
3424000 +1.14717765e+02 +1.19561927e+02  4.84e+00   6.15e-05     1.75e+00   644.599s
3425000 +1.14719858e+02 +1.19578480e+02  4.86e+00   6.13e-05     1.76e+00   644.787s
3426000 +1.14722117e+02 +1.19587226e+02  4.87e+00   6.13e-05     1.76e+00   644.975s
3427000 +1.14724376e+02 +1.19595844e+02  4.87e+00   6.14e-05     1.76e+00   645.163s
3428000 +1.14726711e+02 +1.19599179e+02  4.87e+00   6.17e-05     1.76e+00   645.350s
3429000 +1.14728903e+02 +1.19593238e+02  4.86e+00   6.21e-05     1.76e+00   645.538s
3430000 +1.14731008e+02 +1.19583469e+02  4.85e+00   6.22e-05     1.76e+00   645.726s
3431000 +1.14733082e+02 +1.19572269e+02  4.84e+00   6.22e-05     1.76e+00   645.914s
3432000 +1.14735161e+02 +1.19575057e+02  4.84e+00   6.23e-05     1.76e+00   646.102s
3433000 +1.14737211e+02 +1.19581143e+02  4.84e+00   6.24e-05     1.76e+00   646.290s
3434000 +1.14739322e+02 +1.19590858e+02  4.85e+00   6.24e-05     1.77e+00   646.478s
3435000 +1.14741418e+02 +1.19599715e+02  4.86e+00   6.26e-05     1.77e+00   646.666s
3436000 +1.14743410e+02 +1.19607616e+02  4.86e+00   6.27e-05     1.77e+00   646.854s
3437000 +1.14745530e+02 +1.19614283e+02  4.87e+00   6.30e-05     1.77e+00   647.041s
3438000 +1.14747574e+02 +1.19619832e+02  4.87e+00   6.30e-05     1.77e+00   647.229s
3439000 +1.14749651e+02 +1.19626199e+02  4.88e+00   6.30e-05     1.77e+00   647.417s
3440000 +1.14751690e+02 +1.19632514e+02  4.88e+00   6.29e-05     1.78e+00   647.605s
3441000 +1.14753710e+02 +1.19632765e+02  4.88e+00   6.29e-05     1.78e+00   647.793s
3442000 +1.14755694e+02 +1.19637783e+02  4.88e+00   6.30e-05     1.78e+00   647.980s
3443000 +1.14757695e+02 +1.19638708e+02  4.88e+00   6.30e-05     1.78e+00   648.168s
3444000 +1.14759695e+02 +1.19640707e+02  4.88e+00   6.32e-05     1.78e+00   648.356s
3445000 +1.14761679e+02 +1.19642484e+02  4.88e+00   6.33e-05     1.78e+00   648.544s
3446000 +1.14763570e+02 +1.19641189e+02  4.88e+00   6.33e-05     1.78e+00   648.732s
3447000 +1.14765373e+02 +1.19639074e+02  4.87e+00   6.33e-05     1.78e+00   648.920s
3448000 +1.14767226e+02 +1.19641915e+02  4.87e+00   6.33e-05     1.78e+00   649.107s
3449000 +1.14769040e+02 +1.19648022e+02  4.88e+00   6.32e-05     1.78e+00   649.295s
3450000 +1.14770898e+02 +1.19657630e+02  4.89e+00   6.31e-05     1.78e+00   649.483s
3451000 +1.14772792e+02 +1.19671882e+02  4.90e+00   6.32e-05     1.79e+00   649.671s
3452000 +1.14774732e+02 +1.19693862e+02  4.92e+00   6.33e-05     1.78e+00   649.859s
3453000 +1.14776751e+02 +1.19718782e+02  4.94e+00   6.31e-05     1.78e+00   650.047s
3454000 +1.14778773e+02 +1.19737699e+02  4.96e+00   6.30e-05     1.79e+00   650.235s
3455000 +1.14780885e+02 +1.19752305e+02  4.97e+00   6.29e-05     1.79e+00   650.423s
3456000 +1.14783004e+02 +1.19762162e+02  4.98e+00   6.28e-05     1.79e+00   650.611s
3457000 +1.14785079e+02 +1.19764830e+02  4.98e+00   6.28e-05     1.79e+00   650.798s
3458000 +1.14787195e+02 +1.19766673e+02  4.98e+00   6.29e-05     1.79e+00   650.986s
3459000 +1.14789174e+02 +1.19754867e+02  4.97e+00   6.32e-05     1.79e+00   651.174s
3460000 +1.14791049e+02 +1.19744645e+02  4.95e+00   6.31e-05     1.79e+00   651.362s
3461000 +1.14792822e+02 +1.19738179e+02  4.95e+00   6.30e-05     1.79e+00   651.550s
3462000 +1.14794731e+02 +1.19735667e+02  4.94e+00   6.28e-05     1.80e+00   651.738s
3463000 +1.14796671e+02 +1.19734796e+02  4.94e+00   6.24e-05     1.79e+00   651.926s
3464000 +1.14798670e+02 +1.19736894e+02  4.94e+00   6.23e-05     1.80e+00   652.114s
3465000 +1.14800786e+02 +1.19737873e+02  4.94e+00   6.21e-05     1.80e+00   652.302s
3466000 +1.14803005e+02 +1.19749794e+02  4.95e+00   6.21e-05     1.80e+00   652.489s
3467000 +1.14805135e+02 +1.19761759e+02  4.96e+00   6.17e-05     1.80e+00   652.677s
3468000 +1.14807370e+02 +1.19759724e+02  4.95e+00   6.15e-05     1.80e+00   652.865s
3469000 +1.14809529e+02 +1.19758100e+02  4.95e+00   6.14e-05     1.80e+00   653.054s
3470000 +1.14811668e+02 +1.19753563e+02  4.94e+00   6.12e-05     1.80e+00   653.241s
3471000 +1.14813885e+02 +1.19747879e+02  4.93e+00   6.12e-05     1.80e+00   653.430s
3472000 +1.14816262e+02 +1.19744455e+02  4.93e+00   6.12e-05     1.80e+00   653.687s
3473000 +1.14818508e+02 +1.19739715e+02  4.92e+00   6.12e-05     1.81e+00   653.875s
3474000 +1.14820732e+02 +1.19739323e+02  4.92e+00   6.12e-05     1.80e+00   654.063s
3475000 +1.14822999e+02 +1.19737542e+02  4.91e+00   6.10e-05     1.80e+00   654.251s
3476000 +1.14825111e+02 +1.19735254e+02  4.91e+00   6.10e-05     1.81e+00   654.439s
3477000 +1.14827169e+02 +1.19744437e+02  4.92e+00   6.10e-05     1.81e+00   654.626s
3478000 +1.14829334e+02 +1.19750478e+02  4.92e+00   6.10e-05     1.81e+00   654.814s
3479000 +1.14831340e+02 +1.19757122e+02  4.93e+00   6.08e-05     1.81e+00   655.003s
3480000 +1.14833215e+02 +1.19761453e+02  4.93e+00   6.09e-05     1.81e+00   655.190s
3481000 +1.14835163e+02 +1.19776826e+02  4.94e+00   6.11e-05     1.81e+00   655.378s
3482000 +1.14837321e+02 +1.19786076e+02  4.95e+00   6.10e-05     1.82e+00   655.566s
3483000 +1.14839467e+02 +1.19788989e+02  4.95e+00   6.11e-05     1.82e+00   655.754s
3484000 +1.14841581e+02 +1.19787045e+02  4.95e+00   6.12e-05     1.82e+00   655.942s
3485000 +1.14843602e+02 +1.19782416e+02  4.94e+00   6.13e-05     1.82e+00   656.130s
3486000 +1.14845496e+02 +1.19773830e+02  4.93e+00   6.14e-05     1.82e+00   656.318s
3487000 +1.14847320e+02 +1.19777087e+02  4.93e+00   6.14e-05     1.82e+00   656.506s
3488000 +1.14849165e+02 +1.19777622e+02  4.93e+00   6.16e-05     1.82e+00   656.694s
3489000 +1.14851023e+02 +1.19781999e+02  4.93e+00   6.17e-05     1.82e+00   656.882s
3490000 +1.14852769e+02 +1.19784567e+02  4.93e+00   6.16e-05     1.82e+00   657.070s
3491000 +1.14854685e+02 +1.19793494e+02  4.94e+00   6.17e-05     1.82e+00   657.258s
3492000 +1.14856667e+02 +1.19802499e+02  4.95e+00   6.18e-05     1.82e+00   657.446s
3493000 +1.14858750e+02 +1.19816264e+02  4.96e+00   6.18e-05     1.82e+00   657.634s
3494000 +1.14860952e+02 +1.19830008e+02  4.97e+00   6.18e-05     1.82e+00   657.822s
3495000 +1.14863124e+02 +1.19846248e+02  4.98e+00   6.16e-05     1.82e+00   658.010s
3496000 +1.14865417e+02 +1.19859378e+02  4.99e+00   6.15e-05     1.82e+00   658.198s
3497000 +1.14867691e+02 +1.19872374e+02  5.00e+00   6.14e-05     1.82e+00   658.386s
3498000 +1.14869846e+02 +1.19878176e+02  5.01e+00   6.12e-05     1.82e+00   658.574s
3499000 +1.14872110e+02 +1.19890838e+02  5.02e+00   6.11e-05     1.82e+00   658.762s
3500000 +1.14874400e+02 +1.19894989e+02  5.02e+00   6.08e-05     1.83e+00   658.950s
3501000 +1.14876657e+02 +1.19902827e+02  5.03e+00   6.06e-05     1.83e+00   659.138s
3502000 +1.14878890e+02 +1.19906471e+02  5.03e+00   6.04e-05     1.83e+00   659.326s
3503000 +1.14881125e+02 +1.19909261e+02  5.03e+00   6.01e-05     1.83e+00   659.514s
3504000 +1.14883304e+02 +1.19913087e+02  5.03e+00   5.98e-05     1.83e+00   659.702s
3505000 +1.14885484e+02 +1.19911590e+02  5.03e+00   5.97e-05     1.83e+00   659.890s
3506000 +1.14887597e+02 +1.19921122e+02  5.03e+00   5.95e-05     1.83e+00   660.078s
3507000 +1.14889681e+02 +1.19928874e+02  5.04e+00   5.92e-05     1.83e+00   660.266s
3508000 +1.14891868e+02 +1.19933979e+02  5.04e+00   5.90e-05     1.83e+00   660.453s
3509000 +1.14894040e+02 +1.19938724e+02  5.04e+00   5.89e-05     1.84e+00   660.641s
3510000 +1.14896287e+02 +1.19939306e+02  5.04e+00   5.87e-05     1.84e+00   660.829s
3511000 +1.14898362e+02 +1.19943188e+02  5.04e+00   5.84e-05     1.84e+00   661.016s
3512000 +1.14900366e+02 +1.19942505e+02  5.04e+00   5.81e-05     1.84e+00   661.204s
3513000 +1.14902328e+02 +1.19941181e+02  5.04e+00   5.80e-05     1.84e+00   661.392s
3514000 +1.14904259e+02 +1.19932761e+02  5.03e+00   5.78e-05     1.84e+00   661.579s
3515000 +1.14906382e+02 +1.19923427e+02  5.02e+00   5.77e-05     1.84e+00   661.767s
3516000 +1.14908590e+02 +1.19926064e+02  5.02e+00   5.74e-05     1.84e+00   661.955s
3517000 +1.14910701e+02 +1.19923465e+02  5.01e+00   5.71e-05     1.85e+00   662.143s
3518000 +1.14912736e+02 +1.19926697e+02  5.01e+00   5.68e-05     1.85e+00   662.330s
3519000 +1.14914852e+02 +1.19926536e+02  5.01e+00   5.64e-05     1.85e+00   662.518s
3520000 +1.14916906e+02 +1.19932167e+02  5.02e+00   5.63e-05     1.85e+00   662.705s
3521000 +1.14919236e+02 +1.19944748e+02  5.03e+00   5.57e-05     1.85e+00   662.893s
3522000 +1.14921480e+02 +1.19946021e+02  5.02e+00   5.55e-05     1.85e+00   663.081s
3523000 +1.14923788e+02 +1.19947224e+02  5.02e+00   5.55e-05     1.85e+00   663.269s
3524000 +1.14926132e+02 +1.19943719e+02  5.02e+00   5.55e-05     1.85e+00   663.456s
3525000 +1.14928476e+02 +1.19934988e+02  5.01e+00   5.54e-05     1.86e+00   663.644s
3526000 +1.14930585e+02 +1.19926872e+02  5.00e+00   5.51e-05     1.86e+00   663.832s
3527000 +1.14932752e+02 +1.19921966e+02  4.99e+00   5.47e-05     1.86e+00   664.019s
3528000 +1.14935019e+02 +1.19921108e+02  4.99e+00   5.44e-05     1.86e+00   664.207s
3529000 +1.14937283e+02 +1.19922284e+02  4.99e+00   5.42e-05     1.87e+00   664.395s
3530000 +1.14939623e+02 +1.19925644e+02  4.99e+00   5.40e-05     1.87e+00   664.583s
3531000 +1.14941906e+02 +1.19930833e+02  4.99e+00   5.40e-05     1.87e+00   664.770s
3532000 +1.14944229e+02 +1.19941120e+02  5.00e+00   5.39e-05     1.87e+00   664.958s
3533000 +1.14946561e+02 +1.19949523e+02  5.00e+00   5.34e-05     1.87e+00   665.146s
3534000 +1.14948892e+02 +1.19954609e+02  5.01e+00   5.32e-05     1.87e+00   665.333s
3535000 +1.14951187e+02 +1.19957687e+02  5.01e+00   5.31e-05     1.87e+00   665.521s
3536000 +1.14953410e+02 +1.19968072e+02  5.01e+00   5.31e-05     1.87e+00   665.709s
3537000 +1.14955829e+02 +1.19978972e+02  5.02e+00   5.30e-05     1.87e+00   665.896s
3538000 +1.14958200e+02 +1.19992601e+02  5.03e+00   5.28e-05     1.88e+00   666.084s
3539000 +1.14960431e+02 +1.20001651e+02  5.04e+00   5.26e-05     1.87e+00   666.272s
3540000 +1.14962637e+02 +1.20005091e+02  5.04e+00   5.25e-05     1.88e+00   666.459s
3541000 +1.14964828e+02 +1.20016758e+02  5.05e+00   5.22e-05     1.88e+00   666.647s
3542000 +1.14967209e+02 +1.20021037e+02  5.05e+00   5.20e-05     1.88e+00   666.835s
3543000 +1.14969581e+02 +1.20026969e+02  5.06e+00   5.19e-05     1.88e+00   667.023s
3544000 +1.14971872e+02 +1.20027754e+02  5.06e+00   5.20e-05     1.88e+00   667.210s
3545000 +1.14974012e+02 +1.20021905e+02  5.05e+00   5.21e-05     1.88e+00   667.398s
3546000 +1.14976217e+02 +1.20025549e+02  5.05e+00   5.24e-05     1.88e+00   667.586s
3547000 +1.14978332e+02 +1.20029399e+02  5.05e+00   5.28e-05     1.88e+00   667.774s
3548000 +1.14980375e+02 +1.20027127e+02  5.05e+00   5.31e-05     1.88e+00   667.962s
3549000 +1.14982403e+02 +1.20025941e+02  5.04e+00   5.36e-05     1.89e+00   668.149s
3550000 +1.14984285e+02 +1.20029795e+02  5.05e+00   5.37e-05     1.89e+00   668.337s
3551000 +1.14986244e+02 +1.20041452e+02  5.06e+00   5.39e-05     1.89e+00   668.526s
3552000 +1.14988265e+02 +1.20053539e+02  5.07e+00   5.42e-05     1.89e+00   668.714s
3553000 +1.14990317e+02 +1.20073888e+02  5.08e+00   5.45e-05     1.89e+00   668.901s
3554000 +1.14992504e+02 +1.20089676e+02  5.10e+00   5.48e-05     1.89e+00   669.090s
3555000 +1.14994651e+02 +1.20106085e+02  5.11e+00   5.51e-05     1.89e+00   669.278s
3556000 +1.14996703e+02 +1.20108296e+02  5.11e+00   5.57e-05     1.90e+00   669.466s
3557000 +1.14998883e+02 +1.20108712e+02  5.11e+00   5.62e-05     1.90e+00   669.654s
3558000 +1.15000984e+02 +1.20098039e+02  5.10e+00   5.66e-05     1.90e+00   669.842s
3559000 +1.15003033e+02 +1.20095470e+02  5.09e+00   5.66e-05     1.90e+00   670.030s
3560000 +1.15005052e+02 +1.20089204e+02  5.08e+00   5.68e-05     1.90e+00   670.218s
3561000 +1.15007076e+02 +1.20093704e+02  5.09e+00   5.69e-05     1.90e+00   670.406s
3562000 +1.15009123e+02 +1.20102042e+02  5.09e+00   5.70e-05     1.90e+00   670.594s
3563000 +1.15011334e+02 +1.20101679e+02  5.09e+00   5.71e-05     1.90e+00   670.782s
3564000 +1.15013600e+02 +1.20107412e+02  5.09e+00   5.72e-05     1.90e+00   670.970s
3565000 +1.15015965e+02 +1.20117038e+02  5.10e+00   5.74e-05     1.90e+00   671.158s
3566000 +1.15018381e+02 +1.20117973e+02  5.10e+00   5.75e-05     1.90e+00   671.345s
3567000 +1.15020659e+02 +1.20117112e+02  5.10e+00   5.75e-05     1.90e+00   671.533s
3568000 +1.15022966e+02 +1.20120406e+02  5.10e+00   5.76e-05     1.90e+00   671.721s
3569000 +1.15025198e+02 +1.20133992e+02  5.11e+00   5.76e-05     1.90e+00   671.909s
3570000 +1.15027544e+02 +1.20135289e+02  5.11e+00   5.75e-05     1.90e+00   672.097s
3571000 +1.15029864e+02 +1.20145727e+02  5.12e+00   5.74e-05     1.90e+00   672.285s
3572000 +1.15032202e+02 +1.20155706e+02  5.12e+00   5.74e-05     1.90e+00   672.472s
3573000 +1.15034679e+02 +1.20175095e+02  5.14e+00   5.74e-05     1.90e+00   672.661s
3574000 +1.15037305e+02 +1.20195674e+02  5.16e+00   5.72e-05     1.90e+00   672.849s
3575000 +1.15039992e+02 +1.20212502e+02  5.17e+00   5.71e-05     1.91e+00   673.036s
3576000 +1.15042778e+02 +1.20219627e+02  5.18e+00   5.73e-05     1.91e+00   673.224s
3577000 +1.15045462e+02 +1.20219401e+02  5.17e+00   5.74e-05     1.91e+00   673.413s
3578000 +1.15048226e+02 +1.20218024e+02  5.17e+00   5.74e-05     1.91e+00   673.600s
3579000 +1.15050892e+02 +1.20209635e+02  5.16e+00   5.76e-05     1.91e+00   673.788s
3580000 +1.15053525e+02 +1.20196623e+02  5.14e+00   5.76e-05     1.91e+00   673.976s
3581000 +1.15056005e+02 +1.20194360e+02  5.14e+00   5.75e-05     1.91e+00   674.164s
3582000 +1.15058606e+02 +1.20193222e+02  5.13e+00   5.74e-05     1.91e+00   674.352s
3583000 +1.15061162e+02 +1.20191018e+02  5.13e+00   5.73e-05     1.91e+00   674.540s
3584000 +1.15063777e+02 +1.20195541e+02  5.13e+00   5.74e-05     1.91e+00   674.728s
3585000 +1.15066509e+02 +1.20199859e+02  5.13e+00   5.74e-05     1.91e+00   674.915s
3586000 +1.15069172e+02 +1.20204525e+02  5.14e+00   5.76e-05     1.91e+00   675.103s
3587000 +1.15071824e+02 +1.20211257e+02  5.14e+00   5.77e-05     1.91e+00   675.291s
3588000 +1.15074572e+02 +1.20216645e+02  5.14e+00   5.78e-05     1.92e+00   675.479s
3589000 +1.15077398e+02 +1.20221069e+02  5.14e+00   5.78e-05     1.91e+00   675.667s
3590000 +1.15080129e+02 +1.20220452e+02  5.14e+00   5.79e-05     1.90e+00   675.855s
3591000 +1.15082938e+02 +1.20223482e+02  5.14e+00   5.80e-05     1.91e+00   676.043s
3592000 +1.15085563e+02 +1.20229899e+02  5.14e+00   5.81e-05     1.91e+00   676.231s
3593000 +1.15088093e+02 +1.20237713e+02  5.15e+00   5.81e-05     1.91e+00   676.418s
3594000 +1.15090596e+02 +1.20249478e+02  5.16e+00   5.81e-05     1.91e+00   676.606s
3595000 +1.15093249e+02 +1.20266808e+02  5.17e+00   5.81e-05     1.91e+00   676.795s
3596000 +1.15096030e+02 +1.20287120e+02  5.19e+00   5.79e-05     1.91e+00   676.982s
3597000 +1.15098887e+02 +1.20297757e+02  5.20e+00   5.78e-05     1.91e+00   677.170s
3598000 +1.15101790e+02 +1.20311230e+02  5.21e+00   5.76e-05     1.91e+00   677.358s
3599000 +1.15104868e+02 +1.20318134e+02  5.21e+00   5.75e-05     1.91e+00   677.546s
3600000 +1.15107828e+02 +1.20328106e+02  5.22e+00   5.73e-05     1.91e+00   677.734s
3601000 +1.15110800e+02 +1.20331692e+02  5.22e+00   5.69e-05     1.91e+00   677.922s
3602000 +1.15113755e+02 +1.20334955e+02  5.22e+00   5.67e-05     1.91e+00   678.110s
3603000 +1.15116626e+02 +1.20338972e+02  5.22e+00   5.66e-05     1.91e+00   678.298s
3604000 +1.15119558e+02 +1.20358488e+02  5.24e+00   5.66e-05     1.91e+00   678.486s
3605000 +1.15122541e+02 +1.20364335e+02  5.24e+00   5.64e-05     1.91e+00   678.674s
3606000 +1.15125485e+02 +1.20378214e+02  5.25e+00   5.64e-05     1.91e+00   678.862s
3607000 +1.15128358e+02 +1.20387694e+02  5.26e+00   5.64e-05     1.91e+00   679.050s
3608000 +1.15131295e+02 +1.20409461e+02  5.28e+00   5.67e-05     1.91e+00   679.237s
3609000 +1.15134341e+02 +1.20421465e+02  5.29e+00   5.65e-05     1.91e+00   679.425s
3610000 +1.15137509e+02 +1.20429449e+02  5.29e+00   5.64e-05     1.91e+00   679.613s
3611000 +1.15140747e+02 +1.20434020e+02  5.29e+00   5.61e-05     1.91e+00   679.801s
3612000 +1.15143765e+02 +1.20442641e+02  5.30e+00   5.58e-05     1.92e+00   679.989s
3613000 +1.15146665e+02 +1.20441750e+02  5.30e+00   5.55e-05     1.91e+00   680.177s
3614000 +1.15149427e+02 +1.20450019e+02  5.30e+00   5.51e-05     1.91e+00   680.365s
3615000 +1.15152243e+02 +1.20453081e+02  5.30e+00   5.47e-05     1.91e+00   680.553s
3616000 +1.15155118e+02 +1.20458018e+02  5.30e+00   5.43e-05     1.91e+00   680.741s
3617000 +1.15157950e+02 +1.20476485e+02  5.32e+00   5.41e-05     1.91e+00   680.928s
3618000 +1.15161001e+02 +1.20500391e+02  5.34e+00   5.41e-05     1.91e+00   681.116s
3619000 +1.15164217e+02 +1.20524081e+02  5.36e+00   5.37e-05     1.91e+00   681.304s
3620000 +1.15167643e+02 +1.20538156e+02  5.37e+00   5.34e-05     1.91e+00   681.492s
3621000 +1.15171110e+02 +1.20548867e+02  5.38e+00   5.31e-05     1.91e+00   681.680s
3622000 +1.15174750e+02 +1.20558840e+02  5.38e+00   5.28e-05     1.91e+00   681.867s
3623000 +1.15178330e+02 +1.20560407e+02  5.38e+00   5.24e-05     1.91e+00   682.055s
3624000 +1.15181920e+02 +1.20556805e+02  5.37e+00   5.19e-05     1.91e+00   682.243s
3625000 +1.15185428e+02 +1.20554325e+02  5.37e+00   5.15e-05     1.91e+00   682.430s
3626000 +1.15188979e+02 +1.20555695e+02  5.37e+00   5.13e-05     1.91e+00   682.618s
3627000 +1.15192661e+02 +1.20558765e+02  5.37e+00   5.10e-05     1.91e+00   682.806s
3628000 +1.15196302e+02 +1.20560367e+02  5.36e+00   5.05e-05     1.91e+00   682.994s
3629000 +1.15199824e+02 +1.20547720e+02  5.35e+00   5.00e-05     1.91e+00   683.181s
3630000 +1.15203023e+02 +1.20540141e+02  5.34e+00   4.99e-05     1.91e+00   683.369s
3631000 +1.15206243e+02 +1.20547718e+02  5.34e+00   4.92e-05     1.91e+00   683.557s
3632000 +1.15209450e+02 +1.20547722e+02  5.34e+00   4.85e-05     1.91e+00   683.745s
3633000 +1.15212812e+02 +1.20544439e+02  5.33e+00   4.81e-05     1.91e+00   683.933s
3634000 +1.15216122e+02 +1.20537886e+02  5.32e+00   4.77e-05     1.91e+00   684.122s
3635000 +1.15219334e+02 +1.20539449e+02  5.32e+00   4.73e-05     1.91e+00   684.309s
3636000 +1.15222705e+02 +1.20544215e+02  5.32e+00   4.68e-05     1.91e+00   684.497s
3637000 +1.15226102e+02 +1.20548333e+02  5.32e+00   4.66e-05     1.91e+00   684.685s
3638000 +1.15229577e+02 +1.20552588e+02  5.32e+00   4.65e-05     1.91e+00   684.873s
3639000 +1.15232838e+02 +1.20547362e+02  5.31e+00   4.64e-05     1.91e+00   685.061s
3640000 +1.15236096e+02 +1.20551979e+02  5.32e+00   4.63e-05     1.91e+00   685.249s
3641000 +1.15239425e+02 +1.20560066e+02  5.32e+00   4.59e-05     1.91e+00   685.437s
3642000 +1.15242901e+02 +1.20564159e+02  5.32e+00   4.53e-05     1.91e+00   685.625s
3643000 +1.15246363e+02 +1.20565113e+02  5.32e+00   4.50e-05     1.91e+00   685.813s
3644000 +1.15249841e+02 +1.20571166e+02  5.32e+00   4.47e-05     1.91e+00   686.002s
3645000 +1.15253210e+02 +1.20569014e+02  5.32e+00   4.47e-05     1.91e+00   686.190s
3646000 +1.15256551e+02 +1.20571717e+02  5.32e+00   4.47e-05     1.91e+00   686.378s
3647000 +1.15259972e+02 +1.20571625e+02  5.31e+00   4.45e-05     1.91e+00   686.566s
3648000 +1.15263265e+02 +1.20566529e+02  5.30e+00   4.44e-05     1.91e+00   686.754s
3649000 +1.15266265e+02 +1.20556866e+02  5.29e+00   4.45e-05     1.91e+00   686.942s
3650000 +1.15269368e+02 +1.20555444e+02  5.29e+00   4.46e-05     1.91e+00   687.130s
3651000 +1.15272520e+02 +1.20551117e+02  5.28e+00   4.47e-05     1.91e+00   687.318s
3652000 +1.15275588e+02 +1.20555089e+02  5.28e+00   4.46e-05     1.91e+00   687.506s
3653000 +1.15278562e+02 +1.20555448e+02  5.28e+00   4.44e-05     1.91e+00   687.694s
3654000 +1.15281627e+02 +1.20563694e+02  5.28e+00   4.45e-05     1.91e+00   687.882s
3655000 +1.15284830e+02 +1.20575316e+02  5.29e+00   4.45e-05     1.91e+00   688.070s
3656000 +1.15288136e+02 +1.20597672e+02  5.31e+00   4.46e-05     1.91e+00   688.258s
3657000 +1.15291409e+02 +1.20609232e+02  5.32e+00   4.44e-05     1.91e+00   688.446s
3658000 +1.15294722e+02 +1.20625842e+02  5.33e+00   4.45e-05     1.91e+00   688.633s
3659000 +1.15298109e+02 +1.20635112e+02  5.34e+00   4.44e-05     1.91e+00   688.821s
3660000 +1.15301594e+02 +1.20642835e+02  5.34e+00   4.44e-05     1.92e+00   689.009s
3661000 +1.15304991e+02 +1.20651158e+02  5.35e+00   4.45e-05     1.92e+00   689.196s
3662000 +1.15308428e+02 +1.20649795e+02  5.34e+00   4.47e-05     1.92e+00   689.384s
3663000 +1.15312048e+02 +1.20637396e+02  5.33e+00   4.51e-05     1.92e+00   689.572s
3664000 +1.15315566e+02 +1.20628627e+02  5.31e+00   4.53e-05     1.92e+00   689.760s
3665000 +1.15318925e+02 +1.20616509e+02  5.30e+00   4.51e-05     1.92e+00   689.948s
3666000 +1.15322044e+02 +1.20606050e+02  5.28e+00   4.48e-05     1.92e+00   690.135s
3667000 +1.15325147e+02 +1.20603195e+02  5.28e+00   4.48e-05     1.92e+00   690.323s
3668000 +1.15328217e+02 +1.20602603e+02  5.27e+00   4.47e-05     1.92e+00   690.511s
3669000 +1.15331311e+02 +1.20599817e+02  5.27e+00   4.47e-05     1.92e+00   690.699s
3670000 +1.15334381e+02 +1.20604456e+02  5.27e+00   4.47e-05     1.92e+00   690.887s
3671000 +1.15337445e+02 +1.20606366e+02  5.27e+00   4.45e-05     1.92e+00   691.075s
3672000 +1.15340545e+02 +1.20614003e+02  5.27e+00   4.46e-05     1.92e+00   691.263s
3673000 +1.15343766e+02 +1.20616221e+02  5.27e+00   4.44e-05     1.93e+00   691.451s
3674000 +1.15347118e+02 +1.20616515e+02  5.27e+00   4.45e-05     1.93e+00   691.639s
3675000 +1.15350454e+02 +1.20623619e+02  5.27e+00   4.48e-05     1.93e+00   691.827s
3676000 +1.15353853e+02 +1.20629868e+02  5.28e+00   4.47e-05     1.93e+00   692.015s
3677000 +1.15357314e+02 +1.20634521e+02  5.28e+00   4.46e-05     1.93e+00   692.203s
3678000 +1.15360825e+02 +1.20623916e+02  5.26e+00   4.48e-05     1.93e+00   692.391s
3679000 +1.15364253e+02 +1.20609962e+02  5.25e+00   4.51e-05     1.93e+00   692.578s
3680000 +1.15367590e+02 +1.20603307e+02  5.24e+00   4.51e-05     1.93e+00   692.766s
3681000 +1.15370700e+02 +1.20590888e+02  5.22e+00   4.50e-05     1.93e+00   692.954s
3682000 +1.15373636e+02 +1.20581653e+02  5.21e+00   4.44e-05     1.93e+00   693.142s
3683000 +1.15376600e+02 +1.20572856e+02  5.20e+00   4.41e-05     1.93e+00   693.331s
3684000 +1.15379588e+02 +1.20565487e+02  5.19e+00   4.39e-05     1.93e+00   693.519s
3685000 +1.15382675e+02 +1.20561089e+02  5.18e+00   4.39e-05     1.93e+00   693.707s
3686000 +1.15385643e+02 +1.20560024e+02  5.17e+00   4.39e-05     1.93e+00   693.895s
3687000 +1.15388467e+02 +1.20553157e+02  5.16e+00   4.37e-05     1.93e+00   694.083s
3688000 +1.15391166e+02 +1.20562448e+02  5.17e+00   4.36e-05     1.93e+00   694.271s
3689000 +1.15393821e+02 +1.20567986e+02  5.17e+00   4.37e-05     1.93e+00   694.459s
3690000 +1.15396482e+02 +1.20587601e+02  5.19e+00   4.42e-05     1.93e+00   694.647s
3691000 +1.15399160e+02 +1.20603126e+02  5.20e+00   4.38e-05     1.94e+00   694.835s
3692000 +1.15401915e+02 +1.20608648e+02  5.21e+00   4.37e-05     1.94e+00   695.023s
3693000 +1.15404701e+02 +1.20604421e+02  5.20e+00   4.37e-05     1.93e+00   695.211s
3694000 +1.15407438e+02 +1.20595891e+02  5.19e+00   4.35e-05     1.94e+00   695.399s
3695000 +1.15410128e+02 +1.20590626e+02  5.18e+00   4.34e-05     1.94e+00   695.587s
3696000 +1.15412860e+02 +1.20598300e+02  5.19e+00   4.35e-05     1.94e+00   695.775s
3697000 +1.15415634e+02 +1.20594347e+02  5.18e+00   4.36e-05     1.94e+00   695.963s
3698000 +1.15418290e+02 +1.20605783e+02  5.19e+00   4.39e-05     1.94e+00   696.151s
3699000 +1.15421017e+02 +1.20605320e+02  5.18e+00   4.42e-05     1.94e+00   696.339s
3700000 +1.15423723e+02 +1.20612324e+02  5.19e+00   4.47e-05     1.94e+00   696.527s
3701000 +1.15426523e+02 +1.20614252e+02  5.19e+00   4.51e-05     1.94e+00   696.715s
3702000 +1.15429323e+02 +1.20616432e+02  5.19e+00   4.55e-05     1.94e+00   696.904s
3703000 +1.15431927e+02 +1.20621228e+02  5.19e+00   4.60e-05     1.94e+00   697.091s
3704000 +1.15434582e+02 +1.20626555e+02  5.19e+00   4.62e-05     1.94e+00   697.279s
3705000 +1.15437154e+02 +1.20632343e+02  5.20e+00   4.65e-05     1.94e+00   697.467s
3706000 +1.15439653e+02 +1.20631679e+02  5.19e+00   4.68e-05     1.94e+00   697.655s
3707000 +1.15442121e+02 +1.20630960e+02  5.19e+00   4.72e-05     1.94e+00   697.844s
3708000 +1.15444580e+02 +1.20638373e+02  5.19e+00   4.76e-05     1.94e+00   698.032s
3709000 +1.15447069e+02 +1.20643706e+02  5.20e+00   4.76e-05     1.94e+00   698.220s
3710000 +1.15449575e+02 +1.20653115e+02  5.20e+00   4.77e-05     1.94e+00   698.408s
3711000 +1.15452175e+02 +1.20667672e+02  5.22e+00   4.78e-05     1.94e+00   698.596s
3712000 +1.15454914e+02 +1.20682547e+02  5.23e+00   4.78e-05     1.94e+00   698.784s
3713000 +1.15457667e+02 +1.20692078e+02  5.23e+00   4.77e-05     1.94e+00   698.972s
3714000 +1.15460356e+02 +1.20699304e+02  5.24e+00   4.78e-05     1.94e+00   699.160s
3715000 +1.15463021e+02 +1.20703643e+02  5.24e+00   4.79e-05     1.94e+00   699.348s
3716000 +1.15465737e+02 +1.20705218e+02  5.24e+00   4.81e-05     1.94e+00   699.536s
3717000 +1.15468457e+02 +1.20703371e+02  5.23e+00   4.82e-05     1.94e+00   699.724s
3718000 +1.15471165e+02 +1.20701903e+02  5.23e+00   4.81e-05     1.94e+00   699.912s
3719000 +1.15473755e+02 +1.20697349e+02  5.22e+00   4.80e-05     1.94e+00   700.100s
3720000 +1.15476282e+02 +1.20695150e+02  5.22e+00   4.79e-05     1.94e+00   700.288s
3721000 +1.15478842e+02 +1.20694671e+02  5.22e+00   4.79e-05     1.94e+00   700.476s
3722000 +1.15481375e+02 +1.20681822e+02  5.20e+00   4.79e-05     1.94e+00   700.664s
3723000 +1.15484022e+02 +1.20680632e+02  5.20e+00   4.79e-05     1.94e+00   700.852s
3724000 +1.15486721e+02 +1.20679426e+02  5.19e+00   4.78e-05     1.94e+00   701.040s
3725000 +1.15489397e+02 +1.20679007e+02  5.19e+00   4.74e-05     1.94e+00   701.229s
3726000 +1.15491909e+02 +1.20676799e+02  5.18e+00   4.74e-05     1.94e+00   701.417s
3727000 +1.15494575e+02 +1.20681727e+02  5.19e+00   4.71e-05     1.94e+00   701.604s
3728000 +1.15497250e+02 +1.20693376e+02  5.20e+00   4.72e-05     1.94e+00   701.793s
3729000 +1.15499998e+02 +1.20699008e+02  5.20e+00   4.68e-05     1.94e+00   701.981s
3730000 +1.15502775e+02 +1.20704258e+02  5.20e+00   4.67e-05     1.94e+00   702.169s
3731000 +1.15505655e+02 +1.20704058e+02  5.20e+00   4.67e-05     1.95e+00   702.357s
3732000 +1.15508555e+02 +1.20715129e+02  5.21e+00   4.68e-05     1.95e+00   702.545s
3733000 +1.15511479e+02 +1.20726996e+02  5.22e+00   4.70e-05     1.95e+00   702.733s
3734000 +1.15514490e+02 +1.20737675e+02  5.22e+00   4.68e-05     1.95e+00   702.921s
3735000 +1.15517468e+02 +1.20739587e+02  5.22e+00   4.69e-05     1.95e+00   703.109s
3736000 +1.15520352e+02 +1.20743094e+02  5.22e+00   4.68e-05     1.95e+00   703.297s
3737000 +1.15523197e+02 +1.20739980e+02  5.22e+00   4.68e-05     1.95e+00   703.486s
3738000 +1.15525973e+02 +1.20738996e+02  5.21e+00   4.64e-05     1.95e+00   703.674s
3739000 +1.15528779e+02 +1.20735491e+02  5.21e+00   4.61e-05     1.95e+00   703.862s
3740000 +1.15531472e+02 +1.20731247e+02  5.20e+00   4.56e-05     1.95e+00   704.050s
3741000 +1.15534167e+02 +1.20730400e+02  5.20e+00   4.55e-05     1.96e+00   704.238s
3742000 +1.15536839e+02 +1.20734393e+02  5.20e+00   4.52e-05     1.96e+00   704.426s
3743000 +1.15539421e+02 +1.20738036e+02  5.20e+00   4.47e-05     1.96e+00   704.614s
3744000 +1.15542065e+02 +1.20740692e+02  5.20e+00   4.43e-05     1.96e+00   704.802s
3745000 +1.15544799e+02 +1.20748061e+02  5.20e+00   4.40e-05     1.96e+00   704.990s
3746000 +1.15547596e+02 +1.20757434e+02  5.21e+00   4.35e-05     1.96e+00   705.178s
3747000 +1.15550440e+02 +1.20778605e+02  5.23e+00   4.32e-05     1.95e+00   705.367s
3748000 +1.15553445e+02 +1.20806195e+02  5.25e+00   4.26e-05     1.95e+00   705.555s
3749000 +1.15556450e+02 +1.20814534e+02  5.26e+00   4.19e-05     1.95e+00   705.743s
3750000 +1.15559343e+02 +1.20818680e+02  5.26e+00   4.15e-05     1.95e+00   705.931s
3751000 +1.15562233e+02 +1.20812206e+02  5.25e+00   4.09e-05     1.95e+00   706.119s
3752000 +1.15564951e+02 +1.20817097e+02  5.25e+00   4.01e-05     1.95e+00   706.308s
3753000 +1.15567746e+02 +1.20822315e+02  5.25e+00   3.95e-05     1.95e+00   706.496s
3754000 +1.15570576e+02 +1.20834417e+02  5.26e+00   3.89e-05     1.95e+00   706.683s
3755000 +1.15573570e+02 +1.20844332e+02  5.27e+00   3.86e-05     1.95e+00   706.872s
3756000 +1.15576387e+02 +1.20855522e+02  5.28e+00   3.84e-05     1.95e+00   707.059s
3757000 +1.15579409e+02 +1.20869296e+02  5.29e+00   3.80e-05     1.95e+00   707.247s
3758000 +1.15582358e+02 +1.20875511e+02  5.29e+00   3.77e-05     1.95e+00   707.435s
3759000 +1.15585402e+02 +1.20880879e+02  5.30e+00   3.75e-05     1.95e+00   707.623s
3760000 +1.15588253e+02 +1.20887306e+02  5.30e+00   3.71e-05     1.95e+00   707.811s
3761000 +1.15591157e+02 +1.20900400e+02  5.31e+00   3.68e-05     1.95e+00   707.999s
3762000 +1.15594130e+02 +1.20906129e+02  5.31e+00   3.68e-05     1.95e+00   708.186s
3763000 +1.15597167e+02 +1.20918994e+02  5.32e+00   3.68e-05     1.95e+00   708.375s
3764000 +1.15600071e+02 +1.20921708e+02  5.32e+00   3.68e-05     1.95e+00   708.563s
3765000 +1.15602733e+02 +1.20916923e+02  5.31e+00   3.69e-05     1.95e+00   708.750s
3766000 +1.15605281e+02 +1.20909796e+02  5.30e+00   3.75e-05     1.95e+00   708.938s
3767000 +1.15607754e+02 +1.20898255e+02  5.29e+00   3.78e-05     1.95e+00   709.126s
3768000 +1.15610255e+02 +1.20881127e+02  5.27e+00   3.79e-05     1.95e+00   709.314s
3769000 +1.15612610e+02 +1.20864934e+02  5.25e+00   3.79e-05     1.95e+00   709.502s
3770000 +1.15615020e+02 +1.20859519e+02  5.24e+00   3.79e-05     1.95e+00   709.690s
3771000 +1.15617458e+02 +1.20854945e+02  5.24e+00   3.78e-05     1.95e+00   709.878s
3772000 +1.15619882e+02 +1.20857235e+02  5.24e+00   3.79e-05     1.95e+00   710.066s
3773000 +1.15622350e+02 +1.20857254e+02  5.23e+00   3.80e-05     1.95e+00   710.254s
3774000 +1.15624722e+02 +1.20854115e+02  5.23e+00   3.79e-05     1.95e+00   710.442s
3775000 +1.15627175e+02 +1.20844895e+02  5.22e+00   3.83e-05     1.95e+00   710.630s
3776000 +1.15629706e+02 +1.20843849e+02  5.21e+00   3.85e-05     1.95e+00   710.818s
3777000 +1.15632249e+02 +1.20846127e+02  5.21e+00   3.87e-05     1.95e+00   711.006s
3778000 +1.15634770e+02 +1.20843373e+02  5.21e+00   3.86e-05     1.95e+00   711.194s
3779000 +1.15637468e+02 +1.20836444e+02  5.20e+00   3.89e-05     1.95e+00   711.383s
3780000 +1.15640025e+02 +1.20831432e+02  5.19e+00   3.94e-05     1.95e+00   711.570s
3781000 +1.15642696e+02 +1.20827295e+02  5.18e+00   3.97e-05     1.95e+00   711.758s
3782000 +1.15645264e+02 +1.20813036e+02  5.17e+00   4.01e-05     1.95e+00   711.946s
3783000 +1.15647805e+02 +1.20804877e+02  5.16e+00   3.99e-05     1.95e+00   712.134s
3784000 +1.15650070e+02 +1.20799853e+02  5.15e+00   3.99e-05     1.95e+00   712.322s
3785000 +1.15652308e+02 +1.20803946e+02  5.15e+00   3.98e-05     1.95e+00   712.510s
3786000 +1.15654566e+02 +1.20799420e+02  5.14e+00   4.02e-05     1.95e+00   712.698s
3787000 +1.15656741e+02 +1.20797352e+02  5.14e+00   4.08e-05     1.95e+00   712.886s
3788000 +1.15658901e+02 +1.20812474e+02  5.15e+00   4.14e-05     1.95e+00   713.074s
3789000 +1.15661221e+02 +1.20824068e+02  5.16e+00   4.14e-05     1.95e+00   713.262s
3790000 +1.15663572e+02 +1.20829182e+02  5.17e+00   4.17e-05     1.96e+00   713.450s
3791000 +1.15665924e+02 +1.20833508e+02  5.17e+00   4.21e-05     1.96e+00   713.638s
3792000 +1.15668425e+02 +1.20839686e+02  5.17e+00   4.22e-05     1.96e+00   713.826s
3793000 +1.15670944e+02 +1.20846258e+02  5.18e+00   4.25e-05     1.96e+00   714.014s
3794000 +1.15673351e+02 +1.20854699e+02  5.18e+00   4.27e-05     1.96e+00   714.202s
3795000 +1.15675812e+02 +1.20860382e+02  5.18e+00   4.29e-05     1.96e+00   714.390s
3796000 +1.15678203e+02 +1.20871698e+02  5.19e+00   4.30e-05     1.96e+00   714.578s
3797000 +1.15680668e+02 +1.20885779e+02  5.21e+00   4.30e-05     1.96e+00   714.766s
3798000 +1.15683074e+02 +1.20899133e+02  5.22e+00   4.31e-05     1.96e+00   714.954s
3799000 +1.15685467e+02 +1.20903369e+02  5.22e+00   4.34e-05     1.96e+00   715.143s
3800000 +1.15687771e+02 +1.20917925e+02  5.23e+00   4.34e-05     1.96e+00   715.331s
3801000 +1.15690228e+02 +1.20927219e+02  5.24e+00   4.32e-05     1.96e+00   715.519s
3802000 +1.15692716e+02 +1.20931823e+02  5.24e+00   4.30e-05     1.96e+00   715.707s
3803000 +1.15695240e+02 +1.20936725e+02  5.24e+00   4.30e-05     1.96e+00   715.895s
3804000 +1.15697838e+02 +1.20945129e+02  5.25e+00   4.29e-05     1.96e+00   716.083s
3805000 +1.15700313e+02 +1.20956283e+02  5.26e+00   4.26e-05     1.96e+00   716.271s
3806000 +1.15702859e+02 +1.20965432e+02  5.26e+00   4.24e-05     1.96e+00   716.459s
3807000 +1.15705511e+02 +1.20968733e+02  5.26e+00   4.25e-05     1.96e+00   716.647s
3808000 +1.15708295e+02 +1.20971810e+02  5.26e+00   4.25e-05     1.96e+00   716.835s
3809000 +1.15711073e+02 +1.20979391e+02  5.27e+00   4.23e-05     1.96e+00   717.023s
3810000 +1.15713909e+02 +1.20986325e+02  5.27e+00   4.22e-05     1.96e+00   717.211s
3811000 +1.15716678e+02 +1.20994393e+02  5.28e+00   4.20e-05     1.96e+00   717.399s
3812000 +1.15719329e+02 +1.20999430e+02  5.28e+00   4.22e-05     1.96e+00   717.587s
3813000 +1.15721962e+02 +1.20996419e+02  5.27e+00   4.23e-05     1.96e+00   717.775s
3814000 +1.15724532e+02 +1.20996460e+02  5.27e+00   4.26e-05     1.96e+00   717.963s
3815000 +1.15726994e+02 +1.20994193e+02  5.27e+00   4.28e-05     1.96e+00   718.152s
3816000 +1.15729517e+02 +1.20982771e+02  5.25e+00   4.28e-05     1.96e+00   718.340s
3817000 +1.15731982e+02 +1.20978115e+02  5.25e+00   4.26e-05     1.96e+00   718.528s
3818000 +1.15734371e+02 +1.20978355e+02  5.24e+00   4.25e-05     1.96e+00   718.716s
3819000 +1.15736661e+02 +1.20985991e+02  5.25e+00   4.25e-05     1.96e+00   718.904s
3820000 +1.15738984e+02 +1.21000773e+02  5.26e+00   4.24e-05     1.96e+00   719.092s
3821000 +1.15741342e+02 +1.21018734e+02  5.28e+00   4.20e-05     1.96e+00   719.280s
3822000 +1.15743708e+02 +1.21028721e+02  5.29e+00   4.14e-05     1.96e+00   719.468s
3823000 +1.15746190e+02 +1.21034328e+02  5.29e+00   4.12e-05     1.96e+00   719.656s
3824000 +1.15748556e+02 +1.21040258e+02  5.29e+00   4.11e-05     1.96e+00   719.844s
3825000 +1.15750968e+02 +1.21046525e+02  5.30e+00   4.12e-05     1.96e+00   720.032s
3826000 +1.15753304e+02 +1.21051781e+02  5.30e+00   4.12e-05     1.96e+00   720.220s
3827000 +1.15755645e+02 +1.21056457e+02  5.30e+00   4.11e-05     1.96e+00   720.407s
3828000 +1.15758052e+02 +1.21056865e+02  5.30e+00   4.10e-05     1.96e+00   720.595s
3829000 +1.15760518e+02 +1.21060201e+02  5.30e+00   4.10e-05     1.96e+00   720.783s
3830000 +1.15762882e+02 +1.21057633e+02  5.29e+00   4.11e-05     1.96e+00   720.971s
3831000 +1.15765203e+02 +1.21052191e+02  5.29e+00   4.11e-05     1.96e+00   721.159s
3832000 +1.15767598e+02 +1.21044262e+02  5.28e+00   4.08e-05     1.96e+00   721.346s
3833000 +1.15770056e+02 +1.21033871e+02  5.26e+00   4.08e-05     1.96e+00   721.534s
3834000 +1.15772492e+02 +1.21028188e+02  5.26e+00   4.07e-05     1.96e+00   721.722s
3835000 +1.15774964e+02 +1.21023324e+02  5.25e+00   4.07e-05     1.96e+00   721.910s
3836000 +1.15777345e+02 +1.21022817e+02  5.25e+00   4.05e-05     1.96e+00   722.098s
3837000 +1.15779825e+02 +1.21019615e+02  5.24e+00   4.06e-05     1.96e+00   722.286s
3838000 +1.15782377e+02 +1.21026329e+02  5.24e+00   4.09e-05     1.96e+00   722.475s
3839000 +1.15785041e+02 +1.21030950e+02  5.25e+00   4.07e-05     1.96e+00   722.662s
3840000 +1.15787830e+02 +1.21034403e+02  5.25e+00   4.08e-05     1.96e+00   722.851s
3841000 +1.15790503e+02 +1.21033415e+02  5.24e+00   4.13e-05     1.95e+00   723.039s
3842000 +1.15793096e+02 +1.21033042e+02  5.24e+00   4.14e-05     1.96e+00   723.227s
3843000 +1.15795696e+02 +1.21026547e+02  5.23e+00   4.15e-05     1.95e+00   723.415s
3844000 +1.15798046e+02 +1.21019276e+02  5.22e+00   4.13e-05     1.95e+00   723.603s
3845000 +1.15800167e+02 +1.21006210e+02  5.21e+00   4.12e-05     1.96e+00   723.791s
3846000 +1.15802354e+02 +1.21011720e+02  5.21e+00   4.14e-05     1.96e+00   723.979s
3847000 +1.15804625e+02 +1.21027604e+02  5.22e+00   4.19e-05     1.96e+00   724.167s
3848000 +1.15806828e+02 +1.21036592e+02  5.23e+00   4.23e-05     1.96e+00   724.355s
3849000 +1.15808987e+02 +1.21042308e+02  5.23e+00   4.30e-05     1.96e+00   724.543s
3850000 +1.15811261e+02 +1.21062177e+02  5.25e+00   4.35e-05     1.96e+00   724.731s
3851000 +1.15813556e+02 +1.21078669e+02  5.27e+00   4.41e-05     1.96e+00   724.919s
3852000 +1.15815989e+02 +1.21085145e+02  5.27e+00   4.46e-05     1.96e+00   725.106s
3853000 +1.15818408e+02 +1.21094776e+02  5.28e+00   4.52e-05     1.96e+00   725.294s
3854000 +1.15820684e+02 +1.21094225e+02  5.27e+00   4.57e-05     1.96e+00   725.482s
3855000 +1.15823023e+02 +1.21091705e+02  5.27e+00   4.59e-05     1.96e+00   725.670s
3856000 +1.15825325e+02 +1.21088399e+02  5.26e+00   4.58e-05     1.96e+00   725.858s
3857000 +1.15827623e+02 +1.21092305e+02  5.26e+00   4.60e-05     1.96e+00   726.045s
3858000 +1.15829956e+02 +1.21103401e+02  5.27e+00   4.63e-05     1.96e+00   726.233s
3859000 +1.15831170e+02 +1.21127504e+02  5.30e+00   4.62e-05     1.94e+00   726.422s
3860000 +1.15832368e+02 +1.21146641e+02  5.31e+00   4.63e-05     1.95e+00   726.610s
3861000 +1.15833580e+02 +1.21160488e+02  5.33e+00   4.63e-05     1.95e+00   726.799s
3862000 +1.15834803e+02 +1.21171899e+02  5.34e+00   4.64e-05     1.96e+00   726.987s
3863000 +1.15836034e+02 +1.21184665e+02  5.35e+00   4.65e-05     1.96e+00   727.176s
3864000 +1.15837271e+02 +1.21199770e+02  5.36e+00   4.65e-05     1.96e+00   727.364s
3865000 +1.15838533e+02 +1.21215050e+02  5.38e+00   4.64e-05     1.97e+00   727.552s
3866000 +1.15839831e+02 +1.21230756e+02  5.39e+00   4.64e-05     1.97e+00   727.741s
3867000 +1.15841166e+02 +1.21247200e+02  5.41e+00   4.63e-05     1.98e+00   727.930s
3868000 +1.15842543e+02 +1.21265226e+02  5.42e+00   4.61e-05     1.98e+00   728.118s
3869000 +1.15843951e+02 +1.21284106e+02  5.44e+00   4.60e-05     1.99e+00   728.307s
3870000 +1.15845381e+02 +1.21303064e+02  5.46e+00   4.58e-05     1.99e+00   728.495s
3871000 +1.15846835e+02 +1.21321812e+02  5.47e+00   4.55e-05     2.00e+00   728.684s
3872000 +1.15848304e+02 +1.21338564e+02  5.49e+00   4.53e-05     2.00e+00   728.873s
3873000 +1.15849785e+02 +1.21352647e+02  5.50e+00   4.50e-05     2.01e+00   729.062s
3874000 +1.15851271e+02 +1.21364905e+02  5.51e+00   4.47e-05     2.01e+00   729.250s
3875000 +1.15852757e+02 +1.21375992e+02  5.52e+00   4.45e-05     2.02e+00   729.439s
3876000 +1.15854239e+02 +1.21385523e+02  5.53e+00   4.42e-05     2.02e+00   729.628s
3877000 +1.15855711e+02 +1.21394316e+02  5.54e+00   4.40e-05     2.03e+00   729.816s
3878000 +1.15857173e+02 +1.21403545e+02  5.55e+00   4.37e-05     2.03e+00   730.005s
3879000 +1.15858628e+02 +1.21412705e+02  5.55e+00   4.35e-05     2.04e+00   730.194s
3880000 +1.15860088e+02 +1.21421897e+02  5.56e+00   4.32e-05     2.04e+00   730.383s
3881000 +1.15861556e+02 +1.21430475e+02  5.57e+00   4.30e-05     2.05e+00   730.571s
3882000 +1.15863026e+02 +1.21439683e+02  5.58e+00   4.28e-05     2.05e+00   730.760s
3883000 +1.15864492e+02 +1.21448796e+02  5.58e+00   4.26e-05     2.06e+00   730.948s
3884000 +1.15865965e+02 +1.21456203e+02  5.59e+00   4.23e-05     2.07e+00   731.137s
3885000 +1.15867442e+02 +1.21463014e+02  5.60e+00   4.21e-05     2.07e+00   731.325s
3886000 +1.15868924e+02 +1.21467569e+02  5.60e+00   4.19e-05     2.08e+00   731.514s
3887000 +1.15870407e+02 +1.21472800e+02  5.60e+00   4.17e-05     2.08e+00   731.702s
3888000 +1.15871890e+02 +1.21476409e+02  5.60e+00   4.15e-05     2.09e+00   731.891s
3889000 +1.15873368e+02 +1.21480690e+02  5.61e+00   4.13e-05     2.09e+00   732.079s
3890000 +1.15874846e+02 +1.21485588e+02  5.61e+00   4.11e-05     2.10e+00   732.268s
3891000 +1.15876328e+02 +1.21491411e+02  5.62e+00   4.09e-05     2.10e+00   732.456s
3892000 +1.15877822e+02 +1.21497962e+02  5.62e+00   4.07e-05     2.11e+00   732.644s
3893000 +1.15879321e+02 +1.21504695e+02  5.63e+00   4.05e-05     2.11e+00   732.833s
3894000 +1.15880817e+02 +1.21511563e+02  5.63e+00   4.03e-05     2.12e+00   733.021s
3895000 +1.15882316e+02 +1.21517798e+02  5.64e+00   4.01e-05     2.12e+00   733.210s
3896000 +1.15883815e+02 +1.21524920e+02  5.64e+00   3.99e-05     2.13e+00   733.398s
3897000 +1.15885314e+02 +1.21531236e+02  5.65e+00   3.97e-05     2.13e+00   733.587s
3898000 +1.15886820e+02 +1.21537943e+02  5.65e+00   3.95e-05     2.14e+00   733.775s
3899000 +1.15888328e+02 +1.21544159e+02  5.66e+00   3.94e-05     2.14e+00   733.964s
3900000 +1.15889839e+02 +1.21551055e+02  5.66e+00   3.92e-05     2.15e+00   734.152s
3901000 +1.15891358e+02 +1.21557574e+02  5.67e+00   3.90e-05     2.15e+00   734.341s
3902000 +1.15892883e+02 +1.21564194e+02  5.67e+00   3.88e-05     2.16e+00   734.530s
3903000 +1.15894417e+02 +1.21571627e+02  5.68e+00   3.87e-05     2.16e+00   734.718s
3904000 +1.15895967e+02 +1.21577826e+02  5.68e+00   3.86e-05     2.17e+00   734.907s
3905000 +1.15897530e+02 +1.21583061e+02  5.69e+00   3.84e-05     2.17e+00   735.095s
3906000 +1.15899094e+02 +1.21588211e+02  5.69e+00   3.83e-05     2.18e+00   735.284s
3907000 +1.15900671e+02 +1.21593850e+02  5.69e+00   3.82e-05     2.18e+00   735.473s
3908000 +1.15902254e+02 +1.21599472e+02  5.70e+00   3.80e-05     2.19e+00   735.661s
3909000 +1.15903844e+02 +1.21606229e+02  5.70e+00   3.79e-05     2.19e+00   735.850s
3910000 +1.15905437e+02 +1.21613202e+02  5.71e+00   3.78e-05     2.20e+00   736.039s
3911000 +1.15907037e+02 +1.21620577e+02  5.71e+00   3.76e-05     2.21e+00   736.228s
3912000 +1.15908642e+02 +1.21627635e+02  5.72e+00   3.75e-05     2.21e+00   736.416s
3913000 +1.15910250e+02 +1.21633471e+02  5.72e+00   3.74e-05     2.22e+00   736.605s
3914000 +1.15911857e+02 +1.21639346e+02  5.73e+00   3.73e-05     2.22e+00   736.794s
3915000 +1.15913461e+02 +1.21642981e+02  5.73e+00   3.72e-05     2.23e+00   736.982s
3916000 +1.15915071e+02 +1.21645986e+02  5.73e+00   3.71e-05     2.23e+00   737.171s
3917000 +1.15916686e+02 +1.21649022e+02  5.73e+00   3.70e-05     2.24e+00   737.359s
3918000 +1.15918300e+02 +1.21651956e+02  5.73e+00   3.69e-05     2.24e+00   737.548s
3919000 +1.15919913e+02 +1.21653764e+02  5.73e+00   3.68e-05     2.25e+00   737.736s
3920000 +1.15921519e+02 +1.21656330e+02  5.73e+00   3.67e-05     2.26e+00   737.925s
3921000 +1.15923119e+02 +1.21660796e+02  5.74e+00   3.66e-05     2.26e+00   738.114s
3922000 +1.15924721e+02 +1.21664615e+02  5.74e+00   3.66e-05     2.27e+00   738.302s
3923000 +1.15926317e+02 +1.21669681e+02  5.74e+00   3.65e-05     2.27e+00   738.491s
3924000 +1.15927936e+02 +1.21675745e+02  5.75e+00   3.65e-05     2.28e+00   738.680s
3925000 +1.15929556e+02 +1.21681760e+02  5.75e+00   3.64e-05     2.28e+00   738.869s
3926000 +1.15931178e+02 +1.21687895e+02  5.76e+00   3.64e-05     2.29e+00   739.058s
3927000 +1.15932804e+02 +1.21693927e+02  5.76e+00   3.64e-05     2.29e+00   739.247s
3928000 +1.15934443e+02 +1.21696801e+02  5.76e+00   3.63e-05     2.30e+00   739.436s
3929000 +1.15936091e+02 +1.21701713e+02  5.77e+00   3.63e-05     2.31e+00   739.625s
3930000 +1.15937735e+02 +1.21703509e+02  5.77e+00   3.62e-05     2.31e+00   739.816s
3931000 +1.15939368e+02 +1.21706675e+02  5.77e+00   3.62e-05     2.32e+00   740.004s
3932000 +1.15940990e+02 +1.21710196e+02  5.77e+00   3.61e-05     2.32e+00   740.193s
3933000 +1.15942606e+02 +1.21714179e+02  5.77e+00   3.61e-05     2.33e+00   740.381s
3934000 +1.15944242e+02 +1.21718318e+02  5.77e+00   3.60e-05     2.33e+00   740.570s
3935000 +1.15945887e+02 +1.21723263e+02  5.78e+00   3.60e-05     2.34e+00   740.758s
3936000 +1.15947546e+02 +1.21728805e+02  5.78e+00   3.59e-05     2.35e+00   740.947s
3937000 +1.15949214e+02 +1.21735331e+02  5.79e+00   3.59e-05     2.35e+00   741.135s
3938000 +1.15950892e+02 +1.21741423e+02  5.79e+00   3.59e-05     2.36e+00   741.324s
3939000 +1.15952581e+02 +1.21746250e+02  5.79e+00   3.58e-05     2.36e+00   741.512s
3940000 +1.15954259e+02 +1.21748952e+02  5.79e+00   3.58e-05     2.37e+00   741.701s
3941000 +1.15955944e+02 +1.21752399e+02  5.80e+00   3.58e-05     2.37e+00   741.890s
3942000 +1.15957627e+02 +1.21755097e+02  5.80e+00   3.58e-05     2.38e+00   742.078s
3943000 +1.15959310e+02 +1.21757705e+02  5.80e+00   3.58e-05     2.39e+00   742.267s
3944000 +1.15960990e+02 +1.21759450e+02  5.80e+00   3.57e-05     2.39e+00   742.456s
3945000 +1.15962667e+02 +1.21763441e+02  5.80e+00   3.57e-05     2.40e+00   742.645s
3946000 +1.15964343e+02 +1.21769176e+02  5.80e+00   3.57e-05     2.40e+00   742.834s
3947000 +1.15966035e+02 +1.21774451e+02  5.81e+00   3.57e-05     2.41e+00   743.022s
3948000 +1.15967724e+02 +1.21780721e+02  5.81e+00   3.57e-05     2.41e+00   743.211s
3949000 +1.15969426e+02 +1.21785932e+02  5.82e+00   3.57e-05     2.42e+00   743.400s
3950000 +1.15971132e+02 +1.21791203e+02  5.82e+00   3.57e-05     2.42e+00   743.589s
3951000 +1.15972838e+02 +1.21796111e+02  5.82e+00   3.57e-05     2.43e+00   743.777s
3952000 +1.15974530e+02 +1.21798416e+02  5.82e+00   3.57e-05     2.44e+00   743.966s
3953000 +1.15976240e+02 +1.21804000e+02  5.83e+00   3.57e-05     2.44e+00   744.154s
3954000 +1.15977965e+02 +1.21809945e+02  5.83e+00   3.57e-05     2.45e+00   744.343s
3955000 +1.15979698e+02 +1.21816226e+02  5.84e+00   3.57e-05     2.45e+00   744.532s
3956000 +1.15981429e+02 +1.21821793e+02  5.84e+00   3.57e-05     2.46e+00   744.721s
3957000 +1.15983146e+02 +1.21827418e+02  5.84e+00   3.58e-05     2.46e+00   744.910s
3958000 +1.15984859e+02 +1.21831709e+02  5.85e+00   3.58e-05     2.47e+00   745.099s
3959000 +1.15986569e+02 +1.21837512e+02  5.85e+00   3.59e-05     2.47e+00   745.287s
3960000 +1.15988264e+02 +1.21841130e+02  5.85e+00   3.60e-05     2.48e+00   745.476s
3961000 +1.15989965e+02 +1.21845457e+02  5.86e+00   3.61e-05     2.48e+00   745.665s
3962000 +1.15991648e+02 +1.21849083e+02  5.86e+00   3.62e-05     2.49e+00   745.854s
3963000 +1.15993342e+02 +1.21853078e+02  5.86e+00   3.63e-05     2.49e+00   746.043s
3964000 +1.15995030e+02 +1.21855910e+02  5.86e+00   3.63e-05     2.50e+00   746.231s
3965000 +1.15996719e+02 +1.21861533e+02  5.86e+00   3.64e-05     2.50e+00   746.420s
3966000 +1.15998420e+02 +1.21866593e+02  5.87e+00   3.64e-05     2.51e+00   746.609s
3967000 +1.16000144e+02 +1.21873542e+02  5.87e+00   3.65e-05     2.52e+00   746.797s
3968000 +1.16001867e+02 +1.21880894e+02  5.88e+00   3.66e-05     2.52e+00   746.986s
3969000 +1.16003625e+02 +1.21887377e+02  5.88e+00   3.66e-05     2.53e+00   747.174s
3970000 +1.16005393e+02 +1.21896163e+02  5.89e+00   3.67e-05     2.53e+00   747.363s
3971000 +1.16007162e+02 +1.21902620e+02  5.90e+00   3.68e-05     2.53e+00   747.551s
3972000 +1.16008946e+02 +1.21909069e+02  5.90e+00   3.68e-05     2.54e+00   747.739s
3973000 +1.16010746e+02 +1.21913064e+02  5.90e+00   3.69e-05     2.54e+00   747.927s
3974000 +1.16012536e+02 +1.21915240e+02  5.90e+00   3.70e-05     2.55e+00   748.116s
3975000 +1.16014333e+02 +1.21919657e+02  5.91e+00   3.71e-05     2.55e+00   748.304s
3976000 +1.16016121e+02 +1.21922920e+02  5.91e+00   3.72e-05     2.56e+00   748.493s
3977000 +1.16017922e+02 +1.21928733e+02  5.91e+00   3.73e-05     2.56e+00   748.681s
3978000 +1.16019714e+02 +1.21931793e+02  5.91e+00   3.73e-05     2.57e+00   748.870s
3979000 +1.16021507e+02 +1.21935732e+02  5.91e+00   3.75e-05     2.57e+00   749.058s
3980000 +1.16023301e+02 +1.21940876e+02  5.92e+00   3.76e-05     2.58e+00   749.247s
3981000 +1.16025105e+02 +1.21943924e+02  5.92e+00   3.76e-05     2.58e+00   749.435s
3982000 +1.16026905e+02 +1.21951021e+02  5.92e+00   3.77e-05     2.59e+00   749.623s
3983000 +1.16028697e+02 +1.21961805e+02  5.93e+00   3.78e-05     2.59e+00   749.812s
3984000 +1.16030517e+02 +1.21971556e+02  5.94e+00   3.79e-05     2.60e+00   750.000s
3985000 +1.16032336e+02 +1.21977744e+02  5.95e+00   3.80e-05     2.60e+00   750.189s
3986000 +1.16034163e+02 +1.21985758e+02  5.95e+00   3.82e-05     2.61e+00   750.377s
3987000 +1.16036001e+02 +1.21992842e+02  5.96e+00   3.84e-05     2.61e+00   750.565s
3988000 +1.16037846e+02 +1.22002046e+02  5.96e+00   3.85e-05     2.62e+00   750.754s
3989000 +1.16039688e+02 +1.22007395e+02  5.97e+00   3.87e-05     2.62e+00   750.942s
3990000 +1.16041554e+02 +1.22013877e+02  5.97e+00   3.88e-05     2.62e+00   751.131s
3991000 +1.16043407e+02 +1.22019219e+02  5.98e+00   3.89e-05     2.63e+00   751.319s
3992000 +1.16045292e+02 +1.22023720e+02  5.98e+00   3.90e-05     2.63e+00   751.507s
3993000 +1.16047189e+02 +1.22026188e+02  5.98e+00   3.91e-05     2.64e+00   751.696s
3994000 +1.16049091e+02 +1.22033265e+02  5.98e+00   3.92e-05     2.64e+00   751.884s
3995000 +1.16051010e+02 +1.22044640e+02  5.99e+00   3.93e-05     2.65e+00   752.072s
3996000 +1.16052933e+02 +1.22052515e+02  6.00e+00   3.94e-05     2.65e+00   752.261s
3997000 +1.16054855e+02 +1.22060635e+02  6.01e+00   3.94e-05     2.66e+00   752.449s
3998000 +1.16056775e+02 +1.22067231e+02  6.01e+00   3.95e-05     2.66e+00   752.638s
3999000 +1.16058699e+02 +1.22076843e+02  6.02e+00   3.96e-05     2.67e+00   752.826s
4000000 +1.16060639e+02 +1.22083723e+02  6.02e+00   3.97e-05     2.67e+00   753.014s
4001000 +1.16062618e+02 +1.22093514e+02  6.03e+00   3.97e-05     2.68e+00   753.203s
4002000 +1.16064585e+02 +1.22104763e+02  6.04e+00   3.97e-05     2.68e+00   753.391s
4003000 +1.16066559e+02 +1.22114793e+02  6.05e+00   3.98e-05     2.69e+00   753.580s
4004000 +1.16068537e+02 +1.22123318e+02  6.05e+00   3.98e-05     2.69e+00   753.769s
4005000 +1.16070570e+02 +1.22135684e+02  6.07e+00   3.99e-05     2.70e+00   753.958s
4006000 +1.16072609e+02 +1.22142893e+02  6.07e+00   4.00e-05     2.70e+00   754.149s
4007000 +1.16074649e+02 +1.22150977e+02  6.08e+00   4.00e-05     2.71e+00   754.338s
4008000 +1.16076687e+02 +1.22157654e+02  6.08e+00   4.01e-05     2.71e+00   754.527s
4009000 +1.16078741e+02 +1.22163257e+02  6.08e+00   4.02e-05     2.72e+00   754.715s
4010000 +1.16080790e+02 +1.22169570e+02  6.09e+00   4.03e-05     2.72e+00   754.904s
4011000 +1.16082842e+02 +1.22174409e+02  6.09e+00   4.03e-05     2.72e+00   755.093s
4012000 +1.16084879e+02 +1.22183245e+02  6.10e+00   4.04e-05     2.73e+00   755.281s
4013000 +1.16086938e+02 +1.22191210e+02  6.10e+00   4.05e-05     2.74e+00   755.470s
4014000 +1.16089005e+02 +1.22203300e+02  6.11e+00   4.07e-05     2.74e+00   755.658s
4015000 +1.16091067e+02 +1.22208862e+02  6.12e+00   4.08e-05     2.75e+00   755.846s
4016000 +1.16093153e+02 +1.22217559e+02  6.12e+00   4.09e-05     2.75e+00   756.035s
4017000 +1.16095256e+02 +1.22225001e+02  6.13e+00   4.10e-05     2.75e+00   756.223s
4018000 +1.16097360e+02 +1.22236736e+02  6.14e+00   4.12e-05     2.76e+00   756.412s
4019000 +1.16099510e+02 +1.22246781e+02  6.15e+00   4.13e-05     2.76e+00   756.601s
4020000 +1.16101672e+02 +1.22261640e+02  6.16e+00   4.14e-05     2.77e+00   756.790s
4021000 +1.16103880e+02 +1.22267428e+02  6.16e+00   4.15e-05     2.77e+00   756.979s
4022000 +1.16106088e+02 +1.22276874e+02  6.17e+00   4.16e-05     2.77e+00   757.168s
4023000 +1.16108300e+02 +1.22286294e+02  6.18e+00   4.17e-05     2.78e+00   757.356s
4024000 +1.16110521e+02 +1.22297086e+02  6.19e+00   4.18e-05     2.79e+00   757.545s
4025000 +1.16112774e+02 +1.22307069e+02  6.19e+00   4.18e-05     2.79e+00   757.734s
4026000 +1.16115020e+02 +1.22319509e+02  6.20e+00   4.19e-05     2.79e+00   757.923s
4027000 +1.16117244e+02 +1.22328416e+02  6.21e+00   4.19e-05     2.80e+00   758.112s
4028000 +1.16119494e+02 +1.22339842e+02  6.22e+00   4.20e-05     2.80e+00   758.300s
4029000 +1.16121756e+02 +1.22354443e+02  6.23e+00   4.20e-05     2.81e+00   758.489s
4030000 +1.16124050e+02 +1.22365259e+02  6.24e+00   4.20e-05     2.81e+00   758.678s
4031000 +1.16126352e+02 +1.22375518e+02  6.25e+00   4.20e-05     2.81e+00   758.867s
4032000 +1.16128680e+02 +1.22385675e+02  6.26e+00   4.20e-05     2.82e+00   759.055s
4033000 +1.16131008e+02 +1.22398717e+02  6.27e+00   4.20e-05     2.82e+00   759.244s
4034000 +1.16133356e+02 +1.22406605e+02  6.27e+00   4.19e-05     2.83e+00   759.433s
4035000 +1.16135723e+02 +1.22413854e+02  6.28e+00   4.20e-05     2.83e+00   759.622s
4036000 +1.16138089e+02 +1.22425811e+02  6.29e+00   4.20e-05     2.83e+00   759.811s
4037000 +1.16140502e+02 +1.22436980e+02  6.30e+00   4.20e-05     2.84e+00   759.999s
4038000 +1.16142967e+02 +1.22443096e+02  6.30e+00   4.21e-05     2.84e+00   760.188s
4039000 +1.16145438e+02 +1.22450425e+02  6.30e+00   4.21e-05     2.84e+00   760.376s
4040000 +1.16147892e+02 +1.22451314e+02  6.30e+00   4.20e-05     2.85e+00   760.565s
4041000 +1.16150317e+02 +1.22455623e+02  6.31e+00   4.20e-05     2.85e+00   760.754s
4042000 +1.16152740e+02 +1.22456945e+02  6.30e+00   4.20e-05     2.85e+00   760.942s
4043000 +1.16155144e+02 +1.22468842e+02  6.31e+00   4.19e-05     2.86e+00   761.131s
4044000 +1.16157550e+02 +1.22473237e+02  6.32e+00   4.19e-05     2.86e+00   761.319s
4045000 +1.16159938e+02 +1.22476659e+02  6.32e+00   4.18e-05     2.86e+00   761.509s
4046000 +1.16162331e+02 +1.22482034e+02  6.32e+00   4.18e-05     2.87e+00   761.697s
4047000 +1.16164743e+02 +1.22495557e+02  6.33e+00   4.18e-05     2.87e+00   761.886s
4048000 +1.16167175e+02 +1.22505824e+02  6.34e+00   4.16e-05     2.88e+00   762.075s
4049000 +1.16169627e+02 +1.22513243e+02  6.34e+00   4.16e-05     2.88e+00   762.263s
4050000 +1.16172065e+02 +1.22518109e+02  6.35e+00   4.15e-05     2.88e+00   762.452s
4051000 +1.16174535e+02 +1.22522576e+02  6.35e+00   4.15e-05     2.89e+00   762.641s
4052000 +1.16176981e+02 +1.22528525e+02  6.35e+00   4.15e-05     2.89e+00   762.829s
4053000 +1.16179426e+02 +1.22527634e+02  6.35e+00   4.15e-05     2.90e+00   763.018s
4054000 +1.16181858e+02 +1.22526690e+02  6.34e+00   4.14e-05     2.90e+00   763.207s
4055000 +1.16184321e+02 +1.22526156e+02  6.34e+00   4.14e-05     2.90e+00   763.395s
4056000 +1.16186800e+02 +1.22533419e+02  6.35e+00   4.14e-05     2.90e+00   763.584s
4057000 +1.16189278e+02 +1.22538641e+02  6.35e+00   4.13e-05     2.90e+00   763.773s
4058000 +1.16191745e+02 +1.22541663e+02  6.35e+00   4.12e-05     2.91e+00   763.961s
4059000 +1.16194149e+02 +1.22541885e+02  6.35e+00   4.11e-05     2.91e+00   764.150s
4060000 +1.16196573e+02 +1.22551372e+02  6.35e+00   4.12e-05     2.92e+00   764.339s
4061000 +1.16199031e+02 +1.22565380e+02  6.37e+00   4.12e-05     2.92e+00   764.527s
4062000 +1.16201512e+02 +1.22579893e+02  6.38e+00   4.12e-05     2.92e+00   764.715s
4063000 +1.16203941e+02 +1.22588129e+02  6.38e+00   4.12e-05     2.92e+00   764.904s
4064000 +1.16206329e+02 +1.22589171e+02  6.38e+00   4.13e-05     2.93e+00   765.092s
4065000 +1.16208754e+02 +1.22590377e+02  6.38e+00   4.13e-05     2.93e+00   765.281s
4066000 +1.16211196e+02 +1.22587033e+02  6.38e+00   4.14e-05     2.93e+00   765.469s
4067000 +1.16213647e+02 +1.22581339e+02  6.37e+00   4.15e-05     2.93e+00   765.657s
4068000 +1.16216070e+02 +1.22577520e+02  6.36e+00   4.14e-05     2.94e+00   765.846s
4069000 +1.16218404e+02 +1.22581304e+02  6.36e+00   4.15e-05     2.94e+00   766.034s
4070000 +1.16220745e+02 +1.22597458e+02  6.38e+00   4.15e-05     2.94e+00   766.223s
4071000 +1.16223162e+02 +1.22612801e+02  6.39e+00   4.16e-05     2.95e+00   766.411s
4072000 +1.16225601e+02 +1.22631835e+02  6.41e+00   4.16e-05     2.95e+00   766.599s
4073000 +1.16228095e+02 +1.22644130e+02  6.42e+00   4.16e-05     2.96e+00   766.788s
4074000 +1.16230681e+02 +1.22649574e+02  6.42e+00   4.17e-05     2.96e+00   766.976s
4075000 +1.16233276e+02 +1.22656808e+02  6.42e+00   4.18e-05     2.96e+00   767.165s
4076000 +1.16235911e+02 +1.22662726e+02  6.43e+00   4.19e-05     2.96e+00   767.353s
4077000 +1.16238541e+02 +1.22663721e+02  6.43e+00   4.20e-05     2.97e+00   767.542s
4078000 +1.16241147e+02 +1.22661268e+02  6.42e+00   4.21e-05     2.97e+00   767.730s
4079000 +1.16243724e+02 +1.22667923e+02  6.42e+00   4.22e-05     2.98e+00   767.919s
4080000 +1.16246286e+02 +1.22666628e+02  6.42e+00   4.23e-05     2.98e+00   768.107s
4081000 +1.16248822e+02 +1.22671774e+02  6.42e+00   4.24e-05     2.99e+00   768.296s
4082000 +1.16251320e+02 +1.22679609e+02  6.43e+00   4.25e-05     2.99e+00   768.485s
4083000 +1.16253883e+02 +1.22696156e+02  6.44e+00   4.26e-05     2.99e+00   768.673s
4084000 +1.16256549e+02 +1.22706464e+02  6.45e+00   4.28e-05     3.00e+00   768.861s
4085000 +1.16259268e+02 +1.22716625e+02  6.46e+00   4.28e-05     3.00e+00   769.050s
4086000 +1.16261967e+02 +1.22730093e+02  6.47e+00   4.30e-05     3.01e+00   769.238s
4087000 +1.16264634e+02 +1.22737404e+02  6.47e+00   4.32e-05     3.01e+00   769.427s
4088000 +1.16267336e+02 +1.22746170e+02  6.48e+00   4.32e-05     3.02e+00   769.615s
4089000 +1.16270070e+02 +1.22747773e+02  6.48e+00   4.33e-05     3.01e+00   769.804s
4090000 +1.16272793e+02 +1.22748048e+02  6.48e+00   4.35e-05     3.02e+00   769.992s
4091000 +1.16275494e+02 +1.22751124e+02  6.48e+00   4.36e-05     3.02e+00   770.181s
4092000 +1.16278227e+02 +1.22753863e+02  6.48e+00   4.37e-05     3.02e+00   770.370s
4093000 +1.16280963e+02 +1.22758123e+02  6.48e+00   4.37e-05     3.02e+00   770.558s
4094000 +1.16283732e+02 +1.22766633e+02  6.48e+00   4.36e-05     3.03e+00   770.747s
4095000 +1.16286512e+02 +1.22775711e+02  6.49e+00   4.37e-05     3.03e+00   770.935s
4096000 +1.16289309e+02 +1.22788402e+02  6.50e+00   4.36e-05     3.04e+00   771.124s
4097000 +1.16292121e+02 +1.22794873e+02  6.50e+00   4.36e-05     3.04e+00   771.313s
4098000 +1.16294952e+02 +1.22796582e+02  6.50e+00   4.38e-05     3.05e+00   771.501s
4099000 +1.16297765e+02 +1.22801847e+02  6.50e+00   4.38e-05     3.05e+00   771.690s
4100000 +1.16300560e+02 +1.22797348e+02  6.50e+00   4.39e-05     3.05e+00   771.879s
4101000 +1.16303338e+02 +1.22794176e+02  6.49e+00   4.38e-05     3.05e+00   772.067s
4102000 +1.16306094e+02 +1.22795568e+02  6.49e+00   4.38e-05     3.06e+00   772.255s
4103000 +1.16308869e+02 +1.22796306e+02  6.49e+00   4.36e-05     3.05e+00   772.443s
4104000 +1.16311656e+02 +1.22800698e+02  6.49e+00   4.35e-05     3.06e+00   772.632s
4105000 +1.16314386e+02 +1.22810534e+02  6.50e+00   4.33e-05     3.06e+00   772.820s
4106000 +1.16317209e+02 +1.22826358e+02  6.51e+00   4.31e-05     3.06e+00   773.009s
4107000 +1.16320119e+02 +1.22842333e+02  6.52e+00   4.30e-05     3.06e+00   773.197s
4108000 +1.16323043e+02 +1.22858584e+02  6.54e+00   4.29e-05     3.07e+00   773.386s
4109000 +1.16326016e+02 +1.22865814e+02  6.54e+00   4.28e-05     3.07e+00   773.575s
4110000 +1.16328936e+02 +1.22871898e+02  6.54e+00   4.27e-05     3.08e+00   773.764s
4111000 +1.16331812e+02 +1.22873368e+02  6.54e+00   4.26e-05     3.08e+00   773.953s
4112000 +1.16334640e+02 +1.22875714e+02  6.54e+00   4.25e-05     3.08e+00   774.141s
4113000 +1.16337504e+02 +1.22883216e+02  6.55e+00   4.23e-05     3.08e+00   774.331s
4114000 +1.16340364e+02 +1.22894770e+02  6.55e+00   4.20e-05     3.09e+00   774.520s
4115000 +1.16343242e+02 +1.22900783e+02  6.56e+00   4.19e-05     3.09e+00   774.710s
4116000 +1.16346068e+02 +1.22911597e+02  6.57e+00   4.18e-05     3.10e+00   774.898s
4117000 +1.16348904e+02 +1.22922209e+02  6.57e+00   4.17e-05     3.10e+00   775.087s
4118000 +1.16351723e+02 +1.22936316e+02  6.58e+00   4.17e-05     3.10e+00   775.275s
4119000 +1.16354592e+02 +1.22944223e+02  6.59e+00   4.15e-05     3.11e+00   775.464s
4120000 +1.16357455e+02 +1.22946652e+02  6.59e+00   4.14e-05     3.11e+00   775.652s
4121000 +1.16360351e+02 +1.22953080e+02  6.59e+00   4.13e-05     3.12e+00   775.841s
4122000 +1.16363247e+02 +1.22968478e+02  6.61e+00   4.12e-05     3.12e+00   776.029s
4123000 +1.16366116e+02 +1.22984365e+02  6.62e+00   4.10e-05     3.13e+00   776.218s
4124000 +1.16369017e+02 +1.22999637e+02  6.63e+00   4.08e-05     3.13e+00   776.407s
4125000 +1.16371931e+02 +1.23014439e+02  6.64e+00   4.09e-05     3.13e+00   776.595s
4126000 +1.16374828e+02 +1.23034018e+02  6.66e+00   4.09e-05     3.13e+00   776.784s
4127000 +1.16377748e+02 +1.23050910e+02  6.67e+00   4.10e-05     3.13e+00   776.973s
4128000 +1.16380713e+02 +1.23061245e+02  6.68e+00   4.11e-05     3.13e+00   777.161s
4129000 +1.16383685e+02 +1.23065372e+02  6.68e+00   4.11e-05     3.14e+00   777.350s
4130000 +1.16386603e+02 +1.23069170e+02  6.68e+00   4.11e-05     3.14e+00   777.538s
4131000 +1.16389538e+02 +1.23076284e+02  6.69e+00   4.11e-05     3.15e+00   777.727s
4132000 +1.16392490e+02 +1.23089065e+02  6.70e+00   4.13e-05     3.15e+00   777.916s
4133000 +1.16395454e+02 +1.23104583e+02  6.71e+00   4.13e-05     3.15e+00   778.105s
4134000 +1.16398411e+02 +1.23110234e+02  6.71e+00   4.13e-05     3.16e+00   778.293s
4135000 +1.16401333e+02 +1.23108798e+02  6.71e+00   4.14e-05     3.16e+00   778.482s
4136000 +1.16404231e+02 +1.23120904e+02  6.72e+00   4.15e-05     3.16e+00   778.670s
4137000 +1.16407207e+02 +1.23124850e+02  6.72e+00   4.14e-05     3.17e+00   778.859s
4138000 +1.16410253e+02 +1.23126944e+02  6.72e+00   4.13e-05     3.17e+00   779.048s
4139000 +1.16413278e+02 +1.23132892e+02  6.72e+00   4.12e-05     3.18e+00   779.236s
4140000 +1.16416356e+02 +1.23153349e+02  6.74e+00   4.11e-05     3.18e+00   779.425s
4141000 +1.16419472e+02 +1.23168863e+02  6.75e+00   4.08e-05     3.18e+00   779.613s
4142000 +1.16422652e+02 +1.23183885e+02  6.76e+00   4.07e-05     3.19e+00   779.802s
4143000 +1.16425873e+02 +1.23188983e+02  6.76e+00   4.05e-05     3.19e+00   779.990s
4144000 +1.16429073e+02 +1.23189788e+02  6.76e+00   4.04e-05     3.20e+00   780.179s
4145000 +1.16432285e+02 +1.23191383e+02  6.76e+00   4.02e-05     3.20e+00   780.368s
4146000 +1.16435470e+02 +1.23189762e+02  6.75e+00   4.01e-05     3.21e+00   780.557s
4147000 +1.16438626e+02 +1.23191785e+02  6.75e+00   3.98e-05     3.21e+00   780.745s
4148000 +1.16441739e+02 +1.23188634e+02  6.75e+00   3.96e-05     3.21e+00   780.934s
4149000 +1.16444878e+02 +1.23190139e+02  6.75e+00   3.95e-05     3.22e+00   781.122s
4150000 +1.16447954e+02 +1.23192879e+02  6.74e+00   3.95e-05     3.22e+00   781.311s
4151000 +1.16451068e+02 +1.23207939e+02  6.76e+00   3.95e-05     3.23e+00   781.500s
4152000 +1.16454177e+02 +1.23219727e+02  6.77e+00   3.93e-05     3.23e+00   781.688s
4153000 +1.16457313e+02 +1.23227834e+02  6.77e+00   3.92e-05     3.23e+00   781.877s
4154000 +1.16460433e+02 +1.23242866e+02  6.78e+00   3.91e-05     3.24e+00   782.066s
4155000 +1.16463631e+02 +1.23255498e+02  6.79e+00   3.90e-05     3.24e+00   782.254s
4156000 +1.16466854e+02 +1.23269845e+02  6.80e+00   3.89e-05     3.25e+00   782.443s
4157000 +1.16470078e+02 +1.23270692e+02  6.80e+00   3.90e-05     3.25e+00   782.632s
4158000 +1.16473332e+02 +1.23277085e+02  6.80e+00   3.89e-05     3.26e+00   782.820s
4159000 +1.16476554e+02 +1.23283063e+02  6.81e+00   3.89e-05     3.26e+00   783.009s
4160000 +1.16479711e+02 +1.23290777e+02  6.81e+00   3.88e-05     3.26e+00   783.197s
4161000 +1.16482848e+02 +1.23295917e+02  6.81e+00   3.87e-05     3.27e+00   783.385s
4162000 +1.16485928e+02 +1.23308689e+02  6.82e+00   3.86e-05     3.27e+00   783.574s
4163000 +1.16489050e+02 +1.23327897e+02  6.84e+00   3.84e-05     3.27e+00   783.762s
4164000 +1.16492169e+02 +1.23337575e+02  6.85e+00   3.83e-05     3.28e+00   783.951s
4165000 +1.16495273e+02 +1.23350482e+02  6.86e+00   3.82e-05     3.28e+00   784.139s
4166000 +1.16498408e+02 +1.23369622e+02  6.87e+00   3.81e-05     3.28e+00   784.328s
4167000 +1.16501533e+02 +1.23376317e+02  6.87e+00   3.80e-05     3.29e+00   784.517s
4168000 +1.16504663e+02 +1.23387406e+02  6.88e+00   3.79e-05     3.29e+00   784.705s
4169000 +1.16507789e+02 +1.23399728e+02  6.89e+00   3.79e-05     3.30e+00   784.894s
4170000 +1.16510906e+02 +1.23415021e+02  6.90e+00   3.78e-05     3.30e+00   785.082s
4171000 +1.16514047e+02 +1.23427804e+02  6.91e+00   3.77e-05     3.30e+00   785.271s
4172000 +1.16517216e+02 +1.23432584e+02  6.92e+00   3.77e-05     3.31e+00   785.459s
4173000 +1.16520360e+02 +1.23440705e+02  6.92e+00   3.77e-05     3.31e+00   785.648s
4174000 +1.16523511e+02 +1.23444937e+02  6.92e+00   3.77e-05     3.31e+00   785.837s
4175000 +1.16526720e+02 +1.23451164e+02  6.92e+00   3.77e-05     3.32e+00   786.025s
4176000 +1.16529887e+02 +1.23456959e+02  6.93e+00   3.76e-05     3.32e+00   786.214s
4177000 +1.16532976e+02 +1.23459694e+02  6.93e+00   3.76e-05     3.33e+00   786.403s
4178000 +1.16536060e+02 +1.23467189e+02  6.93e+00   3.76e-05     3.33e+00   786.591s
4179000 +1.16539218e+02 +1.23480718e+02  6.94e+00   3.75e-05     3.33e+00   786.780s
4180000 +1.16542392e+02 +1.23492728e+02  6.95e+00   3.75e-05     3.34e+00   786.969s
4181000 +1.16545576e+02 +1.23488528e+02  6.94e+00   3.75e-05     3.34e+00   787.157s
4182000 +1.16548719e+02 +1.23482032e+02  6.93e+00   3.75e-05     3.34e+00   787.346s
4183000 +1.16551895e+02 +1.23482000e+02  6.93e+00   3.76e-05     3.34e+00   787.534s
4184000 +1.16555048e+02 +1.23484746e+02  6.93e+00   3.75e-05     3.34e+00   787.723s
4185000 +1.16558169e+02 +1.23485667e+02  6.93e+00   3.74e-05     3.35e+00   787.912s
4186000 +1.16561255e+02 +1.23485091e+02  6.92e+00   3.74e-05     3.35e+00   788.100s
4187000 +1.16564434e+02 +1.23487123e+02  6.92e+00   3.73e-05     3.35e+00   788.289s
4188000 +1.16567673e+02 +1.23485246e+02  6.92e+00   3.73e-05     3.36e+00   788.478s
4189000 +1.16570879e+02 +1.23486922e+02  6.92e+00   3.72e-05     3.36e+00   788.666s
4190000 +1.16574057e+02 +1.23491594e+02  6.92e+00   3.73e-05     3.36e+00   788.855s
4191000 +1.16577181e+02 +1.23496853e+02  6.92e+00   3.73e-05     3.36e+00   789.043s
4192000 +1.16580301e+02 +1.23503666e+02  6.92e+00   3.75e-05     3.37e+00   789.232s
4193000 +1.16583481e+02 +1.23502905e+02  6.92e+00   3.76e-05     3.37e+00   789.421s
4194000 +1.16586666e+02 +1.23503275e+02  6.92e+00   3.77e-05     3.38e+00   789.610s
4195000 +1.16589781e+02 +1.23502075e+02  6.91e+00   3.79e-05     3.38e+00   789.798s
4196000 +1.16592817e+02 +1.23497461e+02  6.90e+00   3.81e-05     3.38e+00   789.987s
4197000 +1.16595842e+02 +1.23489382e+02  6.89e+00   3.81e-05     3.38e+00   790.175s
4198000 +1.16598859e+02 +1.23473239e+02  6.87e+00   3.82e-05     3.38e+00   790.364s
4199000 +1.16601901e+02 +1.23461156e+02  6.86e+00   3.83e-05     3.39e+00   790.552s
4200000 +1.16604837e+02 +1.23444038e+02  6.84e+00   3.84e-05     3.39e+00   790.741s
4201000 +1.16607746e+02 +1.23439154e+02  6.83e+00   3.83e-05     3.39e+00   790.929s
4202000 +1.16610682e+02 +1.23442894e+02  6.83e+00   3.83e-05     3.39e+00   791.118s
4203000 +1.16613711e+02 +1.23459750e+02  6.85e+00   3.84e-05     3.39e+00   791.307s
4204000 +1.16616690e+02 +1.23473533e+02  6.86e+00   3.82e-05     3.39e+00   791.495s
4205000 +1.16619649e+02 +1.23481521e+02  6.86e+00   3.81e-05     3.40e+00   791.683s
4206000 +1.16622670e+02 +1.23481377e+02  6.86e+00   3.81e-05     3.40e+00   791.872s
4207000 +1.16625745e+02 +1.23486881e+02  6.86e+00   3.84e-05     3.40e+00   792.060s
4208000 +1.16628757e+02 +1.23490133e+02  6.86e+00   3.84e-05     3.40e+00   792.248s
4209000 +1.16631738e+02 +1.23489292e+02  6.86e+00   3.83e-05     3.40e+00   792.437s
4210000 +1.16634751e+02 +1.23492398e+02  6.86e+00   3.83e-05     3.40e+00   792.625s
4211000 +1.16637792e+02 +1.23499556e+02  6.86e+00   3.83e-05     3.41e+00   792.814s
4212000 +1.16640808e+02 +1.23503738e+02  6.86e+00   3.83e-05     3.41e+00   793.002s
4213000 +1.16643827e+02 +1.23520778e+02  6.88e+00   3.84e-05     3.41e+00   793.190s
4214000 +1.16646854e+02 +1.23538501e+02  6.89e+00   3.83e-05     3.41e+00   793.379s
4215000 +1.16649895e+02 +1.23549633e+02  6.90e+00   3.82e-05     3.42e+00   793.567s
4216000 +1.16652884e+02 +1.23552694e+02  6.90e+00   3.82e-05     3.42e+00   793.756s
4217000 +1.16655912e+02 +1.23559904e+02  6.90e+00   3.82e-05     3.42e+00   793.944s
4218000 +1.16658999e+02 +1.23573481e+02  6.91e+00   3.82e-05     3.43e+00   794.133s
4219000 +1.16662107e+02 +1.23595226e+02  6.93e+00   3.81e-05     3.41e+00   794.321s
4220000 +1.16665216e+02 +1.23593505e+02  6.93e+00   3.82e-05     3.42e+00   794.510s
4221000 +1.16668242e+02 +1.23598601e+02  6.93e+00   3.82e-05     3.42e+00   794.698s
4222000 +1.16671279e+02 +1.23597622e+02  6.93e+00   3.83e-05     3.42e+00   794.887s
4223000 +1.16674322e+02 +1.23596383e+02  6.92e+00   3.84e-05     3.42e+00   795.075s
4224000 +1.16677365e+02 +1.23596971e+02  6.92e+00   3.84e-05     3.42e+00   795.263s
4225000 +1.16680379e+02 +1.23586820e+02  6.91e+00   3.86e-05     3.42e+00   795.452s
4226000 +1.16683453e+02 +1.23585905e+02  6.90e+00   3.88e-05     3.42e+00   795.640s
4227000 +1.16686489e+02 +1.23595072e+02  6.91e+00   3.90e-05     3.43e+00   795.829s
4228000 +1.16689622e+02 +1.23604564e+02  6.91e+00   3.91e-05     3.43e+00   796.018s
4229000 +1.16692777e+02 +1.23602489e+02  6.91e+00   3.90e-05     3.43e+00   796.207s
4230000 +1.16695943e+02 +1.23612917e+02  6.92e+00   3.91e-05     3.43e+00   796.395s
4231000 +1.16699043e+02 +1.23625959e+02  6.93e+00   3.93e-05     3.43e+00   796.584s
4232000 +1.16702261e+02 +1.23650693e+02  6.95e+00   3.93e-05     3.43e+00   796.772s
4233000 +1.16705606e+02 +1.23672384e+02  6.97e+00   3.93e-05     3.43e+00   796.961s
4234000 +1.16709030e+02 +1.23693381e+02  6.98e+00   3.93e-05     3.42e+00   797.150s
4235000 +1.16712486e+02 +1.23706893e+02  6.99e+00   3.92e-05     3.42e+00   797.339s
4236000 +1.16715930e+02 +1.23717390e+02  7.00e+00   3.91e-05     3.42e+00   797.527s
4237000 +1.16719317e+02 +1.23722631e+02  7.00e+00   3.90e-05     3.42e+00   797.716s
4238000 +1.16722620e+02 +1.23719447e+02  7.00e+00   3.89e-05     3.42e+00   797.905s
4239000 +1.16725861e+02 +1.23717434e+02  6.99e+00   3.88e-05     3.42e+00   798.094s
4240000 +1.16729016e+02 +1.23726421e+02  7.00e+00   3.87e-05     3.42e+00   798.282s
4241000 +1.16732254e+02 +1.23737738e+02  7.01e+00   3.87e-05     3.43e+00   798.471s
4242000 +1.16735549e+02 +1.23734799e+02  7.00e+00   3.87e-05     3.43e+00   798.660s
4243000 +1.16738832e+02 +1.23739984e+02  7.00e+00   3.86e-05     3.43e+00   798.849s
4244000 +1.16742045e+02 +1.23741309e+02  7.00e+00   3.86e-05     3.43e+00   799.037s
4245000 +1.16745289e+02 +1.23758352e+02  7.01e+00   3.85e-05     3.43e+00   799.226s
4246000 +1.16748561e+02 +1.23773625e+02  7.03e+00   3.83e-05     3.44e+00   799.414s
4247000 +1.16751970e+02 +1.23779140e+02  7.03e+00   3.83e-05     3.44e+00   799.602s
4248000 +1.16755390e+02 +1.23783222e+02  7.03e+00   3.84e-05     3.44e+00   799.791s
4249000 +1.16758849e+02 +1.23787053e+02  7.03e+00   3.85e-05     3.45e+00   799.979s
4250000 +1.16762284e+02 +1.23782577e+02  7.02e+00   3.84e-05     3.45e+00   800.168s
4251000 +1.16765708e+02 +1.23777244e+02  7.01e+00   3.84e-05     3.45e+00   800.356s
4252000 +1.16769030e+02 +1.23775930e+02  7.01e+00   3.84e-05     3.45e+00   800.544s
4253000 +1.16772382e+02 +1.23767286e+02  6.99e+00   3.85e-05     3.45e+00   800.733s
4254000 +1.16775791e+02 +1.23770732e+02  6.99e+00   3.85e-05     3.46e+00   800.921s
4255000 +1.16779273e+02 +1.23776141e+02  7.00e+00   3.84e-05     3.45e+00   801.110s
4256000 +1.16782653e+02 +1.23776602e+02  6.99e+00   3.85e-05     3.46e+00   801.298s
4257000 +1.16785961e+02 +1.23781561e+02  7.00e+00   3.86e-05     3.46e+00   801.487s
4258000 +1.16789224e+02 +1.23785737e+02  7.00e+00   3.86e-05     3.46e+00   801.675s
4259000 +1.16792511e+02 +1.23795133e+02  7.00e+00   3.84e-05     3.46e+00   801.864s
4260000 +1.16795783e+02 +1.23807694e+02  7.01e+00   3.82e-05     3.46e+00   802.052s
4261000 +1.16799073e+02 +1.23810587e+02  7.01e+00   3.82e-05     3.46e+00   802.241s
4262000 +1.16802394e+02 +1.23824360e+02  7.02e+00   3.81e-05     3.47e+00   802.429s
4263000 +1.16805771e+02 +1.23838975e+02  7.03e+00   3.79e-05     3.47e+00   802.618s
4264000 +1.16809147e+02 +1.23838547e+02  7.03e+00   3.79e-05     3.46e+00   802.806s
4265000 +1.16812525e+02 +1.23837911e+02  7.03e+00   3.78e-05     3.47e+00   802.995s
4266000 +1.16815880e+02 +1.23829372e+02  7.01e+00   3.76e-05     3.47e+00   803.183s
4267000 +1.16819293e+02 +1.23836716e+02  7.02e+00   3.76e-05     3.47e+00   803.372s
4268000 +1.16822695e+02 +1.23831435e+02  7.01e+00   3.76e-05     3.47e+00   803.560s
4269000 +1.16826186e+02 +1.23837448e+02  7.01e+00   3.76e-05     3.48e+00   803.749s
4270000 +1.16829731e+02 +1.23842153e+02  7.01e+00   3.75e-05     3.48e+00   803.938s
4271000 +1.16833231e+02 +1.23835203e+02  7.00e+00   3.75e-05     3.47e+00   804.126s
4272000 +1.16836641e+02 +1.23826662e+02  6.99e+00   3.75e-05     3.47e+00   804.315s
4273000 +1.16840019e+02 +1.23831252e+02  6.99e+00   3.75e-05     3.47e+00   804.503s
4274000 +1.16843453e+02 +1.23831847e+02  6.99e+00   3.74e-05     3.47e+00   804.691s
4275000 +1.16846930e+02 +1.23844055e+02  7.00e+00   3.74e-05     3.48e+00   804.880s
4276000 +1.16850225e+02 +1.23849830e+02  7.00e+00   3.75e-05     3.48e+00   805.068s
4277000 +1.16853560e+02 +1.23860862e+02  7.01e+00   3.75e-05     3.48e+00   805.257s
4278000 +1.16856873e+02 +1.23863753e+02  7.01e+00   3.74e-05     3.48e+00   805.445s
4279000 +1.16860242e+02 +1.23863288e+02  7.00e+00   3.75e-05     3.48e+00   805.634s
4280000 +1.16863538e+02 +1.23868248e+02  7.00e+00   3.75e-05     3.48e+00   805.823s
4281000 +1.16866797e+02 +1.23874289e+02  7.01e+00   3.75e-05     3.49e+00   806.011s
4282000 +1.16870007e+02 +1.23879173e+02  7.01e+00   3.76e-05     3.49e+00   806.200s
4283000 +1.16873352e+02 +1.23881335e+02  7.01e+00   3.76e-05     3.49e+00   806.389s
4284000 +1.16876595e+02 +1.23884806e+02  7.01e+00   3.76e-05     3.48e+00   806.577s
4285000 +1.16879945e+02 +1.23889721e+02  7.01e+00   3.76e-05     3.48e+00   806.766s
4286000 +1.16883251e+02 +1.23894140e+02  7.01e+00   3.77e-05     3.48e+00   806.955s
4287000 +1.16886512e+02 +1.23898341e+02  7.01e+00   3.77e-05     3.49e+00   807.144s
4288000 +1.16889711e+02 +1.23907527e+02  7.02e+00   3.79e-05     3.49e+00   807.332s
4289000 +1.16893015e+02 +1.23931656e+02  7.04e+00   3.81e-05     3.48e+00   807.521s
4290000 +1.16896397e+02 +1.23948830e+02  7.05e+00   3.79e-05     3.48e+00   807.710s
4291000 +1.16899850e+02 +1.23949198e+02  7.05e+00   3.80e-05     3.49e+00   807.899s
4292000 +1.16903243e+02 +1.23940426e+02  7.04e+00   3.81e-05     3.49e+00   808.087s
4293000 +1.16906627e+02 +1.23938034e+02  7.03e+00   3.82e-05     3.48e+00   808.276s
4294000 +1.16909905e+02 +1.23922016e+02  7.01e+00   3.81e-05     3.48e+00   808.464s
4295000 +1.16913251e+02 +1.23902622e+02  6.99e+00   3.83e-05     3.48e+00   808.653s
4296000 +1.16916516e+02 +1.23897067e+02  6.98e+00   3.81e-05     3.48e+00   808.842s
4297000 +1.16919808e+02 +1.23891318e+02  6.97e+00   3.81e-05     3.48e+00   809.031s
4298000 +1.16923155e+02 +1.23884471e+02  6.96e+00   3.81e-05     3.48e+00   809.220s
4299000 +1.16926504e+02 +1.23876529e+02  6.95e+00   3.81e-05     3.48e+00   809.409s
4300000 +1.16929816e+02 +1.23881277e+02  6.95e+00   3.83e-05     3.49e+00   809.598s
4301000 +1.16933135e+02 +1.23890886e+02  6.96e+00   3.84e-05     3.49e+00   809.786s
4302000 +1.16936446e+02 +1.23898765e+02  6.96e+00   3.83e-05     3.49e+00   809.975s
4303000 +1.16939759e+02 +1.23906303e+02  6.97e+00   3.84e-05     3.49e+00   810.164s
4304000 +1.16943106e+02 +1.23923615e+02  6.98e+00   3.86e-05     3.49e+00   810.352s
4305000 +1.16946508e+02 +1.23944891e+02  7.00e+00   3.88e-05     3.49e+00   810.541s
4306000 +1.16949937e+02 +1.23938216e+02  6.99e+00   3.89e-05     3.49e+00   810.729s
4307000 +1.16953244e+02 +1.23929899e+02  6.98e+00   3.91e-05     3.50e+00   810.917s
4308000 +1.16956504e+02 +1.23911914e+02  6.96e+00   3.92e-05     3.50e+00   811.106s
4309000 +1.16959650e+02 +1.23895809e+02  6.94e+00   3.91e-05     3.50e+00   811.294s
4310000 +1.16962792e+02 +1.23897844e+02  6.94e+00   3.89e-05     3.50e+00   811.483s
4311000 +1.16965895e+02 +1.23892400e+02  6.93e+00   3.86e-05     3.50e+00   811.671s
4312000 +1.16969006e+02 +1.23901877e+02  6.93e+00   3.86e-05     3.50e+00   811.859s
4313000 +1.16972124e+02 +1.23921932e+02  6.95e+00   3.86e-05     3.50e+00   812.048s
4314000 +1.16975241e+02 +1.23943482e+02  6.97e+00   3.86e-05     3.50e+00   812.236s
4315000 +1.16978267e+02 +1.23955665e+02  6.98e+00   3.85e-05     3.50e+00   812.425s
4316000 +1.16981291e+02 +1.23964707e+02  6.98e+00   3.84e-05     3.50e+00   812.613s
4317000 +1.16984364e+02 +1.23968564e+02  6.98e+00   3.84e-05     3.50e+00   812.802s
4318000 +1.16987518e+02 +1.23975111e+02  6.99e+00   3.84e-05     3.50e+00   812.990s
4319000 +1.16990762e+02 +1.23975954e+02  6.99e+00   3.82e-05     3.51e+00   813.179s
4320000 +1.16994045e+02 +1.23975943e+02  6.98e+00   3.80e-05     3.51e+00   813.368s
4321000 +1.16997303e+02 +1.23976401e+02  6.98e+00   3.79e-05     3.51e+00   813.556s
4322000 +1.17000597e+02 +1.23989584e+02  6.99e+00   3.79e-05     3.51e+00   813.745s
4323000 +1.17003915e+02 +1.24000240e+02  7.00e+00   3.79e-05     3.51e+00   813.934s
4324000 +1.17007235e+02 +1.24010643e+02  7.00e+00   3.79e-05     3.51e+00   814.122s
4325000 +1.17010470e+02 +1.24025696e+02  7.02e+00   3.79e-05     3.51e+00   814.311s
4326000 +1.17013690e+02 +1.24034792e+02  7.02e+00   3.79e-05     3.51e+00   814.500s
4327000 +1.17016903e+02 +1.24042996e+02  7.03e+00   3.81e-05     3.51e+00   814.688s
4328000 +1.17020099e+02 +1.24049892e+02  7.03e+00   3.80e-05     3.51e+00   814.877s
4329000 +1.17023252e+02 +1.24041183e+02  7.02e+00   3.80e-05     3.51e+00   815.066s
4330000 +1.17026312e+02 +1.24045945e+02  7.02e+00   3.79e-05     3.51e+00   815.254s
4331000 +1.17029436e+02 +1.24038838e+02  7.01e+00   3.79e-05     3.51e+00   815.443s
4332000 +1.17032485e+02 +1.24039180e+02  7.01e+00   3.79e-05     3.51e+00   815.632s
4333000 +1.17035611e+02 +1.24032939e+02  7.00e+00   3.79e-05     3.51e+00   815.821s
4334000 +1.17038735e+02 +1.24034744e+02  7.00e+00   3.79e-05     3.51e+00   816.009s
4335000 +1.17041938e+02 +1.24042142e+02  7.00e+00   3.80e-05     3.51e+00   816.198s
4336000 +1.17045125e+02 +1.24055282e+02  7.01e+00   3.80e-05     3.52e+00   816.386s
4337000 +1.17048274e+02 +1.24064461e+02  7.02e+00   3.82e-05     3.52e+00   816.575s
4338000 +1.17051469e+02 +1.24071863e+02  7.02e+00   3.82e-05     3.52e+00   816.764s
4339000 +1.17054632e+02 +1.24095176e+02  7.04e+00   3.83e-05     3.52e+00   816.952s
4340000 +1.17057895e+02 +1.24103313e+02  7.05e+00   3.82e-05     3.53e+00   817.141s
4341000 +1.17061120e+02 +1.24114036e+02  7.05e+00   3.82e-05     3.52e+00   817.330s
4342000 +1.17064362e+02 +1.24121449e+02  7.06e+00   3.82e-05     3.53e+00   817.519s
4343000 +1.17067691e+02 +1.24120350e+02  7.05e+00   3.81e-05     3.53e+00   817.708s
4344000 +1.17070988e+02 +1.24128237e+02  7.06e+00   3.79e-05     3.53e+00   817.896s
4345000 +1.17074295e+02 +1.24126722e+02  7.05e+00   3.77e-05     3.53e+00   818.085s
4346000 +1.17077519e+02 +1.24145440e+02  7.07e+00   3.76e-05     3.53e+00   818.274s
4347000 +1.17080829e+02 +1.24162557e+02  7.08e+00   3.73e-05     3.53e+00   818.462s
4348000 +1.17084069e+02 +1.24160586e+02  7.08e+00   3.72e-05     3.53e+00   818.651s
4349000 +1.17087369e+02 +1.24168171e+02  7.08e+00   3.71e-05     3.53e+00   818.840s
4350000 +1.17090594e+02 +1.24170930e+02  7.08e+00   3.68e-05     3.53e+00   819.028s
4351000 +1.17093872e+02 +1.24176983e+02  7.08e+00   3.65e-05     3.53e+00   819.217s
4352000 +1.17097183e+02 +1.24173553e+02  7.08e+00   3.62e-05     3.53e+00   819.406s
4353000 +1.17100450e+02 +1.24157683e+02  7.06e+00   3.60e-05     3.53e+00   819.594s
4354000 +1.17103711e+02 +1.24154581e+02  7.05e+00   3.58e-05     3.53e+00   819.783s
4355000 +1.17106915e+02 +1.24141803e+02  7.03e+00   3.57e-05     3.53e+00   819.971s
4356000 +1.17110155e+02 +1.24128743e+02  7.02e+00   3.55e-05     3.53e+00   820.160s
4357000 +1.17113302e+02 +1.24118222e+02  7.00e+00   3.53e-05     3.53e+00   820.348s
4358000 +1.17116516e+02 +1.24117574e+02  7.00e+00   3.54e-05     3.53e+00   820.537s
4359000 +1.17119735e+02 +1.24133136e+02  7.01e+00   3.52e-05     3.53e+00   820.726s
4360000 +1.17122991e+02 +1.24146398e+02  7.02e+00   3.51e-05     3.54e+00   820.914s
4361000 +1.17126351e+02 +1.24159122e+02  7.03e+00   3.49e-05     3.54e+00   821.103s
4362000 +1.17129745e+02 +1.24168013e+02  7.04e+00   3.49e-05     3.54e+00   821.291s
4363000 +1.17133132e+02 +1.24179204e+02  7.05e+00   3.48e-05     3.54e+00   821.480s
4364000 +1.17136497e+02 +1.24172891e+02  7.04e+00   3.49e-05     3.54e+00   821.668s
4365000 +1.17139716e+02 +1.24171082e+02  7.03e+00   3.50e-05     3.54e+00   821.857s
4366000 +1.17142851e+02 +1.24163713e+02  7.02e+00   3.49e-05     3.54e+00   822.045s
4367000 +1.17146018e+02 +1.24155875e+02  7.01e+00   3.47e-05     3.55e+00   822.233s
4368000 +1.17149123e+02 +1.24153387e+02  7.00e+00   3.46e-05     3.55e+00   822.422s
4369000 +1.17152295e+02 +1.24154062e+02  7.00e+00   3.45e-05     3.55e+00   822.610s
4370000 +1.17155450e+02 +1.24172320e+02  7.02e+00   3.44e-05     3.55e+00   822.798s
4371000 +1.17158565e+02 +1.24176469e+02  7.02e+00   3.44e-05     3.55e+00   822.987s
4372000 +1.17161656e+02 +1.24188852e+02  7.03e+00   3.43e-05     3.55e+00   823.175s
4373000 +1.17164801e+02 +1.24191239e+02  7.03e+00   3.42e-05     3.56e+00   823.363s
4374000 +1.17167925e+02 +1.24195838e+02  7.03e+00   3.41e-05     3.56e+00   823.552s
4375000 +1.17171105e+02 +1.24198500e+02  7.03e+00   3.40e-05     3.56e+00   823.740s
4376000 +1.17174231e+02 +1.24198389e+02  7.02e+00   3.38e-05     3.56e+00   823.928s
4377000 +1.17177377e+02 +1.24192864e+02  7.02e+00   3.38e-05     3.56e+00   824.117s
4378000 +1.17180614e+02 +1.24187548e+02  7.01e+00   3.38e-05     3.56e+00   824.305s
4379000 +1.17183906e+02 +1.24186468e+02  7.00e+00   3.38e-05     3.56e+00   824.494s
4380000 +1.17187224e+02 +1.24176923e+02  6.99e+00   3.37e-05     3.57e+00   824.682s
4381000 +1.17190515e+02 +1.24162846e+02  6.97e+00   3.36e-05     3.57e+00   824.870s
4382000 +1.17193800e+02 +1.24151030e+02  6.96e+00   3.35e-05     3.57e+00   825.059s
4383000 +1.17197089e+02 +1.24148591e+02  6.95e+00   3.35e-05     3.57e+00   825.247s
4384000 +1.17200398e+02 +1.24146307e+02  6.95e+00   3.35e-05     3.57e+00   825.435s
4385000 +1.17203652e+02 +1.24134669e+02  6.93e+00   3.34e-05     3.57e+00   825.624s
4386000 +1.17206799e+02 +1.24115242e+02  6.91e+00   3.35e-05     3.58e+00   825.812s
4387000 +1.17209976e+02 +1.24113078e+02  6.90e+00   3.37e-05     3.58e+00   826.001s
4388000 +1.17213045e+02 +1.24104718e+02  6.89e+00   3.37e-05     3.58e+00   826.189s
4389000 +1.17216048e+02 +1.24085696e+02  6.87e+00   3.38e-05     3.58e+00   826.378s
4390000 +1.17218922e+02 +1.24058044e+02  6.84e+00   3.37e-05     3.58e+00   826.567s
4391000 +1.17221728e+02 +1.24035973e+02  6.81e+00   3.36e-05     3.58e+00   826.755s
4392000 +1.17224521e+02 +1.24031531e+02  6.81e+00   3.35e-05     3.59e+00   826.944s
4393000 +1.17227323e+02 +1.24035962e+02  6.81e+00   3.36e-05     3.59e+00   827.133s
4394000 +1.17230211e+02 +1.24035154e+02  6.80e+00   3.35e-05     3.59e+00   827.322s
4395000 +1.17233150e+02 +1.24036152e+02  6.80e+00   3.35e-05     3.59e+00   827.510s
4396000 +1.17236188e+02 +1.24034607e+02  6.80e+00   3.34e-05     3.59e+00   827.699s
4397000 +1.17239258e+02 +1.24029632e+02  6.79e+00   3.34e-05     3.59e+00   827.888s
4398000 +1.17242232e+02 +1.24014120e+02  6.77e+00   3.35e-05     3.60e+00   828.076s
4399000 +1.17245161e+02 +1.24010398e+02  6.77e+00   3.35e-05     3.60e+00   828.265s
4400000 +1.17248127e+02 +1.23991248e+02  6.74e+00   3.35e-05     3.60e+00   828.454s
4401000 +1.17251040e+02 +1.23977218e+02  6.73e+00   3.35e-05     3.60e+00   828.642s
4402000 +1.17253870e+02 +1.23967374e+02  6.71e+00   3.35e-05     3.60e+00   828.831s
4403000 +1.17256694e+02 +1.23957025e+02  6.70e+00   3.34e-05     3.60e+00   829.020s
4404000 +1.17259490e+02 +1.23958642e+02  6.70e+00   3.34e-05     3.60e+00   829.208s
4405000 +1.17262374e+02 +1.23963501e+02  6.70e+00   3.33e-05     3.61e+00   829.397s
4406000 +1.17265254e+02 +1.23975472e+02  6.71e+00   3.34e-05     3.61e+00   829.586s
4407000 +1.17268137e+02 +1.23987756e+02  6.72e+00   3.35e-05     3.61e+00   829.774s
4408000 +1.17270990e+02 +1.23988496e+02  6.72e+00   3.34e-05     3.61e+00   829.963s
4409000 +1.17273829e+02 +1.23977485e+02  6.70e+00   3.35e-05     3.61e+00   830.151s
4410000 +1.17276617e+02 +1.23967586e+02  6.69e+00   3.37e-05     3.62e+00   830.340s
4411000 +1.17279406e+02 +1.23958497e+02  6.68e+00   3.38e-05     3.62e+00   830.529s
4412000 +1.17282142e+02 +1.23939786e+02  6.66e+00   3.40e-05     3.62e+00   830.717s
4413000 +1.17284802e+02 +1.23907568e+02  6.62e+00   3.42e-05     3.62e+00   830.906s
4414000 +1.17287378e+02 +1.23879232e+02  6.59e+00   3.41e-05     3.63e+00   831.094s
4415000 +1.17289882e+02 +1.23855268e+02  6.57e+00   3.40e-05     3.63e+00   831.282s
4416000 +1.17292385e+02 +1.23843542e+02  6.55e+00   3.39e-05     3.62e+00   831.471s
4417000 +1.17294969e+02 +1.23830944e+02  6.54e+00   3.38e-05     3.63e+00   831.659s
4418000 +1.17297561e+02 +1.23823910e+02  6.53e+00   3.39e-05     3.62e+00   831.847s
4419000 +1.17300113e+02 +1.23823686e+02  6.52e+00   3.40e-05     3.63e+00   832.036s
4420000 +1.17302735e+02 +1.23837002e+02  6.53e+00   3.42e-05     3.63e+00   832.224s
4421000 +1.17305392e+02 +1.23845134e+02  6.54e+00   3.42e-05     3.63e+00   832.412s
4422000 +1.17308164e+02 +1.23855184e+02  6.55e+00   3.45e-05     3.63e+00   832.601s
4423000 +1.17311066e+02 +1.23870029e+02  6.56e+00   3.48e-05     3.63e+00   832.789s
4424000 +1.17313958e+02 +1.23883185e+02  6.57e+00   3.50e-05     3.63e+00   832.977s
4425000 +1.17316849e+02 +1.23903093e+02  6.59e+00   3.53e-05     3.64e+00   833.166s
4426000 +1.17319836e+02 +1.23912975e+02  6.59e+00   3.54e-05     3.64e+00   833.355s
4427000 +1.17322679e+02 +1.23922773e+02  6.60e+00   3.56e-05     3.64e+00   833.543s
4428000 +1.17325611e+02 +1.23949154e+02  6.62e+00   3.57e-05     3.64e+00   833.732s
4429000 +1.17328610e+02 +1.23973732e+02  6.65e+00   3.60e-05     3.64e+00   833.920s
4430000 +1.17331786e+02 +1.24010058e+02  6.68e+00   3.57e-05     3.64e+00   834.109s
4431000 +1.17334938e+02 +1.24025665e+02  6.69e+00   3.56e-05     3.63e+00   834.297s
4432000 +1.17338161e+02 +1.24036626e+02  6.70e+00   3.56e-05     3.64e+00   834.486s
4433000 +1.17341398e+02 +1.24041305e+02  6.70e+00   3.58e-05     3.64e+00   834.674s
4434000 +1.17344468e+02 +1.24040664e+02  6.70e+00   3.61e-05     3.64e+00   834.863s
4435000 +1.17347603e+02 +1.24024377e+02  6.68e+00   3.63e-05     3.64e+00   835.052s
4436000 +1.17350621e+02 +1.24010557e+02  6.66e+00   3.62e-05     3.64e+00   835.240s
4437000 +1.17353582e+02 +1.23994577e+02  6.64e+00   3.61e-05     3.64e+00   835.429s
4438000 +1.17356569e+02 +1.23994121e+02  6.64e+00   3.61e-05     3.64e+00   835.618s
4439000 +1.17359444e+02 +1.24008393e+02  6.65e+00   3.62e-05     3.64e+00   835.806s
4440000 +1.17362408e+02 +1.24037021e+02  6.67e+00   3.64e-05     3.64e+00   835.995s
4441000 +1.17365524e+02 +1.24064743e+02  6.70e+00   3.63e-05     3.64e+00   836.183s
4442000 +1.17368670e+02 +1.24086001e+02  6.72e+00   3.63e-05     3.63e+00   836.372s
4443000 +1.17371830e+02 +1.24104389e+02  6.73e+00   3.63e-05     3.64e+00   836.560s
4444000 +1.17374967e+02 +1.24121137e+02  6.75e+00   3.65e-05     3.64e+00   836.749s
4445000 +1.17378065e+02 +1.24132567e+02  6.75e+00   3.66e-05     3.63e+00   836.937s
4446000 +1.17381197e+02 +1.24141363e+02  6.76e+00   3.66e-05     3.63e+00   837.125s
4447000 +1.17384260e+02 +1.24125257e+02  6.74e+00   3.68e-05     3.63e+00   837.313s
4448000 +1.17387419e+02 +1.24119150e+02  6.73e+00   3.67e-05     3.63e+00   837.502s
4449000 +1.17390611e+02 +1.24119745e+02  6.73e+00   3.67e-05     3.62e+00   837.690s
4450000 +1.17393644e+02 +1.24112133e+02  6.72e+00   3.66e-05     3.62e+00   837.878s
4451000 +1.17396716e+02 +1.24120055e+02  6.72e+00   3.66e-05     3.62e+00   838.066s
4452000 +1.17399862e+02 +1.24145695e+02  6.75e+00   3.67e-05     3.62e+00   838.255s
4453000 +1.17403001e+02 +1.24178152e+02  6.78e+00   3.68e-05     3.62e+00   838.443s
4454000 +1.17406217e+02 +1.24217839e+02  6.81e+00   3.66e-05     3.62e+00   838.631s
4455000 +1.17409505e+02 +1.24231646e+02  6.82e+00   3.66e-05     3.62e+00   838.819s
4456000 +1.17412774e+02 +1.24245209e+02  6.83e+00   3.66e-05     3.62e+00   839.008s
4457000 +1.17416066e+02 +1.24256100e+02  6.84e+00   3.64e-05     3.62e+00   839.196s
4458000 +1.17419311e+02 +1.24258339e+02  6.84e+00   3.64e-05     3.62e+00   839.384s
4459000 +1.17422574e+02 +1.24247722e+02  6.83e+00   3.64e-05     3.62e+00   839.572s
4460000 +1.17425802e+02 +1.24241221e+02  6.82e+00   3.64e-05     3.62e+00   839.761s
4461000 +1.17429085e+02 +1.24221488e+02  6.79e+00   3.64e-05     3.62e+00   839.949s
4462000 +1.17432515e+02 +1.24233522e+02  6.80e+00   3.63e-05     3.62e+00   840.137s
4463000 +1.17436026e+02 +1.24225303e+02  6.79e+00   3.63e-05     3.62e+00   840.326s
4464000 +1.17439406e+02 +1.24223011e+02  6.78e+00   3.62e-05     3.62e+00   840.514s
4465000 +1.17442801e+02 +1.24212076e+02  6.77e+00   3.65e-05     3.62e+00   840.702s
4466000 +1.17446208e+02 +1.24213979e+02  6.77e+00   3.66e-05     3.62e+00   840.890s
4467000 +1.17449580e+02 +1.24209243e+02  6.76e+00   3.66e-05     3.62e+00   841.079s
4468000 +1.17453010e+02 +1.24201852e+02  6.75e+00   3.66e-05     3.62e+00   841.267s
4469000 +1.17456438e+02 +1.24204142e+02  6.75e+00   3.67e-05     3.62e+00   841.456s
4470000 +1.17459792e+02 +1.24186258e+02  6.73e+00   3.69e-05     3.62e+00   841.644s
4471000 +1.17463102e+02 +1.24177783e+02  6.71e+00   3.72e-05     3.62e+00   841.833s
4472000 +1.17466357e+02 +1.24172830e+02  6.71e+00   3.72e-05     3.62e+00   842.021s
4473000 +1.17469603e+02 +1.24173956e+02  6.70e+00   3.73e-05     3.63e+00   842.210s
4474000 +1.17472739e+02 +1.24184128e+02  6.71e+00   3.74e-05     3.63e+00   842.399s
4475000 +1.17475797e+02 +1.24196713e+02  6.72e+00   3.76e-05     3.63e+00   842.587s
4476000 +1.17479054e+02 +1.24211770e+02  6.73e+00   3.79e-05     3.63e+00   842.776s
4477000 +1.17482349e+02 +1.24217359e+02  6.74e+00   3.80e-05     3.64e+00   842.964s
4478000 +1.17485613e+02 +1.24223703e+02  6.74e+00   3.81e-05     3.64e+00   843.153s
4479000 +1.17488843e+02 +1.24232162e+02  6.74e+00   3.82e-05     3.63e+00   843.341s
4480000 +1.17492111e+02 +1.24243153e+02  6.75e+00   3.85e-05     3.63e+00   843.530s
4481000 +1.17495532e+02 +1.24261667e+02  6.77e+00   3.85e-05     3.63e+00   843.718s
4482000 +1.17498907e+02 +1.24263715e+02  6.76e+00   3.84e-05     3.64e+00   843.907s
4483000 +1.17502341e+02 +1.24271569e+02  6.77e+00   3.84e-05     3.64e+00   844.096s
4484000 +1.17505788e+02 +1.24268837e+02  6.76e+00   3.83e-05     3.64e+00   844.284s
4485000 +1.17509310e+02 +1.24280542e+02  6.77e+00   3.81e-05     3.64e+00   844.473s
4486000 +1.17512774e+02 +1.24291590e+02  6.78e+00   3.78e-05     3.64e+00   844.661s
4487000 +1.17516356e+02 +1.24293122e+02  6.78e+00   3.76e-05     3.64e+00   844.850s
4488000 +1.17519978e+02 +1.24311456e+02  6.79e+00   3.74e-05     3.64e+00   845.038s
4489000 +1.17523624e+02 +1.24325584e+02  6.80e+00   3.72e-05     3.64e+00   845.226s
4490000 +1.17527257e+02 +1.24332645e+02  6.81e+00   3.70e-05     3.64e+00   845.415s
4491000 +1.17530832e+02 +1.24333205e+02  6.80e+00   3.67e-05     3.64e+00   845.604s
4492000 +1.17534289e+02 +1.24320586e+02  6.79e+00   3.65e-05     3.64e+00   845.792s
4493000 +1.17537701e+02 +1.24322771e+02  6.79e+00   3.64e-05     3.64e+00   845.980s
4494000 +1.17541069e+02 +1.24322200e+02  6.78e+00   3.62e-05     3.64e+00   846.169s
4495000 +1.17544449e+02 +1.24313580e+02  6.77e+00   3.60e-05     3.64e+00   846.357s
4496000 +1.17547817e+02 +1.24313215e+02  6.77e+00   3.56e-05     3.64e+00   846.546s
4497000 +1.17551299e+02 +1.24308314e+02  6.76e+00   3.53e-05     3.65e+00   846.734s
4498000 +1.17554790e+02 +1.24302531e+02  6.75e+00   3.50e-05     3.65e+00   846.923s
4499000 +1.17558251e+02 +1.24318199e+02  6.76e+00   3.47e-05     3.65e+00   847.111s
4500000 +1.17561629e+02 +1.24319342e+02  6.76e+00   3.45e-05     3.65e+00   847.300s
4501000 +1.17565140e+02 +1.24321331e+02  6.76e+00   3.45e-05     3.65e+00   847.489s
4502000 +1.17568634e+02 +1.24331626e+02  6.76e+00   3.45e-05     3.65e+00   847.677s
4503000 +1.17572110e+02 +1.24351248e+02  6.78e+00   3.44e-05     3.65e+00   847.865s
4504000 +1.17575711e+02 +1.24356968e+02  6.78e+00   3.42e-05     3.65e+00   848.054s
4505000 +1.17579364e+02 +1.24365943e+02  6.79e+00   3.41e-05     3.65e+00   848.242s
4506000 +1.17582993e+02 +1.24363361e+02  6.78e+00   3.39e-05     3.65e+00   848.431s
4507000 +1.17586714e+02 +1.24375405e+02  6.79e+00   3.38e-05     3.65e+00   848.620s
4508000 +1.17590354e+02 +1.24386833e+02  6.80e+00   3.39e-05     3.65e+00   848.808s
4509000 +1.17594119e+02 +1.24415150e+02  6.82e+00   3.37e-05     3.65e+00   848.997s
4510000 +1.17597880e+02 +1.24417808e+02  6.82e+00   3.34e-05     3.65e+00   849.185s
4511000 +1.17601595e+02 +1.24414063e+02  6.81e+00   3.35e-05     3.65e+00   849.374s
4512000 +1.17605132e+02 +1.24400413e+02  6.80e+00   3.35e-05     3.64e+00   849.562s
4513000 +1.17608598e+02 +1.24398349e+02  6.79e+00   3.36e-05     3.65e+00   849.751s
4514000 +1.17611953e+02 +1.24387608e+02  6.78e+00   3.33e-05     3.64e+00   849.939s
4515000 +1.17615253e+02 +1.24373090e+02  6.76e+00   3.31e-05     3.65e+00   850.128s
4516000 +1.17618611e+02 +1.24369589e+02  6.75e+00   3.30e-05     3.65e+00   850.316s
4517000 +1.17621940e+02 +1.24363712e+02  6.74e+00   3.29e-05     3.65e+00   850.505s
4518000 +1.17625234e+02 +1.24369457e+02  6.74e+00   3.28e-05     3.65e+00   850.693s
4519000 +1.17628537e+02 +1.24366882e+02  6.74e+00   3.28e-05     3.65e+00   850.882s
4520000 +1.17631867e+02 +1.24367262e+02  6.74e+00   3.30e-05     3.65e+00   851.070s
4521000 +1.17635119e+02 +1.24372121e+02  6.74e+00   3.33e-05     3.65e+00   851.259s
4522000 +1.17638485e+02 +1.24371868e+02  6.73e+00   3.33e-05     3.65e+00   851.448s
4523000 +1.17641931e+02 +1.24380987e+02  6.74e+00   3.33e-05     3.65e+00   851.636s
4524000 +1.17645444e+02 +1.24384211e+02  6.74e+00   3.35e-05     3.65e+00   851.825s
4525000 +1.17648864e+02 +1.24386199e+02  6.74e+00   3.33e-05     3.65e+00   852.014s
4526000 +1.17652283e+02 +1.24406400e+02  6.75e+00   3.35e-05     3.65e+00   852.202s
4527000 +1.17655755e+02 +1.24431954e+02  6.78e+00   3.37e-05     3.65e+00   852.391s
4528000 +1.17659200e+02 +1.24452991e+02  6.79e+00   3.38e-05     3.65e+00   852.579s
4529000 +1.17662687e+02 +1.24462181e+02  6.80e+00   3.39e-05     3.65e+00   852.768s
4530000 +1.17666192e+02 +1.24486061e+02  6.82e+00   3.40e-05     3.65e+00   852.956s
4531000 +1.17669825e+02 +1.24513739e+02  6.84e+00   3.41e-05     3.66e+00   853.145s
4532000 +1.17673575e+02 +1.24538659e+02  6.87e+00   3.40e-05     3.66e+00   853.334s
4533000 +1.17677319e+02 +1.24545302e+02  6.87e+00   3.39e-05     3.65e+00   853.522s
4534000 +1.17681070e+02 +1.24551349e+02  6.87e+00   3.38e-05     3.65e+00   853.711s
4535000 +1.17684829e+02 +1.24572835e+02  6.89e+00   3.36e-05     3.66e+00   853.899s
4536000 +1.17688558e+02 +1.24575412e+02  6.89e+00   3.35e-05     3.66e+00   854.087s
4537000 +1.17692266e+02 +1.24584678e+02  6.89e+00   3.32e-05     3.65e+00   854.276s
4538000 +1.17695997e+02 +1.24595765e+02  6.90e+00   3.29e-05     3.65e+00   854.465s
4539000 +1.17699792e+02 +1.24598428e+02  6.90e+00   3.28e-05     3.65e+00   854.653s
4540000 +1.17703625e+02 +1.24606083e+02  6.90e+00   3.25e-05     3.65e+00   854.842s
4541000 +1.17707397e+02 +1.24594819e+02  6.89e+00   3.21e-05     3.65e+00   855.030s
4542000 +1.17711113e+02 +1.24594566e+02  6.88e+00   3.18e-05     3.66e+00   855.219s
4543000 +1.17714779e+02 +1.24585463e+02  6.87e+00   3.14e-05     3.66e+00   855.407s
4544000 +1.17718390e+02 +1.24590662e+02  6.87e+00   3.11e-05     3.66e+00   855.596s
4545000 +1.17722205e+02 +1.24591620e+02  6.87e+00   3.08e-05     3.66e+00   855.784s
4546000 +1.17726007e+02 +1.24613677e+02  6.89e+00   3.06e-05     3.66e+00   855.973s
4547000 +1.17729798e+02 +1.24629014e+02  6.90e+00   3.01e-05     3.66e+00   856.161s
4548000 +1.17733587e+02 +1.24634157e+02  6.90e+00   3.01e-05     3.66e+00   856.349s
4549000 +1.17737448e+02 +1.24648749e+02  6.91e+00   3.02e-05     3.66e+00   856.538s
4550000 +1.17741262e+02 +1.24653104e+02  6.91e+00   3.00e-05     3.66e+00   856.726s
4551000 +1.17745099e+02 +1.24644860e+02  6.90e+00   2.98e-05     3.66e+00   856.915s
4552000 +1.17748912e+02 +1.24626472e+02  6.88e+00   2.97e-05     3.66e+00   857.103s
4553000 +1.17752643e+02 +1.24625453e+02  6.87e+00   2.96e-05     3.66e+00   857.291s
4554000 +1.17756424e+02 +1.24636085e+02  6.88e+00   2.94e-05     3.67e+00   857.480s
4555000 +1.17760166e+02 +1.24631501e+02  6.87e+00   2.94e-05     3.66e+00   857.668s
4556000 +1.17763963e+02 +1.24632348e+02  6.87e+00   2.95e-05     3.66e+00   857.857s
4557000 +1.17767794e+02 +1.24628322e+02  6.86e+00   2.95e-05     3.67e+00   858.045s
4558000 +1.17771634e+02 +1.24629996e+02  6.86e+00   2.93e-05     3.67e+00   858.233s
4559000 +1.17775574e+02 +1.24619949e+02  6.84e+00   2.92e-05     3.67e+00   858.422s
4560000 +1.17779448e+02 +1.24619804e+02  6.84e+00   2.92e-05     3.67e+00   858.610s
4561000 +1.17783182e+02 +1.24611043e+02  6.83e+00   2.91e-05     3.67e+00   858.798s
4562000 +1.17786894e+02 +1.24590920e+02  6.80e+00   2.93e-05     3.67e+00   858.987s
4563000 +1.17790538e+02 +1.24570414e+02  6.78e+00   2.93e-05     3.67e+00   859.176s
4564000 +1.17794181e+02 +1.24542729e+02  6.75e+00   2.94e-05     3.67e+00   859.364s
4565000 +1.17797735e+02 +1.24527058e+02  6.73e+00   2.92e-05     3.67e+00   859.553s
4566000 +1.17801227e+02 +1.24515329e+02  6.71e+00   2.91e-05     3.67e+00   859.741s
4567000 +1.17804705e+02 +1.24518826e+02  6.71e+00   2.89e-05     3.67e+00   859.930s
4568000 +1.17808186e+02 +1.24534123e+02  6.73e+00   2.91e-05     3.66e+00   860.119s
4569000 +1.17811695e+02 +1.24557786e+02  6.75e+00   2.93e-05     3.67e+00   860.307s
4570000 +1.17815228e+02 +1.24569892e+02  6.75e+00   2.93e-05     3.67e+00   860.495s
4571000 +1.17818821e+02 +1.24582983e+02  6.76e+00   2.94e-05     3.67e+00   860.684s
4572000 +1.17822492e+02 +1.24591649e+02  6.77e+00   2.97e-05     3.66e+00   860.873s
4573000 +1.17826262e+02 +1.24601227e+02  6.77e+00   2.96e-05     3.66e+00   861.061s
4574000 +1.17830014e+02 +1.24585921e+02  6.76e+00   2.96e-05     3.66e+00   861.250s
4575000 +1.17833729e+02 +1.24579254e+02  6.75e+00   2.97e-05     3.66e+00   861.438s
4576000 +1.17837394e+02 +1.24568566e+02  6.73e+00   2.96e-05     3.66e+00   861.627s
4577000 +1.17841077e+02 +1.24565639e+02  6.72e+00   2.94e-05     3.66e+00   861.815s
4578000 +1.17844795e+02 +1.24559794e+02  6.71e+00   2.93e-05     3.66e+00   862.004s
4579000 +1.17848444e+02 +1.24562645e+02  6.71e+00   2.92e-05     3.66e+00   862.192s
4580000 +1.17852040e+02 +1.24576572e+02  6.72e+00   2.93e-05     3.66e+00   862.381s
4581000 +1.17855673e+02 +1.24590012e+02  6.73e+00   2.92e-05     3.65e+00   862.570s
4582000 +1.17859386e+02 +1.24589091e+02  6.73e+00   2.93e-05     3.66e+00   862.758s
4583000 +1.17863152e+02 +1.24587394e+02  6.72e+00   2.93e-05     3.66e+00   862.946s
4584000 +1.17866867e+02 +1.24579158e+02  6.71e+00   2.92e-05     3.66e+00   863.135s
4585000 +1.17870517e+02 +1.24578814e+02  6.71e+00   2.92e-05     3.66e+00   863.323s
4586000 +1.17873987e+02 +1.24571996e+02  6.70e+00   2.92e-05     3.66e+00   863.512s
4587000 +1.17877441e+02 +1.24567685e+02  6.69e+00   2.91e-05     3.66e+00   863.700s
4588000 +1.17880965e+02 +1.24567647e+02  6.69e+00   2.90e-05     3.66e+00   863.889s
4589000 +1.17884455e+02 +1.24577704e+02  6.69e+00   2.92e-05     3.66e+00   864.077s
4590000 +1.17888035e+02 +1.24584683e+02  6.70e+00   2.92e-05     3.66e+00   864.266s
4591000 +1.17891563e+02 +1.24607843e+02  6.72e+00   2.90e-05     3.66e+00   864.455s
4592000 +1.17895053e+02 +1.24612658e+02  6.72e+00   2.90e-05     3.66e+00   864.643s
4593000 +1.17898510e+02 +1.24621240e+02  6.72e+00   2.88e-05     3.65e+00   864.832s
4594000 +1.17901985e+02 +1.24634189e+02  6.73e+00   2.88e-05     3.65e+00   865.020s
4595000 +1.17905513e+02 +1.24638556e+02  6.73e+00   2.89e-05     3.65e+00   865.208s
4596000 +1.17909010e+02 +1.24660638e+02  6.75e+00   2.91e-05     3.65e+00   865.397s
4597000 +1.17912653e+02 +1.24681894e+02  6.77e+00   2.92e-05     3.65e+00   865.586s
4598000 +1.17916411e+02 +1.24712706e+02  6.80e+00   2.91e-05     3.65e+00   865.774s
4599000 +1.17920233e+02 +1.24723118e+02  6.80e+00   2.88e-05     3.65e+00   865.963s
4600000 +1.17923971e+02 +1.24738220e+02  6.81e+00   2.85e-05     3.65e+00   866.152s
4601000 +1.17927933e+02 +1.24757286e+02  6.83e+00   2.81e-05     3.64e+00   866.340s
4602000 +1.17931819e+02 +1.24780565e+02  6.85e+00   2.78e-05     3.64e+00   866.529s
4603000 +1.17935754e+02 +1.24780879e+02  6.85e+00   2.74e-05     3.64e+00   866.717s
4604000 +1.17939676e+02 +1.24789614e+02  6.85e+00   2.72e-05     3.64e+00   866.906s
4605000 +1.17943604e+02 +1.24788089e+02  6.84e+00   2.71e-05     3.63e+00   867.094s
4606000 +1.17947405e+02 +1.24783413e+02  6.84e+00   2.69e-05     3.63e+00   867.283s
4607000 +1.17951226e+02 +1.24771161e+02  6.82e+00   2.68e-05     3.63e+00   867.471s
4608000 +1.17955024e+02 +1.24765694e+02  6.81e+00   2.67e-05     3.63e+00   867.660s
4609000 +1.17958742e+02 +1.24750141e+02  6.79e+00   2.65e-05     3.63e+00   867.848s
4610000 +1.17962385e+02 +1.24731491e+02  6.77e+00   2.64e-05     3.63e+00   868.037s
4611000 +1.17966051e+02 +1.24729913e+02  6.76e+00   2.63e-05     3.63e+00   868.226s
4612000 +1.17969702e+02 +1.24717164e+02  6.75e+00   2.61e-05     3.63e+00   868.414s
4613000 +1.17973306e+02 +1.24704787e+02  6.73e+00   2.60e-05     3.63e+00   868.603s
4614000 +1.17976918e+02 +1.24706170e+02  6.73e+00   2.60e-05     3.63e+00   868.792s
4615000 +1.17980540e+02 +1.24698349e+02  6.72e+00   2.57e-05     3.63e+00   868.980s
4616000 +1.17984147e+02 +1.24697579e+02  6.71e+00   2.57e-05     3.63e+00   869.169s
4617000 +1.17987956e+02 +1.24691745e+02  6.70e+00   2.55e-05     3.63e+00   869.357s
4618000 +1.17991686e+02 +1.24677164e+02  6.69e+00   2.58e-05     3.62e+00   869.546s
4619000 +1.17995264e+02 +1.24666986e+02  6.67e+00   2.60e-05     3.62e+00   869.734s
4620000 +1.17998762e+02 +1.24641243e+02  6.64e+00   2.62e-05     3.62e+00   869.922s
4621000 +1.18002262e+02 +1.24613033e+02  6.61e+00   2.63e-05     3.62e+00   870.111s
4622000 +1.18005633e+02 +1.24582507e+02  6.58e+00   2.64e-05     3.62e+00   870.299s
4623000 +1.18008807e+02 +1.24555209e+02  6.55e+00   2.62e-05     3.62e+00   870.488s
4624000 +1.18011918e+02 +1.24541254e+02  6.53e+00   2.59e-05     3.62e+00   870.677s
4625000 +1.18015105e+02 +1.24526687e+02  6.51e+00   2.58e-05     3.62e+00   870.865s
4626000 +1.18018294e+02 +1.24515651e+02  6.50e+00   2.57e-05     3.62e+00   871.053s
4627000 +1.18021329e+02 +1.24499801e+02  6.48e+00   2.55e-05     3.62e+00   871.242s
4628000 +1.18024248e+02 +1.24482001e+02  6.46e+00   2.54e-05     3.62e+00   871.430s
4629000 +1.18027185e+02 +1.24473872e+02  6.45e+00   2.55e-05     3.63e+00   871.619s
4630000 +1.18030203e+02 +1.24456456e+02  6.43e+00   2.57e-05     3.63e+00   871.808s
4631000 +1.18033328e+02 +1.24432641e+02  6.40e+00   2.59e-05     3.63e+00   871.996s
4632000 +1.18036282e+02 +1.24393746e+02  6.36e+00   2.59e-05     3.63e+00   872.184s
4633000 +1.18039224e+02 +1.24361772e+02  6.32e+00   2.57e-05     3.63e+00   872.373s
4634000 +1.18041997e+02 +1.24347529e+02  6.31e+00   2.55e-05     3.63e+00   872.562s
4635000 +1.18044914e+02 +1.24344744e+02  6.30e+00   2.55e-05     3.63e+00   872.750s
4636000 +1.18047817e+02 +1.24346511e+02  6.30e+00   2.55e-05     3.63e+00   872.939s
4637000 +1.18050838e+02 +1.24334666e+02  6.28e+00   2.58e-05     3.63e+00   873.127s
4638000 +1.18053847e+02 +1.24354506e+02  6.30e+00   2.61e-05     3.63e+00   873.316s
4639000 +1.18056863e+02 +1.24363866e+02  6.31e+00   2.64e-05     3.63e+00   873.504s
4640000 +1.18059959e+02 +1.24378048e+02  6.32e+00   2.67e-05     3.63e+00   873.692s
4641000 +1.18061747e+02 +1.24388732e+02  6.33e+00   2.67e-05     3.59e+00   873.881s
4642000 +1.18063511e+02 +1.24396937e+02  6.33e+00   2.67e-05     3.59e+00   874.069s
4643000 +1.18065267e+02 +1.24412270e+02  6.35e+00   2.66e-05     3.59e+00   874.257s
4644000 +1.18067022e+02 +1.24429288e+02  6.36e+00   2.66e-05     3.60e+00   874.444s
4645000 +1.18068777e+02 +1.24443009e+02  6.37e+00   2.65e-05     3.60e+00   874.632s
4646000 +1.18070541e+02 +1.24458259e+02  6.39e+00   2.65e-05     3.60e+00   874.820s
4647000 +1.18072313e+02 +1.24472498e+02  6.40e+00   2.64e-05     3.61e+00   875.008s
4648000 +1.18074084e+02 +1.24487247e+02  6.41e+00   2.64e-05     3.61e+00   875.196s
4649000 +1.18075848e+02 +1.24501332e+02  6.43e+00   2.63e-05     3.61e+00   875.384s
4650000 +1.18077602e+02 +1.24514666e+02  6.44e+00   2.62e-05     3.62e+00   875.571s
4651000 +1.18079349e+02 +1.24528717e+02  6.45e+00   2.62e-05     3.62e+00   875.759s
4652000 +1.18081099e+02 +1.24542009e+02  6.46e+00   2.61e-05     3.62e+00   875.947s
4653000 +1.18082856e+02 +1.24553909e+02  6.47e+00   2.60e-05     3.63e+00   876.135s
4654000 +1.18084610e+02 +1.24562185e+02  6.48e+00   2.60e-05     3.63e+00   876.323s
4655000 +1.18086361e+02 +1.24569451e+02  6.48e+00   2.59e-05     3.64e+00   876.511s
4656000 +1.18088101e+02 +1.24573723e+02  6.49e+00   2.59e-05     3.64e+00   876.699s
4657000 +1.18089837e+02 +1.24577914e+02  6.49e+00   2.58e-05     3.65e+00   876.886s
4658000 +1.18091575e+02 +1.24581083e+02  6.49e+00   2.58e-05     3.65e+00   877.075s
4659000 +1.18093324e+02 +1.24586481e+02  6.49e+00   2.58e-05     3.65e+00   877.262s
4660000 +1.18095069e+02 +1.24588457e+02  6.49e+00   2.58e-05     3.66e+00   877.450s
4661000 +1.18096802e+02 +1.24588759e+02  6.49e+00   2.58e-05     3.66e+00   877.638s
4662000 +1.18098524e+02 +1.24590828e+02  6.49e+00   2.57e-05     3.67e+00   877.826s
4663000 +1.18100246e+02 +1.24594305e+02  6.49e+00   2.57e-05     3.67e+00   878.014s
4664000 +1.18101964e+02 +1.24596824e+02  6.49e+00   2.57e-05     3.67e+00   878.202s
4665000 +1.18103688e+02 +1.24599489e+02  6.50e+00   2.56e-05     3.68e+00   878.390s
4666000 +1.18105400e+02 +1.24603453e+02  6.50e+00   2.56e-05     3.68e+00   878.578s
4667000 +1.18107107e+02 +1.24607719e+02  6.50e+00   2.56e-05     3.69e+00   878.766s
4668000 +1.18108809e+02 +1.24610659e+02  6.50e+00   2.56e-05     3.69e+00   878.954s
4669000 +1.18110526e+02 +1.24614514e+02  6.50e+00   2.55e-05     3.68e+00   879.142s
4670000 +1.18112219e+02 +1.24619694e+02  6.51e+00   2.55e-05     3.69e+00   879.330s
4671000 +1.18113906e+02 +1.24625934e+02  6.51e+00   2.55e-05     3.69e+00   879.518s
4672000 +1.18115603e+02 +1.24633424e+02  6.52e+00   2.54e-05     3.70e+00   879.706s
4673000 +1.18117297e+02 +1.24640129e+02  6.52e+00   2.54e-05     3.70e+00   879.894s
4674000 +1.18118998e+02 +1.24644716e+02  6.53e+00   2.53e-05     3.71e+00   880.081s
4675000 +1.18120692e+02 +1.24648570e+02  6.53e+00   2.53e-05     3.71e+00   880.269s
4676000 +1.18122373e+02 +1.24653341e+02  6.53e+00   2.52e-05     3.71e+00   880.457s
4677000 +1.18124054e+02 +1.24655075e+02  6.53e+00   2.52e-05     3.72e+00   880.645s
4678000 +1.18125729e+02 +1.24658370e+02  6.53e+00   2.52e-05     3.72e+00   880.833s
4679000 +1.18127402e+02 +1.24660856e+02  6.53e+00   2.51e-05     3.73e+00   881.020s
4680000 +1.18129077e+02 +1.24664275e+02  6.54e+00   2.51e-05     3.74e+00   881.208s
4681000 +1.18130769e+02 +1.24670458e+02  6.54e+00   2.50e-05     3.74e+00   881.396s
4682000 +1.18132460e+02 +1.24676472e+02  6.54e+00   2.49e-05     3.75e+00   881.584s
4683000 +1.18134150e+02 +1.24681581e+02  6.55e+00   2.49e-05     3.75e+00   881.772s
4684000 +1.18135836e+02 +1.24689243e+02  6.55e+00   2.48e-05     3.76e+00   881.960s
4685000 +1.18137520e+02 +1.24699368e+02  6.56e+00   2.48e-05     3.76e+00   882.148s
4686000 +1.18139205e+02 +1.24707357e+02  6.57e+00   2.47e-05     3.77e+00   882.335s
4687000 +1.18140907e+02 +1.24713586e+02  6.57e+00   2.47e-05     3.77e+00   882.523s
4688000 +1.18142608e+02 +1.24718869e+02  6.58e+00   2.46e-05     3.78e+00   882.711s
4689000 +1.18144314e+02 +1.24721969e+02  6.58e+00   2.46e-05     3.78e+00   882.899s
4690000 +1.18146030e+02 +1.24724934e+02  6.58e+00   2.45e-05     3.79e+00   883.086s
4691000 +1.18147737e+02 +1.24726805e+02  6.58e+00   2.45e-05     3.79e+00   883.274s
4692000 +1.18149446e+02 +1.24729273e+02  6.58e+00   2.45e-05     3.80e+00   883.462s
4693000 +1.18151155e+02 +1.24732026e+02  6.58e+00   2.44e-05     3.80e+00   883.650s
4694000 +1.18152849e+02 +1.24736322e+02  6.58e+00   2.44e-05     3.81e+00   883.838s
4695000 +1.18154550e+02 +1.24736537e+02  6.58e+00   2.44e-05     3.81e+00   884.025s
4696000 +1.18156253e+02 +1.24738416e+02  6.58e+00   2.44e-05     3.82e+00   884.213s
4697000 +1.18157948e+02 +1.24741722e+02  6.58e+00   2.43e-05     3.82e+00   884.401s
4698000 +1.18159652e+02 +1.24746172e+02  6.59e+00   2.43e-05     3.83e+00   884.589s
4699000 +1.18161362e+02 +1.24746573e+02  6.59e+00   2.43e-05     3.83e+00   884.777s
4700000 +1.18163081e+02 +1.24746548e+02  6.58e+00   2.43e-05     3.84e+00   884.964s
4701000 +1.18164810e+02 +1.24745520e+02  6.58e+00   2.43e-05     3.84e+00   885.152s
4702000 +1.18166532e+02 +1.24744128e+02  6.58e+00   2.43e-05     3.85e+00   885.340s
4703000 +1.18168252e+02 +1.24743441e+02  6.58e+00   2.43e-05     3.86e+00   885.528s
4704000 +1.18169968e+02 +1.24741428e+02  6.57e+00   2.43e-05     3.86e+00   885.716s
4705000 +1.18171656e+02 +1.24741014e+02  6.57e+00   2.43e-05     3.87e+00   885.904s
4706000 +1.18173358e+02 +1.24743294e+02  6.57e+00   2.43e-05     3.87e+00   886.091s
4707000 +1.18175060e+02 +1.24745821e+02  6.57e+00   2.43e-05     3.88e+00   886.279s
4708000 +1.18176774e+02 +1.24748671e+02  6.57e+00   2.43e-05     3.88e+00   886.467s
4709000 +1.18178502e+02 +1.24750829e+02  6.57e+00   2.44e-05     3.88e+00   886.654s
4710000 +1.18180242e+02 +1.24753872e+02  6.57e+00   2.44e-05     3.89e+00   886.842s
4711000 +1.18181966e+02 +1.24759869e+02  6.58e+00   2.44e-05     3.90e+00   887.030s
4712000 +1.18183681e+02 +1.24762650e+02  6.58e+00   2.44e-05     3.90e+00   887.218s
4713000 +1.18185417e+02 +1.24766853e+02  6.58e+00   2.44e-05     3.90e+00   887.406s
4714000 +1.18187146e+02 +1.24771296e+02  6.58e+00   2.44e-05     3.91e+00   887.594s
4715000 +1.18188882e+02 +1.24777802e+02  6.59e+00   2.44e-05     3.91e+00   887.782s
4716000 +1.18190618e+02 +1.24782520e+02  6.59e+00   2.44e-05     3.92e+00   887.970s
4717000 +1.18192371e+02 +1.24784351e+02  6.59e+00   2.44e-05     3.92e+00   888.158s
4718000 +1.18194134e+02 +1.24783383e+02  6.59e+00   2.44e-05     3.93e+00   888.346s
4719000 +1.18195887e+02 +1.24785401e+02  6.59e+00   2.45e-05     3.93e+00   888.533s
4720000 +1.18197639e+02 +1.24788165e+02  6.59e+00   2.45e-05     3.94e+00   888.721s
4721000 +1.18199383e+02 +1.24798389e+02  6.60e+00   2.45e-05     3.95e+00   888.909s
4722000 +1.18201142e+02 +1.24805756e+02  6.60e+00   2.45e-05     3.95e+00   889.097s
4723000 +1.18202891e+02 +1.24811909e+02  6.61e+00   2.45e-05     3.95e+00   889.285s
4724000 +1.18204651e+02 +1.24820188e+02  6.62e+00   2.45e-05     3.96e+00   889.473s
4725000 +1.18206413e+02 +1.24822707e+02  6.62e+00   2.45e-05     3.96e+00   889.661s
4726000 +1.18208174e+02 +1.24820310e+02  6.61e+00   2.45e-05     3.97e+00   889.848s
4727000 +1.18209937e+02 +1.24818117e+02  6.61e+00   2.45e-05     3.98e+00   890.036s
4728000 +1.18211705e+02 +1.24819976e+02  6.61e+00   2.45e-05     3.98e+00   890.224s
4729000 +1.18213469e+02 +1.24821416e+02  6.61e+00   2.44e-05     3.99e+00   890.412s
4730000 +1.18215236e+02 +1.24823570e+02  6.61e+00   2.44e-05     3.99e+00   890.600s
4731000 +1.18217014e+02 +1.24824916e+02  6.61e+00   2.44e-05     4.00e+00   890.787s
4732000 +1.18218779e+02 +1.24827665e+02  6.61e+00   2.43e-05     4.01e+00   890.975s
4733000 +1.18220553e+02 +1.24833636e+02  6.61e+00   2.43e-05     4.01e+00   891.163s
4734000 +1.18222323e+02 +1.24840465e+02  6.62e+00   2.43e-05     4.02e+00   891.351s
4735000 +1.18224109e+02 +1.24842005e+02  6.62e+00   2.43e-05     4.02e+00   891.539s
4736000 +1.18225907e+02 +1.24840999e+02  6.62e+00   2.43e-05     4.03e+00   891.726s
4737000 +1.18227709e+02 +1.24840066e+02  6.61e+00   2.43e-05     4.03e+00   891.914s
4738000 +1.18229504e+02 +1.24840630e+02  6.61e+00   2.43e-05     4.04e+00   892.102s
4739000 +1.18231311e+02 +1.24840457e+02  6.61e+00   2.42e-05     4.05e+00   892.289s
4740000 +1.18233106e+02 +1.24842186e+02  6.61e+00   2.42e-05     4.05e+00   892.477s
4741000 +1.18234893e+02 +1.24840451e+02  6.61e+00   2.42e-05     4.06e+00   892.665s
4742000 +1.18236672e+02 +1.24843016e+02  6.61e+00   2.42e-05     4.06e+00   892.853s
4743000 +1.18238446e+02 +1.24845612e+02  6.61e+00   2.42e-05     4.07e+00   893.040s
4744000 +1.18240229e+02 +1.24843943e+02  6.60e+00   2.42e-05     4.07e+00   893.228s
4745000 +1.18242004e+02 +1.24844258e+02  6.60e+00   2.42e-05     4.08e+00   893.416s
4746000 +1.18243768e+02 +1.24849547e+02  6.61e+00   2.42e-05     4.09e+00   893.603s
4747000 +1.18245552e+02 +1.24852318e+02  6.61e+00   2.42e-05     4.09e+00   893.791s
4748000 +1.18247324e+02 +1.24856089e+02  6.61e+00   2.42e-05     4.10e+00   893.979s
4749000 +1.18249110e+02 +1.24859661e+02  6.61e+00   2.42e-05     4.10e+00   894.167s
4750000 +1.18250896e+02 +1.24860473e+02  6.61e+00   2.42e-05     4.11e+00   894.355s
4751000 +1.18252684e+02 +1.24863088e+02  6.61e+00   2.43e-05     4.12e+00   894.542s
4752000 +1.18254476e+02 +1.24866839e+02  6.61e+00   2.43e-05     4.12e+00   894.730s
4753000 +1.18256251e+02 +1.24871108e+02  6.61e+00   2.43e-05     4.13e+00   894.918s
4754000 +1.18258020e+02 +1.24875039e+02  6.62e+00   2.43e-05     4.13e+00   895.106s
4755000 +1.18259790e+02 +1.24884890e+02  6.63e+00   2.43e-05     4.14e+00   895.293s
4756000 +1.18261578e+02 +1.24894546e+02  6.63e+00   2.44e-05     4.14e+00   895.481s
4757000 +1.18263377e+02 +1.24904452e+02  6.64e+00   2.44e-05     4.15e+00   895.669s
4758000 +1.18265181e+02 +1.24910184e+02  6.65e+00   2.44e-05     4.15e+00   895.856s
4759000 +1.18266980e+02 +1.24922641e+02  6.66e+00   2.45e-05     4.16e+00   896.044s
4760000 +1.18268777e+02 +1.24929709e+02  6.66e+00   2.45e-05     4.16e+00   896.232s
4761000 +1.18270606e+02 +1.24937610e+02  6.67e+00   2.45e-05     4.17e+00   896.420s
4762000 +1.18272448e+02 +1.24945274e+02  6.67e+00   2.46e-05     4.17e+00   896.608s
4763000 +1.18274301e+02 +1.24955646e+02  6.68e+00   2.46e-05     4.18e+00   896.796s
4764000 +1.18276147e+02 +1.24964316e+02  6.69e+00   2.47e-05     4.18e+00   896.984s
4765000 +1.18277986e+02 +1.24975461e+02  6.70e+00   2.47e-05     4.18e+00   897.172s
4766000 +1.18279816e+02 +1.24984681e+02  6.70e+00   2.47e-05     4.19e+00   897.360s
4767000 +1.18281646e+02 +1.24993641e+02  6.71e+00   2.47e-05     4.19e+00   897.548s
4768000 +1.18283472e+02 +1.25001345e+02  6.72e+00   2.48e-05     4.20e+00   897.735s
4769000 +1.18285293e+02 +1.25010546e+02  6.73e+00   2.48e-05     4.20e+00   897.923s
4770000 +1.18287114e+02 +1.25016375e+02  6.73e+00   2.47e-05     4.21e+00   898.111s
4771000 +1.18288937e+02 +1.25022371e+02  6.73e+00   2.47e-05     4.22e+00   898.299s
4772000 +1.18290763e+02 +1.25030308e+02  6.74e+00   2.47e-05     4.22e+00   898.487s
4773000 +1.18292602e+02 +1.25039430e+02  6.75e+00   2.47e-05     4.22e+00   898.674s
4774000 +1.18294462e+02 +1.25051313e+02  6.76e+00   2.47e-05     4.23e+00   898.862s
4775000 +1.18296322e+02 +1.25059374e+02  6.76e+00   2.47e-05     4.24e+00   899.050s
4776000 +1.18298175e+02 +1.25068789e+02  6.77e+00   2.47e-05     4.24e+00   899.238s
4777000 +1.18300046e+02 +1.25077309e+02  6.78e+00   2.47e-05     4.25e+00   899.426s
4778000 +1.18301916e+02 +1.25081637e+02  6.78e+00   2.47e-05     4.25e+00   899.613s
4779000 +1.18303789e+02 +1.25085179e+02  6.78e+00   2.47e-05     4.26e+00   899.801s
4780000 +1.18305655e+02 +1.25092938e+02  6.79e+00   2.48e-05     4.26e+00   899.989s
PDLP finished
Status: Time Limit   Objective: 1.18306026e+02  Iterations: 4780200  Time: 900.034s
